task_id,task_num,primary_family,confidence,candidate_flags,n_train,n_test,n_arc_gen,n_examples,shape_relation,same_shape_examples,expand_examples,shrink_examples,mixed_examples,input_shape_modes,output_shape_modes,input_colors,output_colors,new_output_colors,input_color_list,output_color_list,new_output_color_list,all_identity,global_mapping_consistent,global_mapping,mapping_conflicts,fixed_geometric_transforms,local_3x3_score,local_3x3_conflicts,local_3x3_samples,input_nonzero_preserved_ratio,added_nonzero_cells,changed_cells,notes
task001,1,expansion_tiling,medium,shape_expands,5,1,262,268,expands,0,268,0,0,3x3:268,9x9:268,0123456789,0123456789,,"[0,1,2,3,4,5,6,7,8,9]","[0,1,2,3,4,5,6,7,8,9]",[],False,False,,1,,0.0,0,0,0.0,0,0,"Output is larger than input, often by fixed scale or tiling."
task002,2,fill_enclosed_regions,medium,adds_new_color_preserves_input|new_output_colors,5,1,262,268,same_shape_variable_size,268,0,0,0,20x20:75;19x19:40;18x18:39;16x16:21;15x15:20,20x20:75;19x19:40;18x18:39;16x16:21;15x15:20,03,034,4,"[0,3]","[0,3,4]",[4],False,False,"{""0"":0,""3"":3}",9828,,0.919284,1421,17605,1.0,9828,9828,Same shape; input is mostly preserved while new fill or marking cells are added.
task003,3,expansion_tiling,medium,shape_expands|new_output_colors,3,1,261,265,expands,0,265,0,0,6x3:265,9x3:265,01,02,2,"[0,1]","[0,2]",[2],False,False,,1,,0.0,0,0,0.0,0,0,"Output is larger than input, often by fixed scale or tiling."
task004,4,same_shape_local_rule,medium,local_3x3_consistent,2,1,262,265,same_shape_variable_size,265,0,0,0,9x8:8;15x9:7;16x12:7;16x14:7;8x10:7,9x8:8;15x9:7;16x12:7;16x14:7;8x10:7,0123456789,0123456789,,"[0,1,2,3,4,5,6,7,8,9]","[0,1,2,3,4,5,6,7,8,9]",[],False,False,"{""0"":0,""1"":0,""2"":0,""3"":0,""4"":0,""5"":0,""6"":0,""7"":0,""8"":0,""9"":0}",6720,,1.0,0,8667,0.664881,2252,4504,Same shape; output appears explainable by local neighborhoods.
task005,5,pattern_completion,low,mostly_preserves_input_adds_or_changes,3,1,262,266,same_shape_variable_size,266,0,0,0,21x21:266,21x21:266,0123456789,0123456789,,"[0,1,2,3,4,5,6,7,8,9]","[0,1,2,3,4,5,6,7,8,9]",[],False,False,"{""0"":0,""1"":1,""2"":2,""3"":3,""4"":4,""5"":5,""6"":6,""7"":7,""8"":8,""9"":9}",7751,,0.926228,1952,26460,1.0,7751,7751,Output preserves input and adds missing pattern cells.
task006,6,cropping_extraction,medium,shape_shrinks|new_output_colors,3,1,262,266,shrinks,0,0,266,0,3x7:266,3x3:266,015,02,2,"[0,1,5]","[0,2]",[2],False,False,,1,,0.0,0,0,0.0,0,0,"Output is smaller than input, often selected object/subgrid."
task007,7,pattern_completion,low,mostly_preserves_input_adds_or_changes,3,1,262,266,same_shape_variable_size,266,0,0,0,7x7:266,7x7:266,0123456789,123456789,,"[0,1,2,3,4,5,6,7,8,9]","[1,2,3,4,5,6,7,8,9]",[],False,False,"{""0"":2,""1"":1,""2"":2,""3"":3,""4"":4,""5"":5,""6"":6,""7"":7,""8"":8,""9"":9}",8902,,0.471429,1554,2940,1.0,10051,10051,Output preserves input and adds missing pattern cells.
task008,8,mask_object_selection,low,same_shape_nonlocal_changes,3,1,262,266,same_shape_variable_size,266,0,0,0,12x16:8;9x8:7;14x9:6;9x16:6;10x13:6,12x16:8;9x8:7;14x9:6;9x16:6;10x13:6,028,028,,"[0,2,8]","[0,2,8]",[],False,False,"{""0"":0,""2"":0,""8"":8}",2072,,0.943798,493,8772,0.427615,1795,3590,"Same shape; cells/objects are kept, removed, or highlighted."
task009,9,pattern_completion,low,mostly_preserves_input_adds_or_changes,3,1,261,265,same_shape_variable_size,265,0,0,0,17x17:65;23x23:58;20x20:50;29x29:50;26x26:42,17x17:65;23x23:58;20x20:50;29x29:50;26x26:42,0123456789,0123456789,,"[0,1,2,3,4,5,6,7,8,9]","[0,1,2,3,4,5,6,7,8,9]",[],False,False,"{""0"":0,""1"":1,""2"":2,""3"":3,""4"":4,""5"":5,""6"":6,""7"":7,""8"":8,""9"":9}",7312,,0.939695,1875,31092,1.0,7312,7312,Output preserves input and adds missing pattern cells.
task010,10,mask_object_selection,low,same_shape_nonlocal_changes|new_output_colors,2,1,262,265,same_shape_variable_size,265,0,0,0,9x9:265,9x9:265,05,01234,1234,"[0,5]","[0,1,2,3,4]","[1,2,3,4]",False,False,"{""0"":0,""5"":1}",3154,,0.862551,668,4860,0.0,0,5276,"Same shape; cells/objects are kept, removed, or highlighted."
task011,11,mask_object_selection,low,same_shape_nonlocal_changes,4,1,262,267,same_shape_variable_size,267,0,0,0,11x11:267,11x11:267,0234568,023456,,"[0,2,3,4,5,6,8]","[0,2,3,4,5,6]",[],False,False,"{""0"":2,""2"":2,""3"":2,""4"":0,""5"":5,""6"":0,""8"":0}",16159,,0.946281,390,7260,0.52381,4375,15055,"Same shape; cells/objects are kept, removed, or highlighted."
task012,12,pattern_completion,low,mostly_preserves_input_adds_or_changes,2,1,262,265,same_shape_variable_size,265,0,0,0,12x12:265,12x12:265,0123456789,0123456789,,"[0,1,2,3,4,5,6,7,8,9]","[0,1,2,3,4,5,6,7,8,9]",[],False,False,"{""0"":0,""1"":1,""2"":2,""3"":3,""4"":4,""5"":5,""6"":6,""7"":7,""8"":8,""9"":9}",6360,,0.944444,480,8640,1.0,6360,6360,Output preserves input and adds missing pattern cells.
task013,13,pattern_completion,low,mostly_preserves_input_adds_or_changes,4,1,262,267,same_shape_variable_size,267,0,0,0,11x24:7;21x10:6;10x22:6;11x30:5;22x8:5,11x24:7;21x10:6;10x22:6;11x30:5;22x8:5,0123456789,0123456789,,"[0,1,2,3,4,5,6,7,8,9]","[0,1,2,3,4,5,6,7,8,9]",[],False,False,"{""0"":0,""1"":1,""2"":2,""3"":3,""4"":4,""5"":5,""6"":6,""7"":7,""8"":8,""9"":9}",12588,,0.775975,3023,13494,1.0,12588,12588,Output preserves input and adds missing pattern cells.
task014,14,cropping_extraction,medium,shape_shrinks,3,1,262,266,shrinks,0,0,266,0,15x17:7;16x15:7;23x19:6;23x21:6;23x17:6,7x5:13;7x6:10;6x5:10;5x7:9;8x5:9,0123456789,0123456789,,"[0,1,2,3,4,5,6,7,8,9]","[0,1,2,3,4,5,6,7,8,9]",[],False,False,,1,,0.0,0,0,0.0,0,0,"Output is smaller than input, often selected object/subgrid."
task015,15,fill_enclosed_regions,medium,adds_new_color_preserves_input|local_3x3_consistent|new_output_colors,3,1,261,265,same_shape_variable_size,265,0,0,0,9x9:265,9x9:265,01268,0124678,47,"[0,1,2,6,8]","[0,1,2,4,6,7,8]","[4,7]",False,False,"{""0"":0,""1"":1,""2"":2,""6"":6,""8"":8}",1776,,1.0,0,4860,1.0,1776,1776,Same shape; input is mostly preserved while new fill or marking cells are added.
task016,16,global_color_remap,high,global_color_remap|mapping_consistent|local_3x3_consistent,4,1,262,267,same_shape_variable_size,267,0,0,0,3x3:267,3x3:267,12345689,12345689,,"[1,2,3,4,5,6,8,9]","[1,2,3,4,5,6,8,9]",[],False,True,"{""1"":5,""2"":6,""3"":4,""4"":3,""5"":1,""6"":2,""8"":9,""9"":8}",0,,1.0,0,540,0.0,0,2403,Same shape; output color is a consistent function of input color.
task017,17,pattern_completion,low,mostly_preserves_input_adds_or_changes,3,1,262,266,same_shape_variable_size,266,0,0,0,21x21:266,21x21:266,0123456789,123456789,,"[0,1,2,3,4,5,6,7,8,9]","[1,2,3,4,5,6,7,8,9]",[],False,False,"{""0"":6,""1"":1,""2"":2,""3"":3,""4"":4,""5"":5,""6"":6,""7"":7,""8"":8,""9"":9}",12514,,0.961602,1016,26460,1.0,14860,14860,Output preserves input and adds missing pattern cells.
task018,18,mask_object_selection,low,same_shape_nonlocal_changes,3,1,262,266,same_shape_variable_size,266,0,0,0,24x24:10;23x23:9;23x22:8;24x23:7;20x22:7,24x24:10;23x23:9;23x22:8;24x23:7;20x22:7,0123456789,0123456789,,"[0,1,2,3,4,5,6,7,8,9]","[0,1,2,3,4,5,6,7,8,9]",[],False,False,"{""0"":0,""1"":0,""2"":0,""3"":0,""4"":4,""5"":0,""6"":6,""7"":0,""8"":0,""9"":0}",3944,,0.973284,609,22795,0.250804,2325,5820,"Same shape; cells/objects are kept, removed, or highlighted."
task019,19,expansion_tiling,medium,shape_expands|new_output_colors,4,1,262,267,expands,0,267,0,0,6x4:20;4x2:15;6x3:15;3x4:13;6x5:13,12x8:20;8x4:15;12x6:15;6x8:13;12x10:13,012345679,0123456789,8,"[0,1,2,3,4,5,6,7,9]","[0,1,2,3,4,5,6,7,8,9]",[8],False,False,,1,,0.0,0,0,0.0,0,0,"Output is larger than input, often by fixed scale or tiling."
task020,20,pattern_completion,low,mostly_preserves_input_adds_or_changes,3,1,262,266,same_shape_variable_size,266,0,0,0,10x10:266,10x10:266,012348,012348,,"[0,1,2,3,4,8]","[0,1,2,3,4,8]",[],False,False,"{""0"":0,""1"":1,""2"":2,""3"":3,""4"":4,""8"":8}",798,,0.960833,235,6000,1.0,798,798,Output preserves input and adds missing pattern cells.
task021,21,cropping_extraction,medium,shape_shrinks,3,1,262,266,shrinks,0,0,266,0,21x11:3;15x15:2;37x34:2;14x27:2;23x20:2,2x6:13;6x3:13;4x2:12;7x2:12;2x2:10,123456789,123456789,,"[1,2,3,4,5,6,7,8,9]","[1,2,3,4,5,6,7,8,9]",[],False,False,,1,,0.0,0,0,0.0,0,0,"Output is smaller than input, often selected object/subgrid."
task022,22,cropping_extraction,medium,shape_shrinks,3,1,262,266,shrinks,0,0,266,0,11x11:266,3x3:266,0123456789,0123456789,,"[0,1,2,3,4,5,6,7,8,9]","[0,1,2,3,4,5,6,7,8,9]",[],False,False,,1,,0.0,0,0,0.0,0,0,"Output is smaller than input, often selected object/subgrid."
task023,23,mask_object_selection,low,same_shape_nonlocal_changes|new_output_colors,3,1,262,266,same_shape_variable_size,266,0,0,0,9x9:52;8x10:47;8x9:46;9x11:44;8x11:41,9x9:52;8x10:47;8x9:46;9x11:44;8x11:41,05,028,28,"[0,5]","[0,2,8]","[2,8]",False,False,"{""0"":0,""5"":8}",2463,,0.956796,219,5069,0.0,0,5263,"Same shape; cells/objects are kept, removed, or highlighted."
task024,24,pattern_completion,low,mostly_preserves_input_adds_or_changes,3,1,262,266,same_shape_variable_size,266,0,0,0,13x7:7;14x10:7;7x6:7;7x14:6;11x8:6,13x7:7;14x10:7;7x6:7;7x14:6;11x8:6,0123,0123,,"[0,1,2,3]","[0,1,2,3]",[],False,False,"{""0"":0,""1"":1,""2"":2,""3"":3}",10100,,0.713652,1936,6761,1.0,10100,10100,Output preserves input and adds missing pattern cells.
task025,25,pattern_completion,low,mostly_preserves_input_adds_or_changes,3,1,262,266,same_shape_variable_size,266,0,0,0,25x16:4;20x17:4;17x23:4;30x23:4;15x14:3,25x16:4;20x17:4;17x23:4;30x23:4;15x14:3,0123456789,0123456789,,"[0,1,2,3,4,5,6,7,8,9]","[0,1,2,3,4,5,6,7,8,9]",[],False,False,"{""0"":0,""1"":0,""2"":0,""3"":3,""4"":4,""5"":5,""6"":6,""7"":0,""8"":0,""9"":0}",10466,,0.988641,307,27027,0.910328,1064,2534,Output preserves input and adds missing pattern cells.
task026,26,cropping_extraction,medium,shape_shrinks|new_output_colors,5,1,262,268,shrinks,0,0,268,0,5x7:268,5x3:268,019,08,8,"[0,1,9]","[0,8]",[8],False,False,,1,,0.0,0,0,0.0,0,0,"Output is smaller than input, often selected object/subgrid."
task027,27,fill_enclosed_regions,medium,adds_new_color_preserves_input|new_output_colors,3,1,261,265,same_shape_variable_size,265,0,0,0,10x10:265,10x10:265,01,012,2,"[0,1]","[0,1,2]",[2],False,False,"{""0"":0,""1"":1}",1260,,0.9515,291,6000,1.0,1260,1260,Same shape; input is mostly preserved while new fill or marking cells are added.
task028,28,pattern_completion,low,mostly_preserves_input_adds_or_changes,2,1,262,265,same_shape_variable_size,265,0,0,0,10x10:265,10x10:265,0123456789,0123456789,,"[0,1,2,3,4,5,6,7,8,9]","[0,1,2,3,4,5,6,7,8,9]",[],False,False,"{""0"":6,""1"":1,""2"":2,""3"":3,""4"":4,""5"":5,""6"":6,""7"":7,""8"":8,""9"":9}",24395,,0.245167,4529,6000,1.0,13250,13250,Output preserves input and adds missing pattern cells.
task029,29,cropping_extraction,medium,shape_shrinks,3,1,262,266,shrinks,0,0,266,0,18x15:5;25x12:4;20x13:4;22x19:4;24x11:4,8x9:4;1x6:4;10x2:4;16x1:4;11x14:4,0123456789,0123456789,,"[0,1,2,3,4,5,6,7,8,9]","[0,1,2,3,4,5,6,7,8,9]",[],False,False,,1,,0.0,0,0,0.0,0,0,"Output is smaller than input, often selected object/subgrid."
task030,30,mask_object_selection,low,same_shape_nonlocal_changes,3,1,262,266,same_shape_variable_size,266,0,0,0,10x10:145;5x10:121,10x10:145;5x10:121,0124,0124,,"[0,1,2,4]","[0,1,2,4]",[],False,False,"{""0"":0,""1"":1,""2"":0,""4"":4}",2851,,0.884681,542,4700,0.574805,1583,3166,"Same shape; cells/objects are kept, removed, or highlighted."
task031,31,cropping_extraction,medium,shape_shrinks,3,1,262,266,shrinks,0,0,266,0,10x12:95;12x12:89;11x12:82,4x5:43;5x5:35;5x4:33;4x6:25;4x4:22,0123456789,0123456789,,"[0,1,2,3,4,5,6,7,8,9]","[0,1,2,3,4,5,6,7,8,9]",[],False,False,,1,,0.0,0,0,0.0,0,0,"Output is smaller than input, often selected object/subgrid."
task032,32,mask_object_selection,low,same_shape_nonlocal_changes,3,1,262,266,same_shape_variable_size,266,0,0,0,4x4:95;6x6:88;5x5:83,4x4:95;6x6:88;5x5:83,0123456789,0123456789,,"[0,1,2,3,4,5,6,7,8,9]","[0,1,2,3,4,5,6,7,8,9]",[],False,False,"{""0"":0,""1"":1,""2"":0,""3"":0,""4"":0,""5"":0,""6"":0,""7"":7,""8"":0,""9"":0}",2070,,0.879605,183,1520,0.44004,1130,2260,"Same shape; cells/objects are kept, removed, or highlighted."
task033,33,pattern_completion,low,mostly_preserves_input_adds_or_changes,3,1,261,265,same_shape_variable_size,265,0,0,0,17x17:265,17x17:265,0123456789,0123456789,,"[0,1,2,3,4,5,6,7,8,9]","[0,1,2,3,4,5,6,7,8,9]",[],False,False,"{""0"":0,""1"":1,""2"":2,""3"":3,""4"":4,""5"":5,""6"":6,""7"":7,""8"":8,""9"":9}",11880,,0.82699,3000,17340,1.0,11880,11880,Output preserves input and adds missing pattern cells.
task034,34,mask_object_selection,low,same_shape_nonlocal_changes,4,1,262,267,same_shape_variable_size,267,0,0,0,9x9:267,9x9:267,0123456789,013456789,,"[0,1,2,3,4,5,6,7,8,9]","[0,1,3,4,5,6,7,8,9]",[],False,False,"{""0"":0,""1"":1,""2"":4,""3"":3,""4"":4,""5"":5,""6"":6,""7"":7,""8"":8,""9"":9}",4915,,0.842181,767,4860,0.5,4445,4979,"Same shape; cells/objects are kept, removed, or highlighted."
task035,35,mask_object_selection,low,same_shape_nonlocal_changes,3,1,262,266,same_shape_variable_size,266,0,0,0,10x10:266,10x10:266,0123456789,0123456789,,"[0,1,2,3,4,5,6,7,8,9]","[0,1,2,3,4,5,6,7,8,9]",[],False,False,"{""0"":0,""1"":1,""2"":2,""3"":3,""4"":4,""5"":5,""6"":6,""7"":7,""8"":9,""9"":9}",2615,,0.9355,387,6000,0.695293,0,1217,"Same shape; cells/objects are kept, removed, or highlighted."
task036,36,cropping_extraction,medium,shape_shrinks,2,1,262,265,shrinks,0,0,265,0,30x30:265,5x4:38;4x3:36;5x3:32;3x5:30;4x5:29,0123456789,0123456789,,"[0,1,2,3,4,5,6,7,8,9]","[0,1,2,3,4,5,6,7,8,9]",[],False,False,,1,,0.0,0,0,0.0,0,0,"Output is smaller than input, often selected object/subgrid."
task037,37,pattern_completion,low,mostly_preserves_input_adds_or_changes,3,1,262,266,same_shape_variable_size,266,0,0,0,10x10:266,10x10:266,0123456789,0123456789,,"[0,1,2,3,4,5,6,7,8,9]","[0,1,2,3,4,5,6,7,8,9]",[],False,False,"{""0"":0,""1"":1,""2"":2,""3"":3,""4"":4,""5"":5,""6"":6,""7"":7,""8"":8,""9"":9}",2252,,0.911667,530,6000,1.0,2252,2252,Output preserves input and adds missing pattern cells.
task038,38,cropping_extraction,medium,shape_shrinks,3,1,262,266,shrinks,0,0,266,0,9x9:266,1x5:266,012,01,,"[0,1,2]","[0,1]",[],False,False,,1,,0.0,0,0,0.0,0,0,"Output is smaller than input, often selected object/subgrid."
task039,39,cropping_extraction,medium,shape_shrinks,2,1,261,264,shrinks,0,0,264,0,10x10:264,3x3:264,0123456789,0123456789,,"[0,1,2,3,4,5,6,7,8,9]","[0,1,2,3,4,5,6,7,8,9]",[],False,False,,1,,0.0,0,0,0.0,0,0,"Output is smaller than input, often selected object/subgrid."
task040,40,mask_object_selection,low,same_shape_nonlocal_changes,3,1,262,266,same_shape_variable_size,266,0,0,0,10x10:266,10x10:266,0123456789,012456789,,"[0,1,2,3,4,5,6,7,8,9]","[0,1,2,4,5,6,7,8,9]",[],False,False,"{""0"":0,""1"":1,""2"":2,""3"":2,""4"":4,""5"":5,""6"":6,""7"":7,""8"":8,""9"":9}",1431,,0.964667,212,6000,0.764697,0,1637,"Same shape; cells/objects are kept, removed, or highlighted."
task041,41,pattern_completion,low,mostly_preserves_input_adds_or_changes,3,1,262,266,same_shape_variable_size,266,0,0,0,10x10:266,10x10:266,0123456789,0123456789,,"[0,1,2,3,4,5,6,7,8,9]","[0,1,2,3,4,5,6,7,8,9]",[],False,False,"{""0"":0,""1"":1,""2"":2,""3"":3,""4"":4,""5"":5,""6"":6,""7"":7,""8"":8,""9"":9}",2748,,0.959667,242,6000,1.0,2748,2748,Output preserves input and adds missing pattern cells.
task042,42,fill_enclosed_regions,medium,adds_new_color_preserves_input|new_output_colors,3,1,262,266,same_shape_variable_size,266,0,0,0,10x10:266,10x10:266,03,038,8,"[0,3]","[0,3,8]",[8],False,False,"{""0"":0,""3"":3}",1071,,0.948667,308,6000,1.0,1071,1071,Same shape; input is mostly preserved while new fill or marking cells are added.
task043,43,fill_enclosed_regions,medium,adds_new_color_preserves_input|new_output_colors,3,1,262,266,same_shape_variable_size,266,0,0,0,10x10:266,10x10:266,05,025,2,"[0,5]","[0,2,5]",[2],False,False,"{""0"":0,""5"":5}",5392,,0.799167,1205,6000,1.0,5392,5392,Same shape; input is mostly preserved while new fill or marking cells are added.
task044,44,pattern_completion,low,mostly_preserves_input_adds_or_changes,3,1,262,266,same_shape_variable_size,266,0,0,0,10x10:266,10x10:266,0123456789,0123456789,,"[0,1,2,3,4,5,6,7,8,9]","[0,1,2,3,4,5,6,7,8,9]",[],False,False,"{""0"":0,""1"":0,""2"":0,""3"":0,""4"":4,""5"":5,""6"":0,""7"":7,""8"":0,""9"":0}",4063,,0.908833,547,6000,0.80543,2544,5088,Output preserves input and adds missing pattern cells.
task045,45,pattern_completion,low,mostly_preserves_input_adds_or_changes,3,1,261,265,same_shape_variable_size,265,0,0,0,10x10:265,10x10:265,0123456789,0123456789,,"[0,1,2,3,4,5,6,7,8,9]","[0,1,2,3,4,5,6,7,8,9]",[],False,False,"{""0"":0,""1"":1,""2"":2,""3"":3,""4"":4,""5"":5,""6"":6,""7"":7,""8"":8,""9"":9}",2024,,0.9085,549,6000,1.0,2024,2024,Output preserves input and adds missing pattern cells.
task046,46,cropping_extraction,medium,shape_shrinks,4,1,262,267,shrinks,0,0,267,0,3x12:42;3x14:42;3x11:35;3x16:30;3x17:27,3x9:54;3x11:44;3x10:37;3x13:30;3x8:29,0123456789,012346789,,"[0,1,2,3,4,5,6,7,8,9]","[0,1,2,3,4,6,7,8,9]",[],False,False,,1,,0.0,0,0,0.0,0,0,"Output is smaller than input, often selected object/subgrid."
task047,47,fill_enclosed_regions,medium,adds_new_color_preserves_input|new_output_colors,2,1,262,265,same_shape_variable_size,265,0,0,0,9x9:265,9x9:265,078,0278,2,"[0,7,8]","[0,2,7,8]",[2],False,False,"{""0"":0,""7"":7,""8"":8}",7950,,0.71893,1366,4860,1.0,7950,7950,Same shape; input is mostly preserved while new fill or marking cells are added.
task048,48,cropping_extraction,medium,shape_shrinks,6,2,262,270,shrinks,0,0,270,0,7x5:24;5x5:21;6x7:21;8x5:20;8x7:20,1x1:270,028,08,,"[0,2,8]","[0,8]",[],False,False,,1,,0.0,0,0,0.0,0,0,"Output is smaller than input, often selected object/subgrid."
task049,49,cropping_extraction,medium,shape_shrinks,5,1,262,268,shrinks,0,0,268,0,11x10:7;18x14:6;17x14:6;18x12:6;15x11:5,3x2:25;2x2:24;2x3:20;2x4:16;3x3:15,0123456789,123456789,,"[0,1,2,3,4,5,6,7,8,9]","[1,2,3,4,5,6,7,8,9]",[],False,False,,1,,0.0,0,0,0.0,0,0,"Output is smaller than input, often selected object/subgrid."
task050,50,fill_enclosed_regions,medium,adds_new_color_preserves_input|new_output_colors,8,1,262,271,same_shape_variable_size,271,0,0,0,14x7:6;11x5:6;10x4:5;8x12:5;3x5:5,14x7:6;11x5:6;10x4:5;8x12:5;3x5:5,08,038,3,"[0,8]","[0,3,8]",[3],False,False,"{""0"":0,""8"":8}",1289,,0.922996,365,4740,1.0,1289,1289,Same shape; input is mostly preserved while new fill or marking cells are added.
task051,51,pattern_completion,low,mostly_preserves_input_adds_or_changes,3,1,261,265,same_shape_variable_size,265,0,0,0,14x18:8;19x15:7;15x12:6;11x17:5;18x16:5,14x18:8;19x15:7;15x12:6;11x17:5;18x16:5,0123456789,0123456789,,"[0,1,2,3,4,5,6,7,8,9]","[0,1,2,3,4,5,6,7,8,9]",[],False,False,"{""0"":0,""1"":1,""2"":2,""3"":3,""4"":4,""5"":5,""6"":6,""7"":7,""8"":8,""9"":9}",1490,,0.971952,375,13370,1.0,1490,1490,Output preserves input and adds missing pattern cells.
task052,52,mask_object_selection,low,same_shape_nonlocal_changes|new_output_colors,4,1,262,267,same_shape_variable_size,267,0,0,0,3x3:267,3x3:267,12346789,05,05,"[1,2,3,4,6,7,8,9]","[0,5]","[0,5]",False,False,"{""1"":5,""2"":0,""3"":0,""4"":5,""6"":5,""7"":0,""8"":5,""9"":0}",1178,,0.988889,6,540,0.0,0,2403,"Same shape; cells/objects are kept, removed, or highlighted."
task053,53,same_shape_local_rule,medium,local_3x3_consistent,4,2,54,60,same_shape_variable_size,60,0,0,0,3x3:60,3x3:60,012,012,,"[0,1,2]","[0,1,2]",[],False,False,"{""0"":1,""1"":0,""2"":0}",342,,1.0,0,540,0.16129,130,260,Same shape; output appears explainable by local neighborhoods.
task054,54,pattern_completion,low,mostly_preserves_input_adds_or_changes,3,1,262,266,same_shape_variable_size,266,0,0,0,30x30:266,30x30:266,123456789,123456789,,"[1,2,3,4,5,6,7,8,9]","[1,2,3,4,5,6,7,8,9]",[],False,False,"{""1"":1,""2"":8,""3"":8,""4"":1,""5"":8,""6"":8,""7"":7,""8"":8,""9"":9}",156301,,0.92513,4043,54000,0.914929,0,20366,Output preserves input and adds missing pattern cells.
task055,55,fill_enclosed_regions,medium,adds_new_color_preserves_input|new_output_colors,2,1,262,265,same_shape_variable_size,265,0,0,0,22x18:5;15x14:5;19x11:4;20x22:4;22x14:4,22x18:5;15x14:5;19x11:4;20x22:4;22x14:4,08,0123468,12346,"[0,8]","[0,1,2,3,4,6,8]","[1,2,3,4,6]",False,False,"{""0"":0,""8"":8}",40288,,0.509598,10423,21254,1.0,40288,40288,Same shape; input is mostly preserved while new fill or marking cells are added.
task056,56,cropping_extraction,medium,shape_shrinks,7,3,36,46,shrinks,0,0,46,0,3x3:46,1x1:46,0123456789,1236,,"[0,1,2,3,4,5,6,7,8,9]","[1,2,3,6]",[],False,False,,1,,0.0,0,0,0.0,0,0,"Output is smaller than input, often selected object/subgrid."
task057,57,cropping_extraction,medium,shape_shrinks,3,1,261,265,shrinks,0,0,265,0,8x8:265,3x6:265,0123456789,0123456789,,"[0,1,2,3,4,5,6,7,8,9]","[0,1,2,3,4,5,6,7,8,9]",[],False,False,,1,,0.0,0,0,0.0,0,0,"Output is smaller than input, often selected object/subgrid."
task058,58,mask_object_selection,low,same_shape_nonlocal_changes|new_output_colors,5,1,16,22,same_shape_variable_size,22,0,0,0,6x6:2;8x8:2;15x15:2;13x13:2;10x10:2,6x6:2;8x8:2;15x15:2;13x13:2;10x10:2,0,03,3,[0],"[0,3]",[3],False,False,"{""0"":3}",1614,,0.570516,1614,3758,0.0,2144,2144,"Same shape; cells/objects are kept, removed, or highlighted."
task059,59,pattern_completion,low,mostly_preserves_input_adds_or_changes,3,1,262,266,same_shape_variable_size,266,0,0,0,11x11:266,11x11:266,0123456789,0123456789,,"[0,1,2,3,4,5,6,7,8,9]","[0,1,2,3,4,5,6,7,8,9]",[],False,False,"{""0"":0,""1"":0,""2"":0,""3"":0,""4"":4,""5"":5,""6"":0,""7"":7,""8"":8,""9"":9}",5925,,0.902066,711,7260,0.859555,3918,5981,Output preserves input and adds missing pattern cells.
task060,60,fill_enclosed_regions,medium,adds_new_color_preserves_input|new_output_colors,2,1,262,265,same_shape_variable_size,265,0,0,0,5x11:265,5x11:265,012346789,0123456789,5,"[0,1,2,3,4,6,7,8,9]","[0,1,2,3,4,5,6,7,8,9]",[5],False,False,"{""0"":0,""1"":1,""2"":2,""3"":3,""4"":4,""6"":6,""7"":7,""8"":8,""9"":9}",4095,,0.792121,686,3300,1.0,4095,4095,Same shape; input is mostly preserved while new fill or marking cells are added.
task061,61,pattern_completion,low,mostly_preserves_input_adds_or_changes,4,1,262,267,same_shape_variable_size,267,0,0,0,18x18:267,18x18:267,0123456789,123456789,,"[0,1,2,3,4,5,6,7,8,9]","[1,2,3,4,5,6,7,8,9]",[],False,False,"{""0"":1,""1"":1,""2"":2,""3"":3,""4"":4,""5"":5,""6"":6,""7"":7,""8"":8,""9"":9}",7206,,0.966512,651,19440,1.0,11265,11265,Output preserves input and adds missing pattern cells.
task062,62,mask_object_selection,low,same_shape_nonlocal_changes|new_output_colors,4,1,262,267,same_shape_variable_size,267,0,0,0,10x10:267,10x10:267,012456789,13456789,3,"[0,1,2,4,5,6,7,8,9]","[1,3,4,5,6,7,8,9]",[3],False,False,"{""0"":3,""1"":1,""2"":4,""4"":4,""5"":5,""6"":6,""7"":7,""8"":8,""9"":9}",1405,,0.966333,202,6000,0.735655,24661,25200,"Same shape; cells/objects are kept, removed, or highlighted."
task063,63,fill_enclosed_regions,medium,adds_new_color_preserves_input|new_output_colors,3,1,262,266,same_shape_variable_size,266,0,0,0,14x14:93;10x10:87;12x12:86,14x14:93;10x10:87;12x12:86,028,0238,3,"[0,2,8]","[0,2,3,8]",[3],False,False,"{""0"":0,""2"":2,""8"":8}",8094,,0.777271,2001,8984,1.0,8094,8094,Same shape; input is mostly preserved while new fill or marking cells are added.
task064,64,pattern_completion,low,mostly_preserves_input_adds_or_changes,4,1,262,267,same_shape_variable_size,267,0,0,0,24x17:5;19x21:4;22x9:4;18x20:4;16x13:4,24x17:5;19x21:4;22x9:4;18x20:4;16x13:4,123456789,123456789,,"[1,2,3,4,5,6,7,8,9]","[1,2,3,4,5,6,7,8,9]",[],False,False,"{""1"":1,""2"":2,""3"":3,""4"":4,""5"":5,""6"":6,""7"":7,""8"":8,""9"":9}",2206,,0.971427,452,15819,0.970573,0,2206,Output preserves input and adds missing pattern cells.
task065,65,cropping_extraction,medium,shape_shrinks,3,1,262,266,shrinks,0,0,266,0,3x3:46;11x11:41;13x13:40;5x5:39;7x7:39,1x1:46;5x5:41;6x6:40;2x2:39;3x3:39,0123456789,0123456789,,"[0,1,2,3,4,5,6,7,8,9]","[0,1,2,3,4,5,6,7,8,9]",[],False,False,,1,,0.0,0,0,0.0,0,0,"Output is smaller than input, often selected object/subgrid."
task066,66,pattern_completion,low,mostly_preserves_input_adds_or_changes,3,1,262,266,same_shape_variable_size,266,0,0,0,11x11:31;14x14:29;12x12:29;10x10:28;19x19:25,11x11:31;14x14:29;12x12:29;10x10:28;19x19:25,0238,0238,,"[0,2,3,8]","[0,2,3,8]",[],False,False,"{""0"":0,""2"":2,""3"":3,""8"":8}",4119,,0.930526,952,13703,1.0,4119,4119,Output preserves input and adds missing pattern cells.
task067,67,cropping_extraction,medium,shape_shrinks,3,1,262,266,shrinks,0,0,266,0,2x6:80;4x12:74;3x9:58;5x15:54,2x2:80;4x4:74;3x3:58;5x5:54,0123456789,0123456789,,"[0,1,2,3,4,5,6,7,8,9]","[0,1,2,3,4,5,6,7,8,9]",[],False,False,,1,,0.0,0,0,0.0,0,0,"Output is smaller than input, often selected object/subgrid."
task068,68,mask_object_selection,low,same_shape_nonlocal_changes,3,1,262,266,same_shape_variable_size,266,0,0,0,10x10:266,10x10:266,0123456789,0123456789,,"[0,1,2,3,4,5,6,7,8,9]","[0,1,2,3,4,5,6,7,8,9]",[],False,False,"{""0"":0,""1"":0,""2"":0,""3"":0,""4"":4,""5"":0,""6"":6,""7"":0,""8"":0,""9"":0}",3900,,0.973333,160,6000,0.03999,1502,9256,"Same shape; cells/objects are kept, removed, or highlighted."
task069,69,mask_object_selection,low,same_shape_nonlocal_changes,2,1,261,264,same_shape_variable_size,264,0,0,0,10x10:264,10x10:264,0123456789,012345679,,"[0,1,2,3,4,5,6,7,8,9]","[0,1,2,3,4,5,6,7,9]",[],False,False,"{""0"":0,""1"":0,""2"":0,""3"":0,""4"":0,""5"":0,""6"":0,""7"":0,""8"":7,""9"":0}",3786,,0.884,696,6000,0.0,0,5804,"Same shape; cells/objects are kept, removed, or highlighted."
task070,70,same_shape_local_rule,medium,local_3x3_consistent|new_output_colors,3,1,262,266,same_shape_variable_size,266,0,0,0,17x17:266,17x17:266,018,0138,3,"[0,1,8]","[0,1,3,8]",[3],False,False,"{""0"":0,""1"":1,""8"":8}",3486,,0.998847,20,17340,0.894162,0,3486,Same shape; output appears explainable by local neighborhoods.
task071,71,mask_object_selection,low,same_shape_nonlocal_changes,2,1,262,265,same_shape_variable_size,265,0,0,0,16x16:265,16x16:265,0123456789,0123456789,,"[0,1,2,3,4,5,6,7,8,9]","[0,1,2,3,4,5,6,7,8,9]",[],False,False,"{""0"":0,""1"":0,""2"":2,""3"":0,""4"":0,""5"":5,""6"":6,""7"":7,""8"":0,""9"":0}",6032,,0.966797,510,15360,0.585078,0,4260,"Same shape; cells/objects are kept, removed, or highlighted."
task072,72,cropping_extraction,medium,shape_shrinks|new_output_colors,4,2,262,268,shrinks,0,0,268,0,13x5:268,6x5:268,024,03,3,"[0,2,4]","[0,3]",[3],False,False,,1,,0.0,0,0,0.0,0,0,"Output is smaller than input, often selected object/subgrid."
task073,73,same_shape_local_rule,medium,local_3x3_consistent,3,1,11,15,same_shape_variable_size,15,0,0,0,5x5:15,5x5:15,015,015,,"[0,1,5]","[0,1,5]",[],False,False,"{""0"":0,""1"":0,""5"":5}",24,,1.0,0,375,0.609756,0,48,Same shape; output appears explainable by local neighborhoods.
task074,74,pattern_completion,low,mostly_preserves_input_adds_or_changes,4,1,262,267,same_shape_variable_size,267,0,0,0,30x30:267,30x30:267,0123456789,012345678,,"[0,1,2,3,4,5,6,7,8,9]","[0,1,2,3,4,5,6,7,8]",[],False,False,"{""0"":0,""1"":1,""2"":2,""3"":3,""4"":4,""5"":5,""6"":6,""7"":7,""8"":8,""9"":0}",14637,,0.960852,2114,54000,0.87073,0,21717,Output preserves input and adds missing pattern cells.
task075,75,mask_object_selection,low,same_shape_nonlocal_changes,3,1,261,265,same_shape_variable_size,265,0,0,0,9x13:265,9x13:265,0123456789,023456789,,"[0,1,2,3,4,5,6,7,8,9]","[0,2,3,4,5,6,7,8,9]",[],False,False,"{""0"":4,""1"":6,""2"":2,""3"":3,""4"":4,""5"":5,""6"":6,""7"":7,""8"":8,""9"":9}",24734,,0.693875,2149,7020,0.799531,9568,10764,"Same shape; cells/objects are kept, removed, or highlighted."
task076,76,pattern_completion,low,mostly_preserves_input_adds_or_changes,3,1,262,266,same_shape_variable_size,266,0,0,0,15x14:37;14x13:35;13x15:31;15x13:31;13x13:30,15x14:37;14x13:35;13x15:31;15x13:31;13x13:30,01234,01234,,"[0,1,2,3,4]","[0,1,2,3,4]",[],False,False,"{""0"":0,""1"":1,""2"":2,""3"":3,""4"":4}",2265,,0.938073,723,11675,1.0,2265,2265,Output preserves input and adds missing pattern cells.
task077,77,same_shape_local_rule,medium,local_3x3_consistent|new_output_colors,3,1,262,266,same_shape_variable_size,266,0,0,0,17x18:21;15x15:19;20x19:19;15x16:18;20x20:18,17x18:21;15x15:19;20x19:19;15x16:18;20x20:18,012356789,0123456789,4,"[0,1,2,3,5,6,7,8,9]","[0,1,2,3,4,5,6,7,8,9]",[4],False,False,"{""0"":0,""1"":1,""2"":2,""3"":3,""5"":5,""6"":6,""7"":7,""8"":8,""9"":9}",3365,,0.998117,34,18053,0.926512,0,3365,Same shape; output appears explainable by local neighborhoods.
task078,78,mask_object_selection,low,same_shape_nonlocal_changes,3,1,262,266,same_shape_variable_size,266,0,0,0,10x10:266,10x10:266,012,012,,"[0,1,2]","[0,1,2]",[],False,False,"{""0"":0,""1"":1,""2"":0}",3368,,0.9225,465,6000,0.712349,2334,4668,"Same shape; cells/objects are kept, removed, or highlighted."
task079,79,cropping_extraction,medium,shape_shrinks,3,1,262,266,shrinks,0,0,266,0,14x14:266,3x3:266,0123456789,0123456789,,"[0,1,2,3,4,5,6,7,8,9]","[0,1,2,3,4,5,6,7,8,9]",[],False,False,,1,,0.0,0,0,0.0,0,0,"Output is smaller than input, often selected object/subgrid."
task080,80,pattern_completion,low,mostly_preserves_input_adds_or_changes,3,1,262,266,same_shape_variable_size,266,0,0,0,29x29:89;24x24:53;27x27:48;26x26:41;31x31:35,29x29:89;24x24:53;27x27:48;26x26:41;31x31:35,0123456789,0123456789,,"[0,1,2,3,4,5,6,7,8,9]","[0,1,2,3,4,5,6,7,8,9]",[],False,False,"{""0"":0,""1"":1,""2"":2,""3"":3,""4"":4,""5"":5,""6"":6,""7"":7,""8"":8,""9"":9}",18032,,0.863614,6139,45012,1.0,18032,18032,Output preserves input and adds missing pattern cells.
task081,81,fill_enclosed_regions,medium,adds_new_color_preserves_input|local_3x3_consistent|new_output_colors,2,1,261,264,same_shape_variable_size,264,0,0,0,7x7:264,7x7:264,08,018,1,"[0,8]","[0,1,8]",[1],False,False,"{""0"":0,""8"":8}",634,,1.0,0,2940,1.0,634,634,Same shape; input is mostly preserved while new fill or marking cells are added.
task082,82,pattern_completion,low,mostly_preserves_input_adds_or_changes,2,1,262,265,same_shape_variable_size,265,0,0,0,6x9:32;6x15:28;6x7:26;6x13:26;6x14:26,6x9:32;6x15:28;6x7:26;6x13:26;6x14:26,0123456789,0123456789,,"[0,1,2,3,4,5,6,7,8,9]","[0,1,2,3,4,5,6,7,8,9]",[],False,False,"{""0"":0,""1"":1,""2"":2,""3"":3,""4"":4,""5"":5,""6"":6,""7"":7,""8"":8,""9"":9}",5512,,0.757167,864,3558,1.0,5512,5512,Output preserves input and adds missing pattern cells.
task083,83,expansion_tiling,medium,shape_expands,3,1,262,266,expands,0,266,0,0,3x4:266,6x8:266,0123456789,0123456789,,"[0,1,2,3,4,5,6,7,8,9]","[0,1,2,3,4,5,6,7,8,9]",[],False,False,,1,,0.0,0,0,0.0,0,0,"Output is larger than input, often by fixed scale or tiling."
task084,84,pattern_completion,low,mostly_preserves_input_adds_or_changes,3,1,171,175,same_shape_variable_size,175,0,0,0,15x15:10;3x3:10;7x7:10;10x10:10;20x20:9,15x15:10;3x3:10;7x7:10;10x10:10;20x20:9,0123456789,0123456789,,"[0,1,2,3,4,5,6,7,8,9]","[0,1,2,3,4,5,6,7,8,9]",[],False,False,"{""0"":0,""1"":1,""2"":2,""3"":3,""4"":4,""5"":5,""6"":6,""7"":7,""8"":8,""9"":9}",3824,,0.866611,1276,9566,1.0,3824,3824,Output preserves input and adds missing pattern cells.
task085,85,pattern_completion,low,mostly_preserves_input_adds_or_changes,2,1,262,265,same_shape_variable_size,265,0,0,0,16x30:22;12x20:21;9x20:18;16x20:17;15x20:16,16x30:22;12x20:21;9x20:18;16x20:17;15x20:16,0123456789,0123456789,,"[0,1,2,3,4,5,6,7,8,9]","[0,1,2,3,4,5,6,7,8,9]",[],False,False,"{""0"":0,""1"":1,""2"":2,""3"":3,""4"":4,""5"":5,""6"":6,""7"":7,""8"":8,""9"":9}",5183,,0.943628,1066,18910,0.845413,0,5183,Output preserves input and adds missing pattern cells.
task086,86,mask_object_selection,low,same_shape_nonlocal_changes,3,1,262,266,same_shape_variable_size,266,0,0,0,10x10:96;12x12:90;11x11:80,10x10:96;12x12:90;11x11:80,0123456789,0123456789,,"[0,1,2,3,4,5,6,7,8,9]","[0,1,2,3,4,5,6,7,8,9]",[],False,False,"{""0"":0,""1"":3,""2"":7,""3"":1,""4"":6,""5"":8,""6"":4,""7"":2,""8"":3,""9"":8}",9559,,0.933794,479,7235,0.0,6373,9983,"Same shape; cells/objects are kept, removed, or highlighted."
task087,87,geometric_transform,high,fixed_geometric_rot180,4,1,261,266,same_shape_variable_size,266,0,0,0,3x3:266,3x3:266,123456789,123456789,,"[1,2,3,4,5,6,7,8,9]","[1,2,3,4,5,6,7,8,9]",[],False,False,"{""1"":2,""2"":1,""3"":3,""4"":2,""5"":8,""6"":7,""7"":6,""8"":2,""9"":2}",2100,rot180,0.985185,8,540,0.397661,0,1442,Output matches a fixed rotate/flip/transpose/shift transform.
task088,88,cropping_extraction,medium,shape_shrinks,4,1,262,267,shrinks,0,0,267,0,17x9:5;12x18:4;10x12:4;10x9:4;9x8:4,3x5:9;8x4:9;4x4:8;10x4:8;4x7:8,0123456789,0123456789,,"[0,1,2,3,4,5,6,7,8,9]","[0,1,2,3,4,5,6,7,8,9]",[],False,False,,1,,0.0,0,0,0.0,0,0,"Output is smaller than input, often selected object/subgrid."
task089,89,pattern_completion,low,mostly_preserves_input_adds_or_changes,4,1,262,267,same_shape_variable_size,267,0,0,0,13x13:267,13x13:267,0123456789,0123456789,,"[0,1,2,3,4,5,6,7,8,9]","[0,1,2,3,4,5,6,7,8,9]",[],False,False,"{""0"":0,""1"":1,""2"":2,""3"":3,""4"":4,""5"":5,""6"":6,""7"":7,""8"":8,""9"":9}",2165,,0.925049,760,10140,1.0,2165,2165,Output preserves input and adds missing pattern cells.
task090,90,fill_enclosed_regions,medium,adds_new_color_preserves_input|new_output_colors,4,1,262,267,same_shape_variable_size,267,0,0,0,4x21:13;2x20:11;4x29:11;4x24:10;4x22:10,4x21:13;2x20:11;4x29:11;4x24:10;4x22:10,015,0156,6,"[0,1,5]","[0,1,5,6]",[6],False,False,"{""0"":0,""1"":1,""5"":5}",2984,,0.909534,483,5339,1.0,2984,2984,Same shape; input is mostly preserved while new fill or marking cells are added.
task091,91,cropping_extraction,medium,shape_shrinks,3,1,262,266,shrinks,0,0,266,0,13x10:11;11x13:10;14x11:10;9x9:8;12x9:8,4x6:9;5x5:7;3x10:7;3x8:7;5x7:6,058,058,,"[0,5,8]","[0,5,8]",[],False,False,,1,,0.0,0,0,0.0,0,0,"Output is smaller than input, often selected object/subgrid."
task092,92,pattern_completion,low,mostly_preserves_input_adds_or_changes,2,1,262,265,same_shape_variable_size,265,0,0,0,30x20:39;20x10:36;30x10:32;10x30:31;20x30:29,30x20:39;20x10:36;30x10:32;10x30:31;20x30:29,0123456789,0123456789,,"[0,1,2,3,4,5,6,7,8,9]","[0,1,2,3,4,5,6,7,8,9]",[],False,False,"{""0"":0,""1"":1,""2"":2,""3"":3,""4"":4,""5"":5,""6"":6,""7"":7,""8"":8,""9"":9}",8640,,0.917273,2002,24200,1.0,8640,8640,Output preserves input and adds missing pattern cells.
task093,93,pattern_completion,low,mostly_preserves_input_adds_or_changes,3,1,261,265,same_shape_variable_size,265,0,0,0,14x14:265,14x14:265,0123456789,05,,"[0,1,2,3,4,5,6,7,8,9]","[0,5]",[],False,False,"{""0"":0,""1"":0,""2"":0,""3"":0,""4"":0,""5"":5,""6"":0,""7"":0,""8"":0,""9"":0}",1792,,0.958929,483,11760,0.878903,1395,3187,Output preserves input and adds missing pattern cells.
task094,94,pattern_completion,low,mostly_preserves_input_adds_or_changes|new_output_colors,2,1,262,265,same_shape_variable_size,265,0,0,0,15x15:265,15x15:265,18,168,6,"[1,8]","[1,6,8]",[6],False,False,"{""1"":1,""8"":8}",10834,,0.87637,1669,13500,0.818298,0,10834,Output preserves input and adds missing pattern cells.
task095,95,fill_enclosed_regions,medium,adds_new_color_preserves_input|local_3x3_consistent|new_output_colors,2,1,262,265,same_shape_variable_size,265,0,0,0,9x9:265,9x9:265,05,015,1,"[0,5]","[0,1,5]",[1],False,False,"{""0"":0,""5"":5}",7368,,1.0,0,4860,1.0,7368,7368,Same shape; input is mostly preserved while new fill or marking cells are added.
task096,96,cropping_extraction,medium,shape_shrinks,3,1,262,266,shrinks,0,0,266,0,18x18:11;18x15:10;15x17:9;17x15:9;17x14:9,9x9:96;7x7:90;11x11:80,0123456789,0123456789,,"[0,1,2,3,4,5,6,7,8,9]","[0,1,2,3,4,5,6,7,8,9]",[],False,False,,1,,0.0,0,0,0.0,0,0,"Output is smaller than input, often selected object/subgrid."
task097,97,same_shape_local_rule,medium,local_3x3_consistent,4,1,262,267,same_shape_variable_size,267,0,0,0,17x14:5;13x10:5;20x7:4;15x8:4;19x6:4,17x14:5;13x10:5;20x7:4;15x8:4;19x6:4,0123456789,0123456789,,"[0,1,2,3,4,5,6,7,8,9]","[0,1,2,3,4,5,6,7,8,9]",[],False,False,"{""0"":0,""1"":0,""2"":2,""3"":3,""4"":4,""5"":0,""6"":6,""7"":7,""8"":8,""9"":9}",2019,,1.0,0,9895,0.528738,0,1976,Same shape; output appears explainable by local neighborhoods.
task098,98,same_shape_local_rule,medium,local_3x3_consistent,3,1,262,266,same_shape_variable_size,266,0,0,0,10x10:9;12x14:8;20x20:8;17x17:8;8x6:8,10x10:9;12x14:8;20x20:8;17x17:8;8x6:8,0123456789,0123456789,,"[0,1,2,3,4,5,6,7,8,9]","[0,1,2,3,4,5,6,7,8,9]",[],False,False,"{""0"":0,""1"":1,""2"":2,""3"":3,""4"":4,""5"":5,""6"":6,""7"":7,""8"":8,""9"":9}",4975,,1.0,0,11899,0.709557,0,4975,Same shape; output appears explainable by local neighborhoods.
task099,99,pattern_completion,low,mostly_preserves_input_adds_or_changes,3,1,261,265,same_shape_variable_size,265,0,0,0,10x10:265,10x10:265,0123456789,0123456789,,"[0,1,2,3,4,5,6,7,8,9]","[0,1,2,3,4,5,6,7,8,9]",[],False,False,"{""0"":0,""1"":1,""2"":2,""3"":3,""4"":4,""5"":5,""6"":6,""7"":7,""8"":8,""9"":9}",5169,,0.9255,447,6000,1.0,5169,5169,Output preserves input and adds missing pattern cells.
task100,100,cropping_extraction,medium,shape_shrinks,3,1,262,266,shrinks,0,0,266,0,10x10:266,2x2:266,0123456789,123456789,,"[0,1,2,3,4,5,6,7,8,9]","[1,2,3,4,5,6,7,8,9]",[],False,False,,1,,0.0,0,0,0.0,0,0,"Output is smaller than input, often selected object/subgrid."
task101,101,pattern_completion,low,mostly_preserves_input_adds_or_changes,3,1,262,266,same_shape_variable_size,266,0,0,0,14x12:151;17x14:114;17x21:1,14x12:151;17x14:114;17x21:1,012,012,,"[0,1,2]","[0,1,2]",[],False,False,"{""0"":0,""1"":1,""2"":2}",3661,,0.925377,876,11739,1.0,3661,3661,Output preserves input and adds missing pattern cells.
task102,102,fill_enclosed_regions,medium,adds_new_color_preserves_input|new_output_colors,4,1,262,267,same_shape_variable_size,267,0,0,0,12x12:267,12x12:267,05,025,2,"[0,5]","[0,2,5]",[2],False,False,"{""0"":0,""5"":5}",978,,0.950463,428,8640,1.0,978,978,Same shape; input is mostly preserved while new fill or marking cells are added.
task103,103,cropping_extraction,medium,shape_shrinks|new_output_colors,6,2,215,223,shrinks,0,0,223,0,3x3:223,1x1:223,02,17,17,"[0,2]","[1,7]","[1,7]",False,False,,1,,0.0,0,0,0.0,0,0,"Output is smaller than input, often selected object/subgrid."
task104,104,expansion_tiling,medium,shape_expands,2,1,4,7,expands,0,7,0,0,3x3:7,9x9:7,023,03,,"[0,2,3]","[0,3]",[],False,False,,1,,0.0,0,0,0.0,0,0,"Output is larger than input, often by fixed scale or tiling."
task105,105,fill_enclosed_regions,medium,adds_new_color_preserves_input|new_output_colors,3,1,262,266,same_shape_variable_size,266,0,0,0,11x13:71;12x13:58;13x13:52;10x13:42;9x13:22,11x13:71;12x13:58;13x13:52;10x13:42;9x13:22,01,012,2,"[0,1]","[0,1,2]",[2],False,False,"{""0"":0,""1"":1}",2137,,0.975691,219,9009,1.0,2137,2137,Same shape; input is mostly preserved while new fill or marking cells are added.
task106,106,expansion_tiling,medium,shape_expands,3,1,262,266,expands,0,266,0,0,3x3:134;2x2:132,6x6:134;4x4:132,123456789,123456789,,"[1,2,3,4,5,6,7,8,9]","[1,2,3,4,5,6,7,8,9]",[],False,False,,1,,0.0,0,0,0.0,0,0,"Output is larger than input, often by fixed scale or tiling."
task107,107,expansion_tiling,medium,shape_expands|new_output_colors,3,1,262,266,expands,0,266,0,0,5x5:266,20x20:103;25x25:67;15x15:61;10x10:18;30x30:17,013456789,0123456789,2,"[0,1,3,4,5,6,7,8,9]","[0,1,2,3,4,5,6,7,8,9]",[2],False,False,,1,,0.0,0,0,0.0,0,0,"Output is larger than input, often by fixed scale or tiling."
task108,108,expansion_tiling,medium,shape_expands,3,1,262,266,expands,0,266,0,0,10x10:266,20x20:266,0123456789,0123456789,,"[0,1,2,3,4,5,6,7,8,9]","[0,1,2,3,4,5,6,7,8,9]",[],False,False,,1,,0.0,0,0,0.0,0,0,"Output is larger than input, often by fixed scale or tiling."
task109,109,cropping_extraction,medium,shape_shrinks,3,1,262,266,shrinks,0,0,266,0,7x7:79;11x11:75;9x9:58;13x13:54,6x6:79;10x10:75;8x8:58;12x12:54,0123456789,0123456789,,"[0,1,2,3,4,5,6,7,8,9]","[0,1,2,3,4,5,6,7,8,9]",[],False,False,,1,,0.0,0,0,0.0,0,0,"Output is smaller than input, often selected object/subgrid."
task110,110,pattern_completion,low,mostly_preserves_input_adds_or_changes,3,1,262,266,same_shape_variable_size,266,0,0,0,29x29:266,29x29:266,0123456789,123456789,,"[0,1,2,3,4,5,6,7,8,9]","[1,2,3,4,5,6,7,8,9]",[],False,False,"{""0"":2,""1"":1,""2"":2,""3"":3,""4"":4,""5"":5,""6"":6,""7"":7,""8"":8,""9"":9}",11235,,0.972255,1400,50460,1.0,15426,15426,Output preserves input and adds missing pattern cells.
task111,111,cropping_extraction,medium,shape_shrinks,3,1,261,265,shrinks,0,0,265,0,10x10:265,3x3:265,0123456789,012346789,,"[0,1,2,3,4,5,6,7,8,9]","[0,1,2,3,4,6,7,8,9]",[],False,False,,1,,0.0,0,0,0.0,0,0,"Output is smaller than input, often selected object/subgrid."
task112,112,pattern_completion,low,mostly_preserves_input_adds_or_changes,3,1,262,266,same_shape_variable_size,266,0,0,0,27x22:4;18x15:4;15x21:3;20x15:3;25x12:3,27x22:4;18x15:4;15x21:3;20x15:3;25x12:3,023,023,,"[0,2,3]","[0,2,3]",[],False,False,"{""0"":0,""2"":2,""3"":3}",4275,,0.96174,918,23994,1.0,4275,4275,Output preserves input and adds missing pattern cells.
task113,113,pattern_completion,low,mostly_preserves_input_adds_or_changes,2,1,262,265,same_shape_variable_size,265,0,0,0,10x6:38;10x3:37;10x2:34;10x4:33;10x10:28,10x6:38;10x3:37;10x2:34;10x4:33;10x10:28,0123456789,0123456789,,"[0,1,2,3,4,5,6,7,8,9]","[0,1,2,3,4,5,6,7,8,9]",[],False,False,"{""0"":0,""1"":1,""2"":2,""3"":3,""4"":4,""5"":5,""6"":6,""7"":7,""8"":8,""9"":9}",4616,,0.697977,1045,3460,1.0,4616,4616,Output preserves input and adds missing pattern cells.
task114,114,expansion_tiling,medium,shape_expands,3,1,262,266,expands,0,266,0,0,3x2:73;2x3:65;3x3:65;2x2:63,5x4:73;4x5:65;5x5:65;4x4:63,012348,012348,,"[0,1,2,3,4,8]","[0,1,2,3,4,8]",[],False,False,,1,,0.0,0,0,0.0,0,0,"Output is larger than input, often by fixed scale or tiling."
task115,115,cropping_extraction,medium,shape_shrinks,3,1,262,266,shrinks,0,0,266,0,14x14:6;13x15:5;15x11:5;18x13:4;10x14:4,1x3:75;1x4:66;3x1:63;4x1:62,123456789,123456789,,"[1,2,3,4,5,6,7,8,9]","[1,2,3,4,5,6,7,8,9]",[],False,False,,1,,0.0,0,0,0.0,0,0,"Output is smaller than input, often selected object/subgrid."
task116,116,expansion_tiling,medium,shape_expands,4,1,262,267,expands,0,267,0,0,3x4:267,6x4:267,123456789,123456789,,"[1,2,3,4,5,6,7,8,9]","[1,2,3,4,5,6,7,8,9]",[],False,False,,1,,0.0,0,0,0.0,0,0,"Output is larger than input, often by fixed scale or tiling."
task117,117,pattern_completion,low,mostly_preserves_input_adds_or_changes,3,1,261,265,same_shape_variable_size,265,0,0,0,12x12:81;14x14:75;13x13:56;15x15:53,12x12:81;14x14:75;13x13:56;15x15:53,0123456789,0123456789,,"[0,1,2,3,4,5,6,7,8,9]","[0,1,2,3,4,5,6,7,8,9]",[],False,False,"{""0"":0,""1"":1,""2"":2,""3"":3,""4"":4,""5"":5,""6"":6,""7"":7,""8"":8,""9"":9}",4305,,0.892958,1175,10977,1.0,4305,4305,Output preserves input and adds missing pattern cells.
task118,118,pattern_completion,low,mostly_preserves_input_adds_or_changes|new_output_colors,4,1,262,267,same_shape_variable_size,267,0,0,0,15x14:7;18x15:6;11x10:6;19x21:6;22x20:6,15x14:7;18x15:6;11x10:6;19x21:6;22x20:6,025,0258,8,"[0,2,5]","[0,2,5,8]",[8],False,False,"{""0"":0,""2"":2,""5"":5}",2600,,0.985087,273,18306,0.944535,0,2600,Output preserves input and adds missing pattern cells.
task119,119,fill_enclosed_regions,medium,adds_new_color_preserves_input|new_output_colors,3,1,262,266,same_shape_variable_size,266,0,0,0,12x12:266,12x12:266,028,0238,3,"[0,2,8]","[0,2,3,8]",[3],False,False,"{""0"":0,""2"":2,""8"":8}",2534,,0.928935,614,8640,1.0,2534,2534,Same shape; input is mostly preserved while new fill or marking cells are added.
task120,120,same_shape_local_rule,medium,local_3x3_consistent|new_output_colors,3,1,262,266,same_shape_variable_size,266,0,0,0,15x13:28;14x12:24;12x14:23;12x12:23;14x14:20,15x13:28;14x12:24;12x14:23;12x12:23;14x14:20,0123,01238,8,"[0,1,2,3]","[0,1,2,3,8]",[8],False,False,"{""0"":0,""1"":1,""2"":2,""3"":3}",4929,,1.0,0,10374,0.693718,0,4929,Same shape; output appears explainable by local neighborhoods.
task121,121,cropping_extraction,medium,shape_shrinks,3,1,262,266,shrinks,0,0,266,0,13x13:266,3x3:266,0123456789,012345679,,"[0,1,2,3,4,5,6,7,8,9]","[0,1,2,3,4,5,6,7,9]",[],False,False,,1,,0.0,0,0,0.0,0,0,"Output is smaller than input, often selected object/subgrid."
task122,122,mask_object_selection,low,same_shape_nonlocal_changes,3,1,262,266,same_shape_variable_size,266,0,0,0,7x7:14;8x8:14;11x11:10;9x9:9;8x9:8,7x7:14;8x8:14;11x11:10;9x9:9;8x9:8,023,023,,"[0,2,3]","[0,2,3]",[],False,False,"{""0"":0,""2"":0,""3"":3}",2128,,0.95361,417,8989,0.666081,1330,2660,"Same shape; cells/objects are kept, removed, or highlighted."
task123,123,expansion_tiling,medium,shape_expands,3,1,261,265,expands,0,265,0,0,5x5:265,10x10:265,0123456789,123456789,,"[0,1,2,3,4,5,6,7,8,9]","[1,2,3,4,5,6,7,8,9]",[],False,False,,1,,0.0,0,0,0.0,0,0,"Output is larger than input, often by fixed scale or tiling."
task124,124,expansion_tiling,medium,shape_expands,3,2,262,267,expands,0,267,0,0,7x10:83;8x10:78;6x10:69;5x10:37,10x10:267,0123456789,0123456789,,"[0,1,2,3,4,5,6,7,8,9]","[0,1,2,3,4,5,6,7,8,9]",[],False,False,,1,,0.0,0,0,0.0,0,0,"Output is larger than input, often by fixed scale or tiling."
task125,125,mask_object_selection,low,same_shape_nonlocal_changes|new_output_colors,2,1,262,265,same_shape_variable_size,265,0,0,0,15x15:265,15x15:265,68,3468,34,"[6,8]","[3,4,6,8]","[3,4]",False,False,"{""6"":6,""8"":8}",18680,,0.98237,238,13500,0.686709,0,18680,"Same shape; cells/objects are kept, removed, or highlighted."
task126,126,fill_enclosed_regions,medium,adds_new_color_preserves_input|new_output_colors,3,1,262,266,same_shape_variable_size,266,0,0,0,7x10:9;8x14:7;10x17:6;10x14:6;5x5:5,7x10:9;8x14:7;10x17:6;10x14:6;5x5:5,012356789,0123456789,4,"[0,1,2,3,5,6,7,8,9]","[0,1,2,3,4,5,6,7,8,9]",[4],False,False,"{""0"":0,""1"":1,""2"":2,""3"":3,""5"":5,""6"":6,""7"":7,""8"":8,""9"":9}",770,,0.966438,186,5542,1.0,770,770,Same shape; input is mostly preserved while new fill or marking cells are added.
task127,127,same_shape_local_rule,medium,local_3x3_consistent|new_output_colors,4,1,262,267,same_shape_variable_size,267,0,0,0,7x11:202;3x11:65,7x11:202;3x11:65,012345,56789,6789,"[0,1,2,3,4,5]","[5,6,7,8,9]","[6,7,8,9]",False,False,"{""0"":6,""1"":6,""2"":7,""3"":8,""4"":9,""5"":5}",8496,,1.0,0,3520,0.781623,11256,12663,Same shape; output appears explainable by local neighborhoods.
task128,128,mask_object_selection,low,same_shape_nonlocal_changes,3,1,262,266,same_shape_variable_size,266,0,0,0,15x15:266,15x15:266,0124,0124,,"[0,1,2,4]","[0,1,2,4]",[],False,False,"{""0"":0,""1"":0,""2"":0,""4"":0}",7681,,0.906519,1262,13500,0.0,7681,15362,"Same shape; cells/objects are kept, removed, or highlighted."
task129,129,same_shape_local_rule,medium,local_3x3_consistent,3,1,261,265,same_shape_variable_size,265,0,0,0,3x3:265,3x3:265,0123456789,0123456789,,"[0,1,2,3,4,5,6,7,8,9]","[0,1,2,3,4,5,6,7,8,9]",[],False,False,"{""0"":4,""1"":9,""2"":1,""3"":4,""4"":4,""5"":1,""6"":4,""7"":8,""8"":4,""9"":9}",2024,,0.998148,1,540,0.328671,150,1590,Same shape; output appears explainable by local neighborhoods.
task130,130,cropping_extraction,medium,shape_shrinks,2,1,262,265,shrinks,0,0,265,0,9x9:265,3x3:265,0123456789,012346789,,"[0,1,2,3,4,5,6,7,8,9]","[0,1,2,3,4,6,7,8,9]",[],False,False,,1,,0.0,0,0,0.0,0,0,"Output is smaller than input, often selected object/subgrid."
task131,131,mask_object_selection,low,same_shape_nonlocal_changes|new_output_colors,3,1,262,266,same_shape_variable_size,266,0,0,0,5x16:27;18x5:26;4x18:25;16x5:24;4x17:24,5x16:27;18x5:26;4x18:25;16x5:24;4x17:24,023,0238,8,"[0,2,3]","[0,2,3,8]",[8],False,False,"{""0"":0,""2"":2,""3"":0}",3464,,0.434662,2639,4668,0.347864,3433,5692,"Same shape; cells/objects are kept, removed, or highlighted."
task132,132,pattern_completion,low,mostly_preserves_input_adds_or_changes,4,1,262,267,same_shape_variable_size,267,0,0,0,13x7:7;14x10:7;7x6:7;7x14:6;11x8:6,13x7:7;14x10:7;7x6:7;7x14:6;11x8:6,0123456789,0123456789,,"[0,1,2,3,4,5,6,7,8,9]","[0,1,2,3,4,5,6,7,8,9]",[],False,False,"{""0"":0,""1"":1,""2"":2,""3"":3,""4"":4,""5"":5,""6"":6,""7"":7,""8"":8,""9"":9}",8356,,0.702395,1988,6680,1.0,8356,8356,Output preserves input and adds missing pattern cells.
task133,133,pattern_completion,low,mostly_preserves_input_adds_or_changes,4,1,262,267,same_shape_variable_size,267,0,0,0,28x27:5;30x27:4;23x27:4;20x26:4;17x18:3,28x27:5;30x27:4;23x27:4;20x26:4;17x18:3,0123456789,0123456789,,"[0,1,2,3,4,5,6,7,8,9]","[0,1,2,3,4,5,6,7,8,9]",[],False,False,"{""0"":0,""1"":1,""2"":2,""3"":3,""4"":4,""5"":5,""6"":6,""7"":7,""8"":8,""9"":9}",4392,,0.960718,1265,32203,1.0,4392,4392,Output preserves input and adds missing pattern cells.
task134,134,cropping_extraction,medium,shape_shrinks,3,1,262,266,shrinks,0,0,266,0,28x24:7;21x20:7;28x26:6;20x22:6;28x22:6,3x3:266,0123456789,0123456789,,"[0,1,2,3,4,5,6,7,8,9]","[0,1,2,3,4,5,6,7,8,9]",[],False,False,,1,,0.0,0,0,0.0,0,0,"Output is smaller than input, often selected object/subgrid."
task135,135,cropping_extraction,medium,shape_shrinks,4,1,261,266,shrinks,0,0,266,0,9x9:266,3x3:266,0123456789,0123456789,,"[0,1,2,3,4,5,6,7,8,9]","[0,1,2,3,4,5,6,7,8,9]",[],False,False,,1,,0.0,0,0,0.0,0,0,"Output is smaller than input, often selected object/subgrid."
task136,136,pattern_completion,low,mostly_preserves_input_adds_or_changes,3,1,262,266,same_shape_variable_size,266,0,0,0,10x10:266,10x10:266,012,012,,"[0,1,2]","[0,1,2]",[],False,False,"{""0"":1,""1"":1,""2"":2}",23688,,0.308833,4147,6000,1.0,1542,1542,Output preserves input and adds missing pattern cells.
task137,137,pattern_completion,low,mostly_preserves_input_adds_or_changes,3,1,262,266,same_shape_variable_size,266,0,0,0,21x21:31;22x22:29;24x24:28;20x20:28;28x28:25,21x21:31;22x22:29;24x24:28;20x20:28;28x28:25,0123456789,0123456789,,"[0,1,2,3,4,5,6,7,8,9]","[0,1,2,3,4,5,6,7,8,9]",[],False,False,"{""0"":0,""1"":1,""2"":2,""3"":3,""4"":4,""5"":5,""6"":6,""7"":7,""8"":8,""9"":9}",47479,,0.7306,10054,37320,1.0,47479,47479,Output preserves input and adds missing pattern cells.
task138,138,cropping_extraction,medium,shape_shrinks,3,1,262,266,shrinks,0,0,266,0,19x19:11;15x15:10;11x11:10;20x19:10;23x22:9,8x8:11;10x10:9;8x7:7;7x7:7;8x9:6,0123456789,0123456789,,"[0,1,2,3,4,5,6,7,8,9]","[0,1,2,3,4,5,6,7,8,9]",[],False,False,,1,,0.0,0,0,0.0,0,0,"Output is smaller than input, often selected object/subgrid."
task139,139,fill_enclosed_regions,medium,adds_new_color_preserves_input|new_output_colors,2,1,262,265,same_shape_variable_size,265,0,0,0,9x9:265,9x9:265,04,047,7,"[0,4]","[0,4,7]",[7],False,False,"{""0"":0,""4"":4}",2332,,0.951029,238,4860,1.0,2332,2332,Same shape; input is mostly preserved while new fill or marking cells are added.
task140,140,geometric_transform,high,fixed_geometric_rot180,2,1,262,265,same_shape_variable_size,265,0,0,0,3x3:265,3x3:265,0123456789,0123456789,,"[0,1,2,3,4,5,6,7,8,9]","[0,1,2,3,4,5,6,7,8,9]",[],False,False,"{""0"":3,""1"":0,""2"":0,""3"":0,""4"":5,""5"":8,""6"":0,""7"":7,""8"":5,""9"":0}",1849,rot180,0.898148,55,540,0.195955,767,1920,Output matches a fixed rotate/flip/transpose/shift transform.
task141,141,pattern_completion,low,mostly_preserves_input_adds_or_changes,3,1,261,265,same_shape_variable_size,265,0,0,0,13x13:38;7x7:35;15x15:32;9x9:32;21x21:30,13x13:38;7x7:35;15x15:32;9x9:32;21x21:30,0123456789,0123456789,,"[0,1,2,3,4,5,6,7,8,9]","[0,1,2,3,4,5,6,7,8,9]",[],False,False,"{""0"":2,""1"":1,""2"":2,""3"":3,""4"":4,""5"":5,""6"":6,""7"":7,""8"":8,""9"":9}",49798,,0.053133,10336,10916,1.0,4372,4372,Output preserves input and adds missing pattern cells.
task142,142,expansion_tiling,medium,shape_expands,3,1,262,266,expands,0,266,0,0,3x3:266,6x6:266,0123,0123,,"[0,1,2,3]","[0,1,2,3]",[],False,False,,1,,0.0,0,0,0.0,0,0,"Output is larger than input, often by fixed scale or tiling."
task143,143,pattern_completion,low,mostly_preserves_input_adds_or_changes,3,1,262,266,same_shape_variable_size,266,0,0,0,10x10:266,10x10:266,0123456789,0123456789,,"[0,1,2,3,4,5,6,7,8,9]","[0,1,2,3,4,5,6,7,8,9]",[],False,False,"{""0"":0,""1"":1,""2"":2,""3"":3,""4"":4,""5"":5,""6"":5,""7"":7,""8"":8,""9"":5}",1689,,0.96,240,6000,0.857428,0,928,Output preserves input and adds missing pattern cells.
task144,144,cropping_extraction,medium,shape_shrinks|new_output_colors,4,1,262,267,shrinks,0,0,267,0,9x4:267,4x4:267,0247,03,3,"[0,2,4,7]","[0,3]",[3],False,False,,1,,0.0,0,0,0.0,0,0,"Output is smaller than input, often selected object/subgrid."
task145,145,fill_enclosed_regions,medium,adds_new_color_preserves_input|new_output_colors,4,1,262,267,same_shape_variable_size,267,0,0,0,18x14:7;11x10:7;18x16:6;10x12:6;18x12:6,18x14:7;11x10:7;18x16:6;10x12:6;18x12:6,02,0128,18,"[0,2]","[0,1,2,8]","[1,8]",False,False,"{""0"":8,""2"":2}",42333,,0.484994,6984,13561,1.0,29620,29620,Same shape; input is mostly preserved while new fill or marking cells are added.
task146,146,cropping_extraction,medium,shape_shrinks,4,1,262,267,shrinks,0,0,267,0,9x3:267,3x3:267,123456789,123456789,,"[1,2,3,4,5,6,7,8,9]","[1,2,3,4,5,6,7,8,9]",[],False,False,,1,,0.0,0,0,0.0,0,0,"Output is smaller than input, often selected object/subgrid."
task147,147,same_shape_local_rule,medium,local_3x3_consistent|new_output_colors,4,1,262,267,same_shape_variable_size,267,0,0,0,5x3:24;3x3:22;6x3:20;6x5:20;5x5:19,5x3:24;3x3:22;6x3:20;6x5:20;5x5:19,03,038,8,"[0,3]","[0,3,8]",[8],False,False,"{""0"":0,""3"":8}",308,,1.0,0,1239,0.114541,0,2381,Same shape; output appears explainable by local neighborhoods.
task148,148,mask_object_selection,low,same_shape_nonlocal_changes|new_output_colors,3,1,262,266,same_shape_variable_size,266,0,0,0,17x8:13;19x8:12;24x9:11;23x8:9;19x11:9,17x8:13;19x8:12;24x9:11;23x8:9;19x11:9,028,0248,4,"[0,2,8]","[0,2,4,8]",[4],False,False,"{""0"":0,""2"":2,""8"":4}",9615,,0.821701,2128,11935,0.781951,9615,10364,"Same shape; cells/objects are kept, removed, or highlighted."
task149,149,cropping_extraction,medium,shape_shrinks|new_output_colors,4,1,262,267,shrinks,0,0,267,0,11x11:267,3x3:267,068,01,1,"[0,6,8]","[0,1]",[1],False,False,,1,,0.0,0,0,0.0,0,0,"Output is smaller than input, often selected object/subgrid."
task150,150,geometric_transform,high,fixed_geometric_flip_h,3,1,262,266,same_shape_variable_size,266,0,0,0,3x3:47;7x7:41;4x4:39;8x8:39;5x5:38,3x3:47;7x7:41;4x4:39;8x8:39;5x5:38,1267,1267,,"[1,2,6,7]","[1,2,6,7]",[],False,False,"{""1"":6,""2"":6,""6"":2,""7"":2}",7867,flip_h,0.983908,35,2175,0.313169,0,6926,Output matches a fixed rotate/flip/transpose/shift transform.
task151,151,same_shape_local_rule,medium,local_3x3_consistent|new_output_colors,3,1,262,266,same_shape_variable_size,266,0,0,0,8x8:38;5x5:36;6x6:34;4x4:33;9x9:30,8x8:38;5x5:36;6x6:34;4x4:33;9x9:30,012356789,0123456789,4,"[0,1,2,3,5,6,7,8,9]","[0,1,2,3,4,5,6,7,8,9]",[4],False,False,"{""0"":4,""1"":1,""2"":4,""3"":4,""5"":5,""6"":6,""7"":7,""8"":8,""9"":9}",14380,,1.0,0,3971,0.724209,1064,2128,Same shape; output appears explainable by local neighborhoods.
task152,152,expansion_tiling,medium,shape_expands,4,1,262,267,expands,0,267,0,0,3x3:267,6x6:267,123456789,123456789,,"[1,2,3,4,5,6,7,8,9]","[1,2,3,4,5,6,7,8,9]",[],False,False,,1,,0.0,0,0,0.0,0,0,"Output is larger than input, often by fixed scale or tiling."
task153,153,cropping_extraction,medium,shape_shrinks,3,1,261,265,shrinks,0,0,265,0,10x10:265,3x3:265,0123456789,123456789,,"[0,1,2,3,4,5,6,7,8,9]","[1,2,3,4,5,6,7,8,9]",[],False,False,,1,,0.0,0,0,0.0,0,0,"Output is smaller than input, often selected object/subgrid."
task154,154,mask_object_selection,low,same_shape_nonlocal_changes,3,1,262,266,same_shape_variable_size,266,0,0,0,15x15:266,15x15:266,025,025,,"[0,2,5]","[0,2,5]",[],False,False,"{""0"":0,""2"":2,""5"":0}",3449,,0.943407,764,13500,0.551903,3449,6898,"Same shape; cells/objects are kept, removed, or highlighted."
task155,155,geometric_transform,high,fixed_geometric_flip_v|local_3x3_consistent,3,1,262,266,same_shape_variable_size,266,0,0,0,4x4:65;6x6:56;5x5:51;8x8:50;7x7:44,4x4:65;6x6:56;5x5:51;8x8:50;7x7:44,123478,123478,,"[1,2,3,4,7,8]","[1,2,3,4,7,8]",[],False,False,"{""1"":7,""2"":7,""3"":3,""4"":8,""7"":7,""8"":8}",7860,flip_v,0.997653,5,2130,0.21503,0,7604,Output matches a fixed rotate/flip/transpose/shift transform.
task156,156,mask_object_selection,low,same_shape_nonlocal_changes|new_output_colors,2,1,262,265,same_shape_variable_size,265,0,0,0,10x10:265,10x10:265,04,0124,12,"[0,4]","[0,1,2,4]","[1,2]",False,False,"{""0"":0,""4"":4}",3220,,0.908,552,6000,0.697539,0,3220,"Same shape; cells/objects are kept, removed, or highlighted."
task157,157,mask_object_selection,low,same_shape_nonlocal_changes|new_output_colors,2,1,262,265,same_shape_variable_size,265,0,0,0,10x15:265,10x15:265,025,012,1,"[0,2,5]","[0,1,2]",[1],False,False,"{""0"":1,""2"":2,""5"":0}",20967,,0.673889,2935,9000,0.662846,4736,9472,"Same shape; cells/objects are kept, removed, or highlighted."
task158,158,pattern_completion,low,mostly_preserves_input_adds_or_changes,3,1,262,266,same_shape_variable_size,266,0,0,0,26x25:19;25x24:17;22x23:15;24x23:15;21x22:13,26x25:19;25x24:17;22x23:15;24x23:15;21x22:13,123456789,123456789,,"[1,2,3,4,5,6,7,8,9]","[1,2,3,4,5,6,7,8,9]",[],False,False,"{""1"":1,""2"":2,""3"":3,""4"":4,""5"":5,""6"":6,""7"":7,""8"":8,""9"":9}",4987,,0.962867,1005,27065,0.959462,0,4987,Output preserves input and adds missing pattern cells.
task159,159,cropping_extraction,medium,shape_shrinks,3,1,261,265,shrinks,0,0,265,0,23x20:5;30x17:4;25x18:4;27x24:4;29x16:4,5x5:134;8x8:83;11x11:34;14x14:14,0123456789,0123456789,,"[0,1,2,3,4,5,6,7,8,9]","[0,1,2,3,4,5,6,7,8,9]",[],False,False,,1,,0.0,0,0,0.0,0,0,"Output is smaller than input, often selected object/subgrid."
task160,160,mask_object_selection,low,same_shape_nonlocal_changes|new_output_colors,2,1,262,265,same_shape_variable_size,265,0,0,0,10x10:265,10x10:265,01,012,2,"[0,1]","[0,1,2]",[2],False,False,"{""0"":0,""1"":0}",5360,,0.992333,46,6000,0.580006,334,3006,"Same shape; cells/objects are kept, removed, or highlighted."
task161,161,mask_object_selection,low,same_shape_nonlocal_changes,3,1,262,266,same_shape_variable_size,266,0,0,0,18x19:7;11x15:7;15x17:6;18x21:6;10x17:6,18x19:7;11x15:7;15x17:6;18x21:6;10x17:6,0123456789,0123456789,,"[0,1,2,3,4,5,6,7,8,9]","[0,1,2,3,4,5,6,7,8,9]",[],False,False,"{""0"":0,""1"":0,""2"":0,""3"":3,""4"":0,""5"":0,""6"":6,""7"":0,""8"":0,""9"":0}",10491,,0.858484,2563,18111,0.11939,7267,15115,"Same shape; cells/objects are kept, removed, or highlighted."
task162,162,fill_enclosed_regions,medium,adds_new_color_preserves_input|new_output_colors,3,1,262,266,same_shape_variable_size,266,0,0,0,20x20:266,20x20:266,023456789,0123456789,1,"[0,2,3,4,5,6,7,8,9]","[0,1,2,3,4,5,6,7,8,9]",[1],False,False,"{""0"":0,""2"":2,""3"":3,""4"":4,""5"":5,""6"":6,""7"":7,""8"":8,""9"":9}",4842,,0.987375,303,24000,1.0,4842,4842,Same shape; input is mostly preserved while new fill or marking cells are added.
task163,163,mask_object_selection,low,same_shape_nonlocal_changes,4,1,262,267,same_shape_variable_size,267,0,0,0,11x11:267,11x11:267,0123456789,0123456789,,"[0,1,2,3,4,5,6,7,8,9]","[0,1,2,3,4,5,6,7,8,9]",[],False,False,"{""0"":0,""1"":0,""2"":0,""3"":0,""4"":0,""5"":5,""6"":0,""7"":0,""8"":0,""9"":0}",879,,0.976309,172,7260,0.600736,567,7725,"Same shape; cells/objects are kept, removed, or highlighted."
task164,164,expansion_tiling,medium,shape_expands,4,1,262,267,expands,0,267,0,0,3x3:267,3x6:267,168,168,,"[1,6,8]","[1,6,8]",[],False,False,,1,,0.0,0,0,0.0,0,0,"Output is larger than input, often by fixed scale or tiling."
task165,165,pattern_completion,low,mostly_preserves_input_adds_or_changes,3,1,261,265,same_shape_variable_size,265,0,0,0,20x20:265,20x20:265,0123456789,0123456789,,"[0,1,2,3,4,5,6,7,8,9]","[0,1,2,3,4,5,6,7,8,9]",[],False,False,"{""0"":0,""1"":1,""2"":2,""3"":3,""4"":4,""5"":5,""6"":6,""7"":7,""8"":8,""9"":9}",6943,,0.93525,1554,24000,1.0,6943,6943,Output preserves input and adds missing pattern cells.
task166,166,fill_enclosed_regions,medium,adds_new_color_preserves_input|new_output_colors,3,1,262,266,same_shape_variable_size,266,0,0,0,10x10:17;11x11:14;9x11:11;8x10:11;11x9:11,10x10:17;11x11:14;9x11:11;8x10:11;11x9:11,08,028,2,"[0,8]","[0,2,8]",[2],False,False,"{""0"":0,""8"":8}",3514,,0.911241,548,6174,1.0,3514,3514,Same shape; input is mostly preserved while new fill or marking cells are added.
task167,167,mask_object_selection,low,same_shape_nonlocal_changes|new_output_colors,5,1,262,268,same_shape_variable_size,268,0,0,0,3x3:268,3x3:268,234,05,05,"[2,3,4]","[0,5]","[0,5]",False,False,"{""2"":5,""3"":0,""4"":0}",1042,,0.951852,26,540,0.0,0,2412,"Same shape; cells/objects are kept, removed, or highlighted."
task168,168,pattern_completion,low,mostly_preserves_input_adds_or_changes,2,1,262,265,same_shape_variable_size,265,0,0,0,10x10:265,10x10:265,0123456789,0123456789,,"[0,1,2,3,4,5,6,7,8,9]","[0,1,2,3,4,5,6,7,8,9]",[],False,False,"{""0"":0,""1"":1,""2"":2,""3"":3,""4"":4,""5"":5,""6"":6,""7"":7,""8"":8,""9"":9}",1200,,0.9535,279,6000,1.0,1200,1200,Output preserves input and adds missing pattern cells.
task169,169,mask_object_selection,low,same_shape_nonlocal_changes|new_output_colors,3,1,262,266,same_shape_variable_size,266,0,0,0,10x10:266,10x10:266,05,0123,123,"[0,5]","[0,1,2,3]","[1,2,3]",False,False,"{""0"":0,""5"":1}",2287,,0.956667,260,6000,0.0,0,3967,"Same shape; cells/objects are kept, removed, or highlighted."
task170,170,cropping_extraction,medium,shape_shrinks,3,1,262,266,shrinks,0,0,266,0,26x22:10;27x25:8;22x21:8;24x21:8;23x21:7,3x3:237;4x4:29,0123456789,0123456789,,"[0,1,2,3,4,5,6,7,8,9]","[0,1,2,3,4,5,6,7,8,9]",[],False,False,,1,,0.0,0,0,0.0,0,0,"Output is smaller than input, often selected object/subgrid."
task171,171,mask_object_selection,low,same_shape_nonlocal_changes|new_output_colors,4,1,49,54,same_shape_variable_size,54,0,0,0,3x3:2;4x3:2;5x4:2;5x6:2;7x6:2,3x3:2;4x3:2;5x4:2;5x6:2;7x6:2,0,08,8,[0],"[0,8]",[8],False,False,"{""0"":8}",825,,0.560469,825,1877,0.0,1052,1052,"Same shape; cells/objects are kept, removed, or highlighted."
task172,172,expansion_tiling,medium,shape_expands,4,1,262,267,expands,0,267,0,0,3x3:267,6x3:267,123456789,123456789,,"[1,2,3,4,5,6,7,8,9]","[1,2,3,4,5,6,7,8,9]",[],False,False,,1,,0.0,0,0,0.0,0,0,"Output is larger than input, often by fixed scale or tiling."
task173,173,pattern_completion,low,mostly_preserves_input_adds_or_changes,3,1,262,266,same_shape_variable_size,266,0,0,0,25x12:6;25x23:5;25x25:4;25x16:4;24x23:4,25x12:6;25x23:5;25x25:4;25x16:4;24x23:4,0123456789,0123456789,,"[0,1,2,3,4,5,6,7,8,9]","[0,1,2,3,4,5,6,7,8,9]",[],False,False,"{""0"":0,""1"":1,""2"":2,""3"":3,""4"":4,""5"":5,""6"":6,""7"":7,""8"":8,""9"":9}",896,,0.981623,382,20787,1.0,896,896,Output preserves input and adds missing pattern cells.
task174,174,cropping_extraction,medium,shape_shrinks,3,1,262,266,shrinks,0,0,266,0,10x10:266,2x3:42;2x5:34;2x2:31;3x4:30;2x4:28,0123456789,0123456789,,"[0,1,2,3,4,5,6,7,8,9]","[0,1,2,3,4,5,6,7,8,9]",[],False,False,,1,,0.0,0,0,0.0,0,0,"Output is smaller than input, often selected object/subgrid."
task175,175,pattern_completion,low,mostly_preserves_input_adds_or_changes,3,1,262,266,same_shape_variable_size,266,0,0,0,21x21:266,21x21:266,0123456789,123456789,,"[0,1,2,3,4,5,6,7,8,9]","[1,2,3,4,5,6,7,8,9]",[],False,False,"{""0"":1,""1"":1,""2"":2,""3"":3,""4"":4,""5"":5,""6"":6,""7"":7,""8"":8,""9"":9}",12096,,0.967649,856,26460,1.0,13432,13432,Output preserves input and adds missing pattern cells.
task176,176,fill_enclosed_regions,medium,adds_new_color_preserves_input|new_output_colors,3,1,21,25,same_shape_variable_size,25,0,0,0,3x10:2;3x15:2;3x18:2;3x25:2;3x22:1,3x10:2;3x15:2;3x18:2;3x25:2;3x22:1,02,024,4,"[0,2]","[0,2,4]",[4],False,False,"{""0"":0,""2"":2}",271,,0.793734,237,1149,1.0,271,271,Same shape; input is mostly preserved while new fill or marking cells are added.
task177,177,cropping_extraction,medium,shape_shrinks,3,1,261,265,shrinks,0,0,265,0,18x14:7;11x10:7;18x16:6;10x12:6;18x12:6,7x4:20;7x5:17;4x6:15;8x6:14;8x7:13,0123456789,123456789,,"[0,1,2,3,4,5,6,7,8,9]","[1,2,3,4,5,6,7,8,9]",[],False,False,,1,,0.0,0,0,0.0,0,0,"Output is smaller than input, often selected object/subgrid."
task178,178,cropping_extraction,medium,shape_shrinks,5,1,262,268,shrinks,0,0,268,0,7x1:9;10x3:7;3x9:7;1x6:7;6x1:7,1x5:53;4x1:51;3x1:49;1x4:41;5x1:38,123456789,123456789,,"[1,2,3,4,5,6,7,8,9]","[1,2,3,4,5,6,7,8,9]",[],False,False,,1,,0.0,0,0,0.0,0,0,"Output is smaller than input, often selected object/subgrid."
task179,179,geometric_transform,high,fixed_geometric_transpose|local_3x3_consistent,4,1,262,267,same_shape_variable_size,267,0,0,0,3x3:267,3x3:267,123456789,123456789,,"[1,2,3,4,5,6,7,8,9]","[1,2,3,4,5,6,7,8,9]",[],False,False,"{""1"":5,""2"":2,""3"":9,""4"":9,""5"":5,""6"":2,""7"":7,""8"":8,""9"":9}",1635,transpose,1.0,0,540,0.525593,0,1140,Output matches a fixed rotate/flip/transpose/shift transform.
task180,180,cropping_extraction,medium,shape_shrinks,5,1,262,268,shrinks,0,0,268,0,8x8:268,4x4:268,04569,04569,,"[0,4,5,6,9]","[0,4,5,6,9]",[],False,False,,1,,0.0,0,0,0.0,0,0,"Output is smaller than input, often selected object/subgrid."
task181,181,pattern_completion,low,mostly_preserves_input_adds_or_changes,3,1,262,266,same_shape_variable_size,266,0,0,0,6x9:266,6x9:266,048,048,,"[0,4,8]","[0,4,8]",[],False,False,"{""0"":8,""4"":4,""8"":8}",10536,,0.575617,1375,3240,1.0,1249,1249,Output preserves input and adds missing pattern cells.
task182,182,pattern_completion,low,mostly_preserves_input_adds_or_changes,4,1,262,267,same_shape_variable_size,267,0,0,0,20x20:267,20x20:267,01235,01235,,"[0,1,2,3,5]","[0,1,2,3,5]",[],False,False,"{""0"":0,""1"":1,""2"":2,""3"":3,""5"":5}",2516,,0.970875,699,24000,0.846464,0,2516,Output preserves input and adds missing pattern cells.
task183,183,cropping_extraction,medium,shape_shrinks,3,1,261,265,shrinks,0,0,265,0,6x6:95;10x10:88;8x8:82,2x2:95;6x6:88;4x4:82,0123456789,02345679,,"[0,1,2,3,4,5,6,7,8,9]","[0,2,3,4,5,6,7,9]",[],False,False,,1,,0.0,0,0,0.0,0,0,"Output is smaller than input, often selected object/subgrid."
task184,184,cropping_extraction,medium,shape_shrinks,3,1,262,266,shrinks,0,0,266,0,25x31:3;26x29:3;21x22:3;14x17:3;26x23:3,3x2:73;2x2:65;3x3:65;2x3:63,0123456789,123456789,,"[0,1,2,3,4,5,6,7,8,9]","[1,2,3,4,5,6,7,8,9]",[],False,False,,1,,0.0,0,0,0.0,0,0,"Output is smaller than input, often selected object/subgrid."
task185,185,cropping_extraction,medium,shape_shrinks,4,1,262,267,shrinks,0,0,267,0,29x29:184;27x27:83,3x3:267,0123456789,0123456789,,"[0,1,2,3,4,5,6,7,8,9]","[0,1,2,3,4,5,6,7,8,9]",[],False,False,,1,,0.0,0,0,0.0,0,0,"Output is smaller than input, often selected object/subgrid."
task186,186,mask_object_selection,low,same_shape_nonlocal_changes|new_output_colors,10,2,255,267,same_shape_variable_size,267,0,0,0,3x3:267,3x3:267,01,02,2,"[0,1]","[0,2]",[2],False,False,"{""0"":2,""1"":0}",1341,,0.796296,110,540,0.0,531,1400,"Same shape; cells/objects are kept, removed, or highlighted."
task187,187,fill_enclosed_regions,medium,adds_new_color_preserves_input|new_output_colors,3,1,262,266,same_shape_variable_size,266,0,0,0,23x21:16;20x23:11;25x24:11;24x20:11;20x20:10,23x21:16;20x23:11;25x24:11;24x20:11;20x20:10,01456789,123456789,23,"[0,1,4,5,6,7,8,9]","[1,2,3,4,5,6,7,8,9]","[2,3]",False,False,"{""0"":3,""1"":1,""4"":4,""5"":5,""6"":6,""7"":7,""8"":8,""9"":9}",14534,,0.87337,3885,30680,1.0,113973,113973,Same shape; input is mostly preserved while new fill or marking cells are added.
task188,188,cropping_extraction,medium,shape_shrinks,3,1,262,266,shrinks,0,0,266,0,4x4:27;8x3:22;6x2:20;2x8:19;8x2:17,4x3:39;3x2:36;4x2:32;2x4:31;3x4:29,123456789,123456789,,"[1,2,3,4,5,6,7,8,9]","[1,2,3,4,5,6,7,8,9]",[],False,False,,1,,0.0,0,0,0.0,0,0,"Output is smaller than input, often selected object/subgrid."
task189,189,cropping_extraction,medium,shape_shrinks,3,1,262,266,shrinks,0,0,266,0,9x9:266,6x6:266,0123456789,01245679,,"[0,1,2,3,4,5,6,7,8,9]","[0,1,2,4,5,6,7,9]",[],False,False,,1,,0.0,0,0,0.0,0,0,"Output is smaller than input, often selected object/subgrid."
task190,190,pattern_completion,low,mostly_preserves_input_adds_or_changes,3,1,262,266,same_shape_variable_size,266,0,0,0,10x10:266,10x10:266,0123456789,0123456789,,"[0,1,2,3,4,5,6,7,8,9]","[0,1,2,3,4,5,6,7,8,9]",[],False,False,"{""0"":0,""1"":1,""2"":2,""3"":3,""4"":4,""5"":5,""6"":6,""7"":7,""8"":8,""9"":9}",1142,,0.9465,321,6000,1.0,1142,1142,Output preserves input and adds missing pattern cells.
task191,191,pattern_completion,low,mostly_preserves_input_adds_or_changes,4,1,262,267,same_shape_variable_size,267,0,0,0,23x23:267,23x23:267,014,014,,"[0,1,4]","[0,1,4]",[],False,False,"{""0"":0,""1"":1,""4"":4}",10689,,0.926623,2329,31740,1.0,10689,10689,Output preserves input and adds missing pattern cells.
task192,192,same_shape_local_rule,medium,local_3x3_consistent,2,1,262,265,same_shape_variable_size,265,0,0,0,20x20:26;20x19:22;18x20:17;19x20:17;19x19:16,20x20:26;20x19:22;18x20:17;19x20:17;19x19:16,0123456789,0123456789,,"[0,1,2,3,4,5,6,7,8,9]","[0,1,2,3,4,5,6,7,8,9]",[],False,False,"{""0"":0,""1"":0,""2"":2,""3"":3,""4"":5,""5"":5,""6"":0,""7"":0,""8"":0,""9"":9}",16569,,1.0,0,18892,0.871459,0,3852,Same shape; output appears explainable by local neighborhoods.
task193,193,same_shape_local_rule,medium,local_3x3_consistent,3,1,262,266,same_shape_variable_size,266,0,0,0,8x8:25;9x9:25;18x18:22;7x7:21;15x15:20,8x8:25;9x9:25;18x18:22;7x7:21;15x15:20,0123456789,0123456789,,"[0,1,2,3,4,5,6,7,8,9]","[0,1,2,3,4,5,6,7,8,9]",[],False,False,"{""0"":0,""1"":0,""2"":0,""3"":0,""4"":4,""5"":0,""6"":0,""7"":0,""8"":0,""9"":9}",7278,,1.0,0,10915,0.829846,0,1797,Same shape; output appears explainable by local neighborhoods.
task194,194,expansion_tiling,medium,shape_expands,3,1,262,266,expands,0,266,0,0,3x3:266,6x6:266,0123456789,0123456789,,"[0,1,2,3,4,5,6,7,8,9]","[0,1,2,3,4,5,6,7,8,9]",[],False,False,,1,,0.0,0,0,0.0,0,0,"Output is larger than input, often by fixed scale or tiling."
task195,195,cropping_extraction,medium,shape_shrinks,3,1,261,265,shrinks,0,0,265,0,15x17:92;17x19:90;16x18:83,9x9:265,05,05,,"[0,5]","[0,5]",[],False,False,,1,,0.0,0,0,0.0,0,0,"Output is smaller than input, often selected object/subgrid."
task196,196,mask_object_selection,low,same_shape_nonlocal_changes|new_output_colors,3,1,262,266,same_shape_variable_size,266,0,0,0,9x9:95;15x15:89;12x12:82,9x9:95;15x15:89;12x12:82,01,013,3,"[0,1]","[0,1,3]",[3],False,False,"{""0"":0,""1"":1}",3546,,0.95513,401,8937,0.503709,0,3546,"Same shape; cells/objects are kept, removed, or highlighted."
task197,197,pattern_completion,low,mostly_preserves_input_adds_or_changes,4,1,262,267,same_shape_variable_size,267,0,0,0,10x8:36;14x10:32;6x8:30;14x8:28;12x8:26,10x8:36;14x10:32;6x8:30;14x8:28;12x8:26,0123456789,0123456789,,"[0,1,2,3,4,5,6,7,8,9]","[0,1,2,3,4,5,6,7,8,9]",[],False,False,"{""0"":0,""1"":1,""2"":2,""3"":3,""4"":4,""5"":5,""6"":6,""7"":7,""8"":8,""9"":9}",4045,,0.837979,930,5740,1.0,4045,4045,Output preserves input and adds missing pattern cells.
task198,198,fill_enclosed_regions,medium,adds_new_color_preserves_input|new_output_colors,3,1,262,266,same_shape_variable_size,266,0,0,0,29x29:66;23x23:64;19x19:51;27x27:33;17x17:31,29x29:66;23x23:64;19x19:51;27x27:33;17x17:31,01256789,123456789,34,"[0,1,2,5,6,7,8,9]","[1,2,3,4,5,6,7,8,9]","[3,4]",False,False,"{""0"":3,""1"":1,""2"":2,""5"":5,""6"":6,""7"":7,""8"":8,""9"":9}",71533,,0.652778,12125,34920,1.0,108291,108291,Same shape; input is mostly preserved while new fill or marking cells are added.
task199,199,mask_object_selection,low,same_shape_nonlocal_changes|new_output_colors,3,1,262,266,same_shape_variable_size,266,0,0,0,5x5:27;4x4:25;14x14:24;12x12:23;7x7:23,5x5:27;4x4:25;14x14:24;12x12:23;7x7:23,012356789,0123456789,4,"[0,1,2,3,5,6,7,8,9]","[0,1,2,3,4,5,6,7,8,9]",[4],False,False,"{""0"":0,""1"":4,""2"":4,""3"":4,""5"":4,""6"":4,""7"":4,""8"":4,""9"":4}",6594,,0.77002,1143,4970,0.0,6594,6860,"Same shape; cells/objects are kept, removed, or highlighted."
task200,200,fill_enclosed_regions,medium,adds_new_color_preserves_input|new_output_colors,3,1,80,84,same_shape_variable_size,84,0,0,0,10x10:84,10x10:84,012346789,0123456789,5,"[0,1,2,3,4,6,7,8,9]","[0,1,2,3,4,5,6,7,8,9]",[5],False,False,"{""0"":0,""1"":1,""2"":2,""3"":3,""4"":4,""6"":6,""7"":7,""8"":8,""9"":9}",2679,,0.665333,2008,6000,1.0,2679,2679,Same shape; input is mostly preserved while new fill or marking cells are added.
task201,201,cropping_extraction,medium,shape_shrinks,4,1,261,266,shrinks,0,0,266,0,13x13:266,6x8:53;5x6:50;4x6:44;6x6:44;5x8:39,0123456789,0123456789,,"[0,1,2,3,4,5,6,7,8,9]","[0,1,2,3,4,5,6,7,8,9]",[],False,False,,1,,0.0,0,0,0.0,0,0,"Output is smaller than input, often selected object/subgrid."
task202,202,pattern_completion,low,mostly_preserves_input_adds_or_changes,4,1,262,267,same_shape_variable_size,267,0,0,0,19x14:4;20x18:4;17x20:4;14x15:3;10x35:3,19x14:4;20x18:4;17x20:4;14x15:3;10x35:3,0123456789,0123456789,,"[0,1,2,3,4,5,6,7,8,9]","[0,1,2,3,4,5,6,7,8,9]",[],False,False,"{""0"":0,""1"":1,""2"":2,""3"":3,""4"":4,""5"":5,""6"":6,""7"":7,""8"":8,""9"":0}",11426,,0.936679,1176,18572,0.941863,0,4637,Output preserves input and adds missing pattern cells.
task203,203,mask_object_selection,low,same_shape_nonlocal_changes,4,1,262,267,same_shape_variable_size,267,0,0,0,6x6:44;16x16:42;14x14:41;10x10:39;8x8:38,6x6:44;16x16:42;14x14:41;10x10:39;8x8:38,123456789,123456789,,"[1,2,3,4,5,6,7,8,9]","[1,2,3,4,5,6,7,8,9]",[],False,False,"{""1"":3,""2"":5,""3"":1,""4"":8,""5"":2,""6"":2,""7"":3,""8"":4,""9"":1}",36712,,0.803743,1720,8764,0.086372,0,37784,"Same shape; cells/objects are kept, removed, or highlighted."
task204,204,fill_enclosed_regions,medium,adds_new_color_preserves_input|new_output_colors,5,1,262,268,same_shape_variable_size,268,0,0,0,11x11:32;10x10:30;12x12:29;14x14:28;20x20:24,11x11:32;10x10:30;12x12:29;14x14:28;20x20:24,01,0127,27,"[0,1]","[0,1,2,7]","[2,7]",False,False,"{""0"":0,""1"":1}",6016,,0.91588,1158,13766,1.0,6016,6016,Same shape; input is mostly preserved while new fill or marking cells are added.
task205,205,cropping_extraction,medium,shape_shrinks,3,1,262,266,shrinks,0,0,266,0,23x20:5;30x17:4;25x18:4;27x24:4;29x16:4,9x6:20;7x9:19;8x10:16;7x7:14;10x9:13,0123456789,0123456789,,"[0,1,2,3,4,5,6,7,8,9]","[0,1,2,3,4,5,6,7,8,9]",[],False,False,,1,,0.0,0,0,0.0,0,0,"Output is smaller than input, often selected object/subgrid."
task206,206,pattern_completion,low,mostly_preserves_input_adds_or_changes,3,1,262,266,same_shape_variable_size,266,0,0,0,12x9:13;11x8:12;11x9:11;9x8:11;8x7:10,12x9:13;11x8:12;11x9:11;9x8:11;8x7:10,012356,01236,,"[0,1,2,3,5,6]","[0,1,2,3,6]",[],False,False,"{""0"":0,""1"":1,""2"":2,""3"":3,""5"":2,""6"":6}",1301,,0.935101,350,5393,0.838298,1113,1379,Output preserves input and adds missing pattern cells.
task207,207,cropping_extraction,medium,shape_shrinks,3,1,261,265,shrinks,0,0,265,0,5x5:265,2x2:265,0123456789,0123456789,,"[0,1,2,3,4,5,6,7,8,9]","[0,1,2,3,4,5,6,7,8,9]",[],False,False,,1,,0.0,0,0,0.0,0,0,"Output is smaller than input, often selected object/subgrid."
task208,208,pattern_completion,low,mostly_preserves_input_adds_or_changes,3,1,262,266,same_shape_variable_size,266,0,0,0,21x21:266,21x21:266,0123456789,0123456789,,"[0,1,2,3,4,5,6,7,8,9]","[0,1,2,3,4,5,6,7,8,9]",[],False,False,"{""0"":0,""1"":1,""2"":2,""3"":3,""4"":4,""5"":5,""6"":6,""7"":7,""8"":8,""9"":9}",4836,,0.994444,147,26460,0.956597,509,4836,Output preserves input and adds missing pattern cells.
task209,209,cropping_extraction,medium,shape_shrinks,3,1,262,266,shrinks,0,0,266,0,20x17:12;17x19:12;17x17:11;19x16:11;15x15:10,11x15:10;10x15:9;10x16:8;12x12:8;11x14:7,012348,012348,,"[0,1,2,3,4,8]","[0,1,2,3,4,8]",[],False,False,,1,,0.0,0,0,0.0,0,0,"Output is smaller than input, often selected object/subgrid."
task210,210,expansion_tiling,medium,shape_expands,3,1,262,266,expands,0,266,0,0,3x3:266,6x3:266,01,01,,"[0,1]","[0,1]",[],False,False,,1,,0.0,0,0,0.0,0,0,"Output is larger than input, often by fixed scale or tiling."
task211,211,expansion_tiling,medium,shape_expands,3,1,262,266,expands,0,266,0,0,3x2:266,9x4:266,0123456789,0123456789,,"[0,1,2,3,4,5,6,7,8,9]","[0,1,2,3,4,5,6,7,8,9]",[],False,False,,1,,0.0,0,0,0.0,0,0,"Output is larger than input, often by fixed scale or tiling."
task212,212,pattern_completion,low,mostly_preserves_input_adds_or_changes,2,1,262,265,same_shape_variable_size,265,0,0,0,10x10:265,10x10:265,0125,0125,,"[0,1,2,5]","[0,1,2,5]",[],False,False,"{""0"":0,""1"":1,""2"":2,""5"":5}",4731,,0.804833,1171,6000,1.0,4731,4731,Output preserves input and adds missing pattern cells.
task213,213,cropping_extraction,medium,shape_shrinks,3,1,261,265,shrinks,0,0,265,0,20x20:12;11x11:9;9x9:9;21x21:8;18x20:8,5x5:60;4x4:55;6x6:51;3x3:50;7x7:49,0123456789,12346789,,"[0,1,2,3,4,5,6,7,8,9]","[1,2,3,4,6,7,8,9]",[],False,False,,1,,0.0,0,0,0.0,0,0,"Output is smaller than input, often selected object/subgrid."
task214,214,pattern_completion,low,mostly_preserves_input_adds_or_changes,3,1,262,266,same_shape_variable_size,266,0,0,0,3x11:266,3x11:266,0123456789,123456789,,"[0,1,2,3,4,5,6,7,8,9]","[1,2,3,4,5,6,7,8,9]",[],False,False,"{""0"":4,""1"":1,""2"":2,""3"":3,""4"":4,""5"":5,""6"":6,""7"":7,""8"":8,""9"":9}",4246,,0.522727,945,1980,1.0,4788,4788,Output preserves input and adds missing pattern cells.
task215,215,pattern_completion,low,mostly_preserves_input_adds_or_changes,2,1,262,265,same_shape_variable_size,265,0,0,0,10x12:7;18x14:7;11x10:7;15x19:6;18x16:6,10x12:7;18x14:7;11x10:7;15x19:6;18x16:6,0123456789,0123456789,,"[0,1,2,3,4,5,6,7,8,9]","[0,1,2,3,4,5,6,7,8,9]",[],False,False,"{""0"":0,""1"":1,""2"":2,""3"":3,""4"":4,""5"":5,""6"":6,""7"":7,""8"":8,""9"":9}",23884,,0.601198,5395,13528,1.0,23884,23884,Output preserves input and adds missing pattern cells.
task216,216,cropping_extraction,medium,shape_shrinks,3,1,262,266,shrinks,0,0,266,0,20x20:266,5x16:8;6x10:7;7x8:6;5x12:6;8x4:6,012,12,,"[0,1,2]","[1,2]",[],False,False,,1,,0.0,0,0,0.0,0,0,"Output is smaller than input, often selected object/subgrid."
task217,217,pattern_completion,low,mostly_preserves_input_adds_or_changes,3,1,262,266,same_shape_variable_size,266,0,0,0,9x9:266,9x9:266,0123456789,0123456789,,"[0,1,2,3,4,5,6,7,8,9]","[0,1,2,3,4,5,6,7,8,9]",[],False,False,"{""0"":0,""1"":1,""2"":2,""3"":3,""4"":4,""5"":5,""6"":6,""7"":7,""8"":8,""9"":9}",3868,,0.199588,3890,4860,1.0,3868,3868,Output preserves input and adds missing pattern cells.
task218,218,cropping_extraction,medium,shape_shrinks,3,1,262,266,shrinks,0,0,266,0,21x21:266,3x2:73;3x3:66;2x2:65;2x3:62,0123456789,123456789,,"[0,1,2,3,4,5,6,7,8,9]","[1,2,3,4,5,6,7,8,9]",[],False,False,,1,,0.0,0,0,0.0,0,0,"Output is smaller than input, often selected object/subgrid."
task219,219,fill_enclosed_regions,medium,adds_new_color_preserves_input|new_output_colors,3,1,261,265,same_shape_variable_size,265,0,0,0,15x10:265,15x10:265,08,018,1,"[0,8]","[0,1,8]",[1],False,False,"{""0"":0,""8"":8}",4711,,0.875778,1118,9000,1.0,4711,4711,Same shape; input is mostly preserved while new fill or marking cells are added.
task220,220,fill_enclosed_regions,medium,adds_new_color_preserves_input|local_3x3_consistent|new_output_colors,4,1,262,267,same_shape_variable_size,267,0,0,0,15x15:37;14x14:36;13x13:31;12x12:29;11x11:29,15x15:37;14x14:36;13x13:31;12x12:29;11x11:29,0238,0123468,146,"[0,2,3,8]","[0,1,2,3,4,6,8]","[1,4,6]",False,False,"{""0"":0,""2"":2,""3"":3,""8"":8}",4248,,1.0,0,9055,1.0,4248,4248,Same shape; input is mostly preserved while new fill or marking cells are added.
task221,221,expansion_tiling,medium,shape_expands,4,1,262,267,expands,0,267,0,0,3x3:267,15x15:59;21x21:56;9x9:55;18x18:51;12x12:46,0123456789,0123456789,,"[0,1,2,3,4,5,6,7,8,9]","[0,1,2,3,4,5,6,7,8,9]",[],False,False,,1,,0.0,0,0,0.0,0,0,"Output is larger than input, often by fixed scale or tiling."
task222,222,same_shape_local_rule,medium,local_3x3_consistent,3,1,262,266,same_shape_variable_size,266,0,0,0,16x16:266,16x16:266,0123456789,0123456789,,"[0,1,2,3,4,5,6,7,8,9]","[0,1,2,3,4,5,6,7,8,9]",[],False,False,"{""0"":0,""1"":0,""2"":0,""3"":0,""4"":0,""5"":0,""6"":0,""7"":0,""8"":0,""9"":0}",3513,,1.0,0,15360,0.099002,0,31971,Same shape; output appears explainable by local neighborhoods.
task223,223,expansion_tiling,medium,shape_expands,2,1,262,265,expands,0,265,0,0,3x3:265,9x9:265,0123456789,0123456789,,"[0,1,2,3,4,5,6,7,8,9]","[0,1,2,3,4,5,6,7,8,9]",[],False,False,,1,,0.0,0,0,0.0,0,0,"Output is larger than input, often by fixed scale or tiling."
task224,224,pattern_completion,low,mostly_preserves_input_adds_or_changes,3,1,262,266,same_shape_variable_size,266,0,0,0,14x13:22;14x15:21;13x13:17;13x12:16;15x14:13,14x13:22;14x15:21;13x13:17;13x12:16;15x14:13,0123456789,0123456789,,"[0,1,2,3,4,5,6,7,8,9]","[0,1,2,3,4,5,6,7,8,9]",[],False,False,"{""0"":0,""1"":1,""2"":2,""3"":3,""4"":4,""5"":5,""6"":6,""7"":7,""8"":8,""9"":9}",9008,,0.791094,2280,10914,1.0,9008,9008,Output preserves input and adds missing pattern cells.
task225,225,pattern_completion,low,mostly_preserves_input_adds_or_changes,3,1,261,265,same_shape_variable_size,265,0,0,0,6x6:265,6x6:265,0123456789,0123456789,,"[0,1,2,3,4,5,6,7,8,9]","[0,1,2,3,4,5,6,7,8,9]",[],False,False,"{""0"":8,""1"":1,""2"":2,""3"":3,""4"":4,""5"":5,""6"":6,""7"":7,""8"":8,""9"":9}",8162,,0.38287,1333,2160,1.0,2914,2914,Output preserves input and adds missing pattern cells.
task226,226,fill_enclosed_regions,medium,adds_new_color_preserves_input|new_output_colors,3,1,129,133,same_shape_variable_size,133,0,0,0,10x10:133,10x10:133,05,01235,123,"[0,5]","[0,1,2,3,5]","[1,2,3]",False,False,"{""0"":1,""5"":5}",6212,,0.733833,1597,6000,1.0,1612,1612,Same shape; input is mostly preserved while new fill or marking cells are added.
task227,227,cropping_extraction,medium,shape_shrinks|new_output_colors,4,1,262,267,shrinks,0,0,267,0,8x4:267,4x4:267,013,02,2,"[0,1,3]","[0,2]",[2],False,False,,1,,0.0,0,0,0.0,0,0,"Output is smaller than input, often selected object/subgrid."
task228,228,pattern_completion,low,mostly_preserves_input_adds_or_changes,3,1,262,266,same_shape_variable_size,266,0,0,0,10x10:266,10x10:266,0123456789,0123456789,,"[0,1,2,3,4,5,6,7,8,9]","[0,1,2,3,4,5,6,7,8,9]",[],False,False,"{""0"":0,""1"":1,""2"":0,""3"":0,""4"":0,""5"":0,""6"":0,""7"":7,""8"":8,""9"":0}",4230,,0.9645,213,6000,0.800898,1064,2128,Output preserves input and adds missing pattern cells.
task229,229,mask_object_selection,low,same_shape_nonlocal_changes|new_output_colors,4,1,262,267,same_shape_variable_size,267,0,0,0,3x3:267,3x3:267,12346789,123456789,5,"[1,2,3,4,6,7,8,9]","[1,2,3,4,5,6,7,8,9]",[5],False,False,"{""1"":5,""2"":2,""3"":5,""4"":4,""6"":5,""7"":5,""8"":5,""9"":5}",1212,,0.992593,4,540,0.529754,0,1130,"Same shape; cells/objects are kept, removed, or highlighted."
task230,230,fill_enclosed_regions,medium,adds_new_color_preserves_input|local_3x3_consistent|new_output_colors,3,1,262,266,same_shape_variable_size,266,0,0,0,15x15:149;10x10:117,15x15:149;10x10:117,05,012345,1234,"[0,5]","[0,1,2,3,4,5]","[1,2,3,4]",False,False,"{""0"":0,""5"":5}",3392,,1.0,0,10250,1.0,3392,3392,Same shape; input is mostly preserved while new fill or marking cells are added.
task231,231,expansion_tiling,medium,shape_expands,3,1,262,266,expands,0,266,0,0,5x6:63;5x8:56;5x10:53;5x7:51;5x9:43,5x12:63;5x16:56;5x20:53;5x14:51;5x18:43,0123456789,0123456789,,"[0,1,2,3,4,5,6,7,8,9]","[0,1,2,3,4,5,6,7,8,9]",[],False,False,,1,,0.0,0,0,0.0,0,0,"Output is larger than input, often by fixed scale or tiling."
task232,232,fill_enclosed_regions,medium,adds_new_color_preserves_input|new_output_colors,3,1,262,266,same_shape_variable_size,266,0,0,0,12x8:9;14x8:8;8x11:8;7x9:8;12x11:8,12x8:9;14x8:8;8x11:8;7x9:8;12x11:8,012346789,0123456789,5,"[0,1,2,3,4,6,7,8,9]","[0,1,2,3,4,5,6,7,8,9]",[5],False,False,"{""0"":0,""1"":1,""2"":2,""3"":3,""4"":4,""6"":6,""7"":7,""8"":8,""9"":9}",4641,,0.8753,830,6656,1.0,4641,4641,Same shape; input is mostly preserved while new fill or marking cells are added.
task233,233,cropping_extraction,medium,shape_shrinks,3,1,262,266,shrinks,0,0,266,0,21x23:7;24x19:5;24x22:5;27x25:4;23x25:4,8x16:5;19x17:5;20x17:5;18x15:5;12x17:5,0123456789,123456789,,"[0,1,2,3,4,5,6,7,8,9]","[1,2,3,4,5,6,7,8,9]",[],False,False,,1,,0.0,0,0,0.0,0,0,"Output is smaller than input, often selected object/subgrid."
task234,234,mask_object_selection,low,same_shape_nonlocal_changes,3,1,262,266,same_shape_variable_size,266,0,0,0,20x16:11;15x20:7;16x17:7;18x16:7;17x16:7,20x16:11;15x20:7;16x17:7;18x16:7;17x16:7,0123456789,0123456789,,"[0,1,2,3,4,5,6,7,8,9]","[0,1,2,3,4,5,6,7,8,9]",[],False,False,"{""0"":0,""1"":1,""2"":2,""3"":3,""4"":4,""5"":5,""6"":6,""7"":7,""8"":8,""9"":9}",8367,,0.863823,2251,16530,0.701057,3673,8367,"Same shape; cells/objects are kept, removed, or highlighted."
task235,235,cropping_extraction,medium,shape_shrinks|new_output_colors,4,1,64,69,shrinks,0,0,69,0,4x14:69,3x3:69,05,2348,2348,"[0,5]","[2,3,4,8]","[2,3,4,8]",False,False,,1,,0.0,0,0,0.0,0,0,"Output is smaller than input, often selected object/subgrid."
task236,236,cropping_extraction,medium,shape_shrinks|new_output_colors,4,1,262,267,shrinks,0,0,267,0,9x4:267,4x4:267,0124,03,3,"[0,1,2,4]","[0,3]",[3],False,False,,1,,0.0,0,0,0.0,0,0,"Output is smaller than input, often selected object/subgrid."
task237,237,pattern_completion,low,mostly_preserves_input_adds_or_changes,4,1,261,266,same_shape_variable_size,266,0,0,0,7x4:11;8x5:10;5x7:9;3x3:8;6x3:8,7x4:11;8x5:10;5x7:9;3x3:8;6x3:8,0123456789,0123456789,,"[0,1,2,3,4,5,6,7,8,9]","[0,1,2,3,4,5,6,7,8,9]",[],False,False,"{""0"":0,""1"":1,""2"":2,""3"":3,""4"":4,""5"":5,""6"":6,""7"":7,""8"":8,""9"":9}",2543,,0.787266,421,1979,1.0,2543,2543,Output preserves input and adds missing pattern cells.
task238,238,cropping_extraction,medium,shape_shrinks,3,1,262,266,shrinks,0,0,266,0,16x15:38;15x14:35;14x16:32;16x14:32;15x16:30,6x6:98;5x5:85;7x7:83,0123456789,0123456789,,"[0,1,2,3,4,5,6,7,8,9]","[0,1,2,3,4,5,6,7,8,9]",[],False,False,,1,,0.0,0,0,0.0,0,0,"Output is smaller than input, often selected object/subgrid."
task239,239,composite_or_unknown,low,mixed_shape_relation|new_output_colors,4,1,262,267,mixed_shape_change,0,76,0,191,4x3:73;3x3:66;4x4:65;3x4:63,6x3:46;8x2:33;6x2:21;8x3:21;9x2:19,123456789,0123456789,0,"[1,2,3,4,5,6,7,8,9]","[0,1,2,3,4,5,6,7,8,9]",[0],False,False,,1,,0.0,0,0,0.0,0,0,No simple family detected or multiple families likely apply.
task240,240,pattern_completion,low,mostly_preserves_input_adds_or_changes,3,1,262,266,same_shape_variable_size,266,0,0,0,19x19:266,19x19:266,0123456789,0123456789,,"[0,1,2,3,4,5,6,7,8,9]","[0,1,2,3,4,5,6,7,8,9]",[],False,False,"{""0"":0,""1"":1,""2"":2,""3"":3,""4"":4,""5"":5,""6"":6,""7"":7,""8"":8,""9"":9}",6838,,0.926777,1586,21660,1.0,6838,6838,Output preserves input and adds missing pattern cells.
task241,241,geometric_transform,high,fixed_geometric_transpose,3,1,262,266,same_shape_variable_size,266,0,0,0,7x7:43;5x5:42;8x8:42;4x4:39;6x6:35,7x7:43;5x5:42;8x8:42;4x4:39;6x6:35,0123456789,0123456789,,"[0,1,2,3,4,5,6,7,8,9]","[0,1,2,3,4,5,6,7,8,9]",[],False,False,"{""0"":3,""1"":0,""2"":0,""3"":0,""4"":0,""5"":5,""6"":0,""7"":0,""8"":0,""9"":0}",6502,transpose,0.763099,529,2233,0.410112,2310,4620,Output matches a fixed rotate/flip/transpose/shift transform.
task242,242,cropping_extraction,medium,shape_shrinks,3,1,262,266,shrinks,0,0,266,0,16x16:266,3x3:266,0123456789,123456789,,"[0,1,2,3,4,5,6,7,8,9]","[1,2,3,4,5,6,7,8,9]",[],False,False,,1,,0.0,0,0,0.0,0,0,"Output is smaller than input, often selected object/subgrid."
task243,243,pattern_completion,low,mostly_preserves_input_adds_or_changes,3,1,261,265,same_shape_variable_size,265,0,0,0,12x12:46;16x16:42;13x13:39;17x17:39;14x14:38,12x12:46;16x16:42;13x13:39;17x17:39;14x14:38,0123456789,0123456789,,"[0,1,2,3,4,5,6,7,8,9]","[0,1,2,3,4,5,6,7,8,9]",[],False,False,"{""0"":1,""1"":1,""2"":2,""3"":3,""4"":4,""5"":5,""6"":6,""7"":7,""8"":8,""9"":9}",6395,,0.981483,246,13285,1.0,23239,23239,Output preserves input and adds missing pattern cells.
task244,244,cropping_extraction,medium,shape_shrinks,3,1,262,266,shrinks,0,0,266,0,11x11:53;14x14:41;8x8:40;23x23:34;15x15:34,3x3:137;4x4:129,0123456789,0123456789,,"[0,1,2,3,4,5,6,7,8,9]","[0,1,2,3,4,5,6,7,8,9]",[],False,False,,1,,0.0,0,0,0.0,0,0,"Output is smaller than input, often selected object/subgrid."
task245,245,mask_object_selection,low,same_shape_nonlocal_changes,4,1,262,267,same_shape_variable_size,267,0,0,0,9x7:24;7x7:21;10x7:20;10x9:20;7x8:20,9x7:24;7x7:21;10x7:20;10x9:20;7x8:20,023,023,,"[0,2,3]","[0,2,3]",[],False,False,"{""0"":0,""2"":0,""3"":3}",2668,,0.864865,595,4403,0.460653,2015,4030,"Same shape; cells/objects are kept, removed, or highlighted."
task246,246,fill_enclosed_regions,medium,adds_new_color_preserves_input|new_output_colors,3,1,262,266,same_shape_variable_size,266,0,0,0,18x14:7;11x10:7;18x16:6;10x12:6;18x12:6,18x14:7;11x10:7;18x16:6;10x12:6;18x12:6,023,0238,8,"[0,2,3]","[0,2,3,8]",[8],False,False,"{""0"":0,""2"":2,""3"":3}",2108,,0.963247,494,13441,1.0,2108,2108,Same shape; input is mostly preserved while new fill or marking cells are added.
task247,247,cropping_extraction,medium,shape_shrinks,6,1,262,269,shrinks,0,0,269,0,10x10:269,5x1:30;3x3:29;5x3:28;3x1:27;4x2:25,0123456789,123456789,,"[0,1,2,3,4,5,6,7,8,9]","[1,2,3,4,5,6,7,8,9]",[],False,False,,1,,0.0,0,0,0.0,0,0,"Output is smaller than input, often selected object/subgrid."
task248,248,pattern_completion,low,mostly_preserves_input_adds_or_changes,3,1,9,13,same_shape_variable_size,13,0,0,0,10x2:2;10x3:2;10x4:2;10x5:2;10x10:1,10x2:2;10x3:2;10x4:2;10x5:2;10x10:1,01,01,,"[0,1]","[0,1]",[],False,False,"{""0"":0,""1"":1}",117,,0.847059,104,680,1.0,117,117,Output preserves input and adds missing pattern cells.
task249,249,expansion_tiling,medium,shape_expands,3,1,261,265,expands,0,265,0,0,5x4:39;4x3:36;5x3:32;3x5:31;4x5:29,5x8:39;4x6:36;5x6:32;3x10:31;4x10:29,0123456789,0123456789,,"[0,1,2,3,4,5,6,7,8,9]","[0,1,2,3,4,5,6,7,8,9]",[],False,False,,1,,0.0,0,0,0.0,0,0,"Output is larger than input, often by fixed scale or tiling."
task250,250,mask_object_selection,low,same_shape_nonlocal_changes,2,1,262,265,same_shape_variable_size,265,0,0,0,10x10:265,10x10:265,025,025,,"[0,2,5]","[0,2,5]",[],False,False,"{""0"":0,""2"":2,""5"":0}",1591,,0.963667,218,6000,0.399849,1591,3182,"Same shape; cells/objects are kept, removed, or highlighted."
task251,251,fill_enclosed_regions,medium,adds_new_color_preserves_input|new_output_colors,3,1,262,266,same_shape_variable_size,266,0,0,0,12x12:105;11x11:58;10x10:52;9x9:30;8x8:21,12x12:105;11x11:58;10x10:52;9x9:30;8x8:21,02,012,1,"[0,2]","[0,1,2]",[1],False,False,"{""0"":0,""2"":2}",2708,,0.935004,459,7062,1.0,2708,2708,Same shape; input is mostly preserved while new fill or marking cells are added.
task252,252,mask_object_selection,low,same_shape_nonlocal_changes|new_output_colors,3,1,262,266,same_shape_variable_size,266,0,0,0,14x14:26;12x12:24;7x7:24;5x5:23;13x13:22,14x14:26;12x12:24;7x7:24;5x5:23;13x13:22,012356789,0123456789,4,"[0,1,2,3,5,6,7,8,9]","[0,1,2,3,4,5,6,7,8,9]",[4],False,False,"{""0"":0,""1"":1,""2"":2,""3"":3,""5"":5,""6"":6,""7"":7,""8"":8,""9"":9}",1377,,0.958259,211,5055,0.540847,0,1377,"Same shape; cells/objects are kept, removed, or highlighted."
task253,253,cropping_extraction,medium,shape_shrinks,2,1,262,265,shrinks,0,0,265,0,13x13:265,4x4:265,0123456789,0123456789,,"[0,1,2,3,4,5,6,7,8,9]","[0,1,2,3,4,5,6,7,8,9]",[],False,False,,1,,0.0,0,0,0.0,0,0,"Output is smaller than input, often selected object/subgrid."
task254,254,mask_object_selection,low,same_shape_nonlocal_changes|new_output_colors,2,1,262,265,same_shape_variable_size,265,0,0,0,9x9:265,9x9:265,05,012,12,"[0,5]","[0,1,2]","[1,2]",False,False,"{""0"":0,""5"":1}",3471,,0.860082,680,4860,0.0,0,5598,"Same shape; cells/objects are kept, removed, or highlighted."
task255,255,fill_enclosed_regions,medium,adds_new_color_preserves_input|new_output_colors,3,1,261,265,same_shape_variable_size,265,0,0,0,30x30:265,30x30:265,012456789,0123456789,3,"[0,1,2,4,5,6,7,8,9]","[0,1,2,3,4,5,6,7,8,9]",[3],False,False,"{""0"":0,""1"":1,""2"":2,""4"":4,""5"":5,""6"":6,""7"":7,""8"":8,""9"":9}",61977,,0.752111,13386,54000,1.0,61977,61977,Same shape; input is mostly preserved while new fill or marking cells are added.
task256,256,fill_enclosed_regions,medium,adds_new_color_preserves_input|new_output_colors,3,1,262,266,same_shape_variable_size,266,0,0,0,9x9:15;10x10:12;8x9:9;11x10:9;9x10:9,9x9:15;10x10:12;8x9:9;11x10:9;9x10:9,02,0123,13,"[0,2]","[0,1,2,3]","[1,3]",False,False,"{""0"":3,""2"":2}",17230,,0.295164,3250,4611,1.0,5890,5890,Same shape; input is mostly preserved while new fill or marking cells are added.
task257,257,cropping_extraction,medium,shape_shrinks,6,1,262,269,shrinks,0,0,269,0,9x9:269,4x4:269,014678,04678,,"[0,1,4,6,7,8]","[0,4,6,7,8]",[],False,False,,1,,0.0,0,0,0.0,0,0,"Output is smaller than input, often selected object/subgrid."
task258,258,fill_enclosed_regions,medium,adds_new_color_preserves_input|local_3x3_consistent|new_output_colors,3,1,262,266,same_shape_variable_size,266,0,0,0,10x10:52;7x7:49;9x9:45;6x6:43;8x8:39,10x10:52;7x7:49;9x9:45;6x6:43;8x8:39,01,012,2,"[0,1]","[0,1,2]",[2],False,False,"{""0"":2,""1"":1}",11920,,1.0,0,3666,1.0,1696,1696,Same shape; input is mostly preserved while new fill or marking cells are added.
task259,259,cropping_extraction,medium,shape_shrinks|new_output_colors,3,1,262,266,shrinks,0,0,266,0,7x6:39;6x5:35;5x7:32;7x5:32;6x7:29,3x2:72;2x3:69;3x3:67;2x2:58,123456789,023456789,0,"[1,2,3,4,5,6,7,8,9]","[0,2,3,4,5,6,7,8,9]",[0],False,False,,1,,0.0,0,0,0.0,0,0,"Output is smaller than input, often selected object/subgrid."
task260,260,mask_object_selection,low,same_shape_nonlocal_changes,3,1,262,266,same_shape_variable_size,266,0,0,0,10x10:266,10x10:266,0123456789,012346789,,"[0,1,2,3,4,5,6,7,8,9]","[0,1,2,3,4,6,7,8,9]",[],False,False,"{""0"":0,""1"":1,""2"":2,""3"":3,""4"":4,""5"":0,""6"":6,""7"":7,""8"":8,""9"":9}",1654,,0.939833,361,6000,0.486296,1654,3697,"Same shape; cells/objects are kept, removed, or highlighted."
task261,261,same_shape_local_rule,medium,local_3x3_consistent|new_output_colors,3,1,261,265,same_shape_variable_size,265,0,0,0,7x7:72;5x5:68;6x6:62;4x4:44;3x3:19,7x7:72;5x5:68;6x6:62;4x4:44;3x3:19,08,02,2,"[0,8]","[0,2]",[2],False,False,"{""0"":0,""8"":0}",1090,,1.0,0,1551,0.0,744,1834,Same shape; output appears explainable by local neighborhoods.
task262,262,mask_object_selection,low,same_shape_nonlocal_changes|new_output_colors,4,1,6,11,same_shape_variable_size,11,0,0,0,3x3:11,3x3:11,05,234,234,"[0,5]","[2,3,4]","[2,3,4]",False,False,"{""0"":3,""5"":3}",63,,0.767677,23,99,0.0,66,99,"Same shape; cells/objects are kept, removed, or highlighted."
task263,263,cropping_extraction,medium,shape_shrinks,4,1,262,267,shrinks,0,0,267,0,3x15:50;3x9:48;9x3:47;3x12:44;12x3:39,3x3:267,0123456789,0123456789,,"[0,1,2,3,4,5,6,7,8,9]","[0,1,2,3,4,5,6,7,8,9]",[],False,False,,1,,0.0,0,0,0.0,0,0,"Output is smaller than input, often selected object/subgrid."
task264,264,cropping_extraction,medium,shape_shrinks,2,1,262,265,shrinks,0,0,265,0,16x16:111;16x15:63;15x16:30;15x15:19;16x14:17,9x9:265,0123456789,123456789,,"[0,1,2,3,4,5,6,7,8,9]","[1,2,3,4,5,6,7,8,9]",[],False,False,,1,,0.0,0,0,0.0,0,0,"Output is smaller than input, often selected object/subgrid."
task265,265,fill_enclosed_regions,medium,adds_new_color_preserves_input|new_output_colors,3,1,262,266,same_shape_variable_size,266,0,0,0,18x18:266,18x18:266,05,025,2,"[0,5]","[0,2,5]",[2],False,False,"{""0"":0,""5"":5}",5405,,0.981996,350,19440,1.0,5405,5405,Same shape; input is mostly preserved while new fill or marking cells are added.
task266,266,same_shape_local_rule,medium,local_3x3_consistent|new_output_colors,4,1,15,20,same_shape_variable_size,20,0,0,0,3x5:20,3x5:20,02,03678,3678,"[0,2]","[0,3,6,7,8]","[3,6,7,8]",False,False,"{""0"":3,""2"":0}",268,,1.0,0,300,0.0,45,65,Same shape; output appears explainable by local neighborhoods.
task267,267,mask_object_selection,low,same_shape_nonlocal_changes,2,1,261,264,same_shape_variable_size,264,0,0,0,7x7:264,7x7:264,0123456789,0123456789,,"[0,1,2,3,4,5,6,7,8,9]","[0,1,2,3,4,5,6,7,8,9]",[],False,False,"{""0"":0,""1"":2,""2"":4,""3"":6,""4"":0,""5"":0,""6"":0,""7"":1,""8"":2,""9"":0}",3477,,0.905442,278,2940,0.0,0,3793,"Same shape; cells/objects are kept, removed, or highlighted."
task268,268,pattern_completion,low,mostly_preserves_input_adds_or_changes,3,1,262,266,same_shape_variable_size,266,0,0,0,7x7:49;10x10:49;9x9:45;6x6:45;5x5:40,7x7:49;10x10:49;9x9:45;6x6:45;5x5:40,0123456789,0123456789,,"[0,1,2,3,4,5,6,7,8,9]","[0,1,2,3,4,5,6,7,8,9]",[],False,False,"{""0"":0,""1"":1,""2"":2,""3"":3,""4"":4,""5"":5,""6"":6,""7"":7,""8"":8,""9"":9}",6543,,0.710079,1024,3532,1.0,6543,6543,Output preserves input and adds missing pattern cells.
task269,269,expansion_tiling,medium,shape_expands,3,1,262,266,expands,0,266,0,0,3x3:266,15x15:52;6x6:44;9x9:40;18x18:35;24x24:34,0123456789,0123456789,,"[0,1,2,3,4,5,6,7,8,9]","[0,1,2,3,4,5,6,7,8,9]",[],False,False,,1,,0.0,0,0,0.0,0,0,"Output is larger than input, often by fixed scale or tiling."
task270,270,mask_object_selection,low,same_shape_nonlocal_changes,3,1,262,266,same_shape_variable_size,266,0,0,0,15x15:266,15x15:266,01237,01237,,"[0,1,2,3,7]","[0,1,2,3,7]",[],False,False,"{""0"":0,""1"":1,""2"":2,""3"":0,""7"":0}",1062,,0.983185,227,13500,0.333752,1060,2122,"Same shape; cells/objects are kept, removed, or highlighted."
task271,271,cropping_extraction,medium,shape_shrinks,4,1,262,267,shrinks,0,0,267,0,9x9:267,3x3:267,018,18,,"[0,1,8]","[1,8]",[],False,False,,1,,0.0,0,0,0.0,0,0,"Output is smaller than input, often selected object/subgrid."
task272,272,same_shape_local_rule,medium,local_3x3_consistent|new_output_colors,4,1,262,267,same_shape_variable_size,267,0,0,0,5x4:44;5x5:34;4x5:33;5x3:29;3x4:28,5x4:44;5x5:34;4x5:33;5x3:29;3x4:28,02,012,1,"[0,2]","[0,1,2]",[1],False,False,"{""0"":0,""2"":2}",477,,1.0,0,992,0.774255,0,477,Same shape; output appears explainable by local neighborhoods.
task273,273,fill_enclosed_regions,medium,adds_new_color_preserves_input|new_output_colors,3,1,262,266,same_shape_variable_size,266,0,0,0,10x10:266,10x10:266,04,024,2,"[0,4]","[0,2,4]",[2],False,False,"{""0"":0,""4"":4}",1889,,0.922167,467,6000,1.0,1889,1889,Same shape; input is mostly preserved while new fill or marking cells are added.
task274,274,cropping_extraction,medium,shape_shrinks,6,1,262,269,shrinks,0,0,269,0,11x8:12;9x8:11;10x8:11;9x10:10;10x9:10,3x3:269,058,08,,"[0,5,8]","[0,8]",[],False,False,,1,,0.0,0,0,0.0,0,0,"Output is smaller than input, often selected object/subgrid."
task275,275,expansion_tiling,medium,shape_expands,3,1,262,266,expands,0,266,0,0,3x6:83;8x4:68;4x8:60;6x3:55,9x9:138;16x16:128,012348,01234,,"[0,1,2,3,4,8]","[0,1,2,3,4]",[],False,False,,1,,0.0,0,0,0.0,0,0,"Output is larger than input, often by fixed scale or tiling."
task276,276,global_color_remap,high,global_color_remap|mapping_consistent|local_3x3_consistent|new_output_colors,3,1,262,266,same_shape_variable_size,266,0,0,0,6x5:38;5x4:35;6x4:33;4x6:31;5x6:29,6x5:38;5x4:35;6x4:33;4x6:31;5x6:29,67,27,2,"[6,7]","[2,7]",[2],False,True,"{""6"":2,""7"":7}",0,,1.0,0,1483,0.501052,0,3321,Same shape; output color is a consistent function of input color.
task277,277,mask_object_selection,low,same_shape_nonlocal_changes|new_output_colors,3,1,262,266,same_shape_variable_size,266,0,0,0,10x10:266,10x10:266,08,012,12,"[0,8]","[0,1,2]","[1,2]",False,False,"{""0"":0,""8"":2}",4548,,0.8985,609,6000,0.0,0,6188,"Same shape; cells/objects are kept, removed, or highlighted."
task278,278,fill_enclosed_regions,medium,adds_new_color_preserves_input|new_output_colors,2,1,262,265,same_shape_variable_size,265,0,0,0,17x15:24;15x16:21;18x15:20;18x17:20;15x15:20,17x15:24;15x16:21;18x15:20;18x17:20;15x15:20,02,023,3,"[0,2]","[0,2,3]",[3],False,False,"{""0"":0,""2"":2}",9497,,0.920513,1307,16443,1.0,9497,9497,Same shape; input is mostly preserved while new fill or marking cells are added.
task279,279,pattern_completion,low,mostly_preserves_input_adds_or_changes|new_output_colors,4,1,261,266,same_shape_variable_size,266,0,0,0,16x15:31;16x16:28;15x15:19;15x16:19;16x14:14,16x15:31;16x16:28;15x15:19;15x16:19;16x14:14,19,189,8,"[1,9]","[1,8,9]",[8],False,False,"{""1"":8,""9"":9}",5318,,0.921289,992,12603,0.89824,0,5539,Output preserves input and adds missing pattern cells.
task280,280,pattern_completion,low,mostly_preserves_input_adds_or_changes,4,1,262,267,same_shape_variable_size,267,0,0,0,20x20:186;10x10:81,20x20:186;10x10:81,023,023,,"[0,2,3]","[0,2,3]",[],False,False,"{""0"":0,""2"":2,""3"":3}",15904,,0.811641,3673,19500,1.0,15904,15904,Output preserves input and adds missing pattern cells.
task281,281,pattern_completion,low,mostly_preserves_input_adds_or_changes,3,1,262,266,same_shape_variable_size,266,0,0,0,13x12:41;13x11:33;12x11:31;11x13:30;11x11:29,13x12:41;13x11:33;12x11:31;11x13:30;11x11:29,0123456789,012345679,,"[0,1,2,3,4,5,6,7,8,9]","[0,1,2,3,4,5,6,7,9]",[],False,False,"{""0"":0,""1"":1,""2"":2,""3"":3,""4"":4,""5"":5,""6"":6,""7"":7,""8"":2,""9"":9}",5250,,0.851933,1283,8665,0.819398,4473,5283,Output preserves input and adds missing pattern cells.
task282,282,same_shape_local_rule,medium,local_3x3_consistent|new_output_colors,2,1,262,265,same_shape_variable_size,265,0,0,0,9x9:265,9x9:265,05,015,1,"[0,5]","[0,1,5]",[1],False,False,"{""0"":0,""5"":0}",7384,,1.0,0,4860,0.0,7384,8307,Same shape; output appears explainable by local neighborhoods.
task283,283,same_shape_local_rule,medium,local_3x3_consistent|new_output_colors,2,1,262,265,same_shape_variable_size,265,0,0,0,10x10:265,10x10:265,05,0124,124,"[0,5]","[0,1,2,4]","[1,2,4]",False,False,"{""0"":0,""5"":1}",8249,,1.0,0,6000,0.0,0,10369,Same shape; output appears explainable by local neighborhoods.
task284,284,pattern_completion,low,mostly_preserves_input_adds_or_changes,3,1,262,266,same_shape_variable_size,266,0,0,0,19x9:8;10x13:7;19x10:7;11x7:6;7x21:6,19x9:8;10x13:7;19x10:7;11x7:6;7x21:6,0123456789,0123456789,,"[0,1,2,3,4,5,6,7,8,9]","[0,1,2,3,4,5,6,7,8,9]",[],False,False,"{""0"":0,""1"":1,""2"":2,""3"":3,""4"":4,""5"":5,""6"":6,""7"":7,""8"":8,""9"":9}",5760,,0.839423,1336,8320,1.0,5760,5760,Output preserves input and adds missing pattern cells.
task285,285,pattern_completion,low,mostly_preserves_input_adds_or_changes,3,1,261,265,same_shape_variable_size,265,0,0,0,29x29:43;28x28:32;30x30:31;26x26:22;27x27:21,29x29:43;28x28:32;30x30:31;26x26:22;27x27:21,0123456789,0123456789,,"[0,1,2,3,4,5,6,7,8,9]","[0,1,2,3,4,5,6,7,8,9]",[],False,False,"{""0"":0,""1"":1,""2"":2,""3"":3,""4"":4,""5"":5,""6"":6,""7"":7,""8"":8,""9"":9}",6791,,0.966158,1326,39182,1.0,6791,6791,Output preserves input and adds missing pattern cells.
task286,286,pattern_completion,low,mostly_preserves_input_adds_or_changes,2,1,262,265,same_shape_variable_size,265,0,0,0,18x15:5;20x13:4;22x19:4;24x11:4;11x15:4,18x15:5;20x13:4;22x19:4;24x11:4;11x15:4,0123456789,0123456789,,"[0,1,2,3,4,5,6,7,8,9]","[0,1,2,3,4,5,6,7,8,9]",[],False,False,"{""0"":3,""1"":1,""2"":2,""3"":3,""4"":4,""5"":5,""6"":6,""7"":7,""8"":8,""9"":9}",33583,,0.617033,7132,18623,1.0,28692,28692,Output preserves input and adds missing pattern cells.
task287,287,pattern_completion,low,mostly_preserves_input_adds_or_changes,4,1,262,267,same_shape_variable_size,267,0,0,0,16x16:267,16x16:267,123456789,12356789,,"[1,2,3,4,5,6,7,8,9]","[1,2,3,5,6,7,8,9]",[],False,False,"{""1"":1,""2"":2,""3"":3,""4"":3,""5"":5,""6"":6,""7"":7,""8"":8,""9"":9}",3883,,0.985677,220,15360,0.934369,0,4486,Output preserves input and adds missing pattern cells.
task288,288,pattern_completion,low,mostly_preserves_input_adds_or_changes,4,1,262,267,same_shape_variable_size,267,0,0,0,5x5:87;7x7:82;9x9:50;3x3:48,5x5:87;7x7:82;9x9:50;3x3:48,0123456789,0123456789,,"[0,1,2,3,4,5,6,7,8,9]","[0,1,2,3,4,5,6,7,8,9]",[],False,False,"{""0"":4,""1"":1,""2"":2,""3"":3,""4"":4,""5"":5,""6"":6,""7"":7,""8"":8,""9"":9}",8423,,0.914944,214,2516,1.0,1076,1076,Output preserves input and adds missing pattern cells.
task289,289,expansion_tiling,medium,shape_expands,5,1,262,268,expands,0,268,0,0,3x3:268,9x9:98;6x6:84;12x12:65;15x15:21,0123456789,0123456789,,"[0,1,2,3,4,5,6,7,8,9]","[0,1,2,3,4,5,6,7,8,9]",[],False,False,,1,,0.0,0,0,0.0,0,0,"Output is larger than input, often by fixed scale or tiling."
task290,290,cropping_extraction,medium,shape_shrinks,3,1,262,266,shrinks,0,0,266,0,15x12:13;12x11:12;14x11:12;14x12:11;14x13:10,5x5:72;4x4:69;6x6:67;3x3:58,0123456789,123456789,,"[0,1,2,3,4,5,6,7,8,9]","[1,2,3,4,5,6,7,8,9]",[],False,False,,1,,0.0,0,0,0.0,0,0,"Output is smaller than input, often selected object/subgrid."
task291,291,cropping_extraction,medium,shape_shrinks,3,1,261,265,shrinks,0,0,265,0,18x18:20;18x15:18;16x18:17;17x18:16;18x17:15,1x1:265,0123456789,123456789,,"[0,1,2,3,4,5,6,7,8,9]","[1,2,3,4,5,6,7,8,9]",[],False,False,,1,,0.0,0,0,0.0,0,0,"Output is smaller than input, often selected object/subgrid."
task292,292,mask_object_selection,low,same_shape_nonlocal_changes|new_output_colors,5,1,22,28,same_shape_variable_size,28,0,0,0,3x11:4;3x10:3;3x13:3;3x14:3;3x17:3,3x11:4;3x10:3;3x13:3;3x14:3;3x17:3,04,046,6,"[0,4]","[0,4,6]",[6],False,False,"{""0"":0,""4"":6}",520,,0.799672,244,1218,0.640394,0,292,"Same shape; cells/objects are kept, removed, or highlighted."
task293,293,same_shape_local_rule,medium,local_3x3_consistent,4,1,262,267,same_shape_variable_size,267,0,0,0,13x9:7;6x5:7;13x11:6;5x7:6;13x7:6,13x9:7;6x5:7;13x11:6;5x7:6;13x7:6,0123456789,0123456789,,"[0,1,2,3,4,5,6,7,8,9]","[0,1,2,3,4,5,6,7,8,9]",[],False,False,"{""0"":0,""1"":1,""2"":2,""3"":3,""4"":4,""5"":5,""6"":6,""7"":7,""8"":8,""9"":9}",614,,1.0,0,6002,0.917969,0,614,Same shape; output appears explainable by local neighborhoods.
task294,294,same_shape_local_rule,medium,local_3x3_consistent|new_output_colors,2,1,262,265,same_shape_variable_size,265,0,0,0,10x10:265,10x10:265,05,025,2,"[0,5]","[0,2,5]",[2],False,False,"{""0"":0,""5"":5}",4689,,1.0,0,6000,0.64858,0,4689,Same shape; output appears explainable by local neighborhoods.
task295,295,expansion_tiling,medium,shape_expands,5,1,262,268,expands,0,268,0,0,1x14:44;1x16:44;1x12:42;1x18:38;1x10:37,7x14:44;8x16:44;6x12:42;9x18:38;5x10:37,0123456789,0123456789,,"[0,1,2,3,4,5,6,7,8,9]","[0,1,2,3,4,5,6,7,8,9]",[],False,False,,1,,0.0,0,0,0.0,0,0,"Output is larger than input, often by fixed scale or tiling."
task296,296,cropping_extraction,medium,shape_shrinks,5,1,262,268,shrinks,0,0,268,0,5x7:268,3x3:268,0123456789,0123456789,,"[0,1,2,3,4,5,6,7,8,9]","[0,1,2,3,4,5,6,7,8,9]",[],False,False,,1,,0.0,0,0,0.0,0,0,"Output is smaller than input, often selected object/subgrid."
task297,297,pattern_completion,low,mostly_preserves_input_adds_or_changes,3,1,261,265,same_shape_variable_size,265,0,0,0,10x4:64;14x6:58;12x5:54;8x3:49;6x2:40,10x4:64;14x6:58;12x5:54;8x3:49;6x2:40,0123456789,123456789,,"[0,1,2,3,4,5,6,7,8,9]","[1,2,3,4,5,6,7,8,9]",[],False,False,"{""0"":2,""1"":1,""2"":2,""3"":3,""4"":4,""5"":5,""6"":6,""7"":7,""8"":8,""9"":9}",8842,,0.29654,1708,2428,1.0,10126,10126,Output preserves input and adds missing pattern cells.
task298,298,mask_object_selection,low,same_shape_nonlocal_changes,3,2,262,267,same_shape_variable_size,267,0,0,0,6x6:137;8x8:130,6x6:137;8x8:130,0123456789,0123456789,,"[0,1,2,3,4,5,6,7,8,9]","[0,1,2,3,4,5,6,7,8,9]",[],False,False,"{""0"":2,""1"":0,""2"":3,""3"":0,""4"":9,""5"":0,""6"":7,""7"":0,""8"":5,""9"":1}",11780,,0.867704,408,3084,0.0,1216,13252,"Same shape; cells/objects are kept, removed, or highlighted."
task299,299,fill_enclosed_regions,medium,adds_new_color_preserves_input|new_output_colors,2,1,18,21,same_shape_variable_size,21,0,0,0,6x6:21,6x6:21,028,0248,4,"[0,2,8]","[0,2,4,8]",[4],False,False,"{""0"":0,""2"":2,""8"":8}",147,,0.818783,137,756,1.0,147,147,Same shape; input is mostly preserved while new fill or marking cells are added.
task300,300,cropping_extraction,medium,shape_shrinks,4,1,262,267,shrinks,0,0,267,0,9x11:33;9x9:23;8x12:22;9x10:22;8x11:21,3x3:161;4x3:87;2x3:12;3x2:7,0123456789,0123456789,,"[0,1,2,3,4,5,6,7,8,9]","[0,1,2,3,4,5,6,7,8,9]",[],False,False,,1,,0.0,0,0,0.0,0,0,"Output is smaller than input, often selected object/subgrid."
task301,301,mask_object_selection,low,same_shape_nonlocal_changes,3,1,262,266,same_shape_variable_size,266,0,0,0,10x7:16;10x8:15;4x3:15;7x4:14;5x5:12,10x7:16;10x8:15;4x3:15;7x4:14;5x5:12,0123456789,0123456789,,"[0,1,2,3,4,5,6,7,8,9]","[0,1,2,3,4,5,6,7,8,9]",[],False,False,"{""0"":0,""1"":0,""2"":0,""3"":0,""4"":6,""5"":0,""6"":0,""7"":0,""8"":8,""9"":0}",4618,,0.825976,477,2741,0.330784,2568,6505,"Same shape; cells/objects are kept, removed, or highlighted."
task302,302,fill_enclosed_regions,medium,adds_new_color_preserves_input|new_output_colors,3,1,262,266,same_shape_variable_size,266,0,0,0,12x12:266,12x12:266,05,05678,678,"[0,5]","[0,5,6,7,8]","[6,7,8]",False,False,"{""0"":0,""5"":5}",2957,,0.922454,670,8640,1.0,2957,2957,Same shape; input is mostly preserved while new fill or marking cells are added.
task303,303,fill_enclosed_regions,medium,adds_new_color_preserves_input|new_output_colors,3,1,261,265,same_shape_variable_size,265,0,0,0,27x22:4;18x15:4;15x21:3;20x15:3;24x11:3,27x22:4;18x15:4;15x21:3;20x15:3;24x11:3,013456789,0123456789,2,"[0,1,3,4,5,6,7,8,9]","[0,1,2,3,4,5,6,7,8,9]",[2],False,False,"{""0"":0,""1"":1,""3"":3,""4"":4,""5"":5,""6"":6,""7"":7,""8"":8,""9"":9}",16276,,0.953523,1120,24098,1.0,16276,16276,Same shape; input is mostly preserved while new fill or marking cells are added.
task304,304,expansion_tiling,medium,shape_expands|new_output_colors,3,1,262,266,expands,0,266,0,0,3x3:266,9x9:266,123456789,0123456789,0,"[1,2,3,4,5,6,7,8,9]","[0,1,2,3,4,5,6,7,8,9]",[0],False,False,,1,,0.0,0,0,0.0,0,0,"Output is larger than input, often by fixed scale or tiling."
task305,305,pattern_completion,low,mostly_preserves_input_adds_or_changes,3,1,262,266,same_shape_variable_size,266,0,0,0,16x16:266,16x16:266,012345678,12345678,,"[0,1,2,3,4,5,6,7,8]","[1,2,3,4,5,6,7,8]",[],False,False,"{""0"":3,""1"":1,""2"":2,""3"":3,""4"":4,""5"":5,""6"":6,""7"":7,""8"":8}",8487,,0.97526,380,15360,1.0,10671,10671,Output preserves input and adds missing pattern cells.
task306,306,pattern_completion,low,mostly_preserves_input_adds_or_changes,2,1,262,265,same_shape_variable_size,265,0,0,0,19x9:95;19x29:88;19x19:82,19x9:95;19x29:88;19x19:82,0123456789,0123456789,,"[0,1,2,3,4,5,6,7,8,9]","[0,1,2,3,4,5,6,7,8,9]",[],False,False,"{""0"":0,""1"":1,""2"":2,""3"":3,""4"":4,""5"":5,""6"":6,""7"":7,""8"":8,""9"":9}",8009,,0.884445,2459,21280,1.0,8009,8009,Output preserves input and adds missing pattern cells.
task307,307,expansion_tiling,medium,shape_expands,3,1,262,266,expands,0,266,0,0,4x4:84;3x3:64;5x5:63;2x2:55,8x8:84;6x6:64;10x10:63;4x4:55,01235678,01235678,,"[0,1,2,3,5,6,7,8]","[0,1,2,3,5,6,7,8]",[],False,False,,1,,0.0,0,0,0.0,0,0,"Output is larger than input, often by fixed scale or tiling."
task308,308,cropping_extraction,medium,shape_shrinks,3,1,262,266,shrinks,0,0,266,0,15x14:8;12x14:7;8x9:7;18x20:7;8x7:7,3x3:95;7x7:88;5x5:83,123456789,123456789,,"[1,2,3,4,5,6,7,8,9]","[1,2,3,4,5,6,7,8,9]",[],False,False,,1,,0.0,0,0,0.0,0,0,"Output is smaller than input, often selected object/subgrid."
task309,309,global_color_remap,high,global_color_remap|mapping_consistent|local_3x3_consistent|new_output_colors,3,1,261,265,same_shape_variable_size,265,0,0,0,3x4:94;3x6:88;3x5:83,3x4:94;3x6:88;3x5:83,178,158,5,"[1,7,8]","[1,5,8]",[5],False,True,"{""1"":1,""7"":5,""8"":8}",0,,1.0,0,894,0.66793,0,1314,Same shape; output color is a consistent function of input color.
task310,310,cropping_extraction,medium,shape_shrinks,3,1,262,266,shrinks,0,0,266,0,21x21:31;24x24:30;22x22:29;20x20:28;28x28:25,7x7:80;5x5:68;6x6:67;8x8:51,0123456789,0123456789,,"[0,1,2,3,4,5,6,7,8,9]","[0,1,2,3,4,5,6,7,8,9]",[],False,False,,1,,0.0,0,0,0.0,0,0,"Output is smaller than input, often selected object/subgrid."
task311,311,expansion_tiling,medium,shape_expands,3,1,262,266,expands,0,266,0,0,3x3:266,3x6:266,07,07,,"[0,7]","[0,7]",[],False,False,,1,,0.0,0,0,0.0,0,0,"Output is larger than input, often by fixed scale or tiling."
task312,312,mask_object_selection,low,same_shape_nonlocal_changes,2,1,262,265,same_shape_variable_size,265,0,0,0,12x12:265,12x12:265,0123456789,012346789,,"[0,1,2,3,4,5,6,7,8,9]","[0,1,2,3,4,6,7,8,9]",[],False,False,"{""0"":0,""1"":1,""2"":2,""3"":3,""4"":4,""5"":1,""6"":6,""7"":7,""8"":8,""9"":9}",11331,,0.711343,2494,8640,0.19095,0,12766,"Same shape; cells/objects are kept, removed, or highlighted."
task313,313,mask_object_selection,low,same_shape_nonlocal_changes,3,1,262,266,same_shape_variable_size,266,0,0,0,8x8:24;6x6:23;14x14:23;10x10:22;7x7:20,8x8:24;6x6:23;14x14:23;10x10:22;7x7:20,123456789,123456789,,"[1,2,3,4,5,6,7,8,9]","[1,2,3,4,5,6,7,8,9]",[],False,False,"{""1"":6,""2"":8,""3"":6,""4"":5,""5"":4,""6"":7,""7"":6,""8"":5,""9"":2}",38068,,0.675898,3265,10074,0.0,0,43463,"Same shape; cells/objects are kept, removed, or highlighted."
task314,314,pattern_completion,low,mostly_preserves_input_adds_or_changes,3,1,262,266,same_shape_variable_size,266,0,0,0,8x8:266,8x8:266,0123456789,0123456789,,"[0,1,2,3,4,5,6,7,8,9]","[0,1,2,3,4,5,6,7,8,9]",[],False,False,"{""0"":0,""1"":1,""2"":2,""3"":3,""4"":4,""5"":5,""6"":6,""7"":7,""8"":8,""9"":9}",522,,0.886198,437,3840,0.945489,0,522,Output preserves input and adds missing pattern cells.
task315,315,expansion_tiling,medium,shape_expands,3,1,262,266,expands,0,266,0,0,3x3:266,9x9:266,012,012,,"[0,1,2]","[0,1,2]",[],False,False,,1,,0.0,0,0,0.0,0,0,"Output is larger than input, often by fixed scale or tiling."
task316,316,cropping_extraction,medium,shape_shrinks,3,1,262,266,shrinks,0,0,266,0,10x10:266,3x3:266,0123456789,0123456789,,"[0,1,2,3,4,5,6,7,8,9]","[0,1,2,3,4,5,6,7,8,9]",[],False,False,,1,,0.0,0,0,0.0,0,0,"Output is smaller than input, often selected object/subgrid."
task317,317,same_shape_local_rule,medium,local_3x3_consistent|new_output_colors,2,1,262,265,same_shape_variable_size,265,0,0,0,9x9:265,9x9:265,05,01,1,"[0,5]","[0,1]",[1],False,False,"{""0"":1,""5"":1}",10665,,1.0,0,4860,0.0,9600,10800,Same shape; output appears explainable by local neighborhoods.
task318,318,cropping_extraction,medium,shape_shrinks|new_output_colors,4,1,262,267,shrinks,0,0,267,0,9x4:267,4x4:267,0124,03,3,"[0,1,2,4]","[0,3]",[3],False,False,,1,,0.0,0,0,0.0,0,0,"Output is smaller than input, often selected object/subgrid."
task319,319,cropping_extraction,medium,shape_shrinks,4,1,262,267,shrinks,0,0,267,0,19x18:16;19x16:16;15x15:16;17x19:15;19x17:14,4x3:53;3x3:49;3x4:45;5x3:29;4x4:25,123456789,123456789,,"[1,2,3,4,5,6,7,8,9]","[1,2,3,4,5,6,7,8,9]",[],False,False,,1,,0.0,0,0,0.0,0,0,"Output is smaller than input, often selected object/subgrid."
task320,320,mask_object_selection,low,same_shape_nonlocal_changes|new_output_colors,3,1,262,266,same_shape_variable_size,266,0,0,0,11x9:113;10x9:66;9x9:41;8x9:20;7x9:17,11x9:113;10x9:66;9x9:41;8x9:20;7x9:17,02,028,8,"[0,2]","[0,2,8]",[8],False,False,"{""0"":0,""2"":2}",2972,,0.918021,439,5355,0.536494,0,2972,"Same shape; cells/objects are kept, removed, or highlighted."
task321,321,cropping_extraction,medium,shape_shrinks,5,1,261,267,shrinks,0,0,267,0,4x14:267,4x4:267,01249,0149,,"[0,1,2,4,9]","[0,1,4,9]",[],False,False,,1,,0.0,0,0,0.0,0,0,"Output is smaller than input, often selected object/subgrid."
task322,322,pattern_completion,low,mostly_preserves_input_adds_or_changes,3,1,262,266,same_shape_variable_size,266,0,0,0,3x3:266,3x3:266,0123456789,0123456789,,"[0,1,2,3,4,5,6,7,8,9]","[0,1,2,3,4,5,6,7,8,9]",[],False,False,"{""0"":0,""1"":1,""2"":2,""3"":3,""4"":4,""5"":5,""6"":6,""7"":7,""8"":8,""9"":9}",733,,0.909259,49,540,1.0,733,733,Output preserves input and adds missing pattern cells.
task323,323,fill_enclosed_regions,medium,adds_new_color_preserves_input|new_output_colors,2,1,169,172,same_shape_variable_size,172,0,0,0,13x13:172,13x13:172,08,058,5,"[0,8]","[0,5,8]",[5],False,False,"{""0"":0,""8"":8}",2801,,0.911144,901,10140,1.0,2801,2801,Same shape; input is mostly preserved while new fill or marking cells are added.
task324,324,pattern_completion,low,mostly_preserves_input_adds_or_changes,3,1,262,266,same_shape_variable_size,266,0,0,0,18x14:8;11x10:7;17x19:6;18x16:6;10x12:6,18x14:8;11x10:7;17x19:6;18x16:6;10x12:6,123456789,123456789,,"[1,2,3,4,5,6,7,8,9]","[1,2,3,4,5,6,7,8,9]",[],False,False,"{""1"":1,""2"":2,""3"":3,""4"":4,""5"":5,""6"":3,""7"":7,""8"":8,""9"":9}",15362,,0.722474,3738,13469,0.817435,0,10867,Output preserves input and adds missing pattern cells.
task325,325,cropping_extraction,medium,shape_shrinks,3,1,262,266,shrinks,0,0,266,0,9x8:8;16x10:7;15x9:7;16x12:7;16x14:7,3x3:80;2x2:78;4x4:59;5x5:32;1x1:10,08,08,,"[0,8]","[0,8]",[],False,False,,1,,0.0,0,0,0.0,0,0,"Output is smaller than input, often selected object/subgrid."
task326,326,cropping_extraction,medium,shape_shrinks,3,1,262,266,shrinks,0,0,266,0,4x8:42;12x6:37;8x4:35;12x12:34;8x8:32,2x2:266,0123456789,0123456789,,"[0,1,2,3,4,5,6,7,8,9]","[0,1,2,3,4,5,6,7,8,9]",[],False,False,,1,,0.0,0,0,0.0,0,0,"Output is smaller than input, often selected object/subgrid."
task327,327,expansion_tiling,medium,shape_expands,3,1,261,265,expands,0,265,0,0,3x3:265,6x6:265,0123456789,0123456789,,"[0,1,2,3,4,5,6,7,8,9]","[0,1,2,3,4,5,6,7,8,9]",[],False,False,,1,,0.0,0,0,0.0,0,0,"Output is larger than input, often by fixed scale or tiling."
task328,328,pattern_completion,low,mostly_preserves_input_adds_or_changes,4,1,262,267,same_shape_variable_size,267,0,0,0,7x7:27;8x8:27;17x17:25;10x10:22;6x6:22,7x7:27;8x8:27;17x17:25;10x10:22;6x6:22,0123456789,0123456789,,"[0,1,2,3,4,5,6,7,8,9]","[0,1,2,3,4,5,6,7,8,9]",[],False,False,"{""0"":0,""1"":1,""2"":2,""3"":3,""4"":4,""5"":5,""6"":6,""7"":7,""8"":8,""9"":9}",18670,,0.147072,7458,8744,1.0,18670,18670,Output preserves input and adds missing pattern cells.
task329,329,same_shape_local_rule,medium,local_3x3_consistent,3,1,262,266,same_shape_variable_size,266,0,0,0,3x3:80;7x7:74;5x5:59;9x9:53,3x3:80;7x7:74;5x5:59;9x9:53,0123456789,0123456789,,"[0,1,2,3,4,5,6,7,8,9]","[0,1,2,3,4,5,6,7,8,9]",[],False,False,"{""0"":0,""1"":0,""2"":0,""3"":3,""4"":4,""5"":5,""6"":0,""7"":0,""8"":0,""9"":0}",1877,,0.997856,5,2332,0.155736,0,4261,Same shape; output appears explainable by local neighborhoods.
task330,330,mask_object_selection,low,same_shape_nonlocal_changes|new_output_colors,3,1,262,266,same_shape_variable_size,266,0,0,0,10x10:266,10x10:266,05,012,12,"[0,5]","[0,1,2]","[1,2]",False,False,"{""0"":0,""5"":2}",3734,,0.8695,783,6000,0.0,0,6998,"Same shape; cells/objects are kept, removed, or highlighted."
task331,331,fill_enclosed_regions,medium,adds_new_color_preserves_input|local_3x3_consistent|new_output_colors,2,1,262,265,same_shape_variable_size,265,0,0,0,10x10:265,10x10:265,01,012678,2678,"[0,1]","[0,1,2,6,7,8]","[2,6,7,8]",False,False,"{""0"":0,""1"":1}",4958,,1.0,0,6000,1.0,4958,4958,Same shape; input is mostly preserved while new fill or marking cells are added.
task332,332,mask_object_selection,low,same_shape_nonlocal_changes|new_output_colors,4,1,262,267,same_shape_variable_size,267,0,0,0,3x11:31;3x12:30;3x10:29;3x14:29;3x18:24,3x11:31;3x12:30;3x10:29;3x14:29;3x18:24,05,035,3,"[0,5]","[0,3,5]",[3],False,False,"{""0"":0,""5"":5}",2013,,0.818045,482,2649,0.485955,0,2013,"Same shape; cells/objects are kept, removed, or highlighted."
task333,333,pattern_completion,low,mostly_preserves_input_adds_or_changes,3,1,261,265,same_shape_variable_size,265,0,0,0,10x10:265,10x10:265,0123456789,0123456789,,"[0,1,2,3,4,5,6,7,8,9]","[0,1,2,3,4,5,6,7,8,9]",[],False,False,"{""0"":0,""1"":1,""2"":2,""3"":3,""4"":4,""5"":5,""6"":6,""7"":7,""8"":8,""9"":9}",1048,,0.945167,329,6000,1.0,1048,1048,Output preserves input and adds missing pattern cells.
task334,334,cropping_extraction,medium,shape_shrinks|new_output_colors,7,2,262,271,shrinks,0,0,271,0,5x5:271,3x3:271,0123,05,5,"[0,1,2,3]","[0,5]",[5],False,False,,1,,0.0,0,0,0.0,0,0,"Output is smaller than input, often selected object/subgrid."
task335,335,fill_enclosed_regions,medium,adds_new_color_preserves_input|new_output_colors,3,1,262,266,same_shape_variable_size,266,0,0,0,10x12:7;18x14:7;11x10:7;18x16:6;18x12:6,10x12:7;18x14:7;11x10:7;18x16:6;18x12:6,028,0248,4,"[0,2,8]","[0,2,4,8]",[4],False,False,"{""0"":0,""2"":2,""8"":8}",2095,,0.962924,490,13216,1.0,2095,2095,Same shape; input is mostly preserved while new fill or marking cells are added.
task336,336,fill_enclosed_regions,medium,adds_new_color_preserves_input|new_output_colors,2,1,28,31,same_shape_variable_size,31,0,0,0,10x10:31,10x10:31,05,058,8,"[0,5]","[0,5,8]",[8],False,False,"{""0"":0,""5"":5}",557,,0.876774,382,3100,1.0,557,557,Same shape; input is mostly preserved while new fill or marking cells are added.
task337,337,global_color_remap,high,global_color_remap|mapping_consistent|local_3x3_consistent,3,1,262,266,same_shape_variable_size,266,0,0,0,3x3:96;5x5:88;4x4:82,3x3:96;5x5:88;4x4:82,123456789,123456789,,"[1,2,3,4,5,6,7,8,9]","[1,2,3,4,5,6,7,8,9]",[],False,True,"{""1"":1,""2"":2,""3"":3,""4"":4,""5"":8,""6"":6,""7"":7,""8"":5,""9"":9}",0,,1.0,0,977,0.397623,0,2636,Same shape; output color is a consistent function of input color.
task338,338,mask_object_selection,low,same_shape_nonlocal_changes|new_output_colors,3,2,262,267,same_shape_variable_size,267,0,0,0,10x10:83;20x20:73;15x15:57;25x25:54,10x10:83;20x20:73;15x15:57;25x25:54,02,03,3,"[0,2]","[0,3]",[3],False,False,"{""0"":0,""2"":0}",5897,,0.960514,768,19450,0.0,5897,17757,"Same shape; cells/objects are kept, removed, or highlighted."
task339,339,composite_or_unknown,low,mixed_shape_relation,4,1,261,266,mixed_shape_change,0,0,105,161,3x3:266,1x5:48;1x2:38;1x3:37;1x1:30;1x6:30,0123456789,123456789,,"[0,1,2,3,4,5,6,7,8,9]","[1,2,3,4,5,6,7,8,9]",[],False,False,,1,,0.0,0,0,0.0,0,0,No simple family detected or multiple families likely apply.
task340,340,pattern_completion,low,mostly_preserves_input_adds_or_changes,3,1,262,266,same_shape_variable_size,266,0,0,0,18x14:7;11x10:7;18x16:6;10x12:6;18x12:6,18x14:7;11x10:7;18x16:6;10x12:6;18x12:6,0123456789,0123456789,,"[0,1,2,3,4,5,6,7,8,9]","[0,1,2,3,4,5,6,7,8,9]",[],False,False,"{""0"":0,""1"":1,""2"":2,""3"":3,""4"":4,""5"":0,""6"":6,""7"":0,""8"":0,""9"":9}",8310,,0.95047,664,13406,0.842299,2013,4578,Output preserves input and adds missing pattern cells.
task341,341,fill_enclosed_regions,medium,adds_new_color_preserves_input|new_output_colors,3,1,262,266,same_shape_variable_size,266,0,0,0,10x10:266,10x10:266,012345679,0123456789,8,"[0,1,2,3,4,5,6,7,9]","[0,1,2,3,4,5,6,7,8,9]",[8],False,False,"{""0"":0,""1"":1,""2"":2,""3"":3,""4"":4,""5"":5,""6"":6,""7"":7,""9"":9}",2679,,0.889833,661,6000,1.0,2679,2679,Same shape; input is mostly preserved while new fill or marking cells are added.
task342,342,mask_object_selection,low,same_shape_nonlocal_changes,3,1,262,266,same_shape_variable_size,266,0,0,0,10x10:266,10x10:266,0123456789,012345679,,"[0,1,2,3,4,5,6,7,8,9]","[0,1,2,3,4,5,6,7,9]",[],False,False,"{""0"":0,""1"":0,""2"":0,""3"":0,""4"":0,""5"":0,""6"":0,""7"":0,""8"":6,""9"":0}",915,,0.968167,191,6000,0.0,0,2128,"Same shape; cells/objects are kept, removed, or highlighted."
task343,343,pattern_completion,low,mostly_preserves_input_adds_or_changes,3,1,262,266,same_shape_variable_size,266,0,0,0,5x15:266,5x15:266,0123456789,0123456789,,"[0,1,2,3,4,5,6,7,8,9]","[0,1,2,3,4,5,6,7,8,9]",[],False,False,"{""0"":0,""1"":1,""2"":2,""3"":3,""4"":4,""5"":5,""6"":6,""7"":7,""8"":8,""9"":9}",2865,,0.874667,564,4500,1.0,2865,2865,Output preserves input and adds missing pattern cells.
task344,344,same_shape_local_rule,medium,local_3x3_consistent|new_output_colors,3,1,262,266,same_shape_variable_size,266,0,0,0,9x7:11;6x10:11;8x9:10;10x10:9;8x7:9,9x7:11;6x10:11;8x9:10;10x10:9;8x7:9,0235,02358,8,"[0,2,3,5]","[0,2,3,5,8]",[8],False,False,"{""0"":0,""2"":0,""3"":8,""5"":5}",330,,1.0,0,2900,0.421081,0,1060,Same shape; output appears explainable by local neighborhoods.
task345,345,pattern_completion,low,mostly_preserves_input_adds_or_changes,2,1,261,264,same_shape_variable_size,264,0,0,0,10x10:264,10x10:264,025,025,,"[0,2,5]","[0,2,5]",[],False,False,"{""0"":0,""2"":2,""5"":5}",7422,,0.802833,1183,6000,1.0,7422,7422,Output preserves input and adds missing pattern cells.
task346,346,cropping_extraction,medium,shape_shrinks,4,1,262,267,shrinks,0,0,267,0,10x6:9;11x9:8;12x6:8;6x9:8;5x7:8,1x1:267,0123456789,123456789,,"[0,1,2,3,4,5,6,7,8,9]","[1,2,3,4,5,6,7,8,9]",[],False,False,,1,,0.0,0,0,0.0,0,0,"Output is smaller than input, often selected object/subgrid."
task347,347,cropping_extraction,medium,shape_shrinks|new_output_colors,5,2,262,269,shrinks,0,0,269,0,3x6:269,3x3:269,034,06,6,"[0,3,4]","[0,6]",[6],False,False,,1,,0.0,0,0,0.0,0,0,"Output is smaller than input, often selected object/subgrid."
task348,348,fill_enclosed_regions,medium,adds_new_color_preserves_input|new_output_colors,2,1,262,265,same_shape_variable_size,265,0,0,0,10x10:13;9x8:13;9x7:12;10x7:12;9x10:12,10x10:13;9x8:13;9x7:12;10x7:12;9x10:12,07,078,8,"[0,7]","[0,7,8]",[8],False,False,"{""0"":8,""7"":7}",12127,,0.363717,2150,3379,1.0,4663,4663,Same shape; input is mostly preserved while new fill or marking cells are added.
task349,349,fill_enclosed_regions,medium,adds_new_color_preserves_input|new_output_colors,4,1,262,267,same_shape_variable_size,267,0,0,0,10x10:60;20x20:59;30x30:55;15x15:51;25x25:42,10x10:60;20x20:59;30x30:55;15x15:51;25x25:42,09,0139,13,"[0,9]","[0,1,3,9]","[1,3]",False,False,"{""0"":0,""9"":9}",39211,,0.746464,6256,24675,1.0,39211,39211,Same shape; input is mostly preserved while new fill or marking cells are added.
task350,350,fill_enclosed_regions,medium,adds_new_color_preserves_input|new_output_colors,4,1,262,267,same_shape_variable_size,267,0,0,0,13x13:9;11x10:7;11x11:7;18x17:7;10x9:6,13x13:9;11x10:7;11x11:7;18x17:7;10x9:6,01,018,8,"[0,1]","[0,1,8]",[8],False,False,"{""0"":0,""1"":1}",25568,,0.685461,4965,15785,1.0,25568,25568,Same shape; input is mostly preserved while new fill or marking cells are added.
task351,351,cropping_extraction,medium,shape_shrinks,3,1,261,265,shrinks,0,0,265,0,16x16:265,5x5:265,123456789,12456789,,"[1,2,3,4,5,6,7,8,9]","[1,2,4,5,6,7,8,9]",[],False,False,,1,,0.0,0,0,0.0,0,0,"Output is smaller than input, often selected object/subgrid."
task352,352,fill_enclosed_regions,medium,adds_new_color_preserves_input|local_3x3_consistent|new_output_colors,3,1,262,266,same_shape_variable_size,266,0,0,0,8x9:32;10x10:30;8x8:24;7x7:24;5x6:24,8x9:32;10x10:30;8x8:24;7x7:24;5x6:24,023456789,0123456789,1,"[0,2,3,4,5,6,7,8,9]","[0,1,2,3,4,5,6,7,8,9]",[1],False,False,"{""0"":1,""2"":2,""3"":3,""4"":4,""5"":5,""6"":6,""7"":7,""8"":8,""9"":9}",11414,,1.0,0,3453,1.0,3167,3167,Same shape; input is mostly preserved while new fill or marking cells are added.
task353,353,mask_object_selection,low,same_shape_nonlocal_changes,7,2,262,271,same_shape_variable_size,271,0,0,0,9x7:17;11x11:14;5x4:13;6x5:13;10x8:13,9x7:17;11x11:14;5x4:13;6x5:13;10x8:13,034,034,,"[0,3,4]","[0,3,4]",[],False,False,"{""0"":0,""3"":0,""4"":4}",271,,0.990033,39,3913,0.5,271,542,"Same shape; cells/objects are kept, removed, or highlighted."
task354,354,mask_object_selection,low,same_shape_nonlocal_changes,3,1,262,266,same_shape_variable_size,266,0,0,0,10x10:266,10x10:266,0123456789,012346789,,"[0,1,2,3,4,5,6,7,8,9]","[0,1,2,3,4,6,7,8,9]",[],False,False,"{""0"":0,""1"":1,""2"":2,""3"":3,""4"":4,""5"":6,""6"":6,""7"":7,""8"":8,""9"":9}",6940,,0.751833,1489,6000,0.091106,0,7961,"Same shape; cells/objects are kept, removed, or highlighted."
task355,355,cropping_extraction,medium,shape_shrinks,4,1,262,267,shrinks,0,0,267,0,16x17:10;16x14:10;16x15:9;14x16:8;15x16:8,1x1:267,0123456789,0123456789,,"[0,1,2,3,4,5,6,7,8,9]","[0,1,2,3,4,5,6,7,8,9]",[],False,False,,1,,0.0,0,0,0.0,0,0,"Output is smaller than input, often selected object/subgrid."
task356,356,pattern_completion,low,mostly_preserves_input_adds_or_changes,3,1,262,266,same_shape_variable_size,266,0,0,0,10x10:266,10x10:266,08,08,,"[0,8]","[0,8]",[],False,False,"{""0"":0,""8"":8}",1722,,0.912,528,6000,1.0,1722,1722,Output preserves input and adds missing pattern cells.
task357,357,fill_enclosed_regions,medium,adds_new_color_preserves_input|new_output_colors,3,1,9,13,same_shape_variable_size,13,0,0,0,10x2:2;10x3:2;10x4:2;10x5:2;10x10:1,10x2:2;10x3:2;10x4:2;10x5:2;10x10:1,01,18,8,"[0,1]","[1,8]",[8],False,False,"{""0"":8,""1"":1}",117,,0.847059,104,680,1.0,667,667,Same shape; input is mostly preserved while new fill or marking cells are added.
task358,358,pattern_completion,low,mostly_preserves_input_adds_or_changes,2,1,262,265,same_shape_variable_size,265,0,0,0,12x11:22;15x14:17;13x12:16;20x19:16;10x10:16,12x11:22;15x14:17;13x12:16;20x19:16;10x10:16,0123456789,0123456789,,"[0,1,2,3,4,5,6,7,8,9]","[0,1,2,3,4,5,6,7,8,9]",[],False,False,"{""0"":0,""1"":1,""2"":2,""3"":3,""4"":4,""5"":5,""6"":6,""7"":7,""8"":8,""9"":9}",6070,,0.909396,1298,14326,1.0,6070,6070,Output preserves input and adds missing pattern cells.
task359,359,same_shape_local_rule,medium,local_3x3_consistent,3,1,262,266,same_shape_variable_size,266,0,0,0,15x13:9;15x15:8;16x15:8;13x15:8;13x14:7,15x13:9;15x15:8;16x15:8;13x15:8;13x14:7,123456789,123456789,,"[1,2,3,4,5,6,7,8,9]","[1,2,3,4,5,6,7,8,9]",[],False,False,"{""1"":1,""2"":2,""3"":3,""4"":1,""5"":1,""6"":2,""7"":2,""8"":8,""9"":1}",35280,,0.999854,2,13726,0.908997,0,5540,Same shape; output appears explainable by local neighborhoods.
task360,360,cropping_extraction,medium,shape_shrinks,3,1,262,266,shrinks,0,0,266,0,10x9:266,10x4:266,0123456789,012346789,,"[0,1,2,3,4,5,6,7,8,9]","[0,1,2,3,4,6,7,8,9]",[],False,False,,1,,0.0,0,0,0.0,0,0,"Output is smaller than input, often selected object/subgrid."
task361,361,pattern_completion,low,mostly_preserves_input_adds_or_changes,3,1,262,266,same_shape_variable_size,266,0,0,0,10x10:266,10x10:266,0123456789,0123456789,,"[0,1,2,3,4,5,6,7,8,9]","[0,1,2,3,4,5,6,7,8,9]",[],False,False,"{""0"":0,""1"":1,""2"":2,""3"":3,""4"":4,""5"":5,""6"":6,""7"":7,""8"":8,""9"":9}",1980,,0.943,342,6000,1.0,1980,1980,Output preserves input and adds missing pattern cells.
task362,362,mask_object_selection,low,same_shape_nonlocal_changes,4,1,262,267,same_shape_variable_size,267,0,0,0,10x10:267,10x10:267,0123456789,012346789,,"[0,1,2,3,4,5,6,7,8,9]","[0,1,2,3,4,6,7,8,9]",[],False,False,"{""0"":0,""1"":0,""2"":0,""3"":0,""4"":0,""5"":0,""6"":0,""7"":0,""8"":0,""9"":0}",5073,,0.788667,1268,6000,0.09702,4539,9509,"Same shape; cells/objects are kept, removed, or highlighted."
task363,363,pattern_completion,low,mostly_preserves_input_adds_or_changes,3,1,261,265,same_shape_variable_size,265,0,0,0,10x10:265,10x10:265,025,025,,"[0,2,5]","[0,2,5]",[],False,False,"{""0"":0,""2"":2,""5"":5}",1948,,0.924333,454,6000,1.0,1948,1948,Output preserves input and adds missing pattern cells.
task364,364,mask_object_selection,low,same_shape_nonlocal_changes|new_output_colors,3,1,262,266,same_shape_variable_size,266,0,0,0,14x16:10;11x11:9;12x12:9;10x8:9;18x16:8,14x16:10;11x11:9;12x12:9;10x8:9;18x16:8,03,0126,126,"[0,3]","[0,1,2,6]","[1,2,6]",False,False,"{""0"":0,""3"":1}",8633,,0.897754,1425,13937,0.0,0,11815,"Same shape; cells/objects are kept, removed, or highlighted."
task365,365,cropping_extraction,medium,shape_shrinks,3,1,262,266,shrinks,0,0,266,0,10x10:266,3x3:47;4x3:34;3x4:27;5x3:25;4x4:21,0128,128,,"[0,1,2,8]","[1,2,8]",[],False,False,,1,,0.0,0,0,0.0,0,0,"Output is smaller than input, often selected object/subgrid."
task366,366,cropping_extraction,medium,shape_shrinks,3,1,262,266,shrinks,0,0,266,0,22x13:10;30x17:9;12x28:9;24x14:8;22x11:8,12x14:17;11x13:15;15x17:12;11x11:12;10x10:11,0123456789,0123456789,,"[0,1,2,3,4,5,6,7,8,9]","[0,1,2,3,4,5,6,7,8,9]",[],False,False,,1,,0.0,0,0,0.0,0,0,"Output is smaller than input, often selected object/subgrid."
task367,367,fill_enclosed_regions,medium,adds_new_color_preserves_input|new_output_colors,3,1,262,266,same_shape_variable_size,266,0,0,0,18x14:7;11x10:7;18x16:6;10x12:6;18x12:6,18x14:7;11x10:7;18x16:6;10x12:6;18x12:6,05,045,4,"[0,5]","[0,4,5]",[4],False,False,"{""0"":0,""5"":5}",5319,,0.876633,1690,13699,1.0,5319,5319,Same shape; input is mostly preserved while new fill or marking cells are added.
task368,368,mask_object_selection,low,same_shape_nonlocal_changes,2,1,262,265,same_shape_variable_size,265,0,0,0,10x10:265,10x10:265,0123456789,012346789,,"[0,1,2,3,4,5,6,7,8,9]","[0,1,2,3,4,6,7,8,9]",[],False,False,"{""0"":0,""1"":1,""2"":2,""3"":3,""4"":4,""5"":2,""6"":6,""7"":7,""8"":8,""9"":9}",6429,,0.763667,1418,6000,0.284251,0,7335,"Same shape; cells/objects are kept, removed, or highlighted."
task369,369,fill_enclosed_regions,medium,adds_new_color_preserves_input|new_output_colors,3,1,261,265,same_shape_variable_size,265,0,0,0,10x10:265,10x10:265,05,1235,123,"[0,5]","[1,2,3,5]","[1,2,3]",False,False,"{""0"":3,""5"":5}",5785,,0.9445,333,6000,1.0,7121,7121,Same shape; input is mostly preserved while new fill or marking cells are added.
task370,370,pattern_completion,low,mostly_preserves_input_adds_or_changes,3,1,262,266,same_shape_variable_size,266,0,0,0,12x18:7;11x18:6;14x20:6;11x15:5;12x15:5,12x18:7;11x18:6;14x20:6;11x15:5;12x15:5,0123456789,0123456789,,"[0,1,2,3,4,5,6,7,8,9]","[0,1,2,3,4,5,6,7,8,9]",[],False,False,"{""0"":0,""1"":1,""2"":2,""3"":3,""4"":4,""5"":5,""6"":6,""7"":7,""8"":8,""9"":9}",3213,,0.936076,867,13563,0.942586,0,3213,Output preserves input and adds missing pattern cells.
task371,371,fill_enclosed_regions,medium,adds_new_color_preserves_input|new_output_colors,2,2,262,266,same_shape_variable_size,266,0,0,0,10x14:25;10x10:24;12x14:23;14x12:22;14x10:20,10x14:25;10x10:24;12x14:23;14x12:22;14x10:20,01,013,3,"[0,1]","[0,1,3]",[3],False,False,"{""0"":0,""1"":1}",1330,,0.959957,300,7492,1.0,1330,1330,Same shape; input is mostly preserved while new fill or marking cells are added.
task372,372,cropping_extraction,medium,shape_shrinks,3,1,262,266,shrinks,0,0,266,0,11x11:266,5x11:266,0123456789,012346789,,"[0,1,2,3,4,5,6,7,8,9]","[0,1,2,3,4,6,7,8,9]",[],False,False,,1,,0.0,0,0,0.0,0,0,"Output is smaller than input, often selected object/subgrid."
task373,373,mask_object_selection,low,same_shape_nonlocal_changes,2,1,72,75,same_shape_variable_size,75,0,0,0,2x6:75,2x6:75,123456789,123456789,,"[1,2,3,4,5,6,7,8,9]","[1,2,3,4,5,6,7,8,9]",[],False,False,"{""1"":1,""2"":2,""3"":3,""4"":4,""5"":5,""6"":6,""7"":7,""8"":8,""9"":9}",450,,0.666667,240,720,0.5,0,450,"Same shape; cells/objects are kept, removed, or highlighted."
task374,374,mask_object_selection,low,same_shape_nonlocal_changes|new_output_colors,4,1,262,267,same_shape_variable_size,267,0,0,0,10x10:267,10x10:267,05,0124,124,"[0,5]","[0,1,2,4]","[1,2,4]",False,False,"{""0"":0,""5"":1}",2316,,0.913833,517,6000,0.0,0,4379,"Same shape; cells/objects are kept, removed, or highlighted."
task375,375,pattern_completion,low,mostly_preserves_input_adds_or_changes,3,1,54,58,same_shape_variable_size,58,0,0,0,5x5:10;7x7:10;11x11:10;13x13:9;9x9:9,5x5:10;7x7:10;11x11:10;13x13:9;9x9:9,0123456789,0123456789,,"[0,1,2,3,4,5,6,7,8,9]","[0,1,2,3,4,5,6,7,8,9]",[],False,False,"{""0"":0,""1"":0,""2"":0,""3"":0,""4"":0,""5"":0,""6"":0,""7"":0,""8"":0,""9"":0}",5160,,0.497594,3132,6234,0.835492,0,1016,Output preserves input and adds missing pattern cells.
task376,376,expansion_tiling,medium,shape_expands,2,1,36,39,expands,0,39,0,0,3x17:10;4x17:10;5x17:10;6x17:9,9x17:10;13x17:10;17x17:10;21x17:9,0123456789,0123456789,,"[0,1,2,3,4,5,6,7,8,9]","[0,1,2,3,4,5,6,7,8,9]",[],False,False,,1,,0.0,0,0,0.0,0,0,"Output is larger than input, often by fixed scale or tiling."
task377,377,cropping_extraction,medium,shape_shrinks,3,1,262,266,shrinks,0,0,266,0,28x24:7;21x20:7;28x26:6;20x22:6;28x22:6,3x3:122;5x5:107;7x7:28;9x9:9,123456789,123456789,,"[1,2,3,4,5,6,7,8,9]","[1,2,3,4,5,6,7,8,9]",[],False,False,,1,,0.0,0,0,0.0,0,0,"Output is smaller than input, often selected object/subgrid."
task378,378,pattern_completion,low,mostly_preserves_input_adds_or_changes,4,1,262,267,same_shape_variable_size,267,0,0,0,10x10:49;11x11:45;9x9:41;12x12:35;7x7:35,10x10:49;11x11:45;9x9:41;12x12:35;7x7:35,0123456789,0123456789,,"[0,1,2,3,4,5,6,7,8,9]","[0,1,2,3,4,5,6,7,8,9]",[],False,False,"{""0"":0,""1"":1,""2"":2,""3"":3,""4"":4,""5"":5,""6"":6,""7"":7,""8"":8,""9"":9}",796,,0.974276,135,5248,1.0,796,796,Output preserves input and adds missing pattern cells.
task379,379,pattern_completion,low,mostly_preserves_input_adds_or_changes,3,1,262,266,same_shape_variable_size,266,0,0,0,13x12:8;13x20:7;20x16:7;15x19:7;12x14:7,13x12:8;13x20:7;20x16:7;15x19:7;12x14:7,028,028,,"[0,2,8]","[0,2,8]",[],False,False,"{""0"":0,""2"":2,""8"":8}",6159,,0.87129,2025,15733,0.903207,5483,6159,Output preserves input and adds missing pattern cells.
task380,380,geometric_transform,high,fixed_geometric_rot270,4,1,262,267,same_shape_variable_size,267,0,0,0,3x3:267,3x3:267,0123456789,0123456789,,"[0,1,2,3,4,5,6,7,8,9]","[0,1,2,3,4,5,6,7,8,9]",[],False,False,"{""0"":9,""1"":0,""2"":2,""3"":0,""4"":4,""5"":0,""6"":6,""7"":7,""8"":0,""9"":0}",1687,rot270,0.866667,72,540,0.614665,494,988,Output matches a fixed rotate/flip/transpose/shift transform.
task381,381,fill_enclosed_regions,medium,adds_new_color_preserves_input|new_output_colors,3,1,261,265,same_shape_variable_size,265,0,0,0,10x10:265,10x10:265,02,029,9,"[0,2]","[0,2,9]",[9],False,False,"{""0"":0,""2"":2}",2457,,0.882333,706,6000,1.0,2457,2457,Same shape; input is mostly preserved while new fill or marking cells are added.
task382,382,pattern_completion,low,mostly_preserves_input_adds_or_changes,3,1,262,266,same_shape_variable_size,266,0,0,0,12x18:7;18x11:5;12x14:5;18x14:5;15x19:5,12x18:7;18x11:5;12x14:5;18x14:5;15x19:5,028,028,,"[0,2,8]","[0,2,8]",[],False,False,"{""0"":0,""2"":2,""8"":8}",16076,,0.724426,3696,13412,1.0,16076,16076,Output preserves input and adds missing pattern cells.
task383,383,pattern_completion,low,mostly_preserves_input_adds_or_changes,3,1,262,266,same_shape_variable_size,266,0,0,0,20x20:7;21x19:7;19x15:7;16x18:6;19x16:6,20x20:7;21x19:7;19x15:7;16x18:6;19x16:6,0123456789,0123456789,,"[0,1,2,3,4,5,6,7,8,9]","[0,1,2,3,4,5,6,7,8,9]",[],False,False,"{""0"":0,""1"":1,""2"":8,""3"":2,""4"":1,""5"":5,""6"":6,""7"":2,""8"":8,""9"":9}",23640,,0.865869,2644,19712,0.858116,3783,9178,Output preserves input and adds missing pattern cells.
task384,384,composite_or_unknown,low,mixed_shape_relation,3,1,262,266,mixed_shape_change,0,0,209,57,9x9:266,6x6:50;6x8:38;8x6:33;8x10:32;8x8:32,04,04,,"[0,4]","[0,4]",[],False,False,,1,,0.0,0,0,0.0,0,0,No simple family detected or multiple families likely apply.
task385,385,pattern_completion,low,mostly_preserves_input_adds_or_changes,2,1,262,265,same_shape_variable_size,265,0,0,0,10x4:265,10x4:265,0123456789,0123456789,,"[0,1,2,3,4,5,6,7,8,9]","[0,1,2,3,4,5,6,7,8,9]",[],False,False,"{""0"":2,""1"":1,""2"":2,""3"":3,""4"":4,""5"":5,""6"":6,""7"":7,""8"":8,""9"":9}",7051,,0.5325,1122,2400,1.0,3151,3151,Output preserves input and adds missing pattern cells.
task386,386,cropping_extraction,medium,shape_shrinks|new_output_colors,5,1,262,268,shrinks,0,0,268,0,4x7:268,4x3:268,0157,03,3,"[0,1,5,7]","[0,3]",[3],False,False,,1,,0.0,0,0,0.0,0,0,"Output is smaller than input, often selected object/subgrid."
task387,387,fill_enclosed_regions,medium,adds_new_color_preserves_input|new_output_colors,4,1,261,266,same_shape_variable_size,266,0,0,0,18x16:18;16x14:16;14x14:15;18x15:15;17x14:14,18x16:18;16x14:16;14x14:15;18x15:15;17x14:14,012346789,0123456789,5,"[0,1,2,3,4,6,7,8,9]","[0,1,2,3,4,5,6,7,8,9]",[5],False,False,"{""0"":0,""1"":1,""2"":2,""3"":3,""4"":4,""6"":6,""7"":7,""8"":8,""9"":9}",11688,,0.853659,2274,15539,1.0,11688,11688,Same shape; input is mostly preserved while new fill or marking cells are added.
task388,388,expansion_tiling,medium,shape_expands|new_output_colors,3,1,262,266,expands,0,266,0,0,4x4:61;6x6:58;3x3:54;2x2:47;5x5:46,8x8:61;12x12:58;6x6:54;4x4:47;10x10:46,012345679,0123456789,8,"[0,1,2,3,4,5,6,7,9]","[0,1,2,3,4,5,6,7,8,9]",[8],False,False,,1,,0.0,0,0,0.0,0,0,"Output is larger than input, often by fixed scale or tiling."
task389,389,same_shape_local_rule,medium,local_3x3_consistent|new_output_colors,3,1,262,266,same_shape_variable_size,266,0,0,0,5x5:94;3x3:91;4x4:81,5x5:94;3x3:91;4x4:81,123456789,012346789,0,"[1,2,3,4,5,6,7,8,9]","[0,1,2,3,4,6,7,8,9]",[0],False,False,"{""1"":0,""2"":0,""3"":0,""4"":0,""5"":4,""6"":0,""7"":0,""8"":0,""9"":0}",1511,,0.997006,3,1002,0.0,0,4465,Same shape; output appears explainable by local neighborhoods.
task390,390,mask_object_selection,low,same_shape_nonlocal_changes,3,1,262,266,same_shape_variable_size,266,0,0,0,15x15:266,15x15:266,025,025,,"[0,2,5]","[0,2,5]",[],False,False,"{""0"":0,""2"":2,""5"":0}",3442,,0.943778,759,13500,0.552871,3442,6884,"Same shape; cells/objects are kept, removed, or highlighted."
task391,391,cropping_extraction,medium,shape_shrinks,4,1,262,267,shrinks,0,0,267,0,15x10:52;13x13:45;15x16:45;13x16:43;13x10:43,3x1:267,0123456789,123456789,,"[0,1,2,3,4,5,6,7,8,9]","[1,2,3,4,5,6,7,8,9]",[],False,False,,1,,0.0,0,0,0.0,0,0,"Output is smaller than input, often selected object/subgrid."
task392,392,fill_enclosed_regions,medium,adds_new_color_preserves_input|new_output_colors,3,1,262,266,same_shape_variable_size,266,0,0,0,10x10:266,10x10:266,012346789,123456789,5,"[0,1,2,3,4,6,7,8,9]","[1,2,3,4,5,6,7,8,9]",[5],False,False,"{""0"":8,""1"":1,""2"":2,""3"":3,""4"":4,""6"":6,""7"":7,""8"":8,""9"":9}",19501,,0.621833,2269,6000,1.0,20246,20246,Same shape; input is mostly preserved while new fill or marking cells are added.
task393,393,cropping_extraction,medium,shape_shrinks,3,1,261,265,shrinks,0,0,265,0,12x12:265,3x1:265,0123456789,123456789,,"[0,1,2,3,4,5,6,7,8,9]","[1,2,3,4,5,6,7,8,9]",[],False,False,,1,,0.0,0,0,0.0,0,0,"Output is smaller than input, often selected object/subgrid."
task394,394,cropping_extraction,medium,shape_shrinks,3,1,262,266,shrinks,0,0,266,0,4x4:81;6x6:73;5x5:57;7x7:55,2x2:154;1x1:81;3x3:31,0123456789,123456789,,"[0,1,2,3,4,5,6,7,8,9]","[1,2,3,4,5,6,7,8,9]",[],False,False,,1,,0.0,0,0,0.0,0,0,"Output is smaller than input, often selected object/subgrid."
task395,395,cropping_extraction,medium,shape_shrinks|new_output_colors,5,1,262,268,shrinks,0,0,268,0,6x3:268,3x3:268,019,02,2,"[0,1,9]","[0,2]",[2],False,False,,1,,0.0,0,0,0.0,0,0,"Output is smaller than input, often selected object/subgrid."
task396,396,cropping_extraction,medium,shape_shrinks,3,1,262,266,shrinks,0,0,266,0,16x13:11;17x14:10;17x17:9;14x16:9;15x16:8,6x7:25;6x8:22;7x7:20;5x7:19;8x6:18,0123456789,0123456789,,"[0,1,2,3,4,5,6,7,8,9]","[0,1,2,3,4,5,6,7,8,9]",[],False,False,,1,,0.0,0,0,0.0,0,0,"Output is smaller than input, often selected object/subgrid."
task397,397,fill_enclosed_regions,medium,adds_new_color_preserves_input|new_output_colors,3,1,262,266,same_shape_variable_size,266,0,0,0,10x10:266,10x10:266,012456789,0123456789,3,"[0,1,2,4,5,6,7,8,9]","[0,1,2,3,4,5,6,7,8,9]",[3],False,False,"{""0"":0,""1"":1,""2"":2,""4"":4,""5"":5,""6"":6,""7"":7,""8"":8,""9"":9}",3074,,0.926,444,6000,1.0,3074,3074,Same shape; input is mostly preserved while new fill or marking cells are added.
task398,398,expansion_tiling,medium,shape_expands,5,1,262,268,expands,0,268,0,0,1x5:268,15x15:64;25x25:58;10x10:54;20x20:54;5x5:38,0123456789,0123456789,,"[0,1,2,3,4,5,6,7,8,9]","[0,1,2,3,4,5,6,7,8,9]",[],False,False,,1,,0.0,0,0,0.0,0,0,"Output is larger than input, often by fixed scale or tiling."
task399,399,composite_or_unknown,low,mixed_shape_relation|new_output_colors,8,3,262,273,mixed_shape_change,5,0,268,0,7x7:112;6x6:98;5x5:49;4x4:9;3x3:5,3x3:273,02,01,1,"[0,2]","[0,1]",[1],False,False,,1,,0.933333,3,45,0.0,4,24,No simple family detected or multiple families likely apply.
task400,400,cropping_extraction,medium,shape_shrinks,3,1,262,266,shrinks,0,0,266,0,24x24:266,5x5:266,0123456789,023456789,,"[0,1,2,3,4,5,6,7,8,9]","[0,2,3,4,5,6,7,8,9]",[],False,False,,1,,0.0,0,0,0.0,0,0,"Output is smaller than input, often selected object/subgrid."
