name,layer,class_name,module_family,direct_parameters
"",,NemotronHForCausalLM,other,0
backbone,,NemotronHModel,other,0
backbone.embeddings,,Embedding,other,352321536
backbone.layers,,ModuleList,other,0
backbone.layers.0,0,NemotronHBlock,other,0
backbone.layers.0.norm,0,NemotronHRMSNorm,other,2688
backbone.layers.0.mixer,0,NemotronHMamba2Mixer,mamba,192
backbone.layers.0.mixer.act,0,SiLUActivation,other,0
backbone.layers.0.mixer.conv1d,0,Conv1d,other,30720
backbone.layers.0.mixer.in_proj,0,Linear,mamba_projection,27697152
backbone.layers.0.mixer.norm,0,MambaRMSNormGated,mamba,4096
backbone.layers.0.mixer.out_proj,0,Linear,mamba_projection,11010048
backbone.layers.1,1,NemotronHBlock,other,0
backbone.layers.1.norm,1,NemotronHRMSNorm,other,2688
backbone.layers.1.mixer,1,NemotronHMOE,moe,0
backbone.layers.1.mixer.experts,1,ModuleList,other,0
backbone.layers.1.mixer.experts.0,1,NemotronHMLP,routed_expert,0
backbone.layers.1.mixer.experts.0.up_proj,1,Linear,routed_expert,4988928
backbone.layers.1.mixer.experts.0.down_proj,1,Linear,routed_expert,4988928
backbone.layers.1.mixer.experts.0.act_fn,1,ReLUSquaredActivation,routed_expert,0
backbone.layers.1.mixer.experts.1,1,NemotronHMLP,routed_expert,0
backbone.layers.1.mixer.experts.1.up_proj,1,Linear,routed_expert,4988928
backbone.layers.1.mixer.experts.1.down_proj,1,Linear,routed_expert,4988928
backbone.layers.1.mixer.experts.1.act_fn,1,ReLUSquaredActivation,routed_expert,0
backbone.layers.1.mixer.experts.2,1,NemotronHMLP,routed_expert,0
backbone.layers.1.mixer.experts.2.up_proj,1,Linear,routed_expert,4988928
backbone.layers.1.mixer.experts.2.down_proj,1,Linear,routed_expert,4988928
backbone.layers.1.mixer.experts.2.act_fn,1,ReLUSquaredActivation,routed_expert,0
backbone.layers.1.mixer.experts.3,1,NemotronHMLP,routed_expert,0
backbone.layers.1.mixer.experts.3.up_proj,1,Linear,routed_expert,4988928
backbone.layers.1.mixer.experts.3.down_proj,1,Linear,routed_expert,4988928
backbone.layers.1.mixer.experts.3.act_fn,1,ReLUSquaredActivation,routed_expert,0
backbone.layers.1.mixer.experts.4,1,NemotronHMLP,routed_expert,0
backbone.layers.1.mixer.experts.4.up_proj,1,Linear,routed_expert,4988928
backbone.layers.1.mixer.experts.4.down_proj,1,Linear,routed_expert,4988928
backbone.layers.1.mixer.experts.4.act_fn,1,ReLUSquaredActivation,routed_expert,0
backbone.layers.1.mixer.experts.5,1,NemotronHMLP,routed_expert,0
backbone.layers.1.mixer.experts.5.up_proj,1,Linear,routed_expert,4988928
backbone.layers.1.mixer.experts.5.down_proj,1,Linear,routed_expert,4988928
backbone.layers.1.mixer.experts.5.act_fn,1,ReLUSquaredActivation,routed_expert,0
backbone.layers.1.mixer.experts.6,1,NemotronHMLP,routed_expert,0
backbone.layers.1.mixer.experts.6.up_proj,1,Linear,routed_expert,4988928
backbone.layers.1.mixer.experts.6.down_proj,1,Linear,routed_expert,4988928
backbone.layers.1.mixer.experts.6.act_fn,1,ReLUSquaredActivation,routed_expert,0
backbone.layers.1.mixer.experts.7,1,NemotronHMLP,routed_expert,0
backbone.layers.1.mixer.experts.7.up_proj,1,Linear,routed_expert,4988928
backbone.layers.1.mixer.experts.7.down_proj,1,Linear,routed_expert,4988928
backbone.layers.1.mixer.experts.7.act_fn,1,ReLUSquaredActivation,routed_expert,0
backbone.layers.1.mixer.experts.8,1,NemotronHMLP,routed_expert,0
backbone.layers.1.mixer.experts.8.up_proj,1,Linear,routed_expert,4988928
backbone.layers.1.mixer.experts.8.down_proj,1,Linear,routed_expert,4988928
backbone.layers.1.mixer.experts.8.act_fn,1,ReLUSquaredActivation,routed_expert,0
backbone.layers.1.mixer.experts.9,1,NemotronHMLP,routed_expert,0
backbone.layers.1.mixer.experts.9.up_proj,1,Linear,routed_expert,4988928
backbone.layers.1.mixer.experts.9.down_proj,1,Linear,routed_expert,4988928
backbone.layers.1.mixer.experts.9.act_fn,1,ReLUSquaredActivation,routed_expert,0
backbone.layers.1.mixer.experts.10,1,NemotronHMLP,routed_expert,0
backbone.layers.1.mixer.experts.10.up_proj,1,Linear,routed_expert,4988928
backbone.layers.1.mixer.experts.10.down_proj,1,Linear,routed_expert,4988928
backbone.layers.1.mixer.experts.10.act_fn,1,ReLUSquaredActivation,routed_expert,0
backbone.layers.1.mixer.experts.11,1,NemotronHMLP,routed_expert,0
backbone.layers.1.mixer.experts.11.up_proj,1,Linear,routed_expert,4988928
backbone.layers.1.mixer.experts.11.down_proj,1,Linear,routed_expert,4988928
backbone.layers.1.mixer.experts.11.act_fn,1,ReLUSquaredActivation,routed_expert,0
backbone.layers.1.mixer.experts.12,1,NemotronHMLP,routed_expert,0
backbone.layers.1.mixer.experts.12.up_proj,1,Linear,routed_expert,4988928
backbone.layers.1.mixer.experts.12.down_proj,1,Linear,routed_expert,4988928
backbone.layers.1.mixer.experts.12.act_fn,1,ReLUSquaredActivation,routed_expert,0
backbone.layers.1.mixer.experts.13,1,NemotronHMLP,routed_expert,0
backbone.layers.1.mixer.experts.13.up_proj,1,Linear,routed_expert,4988928
backbone.layers.1.mixer.experts.13.down_proj,1,Linear,routed_expert,4988928
backbone.layers.1.mixer.experts.13.act_fn,1,ReLUSquaredActivation,routed_expert,0
backbone.layers.1.mixer.experts.14,1,NemotronHMLP,routed_expert,0
backbone.layers.1.mixer.experts.14.up_proj,1,Linear,routed_expert,4988928
backbone.layers.1.mixer.experts.14.down_proj,1,Linear,routed_expert,4988928
backbone.layers.1.mixer.experts.14.act_fn,1,ReLUSquaredActivation,routed_expert,0
backbone.layers.1.mixer.experts.15,1,NemotronHMLP,routed_expert,0
backbone.layers.1.mixer.experts.15.up_proj,1,Linear,routed_expert,4988928
backbone.layers.1.mixer.experts.15.down_proj,1,Linear,routed_expert,4988928
backbone.layers.1.mixer.experts.15.act_fn,1,ReLUSquaredActivation,routed_expert,0
backbone.layers.1.mixer.experts.16,1,NemotronHMLP,routed_expert,0
backbone.layers.1.mixer.experts.16.up_proj,1,Linear,routed_expert,4988928
backbone.layers.1.mixer.experts.16.down_proj,1,Linear,routed_expert,4988928
backbone.layers.1.mixer.experts.16.act_fn,1,ReLUSquaredActivation,routed_expert,0
backbone.layers.1.mixer.experts.17,1,NemotronHMLP,routed_expert,0
backbone.layers.1.mixer.experts.17.up_proj,1,Linear,routed_expert,4988928
backbone.layers.1.mixer.experts.17.down_proj,1,Linear,routed_expert,4988928
backbone.layers.1.mixer.experts.17.act_fn,1,ReLUSquaredActivation,routed_expert,0
backbone.layers.1.mixer.experts.18,1,NemotronHMLP,routed_expert,0
backbone.layers.1.mixer.experts.18.up_proj,1,Linear,routed_expert,4988928
backbone.layers.1.mixer.experts.18.down_proj,1,Linear,routed_expert,4988928
backbone.layers.1.mixer.experts.18.act_fn,1,ReLUSquaredActivation,routed_expert,0
backbone.layers.1.mixer.experts.19,1,NemotronHMLP,routed_expert,0
backbone.layers.1.mixer.experts.19.up_proj,1,Linear,routed_expert,4988928
backbone.layers.1.mixer.experts.19.down_proj,1,Linear,routed_expert,4988928
backbone.layers.1.mixer.experts.19.act_fn,1,ReLUSquaredActivation,routed_expert,0
backbone.layers.1.mixer.experts.20,1,NemotronHMLP,routed_expert,0
backbone.layers.1.mixer.experts.20.up_proj,1,Linear,routed_expert,4988928
backbone.layers.1.mixer.experts.20.down_proj,1,Linear,routed_expert,4988928
backbone.layers.1.mixer.experts.20.act_fn,1,ReLUSquaredActivation,routed_expert,0
backbone.layers.1.mixer.experts.21,1,NemotronHMLP,routed_expert,0
backbone.layers.1.mixer.experts.21.up_proj,1,Linear,routed_expert,4988928
backbone.layers.1.mixer.experts.21.down_proj,1,Linear,routed_expert,4988928
backbone.layers.1.mixer.experts.21.act_fn,1,ReLUSquaredActivation,routed_expert,0
backbone.layers.1.mixer.experts.22,1,NemotronHMLP,routed_expert,0
backbone.layers.1.mixer.experts.22.up_proj,1,Linear,routed_expert,4988928
backbone.layers.1.mixer.experts.22.down_proj,1,Linear,routed_expert,4988928
backbone.layers.1.mixer.experts.22.act_fn,1,ReLUSquaredActivation,routed_expert,0
backbone.layers.1.mixer.experts.23,1,NemotronHMLP,routed_expert,0
backbone.layers.1.mixer.experts.23.up_proj,1,Linear,routed_expert,4988928
backbone.layers.1.mixer.experts.23.down_proj,1,Linear,routed_expert,4988928
backbone.layers.1.mixer.experts.23.act_fn,1,ReLUSquaredActivation,routed_expert,0
backbone.layers.1.mixer.experts.24,1,NemotronHMLP,routed_expert,0
backbone.layers.1.mixer.experts.24.up_proj,1,Linear,routed_expert,4988928
backbone.layers.1.mixer.experts.24.down_proj,1,Linear,routed_expert,4988928
backbone.layers.1.mixer.experts.24.act_fn,1,ReLUSquaredActivation,routed_expert,0
backbone.layers.1.mixer.experts.25,1,NemotronHMLP,routed_expert,0
backbone.layers.1.mixer.experts.25.up_proj,1,Linear,routed_expert,4988928
backbone.layers.1.mixer.experts.25.down_proj,1,Linear,routed_expert,4988928
backbone.layers.1.mixer.experts.25.act_fn,1,ReLUSquaredActivation,routed_expert,0
backbone.layers.1.mixer.experts.26,1,NemotronHMLP,routed_expert,0
backbone.layers.1.mixer.experts.26.up_proj,1,Linear,routed_expert,4988928
backbone.layers.1.mixer.experts.26.down_proj,1,Linear,routed_expert,4988928
backbone.layers.1.mixer.experts.26.act_fn,1,ReLUSquaredActivation,routed_expert,0
backbone.layers.1.mixer.experts.27,1,NemotronHMLP,routed_expert,0
backbone.layers.1.mixer.experts.27.up_proj,1,Linear,routed_expert,4988928
backbone.layers.1.mixer.experts.27.down_proj,1,Linear,routed_expert,4988928
backbone.layers.1.mixer.experts.27.act_fn,1,ReLUSquaredActivation,routed_expert,0
backbone.layers.1.mixer.experts.28,1,NemotronHMLP,routed_expert,0
backbone.layers.1.mixer.experts.28.up_proj,1,Linear,routed_expert,4988928
backbone.layers.1.mixer.experts.28.down_proj,1,Linear,routed_expert,4988928
backbone.layers.1.mixer.experts.28.act_fn,1,ReLUSquaredActivation,routed_expert,0
backbone.layers.1.mixer.experts.29,1,NemotronHMLP,routed_expert,0
backbone.layers.1.mixer.experts.29.up_proj,1,Linear,routed_expert,4988928
backbone.layers.1.mixer.experts.29.down_proj,1,Linear,routed_expert,4988928
backbone.layers.1.mixer.experts.29.act_fn,1,ReLUSquaredActivation,routed_expert,0
backbone.layers.1.mixer.experts.30,1,NemotronHMLP,routed_expert,0
backbone.layers.1.mixer.experts.30.up_proj,1,Linear,routed_expert,4988928
backbone.layers.1.mixer.experts.30.down_proj,1,Linear,routed_expert,4988928
backbone.layers.1.mixer.experts.30.act_fn,1,ReLUSquaredActivation,routed_expert,0
backbone.layers.1.mixer.experts.31,1,NemotronHMLP,routed_expert,0
backbone.layers.1.mixer.experts.31.up_proj,1,Linear,routed_expert,4988928
backbone.layers.1.mixer.experts.31.down_proj,1,Linear,routed_expert,4988928
backbone.layers.1.mixer.experts.31.act_fn,1,ReLUSquaredActivation,routed_expert,0
backbone.layers.1.mixer.experts.32,1,NemotronHMLP,routed_expert,0
backbone.layers.1.mixer.experts.32.up_proj,1,Linear,routed_expert,4988928
backbone.layers.1.mixer.experts.32.down_proj,1,Linear,routed_expert,4988928
backbone.layers.1.mixer.experts.32.act_fn,1,ReLUSquaredActivation,routed_expert,0
backbone.layers.1.mixer.experts.33,1,NemotronHMLP,routed_expert,0
backbone.layers.1.mixer.experts.33.up_proj,1,Linear,routed_expert,4988928
backbone.layers.1.mixer.experts.33.down_proj,1,Linear,routed_expert,4988928
backbone.layers.1.mixer.experts.33.act_fn,1,ReLUSquaredActivation,routed_expert,0
backbone.layers.1.mixer.experts.34,1,NemotronHMLP,routed_expert,0
backbone.layers.1.mixer.experts.34.up_proj,1,Linear,routed_expert,4988928
backbone.layers.1.mixer.experts.34.down_proj,1,Linear,routed_expert,4988928
backbone.layers.1.mixer.experts.34.act_fn,1,ReLUSquaredActivation,routed_expert,0
backbone.layers.1.mixer.experts.35,1,NemotronHMLP,routed_expert,0
backbone.layers.1.mixer.experts.35.up_proj,1,Linear,routed_expert,4988928
backbone.layers.1.mixer.experts.35.down_proj,1,Linear,routed_expert,4988928
backbone.layers.1.mixer.experts.35.act_fn,1,ReLUSquaredActivation,routed_expert,0
backbone.layers.1.mixer.experts.36,1,NemotronHMLP,routed_expert,0
backbone.layers.1.mixer.experts.36.up_proj,1,Linear,routed_expert,4988928
backbone.layers.1.mixer.experts.36.down_proj,1,Linear,routed_expert,4988928
backbone.layers.1.mixer.experts.36.act_fn,1,ReLUSquaredActivation,routed_expert,0
backbone.layers.1.mixer.experts.37,1,NemotronHMLP,routed_expert,0
backbone.layers.1.mixer.experts.37.up_proj,1,Linear,routed_expert,4988928
backbone.layers.1.mixer.experts.37.down_proj,1,Linear,routed_expert,4988928
backbone.layers.1.mixer.experts.37.act_fn,1,ReLUSquaredActivation,routed_expert,0
backbone.layers.1.mixer.experts.38,1,NemotronHMLP,routed_expert,0
backbone.layers.1.mixer.experts.38.up_proj,1,Linear,routed_expert,4988928
backbone.layers.1.mixer.experts.38.down_proj,1,Linear,routed_expert,4988928
backbone.layers.1.mixer.experts.38.act_fn,1,ReLUSquaredActivation,routed_expert,0
backbone.layers.1.mixer.experts.39,1,NemotronHMLP,routed_expert,0
backbone.layers.1.mixer.experts.39.up_proj,1,Linear,routed_expert,4988928
backbone.layers.1.mixer.experts.39.down_proj,1,Linear,routed_expert,4988928
backbone.layers.1.mixer.experts.39.act_fn,1,ReLUSquaredActivation,routed_expert,0
backbone.layers.1.mixer.experts.40,1,NemotronHMLP,routed_expert,0
backbone.layers.1.mixer.experts.40.up_proj,1,Linear,routed_expert,4988928
backbone.layers.1.mixer.experts.40.down_proj,1,Linear,routed_expert,4988928
backbone.layers.1.mixer.experts.40.act_fn,1,ReLUSquaredActivation,routed_expert,0
backbone.layers.1.mixer.experts.41,1,NemotronHMLP,routed_expert,0
backbone.layers.1.mixer.experts.41.up_proj,1,Linear,routed_expert,4988928
backbone.layers.1.mixer.experts.41.down_proj,1,Linear,routed_expert,4988928
backbone.layers.1.mixer.experts.41.act_fn,1,ReLUSquaredActivation,routed_expert,0
backbone.layers.1.mixer.experts.42,1,NemotronHMLP,routed_expert,0
backbone.layers.1.mixer.experts.42.up_proj,1,Linear,routed_expert,4988928
backbone.layers.1.mixer.experts.42.down_proj,1,Linear,routed_expert,4988928
backbone.layers.1.mixer.experts.42.act_fn,1,ReLUSquaredActivation,routed_expert,0
backbone.layers.1.mixer.experts.43,1,NemotronHMLP,routed_expert,0
backbone.layers.1.mixer.experts.43.up_proj,1,Linear,routed_expert,4988928
backbone.layers.1.mixer.experts.43.down_proj,1,Linear,routed_expert,4988928
backbone.layers.1.mixer.experts.43.act_fn,1,ReLUSquaredActivation,routed_expert,0
backbone.layers.1.mixer.experts.44,1,NemotronHMLP,routed_expert,0
backbone.layers.1.mixer.experts.44.up_proj,1,Linear,routed_expert,4988928
backbone.layers.1.mixer.experts.44.down_proj,1,Linear,routed_expert,4988928
backbone.layers.1.mixer.experts.44.act_fn,1,ReLUSquaredActivation,routed_expert,0
backbone.layers.1.mixer.experts.45,1,NemotronHMLP,routed_expert,0
backbone.layers.1.mixer.experts.45.up_proj,1,Linear,routed_expert,4988928
backbone.layers.1.mixer.experts.45.down_proj,1,Linear,routed_expert,4988928
backbone.layers.1.mixer.experts.45.act_fn,1,ReLUSquaredActivation,routed_expert,0
backbone.layers.1.mixer.experts.46,1,NemotronHMLP,routed_expert,0
backbone.layers.1.mixer.experts.46.up_proj,1,Linear,routed_expert,4988928
backbone.layers.1.mixer.experts.46.down_proj,1,Linear,routed_expert,4988928
backbone.layers.1.mixer.experts.46.act_fn,1,ReLUSquaredActivation,routed_expert,0
backbone.layers.1.mixer.experts.47,1,NemotronHMLP,routed_expert,0
backbone.layers.1.mixer.experts.47.up_proj,1,Linear,routed_expert,4988928
backbone.layers.1.mixer.experts.47.down_proj,1,Linear,routed_expert,4988928
backbone.layers.1.mixer.experts.47.act_fn,1,ReLUSquaredActivation,routed_expert,0
backbone.layers.1.mixer.experts.48,1,NemotronHMLP,routed_expert,0
backbone.layers.1.mixer.experts.48.up_proj,1,Linear,routed_expert,4988928
backbone.layers.1.mixer.experts.48.down_proj,1,Linear,routed_expert,4988928
backbone.layers.1.mixer.experts.48.act_fn,1,ReLUSquaredActivation,routed_expert,0
backbone.layers.1.mixer.experts.49,1,NemotronHMLP,routed_expert,0
backbone.layers.1.mixer.experts.49.up_proj,1,Linear,routed_expert,4988928
backbone.layers.1.mixer.experts.49.down_proj,1,Linear,routed_expert,4988928
backbone.layers.1.mixer.experts.49.act_fn,1,ReLUSquaredActivation,routed_expert,0
backbone.layers.1.mixer.experts.50,1,NemotronHMLP,routed_expert,0
backbone.layers.1.mixer.experts.50.up_proj,1,Linear,routed_expert,4988928
backbone.layers.1.mixer.experts.50.down_proj,1,Linear,routed_expert,4988928
backbone.layers.1.mixer.experts.50.act_fn,1,ReLUSquaredActivation,routed_expert,0
backbone.layers.1.mixer.experts.51,1,NemotronHMLP,routed_expert,0
backbone.layers.1.mixer.experts.51.up_proj,1,Linear,routed_expert,4988928
backbone.layers.1.mixer.experts.51.down_proj,1,Linear,routed_expert,4988928
backbone.layers.1.mixer.experts.51.act_fn,1,ReLUSquaredActivation,routed_expert,0
backbone.layers.1.mixer.experts.52,1,NemotronHMLP,routed_expert,0
backbone.layers.1.mixer.experts.52.up_proj,1,Linear,routed_expert,4988928
backbone.layers.1.mixer.experts.52.down_proj,1,Linear,routed_expert,4988928
backbone.layers.1.mixer.experts.52.act_fn,1,ReLUSquaredActivation,routed_expert,0
backbone.layers.1.mixer.experts.53,1,NemotronHMLP,routed_expert,0
backbone.layers.1.mixer.experts.53.up_proj,1,Linear,routed_expert,4988928
backbone.layers.1.mixer.experts.53.down_proj,1,Linear,routed_expert,4988928
backbone.layers.1.mixer.experts.53.act_fn,1,ReLUSquaredActivation,routed_expert,0
backbone.layers.1.mixer.experts.54,1,NemotronHMLP,routed_expert,0
backbone.layers.1.mixer.experts.54.up_proj,1,Linear,routed_expert,4988928
backbone.layers.1.mixer.experts.54.down_proj,1,Linear,routed_expert,4988928
backbone.layers.1.mixer.experts.54.act_fn,1,ReLUSquaredActivation,routed_expert,0
backbone.layers.1.mixer.experts.55,1,NemotronHMLP,routed_expert,0
backbone.layers.1.mixer.experts.55.up_proj,1,Linear,routed_expert,4988928
backbone.layers.1.mixer.experts.55.down_proj,1,Linear,routed_expert,4988928
backbone.layers.1.mixer.experts.55.act_fn,1,ReLUSquaredActivation,routed_expert,0
backbone.layers.1.mixer.experts.56,1,NemotronHMLP,routed_expert,0
backbone.layers.1.mixer.experts.56.up_proj,1,Linear,routed_expert,4988928
backbone.layers.1.mixer.experts.56.down_proj,1,Linear,routed_expert,4988928
backbone.layers.1.mixer.experts.56.act_fn,1,ReLUSquaredActivation,routed_expert,0
backbone.layers.1.mixer.experts.57,1,NemotronHMLP,routed_expert,0
backbone.layers.1.mixer.experts.57.up_proj,1,Linear,routed_expert,4988928
backbone.layers.1.mixer.experts.57.down_proj,1,Linear,routed_expert,4988928
backbone.layers.1.mixer.experts.57.act_fn,1,ReLUSquaredActivation,routed_expert,0
backbone.layers.1.mixer.experts.58,1,NemotronHMLP,routed_expert,0
backbone.layers.1.mixer.experts.58.up_proj,1,Linear,routed_expert,4988928
backbone.layers.1.mixer.experts.58.down_proj,1,Linear,routed_expert,4988928
backbone.layers.1.mixer.experts.58.act_fn,1,ReLUSquaredActivation,routed_expert,0
backbone.layers.1.mixer.experts.59,1,NemotronHMLP,routed_expert,0
backbone.layers.1.mixer.experts.59.up_proj,1,Linear,routed_expert,4988928
backbone.layers.1.mixer.experts.59.down_proj,1,Linear,routed_expert,4988928
backbone.layers.1.mixer.experts.59.act_fn,1,ReLUSquaredActivation,routed_expert,0
backbone.layers.1.mixer.experts.60,1,NemotronHMLP,routed_expert,0
backbone.layers.1.mixer.experts.60.up_proj,1,Linear,routed_expert,4988928
backbone.layers.1.mixer.experts.60.down_proj,1,Linear,routed_expert,4988928
backbone.layers.1.mixer.experts.60.act_fn,1,ReLUSquaredActivation,routed_expert,0
backbone.layers.1.mixer.experts.61,1,NemotronHMLP,routed_expert,0
backbone.layers.1.mixer.experts.61.up_proj,1,Linear,routed_expert,4988928
backbone.layers.1.mixer.experts.61.down_proj,1,Linear,routed_expert,4988928
backbone.layers.1.mixer.experts.61.act_fn,1,ReLUSquaredActivation,routed_expert,0
backbone.layers.1.mixer.experts.62,1,NemotronHMLP,routed_expert,0
backbone.layers.1.mixer.experts.62.up_proj,1,Linear,routed_expert,4988928
backbone.layers.1.mixer.experts.62.down_proj,1,Linear,routed_expert,4988928
backbone.layers.1.mixer.experts.62.act_fn,1,ReLUSquaredActivation,routed_expert,0
backbone.layers.1.mixer.experts.63,1,NemotronHMLP,routed_expert,0
backbone.layers.1.mixer.experts.63.up_proj,1,Linear,routed_expert,4988928
backbone.layers.1.mixer.experts.63.down_proj,1,Linear,routed_expert,4988928
backbone.layers.1.mixer.experts.63.act_fn,1,ReLUSquaredActivation,routed_expert,0
backbone.layers.1.mixer.experts.64,1,NemotronHMLP,routed_expert,0
backbone.layers.1.mixer.experts.64.up_proj,1,Linear,routed_expert,4988928
backbone.layers.1.mixer.experts.64.down_proj,1,Linear,routed_expert,4988928
backbone.layers.1.mixer.experts.64.act_fn,1,ReLUSquaredActivation,routed_expert,0
backbone.layers.1.mixer.experts.65,1,NemotronHMLP,routed_expert,0
backbone.layers.1.mixer.experts.65.up_proj,1,Linear,routed_expert,4988928
backbone.layers.1.mixer.experts.65.down_proj,1,Linear,routed_expert,4988928
backbone.layers.1.mixer.experts.65.act_fn,1,ReLUSquaredActivation,routed_expert,0
backbone.layers.1.mixer.experts.66,1,NemotronHMLP,routed_expert,0
backbone.layers.1.mixer.experts.66.up_proj,1,Linear,routed_expert,4988928
backbone.layers.1.mixer.experts.66.down_proj,1,Linear,routed_expert,4988928
backbone.layers.1.mixer.experts.66.act_fn,1,ReLUSquaredActivation,routed_expert,0
backbone.layers.1.mixer.experts.67,1,NemotronHMLP,routed_expert,0
backbone.layers.1.mixer.experts.67.up_proj,1,Linear,routed_expert,4988928
backbone.layers.1.mixer.experts.67.down_proj,1,Linear,routed_expert,4988928
backbone.layers.1.mixer.experts.67.act_fn,1,ReLUSquaredActivation,routed_expert,0
backbone.layers.1.mixer.experts.68,1,NemotronHMLP,routed_expert,0
backbone.layers.1.mixer.experts.68.up_proj,1,Linear,routed_expert,4988928
backbone.layers.1.mixer.experts.68.down_proj,1,Linear,routed_expert,4988928
backbone.layers.1.mixer.experts.68.act_fn,1,ReLUSquaredActivation,routed_expert,0
backbone.layers.1.mixer.experts.69,1,NemotronHMLP,routed_expert,0
backbone.layers.1.mixer.experts.69.up_proj,1,Linear,routed_expert,4988928
backbone.layers.1.mixer.experts.69.down_proj,1,Linear,routed_expert,4988928
backbone.layers.1.mixer.experts.69.act_fn,1,ReLUSquaredActivation,routed_expert,0
backbone.layers.1.mixer.experts.70,1,NemotronHMLP,routed_expert,0
backbone.layers.1.mixer.experts.70.up_proj,1,Linear,routed_expert,4988928
backbone.layers.1.mixer.experts.70.down_proj,1,Linear,routed_expert,4988928
backbone.layers.1.mixer.experts.70.act_fn,1,ReLUSquaredActivation,routed_expert,0
backbone.layers.1.mixer.experts.71,1,NemotronHMLP,routed_expert,0
backbone.layers.1.mixer.experts.71.up_proj,1,Linear,routed_expert,4988928
backbone.layers.1.mixer.experts.71.down_proj,1,Linear,routed_expert,4988928
backbone.layers.1.mixer.experts.71.act_fn,1,ReLUSquaredActivation,routed_expert,0
backbone.layers.1.mixer.experts.72,1,NemotronHMLP,routed_expert,0
backbone.layers.1.mixer.experts.72.up_proj,1,Linear,routed_expert,4988928
backbone.layers.1.mixer.experts.72.down_proj,1,Linear,routed_expert,4988928
backbone.layers.1.mixer.experts.72.act_fn,1,ReLUSquaredActivation,routed_expert,0
backbone.layers.1.mixer.experts.73,1,NemotronHMLP,routed_expert,0
backbone.layers.1.mixer.experts.73.up_proj,1,Linear,routed_expert,4988928
backbone.layers.1.mixer.experts.73.down_proj,1,Linear,routed_expert,4988928
backbone.layers.1.mixer.experts.73.act_fn,1,ReLUSquaredActivation,routed_expert,0
backbone.layers.1.mixer.experts.74,1,NemotronHMLP,routed_expert,0
backbone.layers.1.mixer.experts.74.up_proj,1,Linear,routed_expert,4988928
backbone.layers.1.mixer.experts.74.down_proj,1,Linear,routed_expert,4988928
backbone.layers.1.mixer.experts.74.act_fn,1,ReLUSquaredActivation,routed_expert,0
backbone.layers.1.mixer.experts.75,1,NemotronHMLP,routed_expert,0
backbone.layers.1.mixer.experts.75.up_proj,1,Linear,routed_expert,4988928
backbone.layers.1.mixer.experts.75.down_proj,1,Linear,routed_expert,4988928
backbone.layers.1.mixer.experts.75.act_fn,1,ReLUSquaredActivation,routed_expert,0
backbone.layers.1.mixer.experts.76,1,NemotronHMLP,routed_expert,0
backbone.layers.1.mixer.experts.76.up_proj,1,Linear,routed_expert,4988928
backbone.layers.1.mixer.experts.76.down_proj,1,Linear,routed_expert,4988928
backbone.layers.1.mixer.experts.76.act_fn,1,ReLUSquaredActivation,routed_expert,0
backbone.layers.1.mixer.experts.77,1,NemotronHMLP,routed_expert,0
backbone.layers.1.mixer.experts.77.up_proj,1,Linear,routed_expert,4988928
backbone.layers.1.mixer.experts.77.down_proj,1,Linear,routed_expert,4988928
backbone.layers.1.mixer.experts.77.act_fn,1,ReLUSquaredActivation,routed_expert,0
backbone.layers.1.mixer.experts.78,1,NemotronHMLP,routed_expert,0
backbone.layers.1.mixer.experts.78.up_proj,1,Linear,routed_expert,4988928
backbone.layers.1.mixer.experts.78.down_proj,1,Linear,routed_expert,4988928
backbone.layers.1.mixer.experts.78.act_fn,1,ReLUSquaredActivation,routed_expert,0
backbone.layers.1.mixer.experts.79,1,NemotronHMLP,routed_expert,0
backbone.layers.1.mixer.experts.79.up_proj,1,Linear,routed_expert,4988928
backbone.layers.1.mixer.experts.79.down_proj,1,Linear,routed_expert,4988928
backbone.layers.1.mixer.experts.79.act_fn,1,ReLUSquaredActivation,routed_expert,0
backbone.layers.1.mixer.experts.80,1,NemotronHMLP,routed_expert,0
backbone.layers.1.mixer.experts.80.up_proj,1,Linear,routed_expert,4988928
backbone.layers.1.mixer.experts.80.down_proj,1,Linear,routed_expert,4988928
backbone.layers.1.mixer.experts.80.act_fn,1,ReLUSquaredActivation,routed_expert,0
backbone.layers.1.mixer.experts.81,1,NemotronHMLP,routed_expert,0
backbone.layers.1.mixer.experts.81.up_proj,1,Linear,routed_expert,4988928
backbone.layers.1.mixer.experts.81.down_proj,1,Linear,routed_expert,4988928
backbone.layers.1.mixer.experts.81.act_fn,1,ReLUSquaredActivation,routed_expert,0
backbone.layers.1.mixer.experts.82,1,NemotronHMLP,routed_expert,0
backbone.layers.1.mixer.experts.82.up_proj,1,Linear,routed_expert,4988928
backbone.layers.1.mixer.experts.82.down_proj,1,Linear,routed_expert,4988928
backbone.layers.1.mixer.experts.82.act_fn,1,ReLUSquaredActivation,routed_expert,0
backbone.layers.1.mixer.experts.83,1,NemotronHMLP,routed_expert,0
backbone.layers.1.mixer.experts.83.up_proj,1,Linear,routed_expert,4988928
backbone.layers.1.mixer.experts.83.down_proj,1,Linear,routed_expert,4988928
backbone.layers.1.mixer.experts.83.act_fn,1,ReLUSquaredActivation,routed_expert,0
backbone.layers.1.mixer.experts.84,1,NemotronHMLP,routed_expert,0
backbone.layers.1.mixer.experts.84.up_proj,1,Linear,routed_expert,4988928
backbone.layers.1.mixer.experts.84.down_proj,1,Linear,routed_expert,4988928
backbone.layers.1.mixer.experts.84.act_fn,1,ReLUSquaredActivation,routed_expert,0
backbone.layers.1.mixer.experts.85,1,NemotronHMLP,routed_expert,0
backbone.layers.1.mixer.experts.85.up_proj,1,Linear,routed_expert,4988928
backbone.layers.1.mixer.experts.85.down_proj,1,Linear,routed_expert,4988928
backbone.layers.1.mixer.experts.85.act_fn,1,ReLUSquaredActivation,routed_expert,0
backbone.layers.1.mixer.experts.86,1,NemotronHMLP,routed_expert,0
backbone.layers.1.mixer.experts.86.up_proj,1,Linear,routed_expert,4988928
backbone.layers.1.mixer.experts.86.down_proj,1,Linear,routed_expert,4988928
backbone.layers.1.mixer.experts.86.act_fn,1,ReLUSquaredActivation,routed_expert,0
backbone.layers.1.mixer.experts.87,1,NemotronHMLP,routed_expert,0
backbone.layers.1.mixer.experts.87.up_proj,1,Linear,routed_expert,4988928
backbone.layers.1.mixer.experts.87.down_proj,1,Linear,routed_expert,4988928
backbone.layers.1.mixer.experts.87.act_fn,1,ReLUSquaredActivation,routed_expert,0
backbone.layers.1.mixer.experts.88,1,NemotronHMLP,routed_expert,0
backbone.layers.1.mixer.experts.88.up_proj,1,Linear,routed_expert,4988928
backbone.layers.1.mixer.experts.88.down_proj,1,Linear,routed_expert,4988928
backbone.layers.1.mixer.experts.88.act_fn,1,ReLUSquaredActivation,routed_expert,0
backbone.layers.1.mixer.experts.89,1,NemotronHMLP,routed_expert,0
backbone.layers.1.mixer.experts.89.up_proj,1,Linear,routed_expert,4988928
backbone.layers.1.mixer.experts.89.down_proj,1,Linear,routed_expert,4988928
backbone.layers.1.mixer.experts.89.act_fn,1,ReLUSquaredActivation,routed_expert,0
backbone.layers.1.mixer.experts.90,1,NemotronHMLP,routed_expert,0
backbone.layers.1.mixer.experts.90.up_proj,1,Linear,routed_expert,4988928
backbone.layers.1.mixer.experts.90.down_proj,1,Linear,routed_expert,4988928
backbone.layers.1.mixer.experts.90.act_fn,1,ReLUSquaredActivation,routed_expert,0
backbone.layers.1.mixer.experts.91,1,NemotronHMLP,routed_expert,0
backbone.layers.1.mixer.experts.91.up_proj,1,Linear,routed_expert,4988928
backbone.layers.1.mixer.experts.91.down_proj,1,Linear,routed_expert,4988928
backbone.layers.1.mixer.experts.91.act_fn,1,ReLUSquaredActivation,routed_expert,0
backbone.layers.1.mixer.experts.92,1,NemotronHMLP,routed_expert,0
backbone.layers.1.mixer.experts.92.up_proj,1,Linear,routed_expert,4988928
backbone.layers.1.mixer.experts.92.down_proj,1,Linear,routed_expert,4988928
backbone.layers.1.mixer.experts.92.act_fn,1,ReLUSquaredActivation,routed_expert,0
backbone.layers.1.mixer.experts.93,1,NemotronHMLP,routed_expert,0
backbone.layers.1.mixer.experts.93.up_proj,1,Linear,routed_expert,4988928
backbone.layers.1.mixer.experts.93.down_proj,1,Linear,routed_expert,4988928
backbone.layers.1.mixer.experts.93.act_fn,1,ReLUSquaredActivation,routed_expert,0
backbone.layers.1.mixer.experts.94,1,NemotronHMLP,routed_expert,0
backbone.layers.1.mixer.experts.94.up_proj,1,Linear,routed_expert,4988928
backbone.layers.1.mixer.experts.94.down_proj,1,Linear,routed_expert,4988928
backbone.layers.1.mixer.experts.94.act_fn,1,ReLUSquaredActivation,routed_expert,0
backbone.layers.1.mixer.experts.95,1,NemotronHMLP,routed_expert,0
backbone.layers.1.mixer.experts.95.up_proj,1,Linear,routed_expert,4988928
backbone.layers.1.mixer.experts.95.down_proj,1,Linear,routed_expert,4988928
backbone.layers.1.mixer.experts.95.act_fn,1,ReLUSquaredActivation,routed_expert,0
backbone.layers.1.mixer.experts.96,1,NemotronHMLP,routed_expert,0
backbone.layers.1.mixer.experts.96.up_proj,1,Linear,routed_expert,4988928
backbone.layers.1.mixer.experts.96.down_proj,1,Linear,routed_expert,4988928
backbone.layers.1.mixer.experts.96.act_fn,1,ReLUSquaredActivation,routed_expert,0
backbone.layers.1.mixer.experts.97,1,NemotronHMLP,routed_expert,0
backbone.layers.1.mixer.experts.97.up_proj,1,Linear,routed_expert,4988928
backbone.layers.1.mixer.experts.97.down_proj,1,Linear,routed_expert,4988928
backbone.layers.1.mixer.experts.97.act_fn,1,ReLUSquaredActivation,routed_expert,0
backbone.layers.1.mixer.experts.98,1,NemotronHMLP,routed_expert,0
backbone.layers.1.mixer.experts.98.up_proj,1,Linear,routed_expert,4988928
backbone.layers.1.mixer.experts.98.down_proj,1,Linear,routed_expert,4988928
backbone.layers.1.mixer.experts.98.act_fn,1,ReLUSquaredActivation,routed_expert,0
backbone.layers.1.mixer.experts.99,1,NemotronHMLP,routed_expert,0
backbone.layers.1.mixer.experts.99.up_proj,1,Linear,routed_expert,4988928
backbone.layers.1.mixer.experts.99.down_proj,1,Linear,routed_expert,4988928
backbone.layers.1.mixer.experts.99.act_fn,1,ReLUSquaredActivation,routed_expert,0
backbone.layers.1.mixer.experts.100,1,NemotronHMLP,routed_expert,0
backbone.layers.1.mixer.experts.100.up_proj,1,Linear,routed_expert,4988928
backbone.layers.1.mixer.experts.100.down_proj,1,Linear,routed_expert,4988928
backbone.layers.1.mixer.experts.100.act_fn,1,ReLUSquaredActivation,routed_expert,0
backbone.layers.1.mixer.experts.101,1,NemotronHMLP,routed_expert,0
backbone.layers.1.mixer.experts.101.up_proj,1,Linear,routed_expert,4988928
backbone.layers.1.mixer.experts.101.down_proj,1,Linear,routed_expert,4988928
backbone.layers.1.mixer.experts.101.act_fn,1,ReLUSquaredActivation,routed_expert,0
backbone.layers.1.mixer.experts.102,1,NemotronHMLP,routed_expert,0
backbone.layers.1.mixer.experts.102.up_proj,1,Linear,routed_expert,4988928
backbone.layers.1.mixer.experts.102.down_proj,1,Linear,routed_expert,4988928
backbone.layers.1.mixer.experts.102.act_fn,1,ReLUSquaredActivation,routed_expert,0
backbone.layers.1.mixer.experts.103,1,NemotronHMLP,routed_expert,0
backbone.layers.1.mixer.experts.103.up_proj,1,Linear,routed_expert,4988928
backbone.layers.1.mixer.experts.103.down_proj,1,Linear,routed_expert,4988928
backbone.layers.1.mixer.experts.103.act_fn,1,ReLUSquaredActivation,routed_expert,0
backbone.layers.1.mixer.experts.104,1,NemotronHMLP,routed_expert,0
backbone.layers.1.mixer.experts.104.up_proj,1,Linear,routed_expert,4988928
backbone.layers.1.mixer.experts.104.down_proj,1,Linear,routed_expert,4988928
backbone.layers.1.mixer.experts.104.act_fn,1,ReLUSquaredActivation,routed_expert,0
backbone.layers.1.mixer.experts.105,1,NemotronHMLP,routed_expert,0
backbone.layers.1.mixer.experts.105.up_proj,1,Linear,routed_expert,4988928
backbone.layers.1.mixer.experts.105.down_proj,1,Linear,routed_expert,4988928
backbone.layers.1.mixer.experts.105.act_fn,1,ReLUSquaredActivation,routed_expert,0
backbone.layers.1.mixer.experts.106,1,NemotronHMLP,routed_expert,0
backbone.layers.1.mixer.experts.106.up_proj,1,Linear,routed_expert,4988928
backbone.layers.1.mixer.experts.106.down_proj,1,Linear,routed_expert,4988928
backbone.layers.1.mixer.experts.106.act_fn,1,ReLUSquaredActivation,routed_expert,0
backbone.layers.1.mixer.experts.107,1,NemotronHMLP,routed_expert,0
backbone.layers.1.mixer.experts.107.up_proj,1,Linear,routed_expert,4988928
backbone.layers.1.mixer.experts.107.down_proj,1,Linear,routed_expert,4988928
backbone.layers.1.mixer.experts.107.act_fn,1,ReLUSquaredActivation,routed_expert,0
backbone.layers.1.mixer.experts.108,1,NemotronHMLP,routed_expert,0
backbone.layers.1.mixer.experts.108.up_proj,1,Linear,routed_expert,4988928
backbone.layers.1.mixer.experts.108.down_proj,1,Linear,routed_expert,4988928
backbone.layers.1.mixer.experts.108.act_fn,1,ReLUSquaredActivation,routed_expert,0
backbone.layers.1.mixer.experts.109,1,NemotronHMLP,routed_expert,0
backbone.layers.1.mixer.experts.109.up_proj,1,Linear,routed_expert,4988928
backbone.layers.1.mixer.experts.109.down_proj,1,Linear,routed_expert,4988928
backbone.layers.1.mixer.experts.109.act_fn,1,ReLUSquaredActivation,routed_expert,0
backbone.layers.1.mixer.experts.110,1,NemotronHMLP,routed_expert,0
backbone.layers.1.mixer.experts.110.up_proj,1,Linear,routed_expert,4988928
backbone.layers.1.mixer.experts.110.down_proj,1,Linear,routed_expert,4988928
backbone.layers.1.mixer.experts.110.act_fn,1,ReLUSquaredActivation,routed_expert,0
backbone.layers.1.mixer.experts.111,1,NemotronHMLP,routed_expert,0
backbone.layers.1.mixer.experts.111.up_proj,1,Linear,routed_expert,4988928
backbone.layers.1.mixer.experts.111.down_proj,1,Linear,routed_expert,4988928
backbone.layers.1.mixer.experts.111.act_fn,1,ReLUSquaredActivation,routed_expert,0
backbone.layers.1.mixer.experts.112,1,NemotronHMLP,routed_expert,0
backbone.layers.1.mixer.experts.112.up_proj,1,Linear,routed_expert,4988928
backbone.layers.1.mixer.experts.112.down_proj,1,Linear,routed_expert,4988928
backbone.layers.1.mixer.experts.112.act_fn,1,ReLUSquaredActivation,routed_expert,0
backbone.layers.1.mixer.experts.113,1,NemotronHMLP,routed_expert,0
backbone.layers.1.mixer.experts.113.up_proj,1,Linear,routed_expert,4988928
backbone.layers.1.mixer.experts.113.down_proj,1,Linear,routed_expert,4988928
backbone.layers.1.mixer.experts.113.act_fn,1,ReLUSquaredActivation,routed_expert,0
backbone.layers.1.mixer.experts.114,1,NemotronHMLP,routed_expert,0
backbone.layers.1.mixer.experts.114.up_proj,1,Linear,routed_expert,4988928
backbone.layers.1.mixer.experts.114.down_proj,1,Linear,routed_expert,4988928
backbone.layers.1.mixer.experts.114.act_fn,1,ReLUSquaredActivation,routed_expert,0
backbone.layers.1.mixer.experts.115,1,NemotronHMLP,routed_expert,0
backbone.layers.1.mixer.experts.115.up_proj,1,Linear,routed_expert,4988928
backbone.layers.1.mixer.experts.115.down_proj,1,Linear,routed_expert,4988928
backbone.layers.1.mixer.experts.115.act_fn,1,ReLUSquaredActivation,routed_expert,0
backbone.layers.1.mixer.experts.116,1,NemotronHMLP,routed_expert,0
backbone.layers.1.mixer.experts.116.up_proj,1,Linear,routed_expert,4988928
backbone.layers.1.mixer.experts.116.down_proj,1,Linear,routed_expert,4988928
backbone.layers.1.mixer.experts.116.act_fn,1,ReLUSquaredActivation,routed_expert,0
backbone.layers.1.mixer.experts.117,1,NemotronHMLP,routed_expert,0
backbone.layers.1.mixer.experts.117.up_proj,1,Linear,routed_expert,4988928
backbone.layers.1.mixer.experts.117.down_proj,1,Linear,routed_expert,4988928
backbone.layers.1.mixer.experts.117.act_fn,1,ReLUSquaredActivation,routed_expert,0
backbone.layers.1.mixer.experts.118,1,NemotronHMLP,routed_expert,0
backbone.layers.1.mixer.experts.118.up_proj,1,Linear,routed_expert,4988928
backbone.layers.1.mixer.experts.118.down_proj,1,Linear,routed_expert,4988928
backbone.layers.1.mixer.experts.118.act_fn,1,ReLUSquaredActivation,routed_expert,0
backbone.layers.1.mixer.experts.119,1,NemotronHMLP,routed_expert,0
backbone.layers.1.mixer.experts.119.up_proj,1,Linear,routed_expert,4988928
backbone.layers.1.mixer.experts.119.down_proj,1,Linear,routed_expert,4988928
backbone.layers.1.mixer.experts.119.act_fn,1,ReLUSquaredActivation,routed_expert,0
backbone.layers.1.mixer.experts.120,1,NemotronHMLP,routed_expert,0
backbone.layers.1.mixer.experts.120.up_proj,1,Linear,routed_expert,4988928
backbone.layers.1.mixer.experts.120.down_proj,1,Linear,routed_expert,4988928
backbone.layers.1.mixer.experts.120.act_fn,1,ReLUSquaredActivation,routed_expert,0
backbone.layers.1.mixer.experts.121,1,NemotronHMLP,routed_expert,0
backbone.layers.1.mixer.experts.121.up_proj,1,Linear,routed_expert,4988928
backbone.layers.1.mixer.experts.121.down_proj,1,Linear,routed_expert,4988928
backbone.layers.1.mixer.experts.121.act_fn,1,ReLUSquaredActivation,routed_expert,0
backbone.layers.1.mixer.experts.122,1,NemotronHMLP,routed_expert,0
backbone.layers.1.mixer.experts.122.up_proj,1,Linear,routed_expert,4988928
backbone.layers.1.mixer.experts.122.down_proj,1,Linear,routed_expert,4988928
backbone.layers.1.mixer.experts.122.act_fn,1,ReLUSquaredActivation,routed_expert,0
backbone.layers.1.mixer.experts.123,1,NemotronHMLP,routed_expert,0
backbone.layers.1.mixer.experts.123.up_proj,1,Linear,routed_expert,4988928
backbone.layers.1.mixer.experts.123.down_proj,1,Linear,routed_expert,4988928
backbone.layers.1.mixer.experts.123.act_fn,1,ReLUSquaredActivation,routed_expert,0
backbone.layers.1.mixer.experts.124,1,NemotronHMLP,routed_expert,0
backbone.layers.1.mixer.experts.124.up_proj,1,Linear,routed_expert,4988928
backbone.layers.1.mixer.experts.124.down_proj,1,Linear,routed_expert,4988928
backbone.layers.1.mixer.experts.124.act_fn,1,ReLUSquaredActivation,routed_expert,0
backbone.layers.1.mixer.experts.125,1,NemotronHMLP,routed_expert,0
backbone.layers.1.mixer.experts.125.up_proj,1,Linear,routed_expert,4988928
backbone.layers.1.mixer.experts.125.down_proj,1,Linear,routed_expert,4988928
backbone.layers.1.mixer.experts.125.act_fn,1,ReLUSquaredActivation,routed_expert,0
backbone.layers.1.mixer.experts.126,1,NemotronHMLP,routed_expert,0
backbone.layers.1.mixer.experts.126.up_proj,1,Linear,routed_expert,4988928
backbone.layers.1.mixer.experts.126.down_proj,1,Linear,routed_expert,4988928
backbone.layers.1.mixer.experts.126.act_fn,1,ReLUSquaredActivation,routed_expert,0
backbone.layers.1.mixer.experts.127,1,NemotronHMLP,routed_expert,0
backbone.layers.1.mixer.experts.127.up_proj,1,Linear,routed_expert,4988928
backbone.layers.1.mixer.experts.127.down_proj,1,Linear,routed_expert,4988928
backbone.layers.1.mixer.experts.127.act_fn,1,ReLUSquaredActivation,routed_expert,0
backbone.layers.1.mixer.gate,1,NemotronHTopkRouter,router,344064
backbone.layers.1.mixer.shared_experts,1,NemotronHMLP,other,0
backbone.layers.1.mixer.shared_experts.up_proj,1,Linear,shared_expert,9977856
backbone.layers.1.mixer.shared_experts.down_proj,1,Linear,shared_expert,9977856
backbone.layers.1.mixer.shared_experts.act_fn,1,ReLUSquaredActivation,shared_expert,0
backbone.layers.2,2,NemotronHBlock,other,0
backbone.layers.2.norm,2,NemotronHRMSNorm,other,2688
backbone.layers.2.mixer,2,NemotronHMamba2Mixer,mamba,192
backbone.layers.2.mixer.act,2,SiLUActivation,other,0
backbone.layers.2.mixer.conv1d,2,Conv1d,other,30720
backbone.layers.2.mixer.in_proj,2,Linear,mamba_projection,27697152
backbone.layers.2.mixer.norm,2,MambaRMSNormGated,mamba,4096
backbone.layers.2.mixer.out_proj,2,Linear,mamba_projection,11010048
backbone.layers.3,3,NemotronHBlock,other,0
backbone.layers.3.norm,3,NemotronHRMSNorm,other,2688
backbone.layers.3.mixer,3,NemotronHMOE,moe,0
backbone.layers.3.mixer.experts,3,ModuleList,other,0
backbone.layers.3.mixer.experts.0,3,NemotronHMLP,routed_expert,0
backbone.layers.3.mixer.experts.0.up_proj,3,Linear,routed_expert,4988928
backbone.layers.3.mixer.experts.0.down_proj,3,Linear,routed_expert,4988928
backbone.layers.3.mixer.experts.0.act_fn,3,ReLUSquaredActivation,routed_expert,0
backbone.layers.3.mixer.experts.1,3,NemotronHMLP,routed_expert,0
backbone.layers.3.mixer.experts.1.up_proj,3,Linear,routed_expert,4988928
backbone.layers.3.mixer.experts.1.down_proj,3,Linear,routed_expert,4988928
backbone.layers.3.mixer.experts.1.act_fn,3,ReLUSquaredActivation,routed_expert,0
backbone.layers.3.mixer.experts.2,3,NemotronHMLP,routed_expert,0
backbone.layers.3.mixer.experts.2.up_proj,3,Linear,routed_expert,4988928
backbone.layers.3.mixer.experts.2.down_proj,3,Linear,routed_expert,4988928
backbone.layers.3.mixer.experts.2.act_fn,3,ReLUSquaredActivation,routed_expert,0
backbone.layers.3.mixer.experts.3,3,NemotronHMLP,routed_expert,0
backbone.layers.3.mixer.experts.3.up_proj,3,Linear,routed_expert,4988928
backbone.layers.3.mixer.experts.3.down_proj,3,Linear,routed_expert,4988928
backbone.layers.3.mixer.experts.3.act_fn,3,ReLUSquaredActivation,routed_expert,0
backbone.layers.3.mixer.experts.4,3,NemotronHMLP,routed_expert,0
backbone.layers.3.mixer.experts.4.up_proj,3,Linear,routed_expert,4988928
backbone.layers.3.mixer.experts.4.down_proj,3,Linear,routed_expert,4988928
backbone.layers.3.mixer.experts.4.act_fn,3,ReLUSquaredActivation,routed_expert,0
backbone.layers.3.mixer.experts.5,3,NemotronHMLP,routed_expert,0
backbone.layers.3.mixer.experts.5.up_proj,3,Linear,routed_expert,4988928
backbone.layers.3.mixer.experts.5.down_proj,3,Linear,routed_expert,4988928
backbone.layers.3.mixer.experts.5.act_fn,3,ReLUSquaredActivation,routed_expert,0
backbone.layers.3.mixer.experts.6,3,NemotronHMLP,routed_expert,0
backbone.layers.3.mixer.experts.6.up_proj,3,Linear,routed_expert,4988928
backbone.layers.3.mixer.experts.6.down_proj,3,Linear,routed_expert,4988928
backbone.layers.3.mixer.experts.6.act_fn,3,ReLUSquaredActivation,routed_expert,0
backbone.layers.3.mixer.experts.7,3,NemotronHMLP,routed_expert,0
backbone.layers.3.mixer.experts.7.up_proj,3,Linear,routed_expert,4988928
backbone.layers.3.mixer.experts.7.down_proj,3,Linear,routed_expert,4988928
backbone.layers.3.mixer.experts.7.act_fn,3,ReLUSquaredActivation,routed_expert,0
backbone.layers.3.mixer.experts.8,3,NemotronHMLP,routed_expert,0
backbone.layers.3.mixer.experts.8.up_proj,3,Linear,routed_expert,4988928
backbone.layers.3.mixer.experts.8.down_proj,3,Linear,routed_expert,4988928
backbone.layers.3.mixer.experts.8.act_fn,3,ReLUSquaredActivation,routed_expert,0
backbone.layers.3.mixer.experts.9,3,NemotronHMLP,routed_expert,0
backbone.layers.3.mixer.experts.9.up_proj,3,Linear,routed_expert,4988928
backbone.layers.3.mixer.experts.9.down_proj,3,Linear,routed_expert,4988928
backbone.layers.3.mixer.experts.9.act_fn,3,ReLUSquaredActivation,routed_expert,0
backbone.layers.3.mixer.experts.10,3,NemotronHMLP,routed_expert,0
backbone.layers.3.mixer.experts.10.up_proj,3,Linear,routed_expert,4988928
backbone.layers.3.mixer.experts.10.down_proj,3,Linear,routed_expert,4988928
backbone.layers.3.mixer.experts.10.act_fn,3,ReLUSquaredActivation,routed_expert,0
backbone.layers.3.mixer.experts.11,3,NemotronHMLP,routed_expert,0
backbone.layers.3.mixer.experts.11.up_proj,3,Linear,routed_expert,4988928
backbone.layers.3.mixer.experts.11.down_proj,3,Linear,routed_expert,4988928
backbone.layers.3.mixer.experts.11.act_fn,3,ReLUSquaredActivation,routed_expert,0
backbone.layers.3.mixer.experts.12,3,NemotronHMLP,routed_expert,0
backbone.layers.3.mixer.experts.12.up_proj,3,Linear,routed_expert,4988928
backbone.layers.3.mixer.experts.12.down_proj,3,Linear,routed_expert,4988928
backbone.layers.3.mixer.experts.12.act_fn,3,ReLUSquaredActivation,routed_expert,0
backbone.layers.3.mixer.experts.13,3,NemotronHMLP,routed_expert,0
backbone.layers.3.mixer.experts.13.up_proj,3,Linear,routed_expert,4988928
backbone.layers.3.mixer.experts.13.down_proj,3,Linear,routed_expert,4988928
backbone.layers.3.mixer.experts.13.act_fn,3,ReLUSquaredActivation,routed_expert,0
backbone.layers.3.mixer.experts.14,3,NemotronHMLP,routed_expert,0
backbone.layers.3.mixer.experts.14.up_proj,3,Linear,routed_expert,4988928
backbone.layers.3.mixer.experts.14.down_proj,3,Linear,routed_expert,4988928
backbone.layers.3.mixer.experts.14.act_fn,3,ReLUSquaredActivation,routed_expert,0
backbone.layers.3.mixer.experts.15,3,NemotronHMLP,routed_expert,0
backbone.layers.3.mixer.experts.15.up_proj,3,Linear,routed_expert,4988928
backbone.layers.3.mixer.experts.15.down_proj,3,Linear,routed_expert,4988928
backbone.layers.3.mixer.experts.15.act_fn,3,ReLUSquaredActivation,routed_expert,0
backbone.layers.3.mixer.experts.16,3,NemotronHMLP,routed_expert,0
backbone.layers.3.mixer.experts.16.up_proj,3,Linear,routed_expert,4988928
backbone.layers.3.mixer.experts.16.down_proj,3,Linear,routed_expert,4988928
backbone.layers.3.mixer.experts.16.act_fn,3,ReLUSquaredActivation,routed_expert,0
backbone.layers.3.mixer.experts.17,3,NemotronHMLP,routed_expert,0
backbone.layers.3.mixer.experts.17.up_proj,3,Linear,routed_expert,4988928
backbone.layers.3.mixer.experts.17.down_proj,3,Linear,routed_expert,4988928
backbone.layers.3.mixer.experts.17.act_fn,3,ReLUSquaredActivation,routed_expert,0
backbone.layers.3.mixer.experts.18,3,NemotronHMLP,routed_expert,0
backbone.layers.3.mixer.experts.18.up_proj,3,Linear,routed_expert,4988928
backbone.layers.3.mixer.experts.18.down_proj,3,Linear,routed_expert,4988928
backbone.layers.3.mixer.experts.18.act_fn,3,ReLUSquaredActivation,routed_expert,0
backbone.layers.3.mixer.experts.19,3,NemotronHMLP,routed_expert,0
backbone.layers.3.mixer.experts.19.up_proj,3,Linear,routed_expert,4988928
backbone.layers.3.mixer.experts.19.down_proj,3,Linear,routed_expert,4988928
backbone.layers.3.mixer.experts.19.act_fn,3,ReLUSquaredActivation,routed_expert,0
backbone.layers.3.mixer.experts.20,3,NemotronHMLP,routed_expert,0
backbone.layers.3.mixer.experts.20.up_proj,3,Linear,routed_expert,4988928
backbone.layers.3.mixer.experts.20.down_proj,3,Linear,routed_expert,4988928
backbone.layers.3.mixer.experts.20.act_fn,3,ReLUSquaredActivation,routed_expert,0
backbone.layers.3.mixer.experts.21,3,NemotronHMLP,routed_expert,0
backbone.layers.3.mixer.experts.21.up_proj,3,Linear,routed_expert,4988928
backbone.layers.3.mixer.experts.21.down_proj,3,Linear,routed_expert,4988928
backbone.layers.3.mixer.experts.21.act_fn,3,ReLUSquaredActivation,routed_expert,0
backbone.layers.3.mixer.experts.22,3,NemotronHMLP,routed_expert,0
backbone.layers.3.mixer.experts.22.up_proj,3,Linear,routed_expert,4988928
backbone.layers.3.mixer.experts.22.down_proj,3,Linear,routed_expert,4988928
backbone.layers.3.mixer.experts.22.act_fn,3,ReLUSquaredActivation,routed_expert,0
backbone.layers.3.mixer.experts.23,3,NemotronHMLP,routed_expert,0
backbone.layers.3.mixer.experts.23.up_proj,3,Linear,routed_expert,4988928
backbone.layers.3.mixer.experts.23.down_proj,3,Linear,routed_expert,4988928
backbone.layers.3.mixer.experts.23.act_fn,3,ReLUSquaredActivation,routed_expert,0
backbone.layers.3.mixer.experts.24,3,NemotronHMLP,routed_expert,0
backbone.layers.3.mixer.experts.24.up_proj,3,Linear,routed_expert,4988928
backbone.layers.3.mixer.experts.24.down_proj,3,Linear,routed_expert,4988928
backbone.layers.3.mixer.experts.24.act_fn,3,ReLUSquaredActivation,routed_expert,0
backbone.layers.3.mixer.experts.25,3,NemotronHMLP,routed_expert,0
backbone.layers.3.mixer.experts.25.up_proj,3,Linear,routed_expert,4988928
backbone.layers.3.mixer.experts.25.down_proj,3,Linear,routed_expert,4988928
backbone.layers.3.mixer.experts.25.act_fn,3,ReLUSquaredActivation,routed_expert,0
backbone.layers.3.mixer.experts.26,3,NemotronHMLP,routed_expert,0
backbone.layers.3.mixer.experts.26.up_proj,3,Linear,routed_expert,4988928
backbone.layers.3.mixer.experts.26.down_proj,3,Linear,routed_expert,4988928
backbone.layers.3.mixer.experts.26.act_fn,3,ReLUSquaredActivation,routed_expert,0
backbone.layers.3.mixer.experts.27,3,NemotronHMLP,routed_expert,0
backbone.layers.3.mixer.experts.27.up_proj,3,Linear,routed_expert,4988928
backbone.layers.3.mixer.experts.27.down_proj,3,Linear,routed_expert,4988928
backbone.layers.3.mixer.experts.27.act_fn,3,ReLUSquaredActivation,routed_expert,0
backbone.layers.3.mixer.experts.28,3,NemotronHMLP,routed_expert,0
backbone.layers.3.mixer.experts.28.up_proj,3,Linear,routed_expert,4988928
backbone.layers.3.mixer.experts.28.down_proj,3,Linear,routed_expert,4988928
backbone.layers.3.mixer.experts.28.act_fn,3,ReLUSquaredActivation,routed_expert,0
backbone.layers.3.mixer.experts.29,3,NemotronHMLP,routed_expert,0
backbone.layers.3.mixer.experts.29.up_proj,3,Linear,routed_expert,4988928
backbone.layers.3.mixer.experts.29.down_proj,3,Linear,routed_expert,4988928
backbone.layers.3.mixer.experts.29.act_fn,3,ReLUSquaredActivation,routed_expert,0
backbone.layers.3.mixer.experts.30,3,NemotronHMLP,routed_expert,0
backbone.layers.3.mixer.experts.30.up_proj,3,Linear,routed_expert,4988928
backbone.layers.3.mixer.experts.30.down_proj,3,Linear,routed_expert,4988928
backbone.layers.3.mixer.experts.30.act_fn,3,ReLUSquaredActivation,routed_expert,0
backbone.layers.3.mixer.experts.31,3,NemotronHMLP,routed_expert,0
backbone.layers.3.mixer.experts.31.up_proj,3,Linear,routed_expert,4988928
backbone.layers.3.mixer.experts.31.down_proj,3,Linear,routed_expert,4988928
backbone.layers.3.mixer.experts.31.act_fn,3,ReLUSquaredActivation,routed_expert,0
backbone.layers.3.mixer.experts.32,3,NemotronHMLP,routed_expert,0
backbone.layers.3.mixer.experts.32.up_proj,3,Linear,routed_expert,4988928
backbone.layers.3.mixer.experts.32.down_proj,3,Linear,routed_expert,4988928
backbone.layers.3.mixer.experts.32.act_fn,3,ReLUSquaredActivation,routed_expert,0
backbone.layers.3.mixer.experts.33,3,NemotronHMLP,routed_expert,0
backbone.layers.3.mixer.experts.33.up_proj,3,Linear,routed_expert,4988928
backbone.layers.3.mixer.experts.33.down_proj,3,Linear,routed_expert,4988928
backbone.layers.3.mixer.experts.33.act_fn,3,ReLUSquaredActivation,routed_expert,0
backbone.layers.3.mixer.experts.34,3,NemotronHMLP,routed_expert,0
backbone.layers.3.mixer.experts.34.up_proj,3,Linear,routed_expert,4988928
backbone.layers.3.mixer.experts.34.down_proj,3,Linear,routed_expert,4988928
backbone.layers.3.mixer.experts.34.act_fn,3,ReLUSquaredActivation,routed_expert,0
backbone.layers.3.mixer.experts.35,3,NemotronHMLP,routed_expert,0
backbone.layers.3.mixer.experts.35.up_proj,3,Linear,routed_expert,4988928
backbone.layers.3.mixer.experts.35.down_proj,3,Linear,routed_expert,4988928
backbone.layers.3.mixer.experts.35.act_fn,3,ReLUSquaredActivation,routed_expert,0
backbone.layers.3.mixer.experts.36,3,NemotronHMLP,routed_expert,0
backbone.layers.3.mixer.experts.36.up_proj,3,Linear,routed_expert,4988928
backbone.layers.3.mixer.experts.36.down_proj,3,Linear,routed_expert,4988928
backbone.layers.3.mixer.experts.36.act_fn,3,ReLUSquaredActivation,routed_expert,0
backbone.layers.3.mixer.experts.37,3,NemotronHMLP,routed_expert,0
backbone.layers.3.mixer.experts.37.up_proj,3,Linear,routed_expert,4988928
backbone.layers.3.mixer.experts.37.down_proj,3,Linear,routed_expert,4988928
backbone.layers.3.mixer.experts.37.act_fn,3,ReLUSquaredActivation,routed_expert,0
backbone.layers.3.mixer.experts.38,3,NemotronHMLP,routed_expert,0
backbone.layers.3.mixer.experts.38.up_proj,3,Linear,routed_expert,4988928
backbone.layers.3.mixer.experts.38.down_proj,3,Linear,routed_expert,4988928
backbone.layers.3.mixer.experts.38.act_fn,3,ReLUSquaredActivation,routed_expert,0
backbone.layers.3.mixer.experts.39,3,NemotronHMLP,routed_expert,0
backbone.layers.3.mixer.experts.39.up_proj,3,Linear,routed_expert,4988928
backbone.layers.3.mixer.experts.39.down_proj,3,Linear,routed_expert,4988928
backbone.layers.3.mixer.experts.39.act_fn,3,ReLUSquaredActivation,routed_expert,0
backbone.layers.3.mixer.experts.40,3,NemotronHMLP,routed_expert,0
backbone.layers.3.mixer.experts.40.up_proj,3,Linear,routed_expert,4988928
backbone.layers.3.mixer.experts.40.down_proj,3,Linear,routed_expert,4988928
backbone.layers.3.mixer.experts.40.act_fn,3,ReLUSquaredActivation,routed_expert,0
backbone.layers.3.mixer.experts.41,3,NemotronHMLP,routed_expert,0
backbone.layers.3.mixer.experts.41.up_proj,3,Linear,routed_expert,4988928
backbone.layers.3.mixer.experts.41.down_proj,3,Linear,routed_expert,4988928
backbone.layers.3.mixer.experts.41.act_fn,3,ReLUSquaredActivation,routed_expert,0
backbone.layers.3.mixer.experts.42,3,NemotronHMLP,routed_expert,0
backbone.layers.3.mixer.experts.42.up_proj,3,Linear,routed_expert,4988928
backbone.layers.3.mixer.experts.42.down_proj,3,Linear,routed_expert,4988928
backbone.layers.3.mixer.experts.42.act_fn,3,ReLUSquaredActivation,routed_expert,0
backbone.layers.3.mixer.experts.43,3,NemotronHMLP,routed_expert,0
backbone.layers.3.mixer.experts.43.up_proj,3,Linear,routed_expert,4988928
backbone.layers.3.mixer.experts.43.down_proj,3,Linear,routed_expert,4988928
backbone.layers.3.mixer.experts.43.act_fn,3,ReLUSquaredActivation,routed_expert,0
backbone.layers.3.mixer.experts.44,3,NemotronHMLP,routed_expert,0
backbone.layers.3.mixer.experts.44.up_proj,3,Linear,routed_expert,4988928
backbone.layers.3.mixer.experts.44.down_proj,3,Linear,routed_expert,4988928
backbone.layers.3.mixer.experts.44.act_fn,3,ReLUSquaredActivation,routed_expert,0
backbone.layers.3.mixer.experts.45,3,NemotronHMLP,routed_expert,0
backbone.layers.3.mixer.experts.45.up_proj,3,Linear,routed_expert,4988928
backbone.layers.3.mixer.experts.45.down_proj,3,Linear,routed_expert,4988928
backbone.layers.3.mixer.experts.45.act_fn,3,ReLUSquaredActivation,routed_expert,0
backbone.layers.3.mixer.experts.46,3,NemotronHMLP,routed_expert,0
backbone.layers.3.mixer.experts.46.up_proj,3,Linear,routed_expert,4988928
backbone.layers.3.mixer.experts.46.down_proj,3,Linear,routed_expert,4988928
backbone.layers.3.mixer.experts.46.act_fn,3,ReLUSquaredActivation,routed_expert,0
backbone.layers.3.mixer.experts.47,3,NemotronHMLP,routed_expert,0
backbone.layers.3.mixer.experts.47.up_proj,3,Linear,routed_expert,4988928
backbone.layers.3.mixer.experts.47.down_proj,3,Linear,routed_expert,4988928
backbone.layers.3.mixer.experts.47.act_fn,3,ReLUSquaredActivation,routed_expert,0
backbone.layers.3.mixer.experts.48,3,NemotronHMLP,routed_expert,0
backbone.layers.3.mixer.experts.48.up_proj,3,Linear,routed_expert,4988928
backbone.layers.3.mixer.experts.48.down_proj,3,Linear,routed_expert,4988928
backbone.layers.3.mixer.experts.48.act_fn,3,ReLUSquaredActivation,routed_expert,0
backbone.layers.3.mixer.experts.49,3,NemotronHMLP,routed_expert,0
backbone.layers.3.mixer.experts.49.up_proj,3,Linear,routed_expert,4988928
backbone.layers.3.mixer.experts.49.down_proj,3,Linear,routed_expert,4988928
backbone.layers.3.mixer.experts.49.act_fn,3,ReLUSquaredActivation,routed_expert,0
backbone.layers.3.mixer.experts.50,3,NemotronHMLP,routed_expert,0
backbone.layers.3.mixer.experts.50.up_proj,3,Linear,routed_expert,4988928
backbone.layers.3.mixer.experts.50.down_proj,3,Linear,routed_expert,4988928
backbone.layers.3.mixer.experts.50.act_fn,3,ReLUSquaredActivation,routed_expert,0
backbone.layers.3.mixer.experts.51,3,NemotronHMLP,routed_expert,0
backbone.layers.3.mixer.experts.51.up_proj,3,Linear,routed_expert,4988928
backbone.layers.3.mixer.experts.51.down_proj,3,Linear,routed_expert,4988928
backbone.layers.3.mixer.experts.51.act_fn,3,ReLUSquaredActivation,routed_expert,0
backbone.layers.3.mixer.experts.52,3,NemotronHMLP,routed_expert,0
backbone.layers.3.mixer.experts.52.up_proj,3,Linear,routed_expert,4988928
backbone.layers.3.mixer.experts.52.down_proj,3,Linear,routed_expert,4988928
backbone.layers.3.mixer.experts.52.act_fn,3,ReLUSquaredActivation,routed_expert,0
backbone.layers.3.mixer.experts.53,3,NemotronHMLP,routed_expert,0
backbone.layers.3.mixer.experts.53.up_proj,3,Linear,routed_expert,4988928
backbone.layers.3.mixer.experts.53.down_proj,3,Linear,routed_expert,4988928
backbone.layers.3.mixer.experts.53.act_fn,3,ReLUSquaredActivation,routed_expert,0
backbone.layers.3.mixer.experts.54,3,NemotronHMLP,routed_expert,0
backbone.layers.3.mixer.experts.54.up_proj,3,Linear,routed_expert,4988928
backbone.layers.3.mixer.experts.54.down_proj,3,Linear,routed_expert,4988928
backbone.layers.3.mixer.experts.54.act_fn,3,ReLUSquaredActivation,routed_expert,0
backbone.layers.3.mixer.experts.55,3,NemotronHMLP,routed_expert,0
backbone.layers.3.mixer.experts.55.up_proj,3,Linear,routed_expert,4988928
backbone.layers.3.mixer.experts.55.down_proj,3,Linear,routed_expert,4988928
backbone.layers.3.mixer.experts.55.act_fn,3,ReLUSquaredActivation,routed_expert,0
backbone.layers.3.mixer.experts.56,3,NemotronHMLP,routed_expert,0
backbone.layers.3.mixer.experts.56.up_proj,3,Linear,routed_expert,4988928
backbone.layers.3.mixer.experts.56.down_proj,3,Linear,routed_expert,4988928
backbone.layers.3.mixer.experts.56.act_fn,3,ReLUSquaredActivation,routed_expert,0
backbone.layers.3.mixer.experts.57,3,NemotronHMLP,routed_expert,0
backbone.layers.3.mixer.experts.57.up_proj,3,Linear,routed_expert,4988928
backbone.layers.3.mixer.experts.57.down_proj,3,Linear,routed_expert,4988928
backbone.layers.3.mixer.experts.57.act_fn,3,ReLUSquaredActivation,routed_expert,0
backbone.layers.3.mixer.experts.58,3,NemotronHMLP,routed_expert,0
backbone.layers.3.mixer.experts.58.up_proj,3,Linear,routed_expert,4988928
backbone.layers.3.mixer.experts.58.down_proj,3,Linear,routed_expert,4988928
backbone.layers.3.mixer.experts.58.act_fn,3,ReLUSquaredActivation,routed_expert,0
backbone.layers.3.mixer.experts.59,3,NemotronHMLP,routed_expert,0
backbone.layers.3.mixer.experts.59.up_proj,3,Linear,routed_expert,4988928
backbone.layers.3.mixer.experts.59.down_proj,3,Linear,routed_expert,4988928
backbone.layers.3.mixer.experts.59.act_fn,3,ReLUSquaredActivation,routed_expert,0
backbone.layers.3.mixer.experts.60,3,NemotronHMLP,routed_expert,0
backbone.layers.3.mixer.experts.60.up_proj,3,Linear,routed_expert,4988928
backbone.layers.3.mixer.experts.60.down_proj,3,Linear,routed_expert,4988928
backbone.layers.3.mixer.experts.60.act_fn,3,ReLUSquaredActivation,routed_expert,0
backbone.layers.3.mixer.experts.61,3,NemotronHMLP,routed_expert,0
backbone.layers.3.mixer.experts.61.up_proj,3,Linear,routed_expert,4988928
backbone.layers.3.mixer.experts.61.down_proj,3,Linear,routed_expert,4988928
backbone.layers.3.mixer.experts.61.act_fn,3,ReLUSquaredActivation,routed_expert,0
backbone.layers.3.mixer.experts.62,3,NemotronHMLP,routed_expert,0
backbone.layers.3.mixer.experts.62.up_proj,3,Linear,routed_expert,4988928
backbone.layers.3.mixer.experts.62.down_proj,3,Linear,routed_expert,4988928
backbone.layers.3.mixer.experts.62.act_fn,3,ReLUSquaredActivation,routed_expert,0
backbone.layers.3.mixer.experts.63,3,NemotronHMLP,routed_expert,0
backbone.layers.3.mixer.experts.63.up_proj,3,Linear,routed_expert,4988928
backbone.layers.3.mixer.experts.63.down_proj,3,Linear,routed_expert,4988928
backbone.layers.3.mixer.experts.63.act_fn,3,ReLUSquaredActivation,routed_expert,0
backbone.layers.3.mixer.experts.64,3,NemotronHMLP,routed_expert,0
backbone.layers.3.mixer.experts.64.up_proj,3,Linear,routed_expert,4988928
backbone.layers.3.mixer.experts.64.down_proj,3,Linear,routed_expert,4988928
backbone.layers.3.mixer.experts.64.act_fn,3,ReLUSquaredActivation,routed_expert,0
backbone.layers.3.mixer.experts.65,3,NemotronHMLP,routed_expert,0
backbone.layers.3.mixer.experts.65.up_proj,3,Linear,routed_expert,4988928
backbone.layers.3.mixer.experts.65.down_proj,3,Linear,routed_expert,4988928
backbone.layers.3.mixer.experts.65.act_fn,3,ReLUSquaredActivation,routed_expert,0
backbone.layers.3.mixer.experts.66,3,NemotronHMLP,routed_expert,0
backbone.layers.3.mixer.experts.66.up_proj,3,Linear,routed_expert,4988928
backbone.layers.3.mixer.experts.66.down_proj,3,Linear,routed_expert,4988928
backbone.layers.3.mixer.experts.66.act_fn,3,ReLUSquaredActivation,routed_expert,0
backbone.layers.3.mixer.experts.67,3,NemotronHMLP,routed_expert,0
backbone.layers.3.mixer.experts.67.up_proj,3,Linear,routed_expert,4988928
backbone.layers.3.mixer.experts.67.down_proj,3,Linear,routed_expert,4988928
backbone.layers.3.mixer.experts.67.act_fn,3,ReLUSquaredActivation,routed_expert,0
backbone.layers.3.mixer.experts.68,3,NemotronHMLP,routed_expert,0
backbone.layers.3.mixer.experts.68.up_proj,3,Linear,routed_expert,4988928
backbone.layers.3.mixer.experts.68.down_proj,3,Linear,routed_expert,4988928
backbone.layers.3.mixer.experts.68.act_fn,3,ReLUSquaredActivation,routed_expert,0
backbone.layers.3.mixer.experts.69,3,NemotronHMLP,routed_expert,0
backbone.layers.3.mixer.experts.69.up_proj,3,Linear,routed_expert,4988928
backbone.layers.3.mixer.experts.69.down_proj,3,Linear,routed_expert,4988928
backbone.layers.3.mixer.experts.69.act_fn,3,ReLUSquaredActivation,routed_expert,0
backbone.layers.3.mixer.experts.70,3,NemotronHMLP,routed_expert,0
backbone.layers.3.mixer.experts.70.up_proj,3,Linear,routed_expert,4988928
backbone.layers.3.mixer.experts.70.down_proj,3,Linear,routed_expert,4988928
backbone.layers.3.mixer.experts.70.act_fn,3,ReLUSquaredActivation,routed_expert,0
backbone.layers.3.mixer.experts.71,3,NemotronHMLP,routed_expert,0
backbone.layers.3.mixer.experts.71.up_proj,3,Linear,routed_expert,4988928
backbone.layers.3.mixer.experts.71.down_proj,3,Linear,routed_expert,4988928
backbone.layers.3.mixer.experts.71.act_fn,3,ReLUSquaredActivation,routed_expert,0
backbone.layers.3.mixer.experts.72,3,NemotronHMLP,routed_expert,0
backbone.layers.3.mixer.experts.72.up_proj,3,Linear,routed_expert,4988928
backbone.layers.3.mixer.experts.72.down_proj,3,Linear,routed_expert,4988928
backbone.layers.3.mixer.experts.72.act_fn,3,ReLUSquaredActivation,routed_expert,0
backbone.layers.3.mixer.experts.73,3,NemotronHMLP,routed_expert,0
backbone.layers.3.mixer.experts.73.up_proj,3,Linear,routed_expert,4988928
backbone.layers.3.mixer.experts.73.down_proj,3,Linear,routed_expert,4988928
backbone.layers.3.mixer.experts.73.act_fn,3,ReLUSquaredActivation,routed_expert,0
backbone.layers.3.mixer.experts.74,3,NemotronHMLP,routed_expert,0
backbone.layers.3.mixer.experts.74.up_proj,3,Linear,routed_expert,4988928
backbone.layers.3.mixer.experts.74.down_proj,3,Linear,routed_expert,4988928
backbone.layers.3.mixer.experts.74.act_fn,3,ReLUSquaredActivation,routed_expert,0
backbone.layers.3.mixer.experts.75,3,NemotronHMLP,routed_expert,0
backbone.layers.3.mixer.experts.75.up_proj,3,Linear,routed_expert,4988928
backbone.layers.3.mixer.experts.75.down_proj,3,Linear,routed_expert,4988928
backbone.layers.3.mixer.experts.75.act_fn,3,ReLUSquaredActivation,routed_expert,0
backbone.layers.3.mixer.experts.76,3,NemotronHMLP,routed_expert,0
backbone.layers.3.mixer.experts.76.up_proj,3,Linear,routed_expert,4988928
backbone.layers.3.mixer.experts.76.down_proj,3,Linear,routed_expert,4988928
backbone.layers.3.mixer.experts.76.act_fn,3,ReLUSquaredActivation,routed_expert,0
backbone.layers.3.mixer.experts.77,3,NemotronHMLP,routed_expert,0
backbone.layers.3.mixer.experts.77.up_proj,3,Linear,routed_expert,4988928
backbone.layers.3.mixer.experts.77.down_proj,3,Linear,routed_expert,4988928
backbone.layers.3.mixer.experts.77.act_fn,3,ReLUSquaredActivation,routed_expert,0
backbone.layers.3.mixer.experts.78,3,NemotronHMLP,routed_expert,0
backbone.layers.3.mixer.experts.78.up_proj,3,Linear,routed_expert,4988928
backbone.layers.3.mixer.experts.78.down_proj,3,Linear,routed_expert,4988928
backbone.layers.3.mixer.experts.78.act_fn,3,ReLUSquaredActivation,routed_expert,0
backbone.layers.3.mixer.experts.79,3,NemotronHMLP,routed_expert,0
backbone.layers.3.mixer.experts.79.up_proj,3,Linear,routed_expert,4988928
backbone.layers.3.mixer.experts.79.down_proj,3,Linear,routed_expert,4988928
backbone.layers.3.mixer.experts.79.act_fn,3,ReLUSquaredActivation,routed_expert,0
backbone.layers.3.mixer.experts.80,3,NemotronHMLP,routed_expert,0
backbone.layers.3.mixer.experts.80.up_proj,3,Linear,routed_expert,4988928
backbone.layers.3.mixer.experts.80.down_proj,3,Linear,routed_expert,4988928
backbone.layers.3.mixer.experts.80.act_fn,3,ReLUSquaredActivation,routed_expert,0
backbone.layers.3.mixer.experts.81,3,NemotronHMLP,routed_expert,0
backbone.layers.3.mixer.experts.81.up_proj,3,Linear,routed_expert,4988928
backbone.layers.3.mixer.experts.81.down_proj,3,Linear,routed_expert,4988928
backbone.layers.3.mixer.experts.81.act_fn,3,ReLUSquaredActivation,routed_expert,0
backbone.layers.3.mixer.experts.82,3,NemotronHMLP,routed_expert,0
backbone.layers.3.mixer.experts.82.up_proj,3,Linear,routed_expert,4988928
backbone.layers.3.mixer.experts.82.down_proj,3,Linear,routed_expert,4988928
backbone.layers.3.mixer.experts.82.act_fn,3,ReLUSquaredActivation,routed_expert,0
backbone.layers.3.mixer.experts.83,3,NemotronHMLP,routed_expert,0
backbone.layers.3.mixer.experts.83.up_proj,3,Linear,routed_expert,4988928
backbone.layers.3.mixer.experts.83.down_proj,3,Linear,routed_expert,4988928
backbone.layers.3.mixer.experts.83.act_fn,3,ReLUSquaredActivation,routed_expert,0
backbone.layers.3.mixer.experts.84,3,NemotronHMLP,routed_expert,0
backbone.layers.3.mixer.experts.84.up_proj,3,Linear,routed_expert,4988928
backbone.layers.3.mixer.experts.84.down_proj,3,Linear,routed_expert,4988928
backbone.layers.3.mixer.experts.84.act_fn,3,ReLUSquaredActivation,routed_expert,0
backbone.layers.3.mixer.experts.85,3,NemotronHMLP,routed_expert,0
backbone.layers.3.mixer.experts.85.up_proj,3,Linear,routed_expert,4988928
backbone.layers.3.mixer.experts.85.down_proj,3,Linear,routed_expert,4988928
backbone.layers.3.mixer.experts.85.act_fn,3,ReLUSquaredActivation,routed_expert,0
backbone.layers.3.mixer.experts.86,3,NemotronHMLP,routed_expert,0
backbone.layers.3.mixer.experts.86.up_proj,3,Linear,routed_expert,4988928
backbone.layers.3.mixer.experts.86.down_proj,3,Linear,routed_expert,4988928
backbone.layers.3.mixer.experts.86.act_fn,3,ReLUSquaredActivation,routed_expert,0
backbone.layers.3.mixer.experts.87,3,NemotronHMLP,routed_expert,0
backbone.layers.3.mixer.experts.87.up_proj,3,Linear,routed_expert,4988928
backbone.layers.3.mixer.experts.87.down_proj,3,Linear,routed_expert,4988928
backbone.layers.3.mixer.experts.87.act_fn,3,ReLUSquaredActivation,routed_expert,0
backbone.layers.3.mixer.experts.88,3,NemotronHMLP,routed_expert,0
backbone.layers.3.mixer.experts.88.up_proj,3,Linear,routed_expert,4988928
backbone.layers.3.mixer.experts.88.down_proj,3,Linear,routed_expert,4988928
backbone.layers.3.mixer.experts.88.act_fn,3,ReLUSquaredActivation,routed_expert,0
backbone.layers.3.mixer.experts.89,3,NemotronHMLP,routed_expert,0
backbone.layers.3.mixer.experts.89.up_proj,3,Linear,routed_expert,4988928
backbone.layers.3.mixer.experts.89.down_proj,3,Linear,routed_expert,4988928
backbone.layers.3.mixer.experts.89.act_fn,3,ReLUSquaredActivation,routed_expert,0
backbone.layers.3.mixer.experts.90,3,NemotronHMLP,routed_expert,0
backbone.layers.3.mixer.experts.90.up_proj,3,Linear,routed_expert,4988928
backbone.layers.3.mixer.experts.90.down_proj,3,Linear,routed_expert,4988928
backbone.layers.3.mixer.experts.90.act_fn,3,ReLUSquaredActivation,routed_expert,0
backbone.layers.3.mixer.experts.91,3,NemotronHMLP,routed_expert,0
backbone.layers.3.mixer.experts.91.up_proj,3,Linear,routed_expert,4988928
backbone.layers.3.mixer.experts.91.down_proj,3,Linear,routed_expert,4988928
backbone.layers.3.mixer.experts.91.act_fn,3,ReLUSquaredActivation,routed_expert,0
backbone.layers.3.mixer.experts.92,3,NemotronHMLP,routed_expert,0
backbone.layers.3.mixer.experts.92.up_proj,3,Linear,routed_expert,4988928
backbone.layers.3.mixer.experts.92.down_proj,3,Linear,routed_expert,4988928
backbone.layers.3.mixer.experts.92.act_fn,3,ReLUSquaredActivation,routed_expert,0
backbone.layers.3.mixer.experts.93,3,NemotronHMLP,routed_expert,0
backbone.layers.3.mixer.experts.93.up_proj,3,Linear,routed_expert,4988928
backbone.layers.3.mixer.experts.93.down_proj,3,Linear,routed_expert,4988928
backbone.layers.3.mixer.experts.93.act_fn,3,ReLUSquaredActivation,routed_expert,0
backbone.layers.3.mixer.experts.94,3,NemotronHMLP,routed_expert,0
backbone.layers.3.mixer.experts.94.up_proj,3,Linear,routed_expert,4988928
backbone.layers.3.mixer.experts.94.down_proj,3,Linear,routed_expert,4988928
backbone.layers.3.mixer.experts.94.act_fn,3,ReLUSquaredActivation,routed_expert,0
backbone.layers.3.mixer.experts.95,3,NemotronHMLP,routed_expert,0
backbone.layers.3.mixer.experts.95.up_proj,3,Linear,routed_expert,4988928
backbone.layers.3.mixer.experts.95.down_proj,3,Linear,routed_expert,4988928
backbone.layers.3.mixer.experts.95.act_fn,3,ReLUSquaredActivation,routed_expert,0
backbone.layers.3.mixer.experts.96,3,NemotronHMLP,routed_expert,0
backbone.layers.3.mixer.experts.96.up_proj,3,Linear,routed_expert,4988928
backbone.layers.3.mixer.experts.96.down_proj,3,Linear,routed_expert,4988928
backbone.layers.3.mixer.experts.96.act_fn,3,ReLUSquaredActivation,routed_expert,0
backbone.layers.3.mixer.experts.97,3,NemotronHMLP,routed_expert,0
backbone.layers.3.mixer.experts.97.up_proj,3,Linear,routed_expert,4988928
backbone.layers.3.mixer.experts.97.down_proj,3,Linear,routed_expert,4988928
backbone.layers.3.mixer.experts.97.act_fn,3,ReLUSquaredActivation,routed_expert,0
backbone.layers.3.mixer.experts.98,3,NemotronHMLP,routed_expert,0
backbone.layers.3.mixer.experts.98.up_proj,3,Linear,routed_expert,4988928
backbone.layers.3.mixer.experts.98.down_proj,3,Linear,routed_expert,4988928
backbone.layers.3.mixer.experts.98.act_fn,3,ReLUSquaredActivation,routed_expert,0
backbone.layers.3.mixer.experts.99,3,NemotronHMLP,routed_expert,0
backbone.layers.3.mixer.experts.99.up_proj,3,Linear,routed_expert,4988928
backbone.layers.3.mixer.experts.99.down_proj,3,Linear,routed_expert,4988928
backbone.layers.3.mixer.experts.99.act_fn,3,ReLUSquaredActivation,routed_expert,0
backbone.layers.3.mixer.experts.100,3,NemotronHMLP,routed_expert,0
backbone.layers.3.mixer.experts.100.up_proj,3,Linear,routed_expert,4988928
backbone.layers.3.mixer.experts.100.down_proj,3,Linear,routed_expert,4988928
backbone.layers.3.mixer.experts.100.act_fn,3,ReLUSquaredActivation,routed_expert,0
backbone.layers.3.mixer.experts.101,3,NemotronHMLP,routed_expert,0
backbone.layers.3.mixer.experts.101.up_proj,3,Linear,routed_expert,4988928
backbone.layers.3.mixer.experts.101.down_proj,3,Linear,routed_expert,4988928
backbone.layers.3.mixer.experts.101.act_fn,3,ReLUSquaredActivation,routed_expert,0
backbone.layers.3.mixer.experts.102,3,NemotronHMLP,routed_expert,0
backbone.layers.3.mixer.experts.102.up_proj,3,Linear,routed_expert,4988928
backbone.layers.3.mixer.experts.102.down_proj,3,Linear,routed_expert,4988928
backbone.layers.3.mixer.experts.102.act_fn,3,ReLUSquaredActivation,routed_expert,0
backbone.layers.3.mixer.experts.103,3,NemotronHMLP,routed_expert,0
backbone.layers.3.mixer.experts.103.up_proj,3,Linear,routed_expert,4988928
backbone.layers.3.mixer.experts.103.down_proj,3,Linear,routed_expert,4988928
backbone.layers.3.mixer.experts.103.act_fn,3,ReLUSquaredActivation,routed_expert,0
backbone.layers.3.mixer.experts.104,3,NemotronHMLP,routed_expert,0
backbone.layers.3.mixer.experts.104.up_proj,3,Linear,routed_expert,4988928
backbone.layers.3.mixer.experts.104.down_proj,3,Linear,routed_expert,4988928
backbone.layers.3.mixer.experts.104.act_fn,3,ReLUSquaredActivation,routed_expert,0
backbone.layers.3.mixer.experts.105,3,NemotronHMLP,routed_expert,0
backbone.layers.3.mixer.experts.105.up_proj,3,Linear,routed_expert,4988928
backbone.layers.3.mixer.experts.105.down_proj,3,Linear,routed_expert,4988928
backbone.layers.3.mixer.experts.105.act_fn,3,ReLUSquaredActivation,routed_expert,0
backbone.layers.3.mixer.experts.106,3,NemotronHMLP,routed_expert,0
backbone.layers.3.mixer.experts.106.up_proj,3,Linear,routed_expert,4988928
backbone.layers.3.mixer.experts.106.down_proj,3,Linear,routed_expert,4988928
backbone.layers.3.mixer.experts.106.act_fn,3,ReLUSquaredActivation,routed_expert,0
backbone.layers.3.mixer.experts.107,3,NemotronHMLP,routed_expert,0
backbone.layers.3.mixer.experts.107.up_proj,3,Linear,routed_expert,4988928
backbone.layers.3.mixer.experts.107.down_proj,3,Linear,routed_expert,4988928
backbone.layers.3.mixer.experts.107.act_fn,3,ReLUSquaredActivation,routed_expert,0
backbone.layers.3.mixer.experts.108,3,NemotronHMLP,routed_expert,0
backbone.layers.3.mixer.experts.108.up_proj,3,Linear,routed_expert,4988928
backbone.layers.3.mixer.experts.108.down_proj,3,Linear,routed_expert,4988928
backbone.layers.3.mixer.experts.108.act_fn,3,ReLUSquaredActivation,routed_expert,0
backbone.layers.3.mixer.experts.109,3,NemotronHMLP,routed_expert,0
backbone.layers.3.mixer.experts.109.up_proj,3,Linear,routed_expert,4988928
backbone.layers.3.mixer.experts.109.down_proj,3,Linear,routed_expert,4988928
backbone.layers.3.mixer.experts.109.act_fn,3,ReLUSquaredActivation,routed_expert,0
backbone.layers.3.mixer.experts.110,3,NemotronHMLP,routed_expert,0
backbone.layers.3.mixer.experts.110.up_proj,3,Linear,routed_expert,4988928
backbone.layers.3.mixer.experts.110.down_proj,3,Linear,routed_expert,4988928
backbone.layers.3.mixer.experts.110.act_fn,3,ReLUSquaredActivation,routed_expert,0
backbone.layers.3.mixer.experts.111,3,NemotronHMLP,routed_expert,0
backbone.layers.3.mixer.experts.111.up_proj,3,Linear,routed_expert,4988928
backbone.layers.3.mixer.experts.111.down_proj,3,Linear,routed_expert,4988928
backbone.layers.3.mixer.experts.111.act_fn,3,ReLUSquaredActivation,routed_expert,0
backbone.layers.3.mixer.experts.112,3,NemotronHMLP,routed_expert,0
backbone.layers.3.mixer.experts.112.up_proj,3,Linear,routed_expert,4988928
backbone.layers.3.mixer.experts.112.down_proj,3,Linear,routed_expert,4988928
backbone.layers.3.mixer.experts.112.act_fn,3,ReLUSquaredActivation,routed_expert,0
backbone.layers.3.mixer.experts.113,3,NemotronHMLP,routed_expert,0
backbone.layers.3.mixer.experts.113.up_proj,3,Linear,routed_expert,4988928
backbone.layers.3.mixer.experts.113.down_proj,3,Linear,routed_expert,4988928
backbone.layers.3.mixer.experts.113.act_fn,3,ReLUSquaredActivation,routed_expert,0
backbone.layers.3.mixer.experts.114,3,NemotronHMLP,routed_expert,0
backbone.layers.3.mixer.experts.114.up_proj,3,Linear,routed_expert,4988928
backbone.layers.3.mixer.experts.114.down_proj,3,Linear,routed_expert,4988928
backbone.layers.3.mixer.experts.114.act_fn,3,ReLUSquaredActivation,routed_expert,0
backbone.layers.3.mixer.experts.115,3,NemotronHMLP,routed_expert,0
backbone.layers.3.mixer.experts.115.up_proj,3,Linear,routed_expert,4988928
backbone.layers.3.mixer.experts.115.down_proj,3,Linear,routed_expert,4988928
backbone.layers.3.mixer.experts.115.act_fn,3,ReLUSquaredActivation,routed_expert,0
backbone.layers.3.mixer.experts.116,3,NemotronHMLP,routed_expert,0
backbone.layers.3.mixer.experts.116.up_proj,3,Linear,routed_expert,4988928
backbone.layers.3.mixer.experts.116.down_proj,3,Linear,routed_expert,4988928
backbone.layers.3.mixer.experts.116.act_fn,3,ReLUSquaredActivation,routed_expert,0
backbone.layers.3.mixer.experts.117,3,NemotronHMLP,routed_expert,0
backbone.layers.3.mixer.experts.117.up_proj,3,Linear,routed_expert,4988928
backbone.layers.3.mixer.experts.117.down_proj,3,Linear,routed_expert,4988928
backbone.layers.3.mixer.experts.117.act_fn,3,ReLUSquaredActivation,routed_expert,0
backbone.layers.3.mixer.experts.118,3,NemotronHMLP,routed_expert,0
backbone.layers.3.mixer.experts.118.up_proj,3,Linear,routed_expert,4988928
backbone.layers.3.mixer.experts.118.down_proj,3,Linear,routed_expert,4988928
backbone.layers.3.mixer.experts.118.act_fn,3,ReLUSquaredActivation,routed_expert,0
backbone.layers.3.mixer.experts.119,3,NemotronHMLP,routed_expert,0
backbone.layers.3.mixer.experts.119.up_proj,3,Linear,routed_expert,4988928
backbone.layers.3.mixer.experts.119.down_proj,3,Linear,routed_expert,4988928
backbone.layers.3.mixer.experts.119.act_fn,3,ReLUSquaredActivation,routed_expert,0
backbone.layers.3.mixer.experts.120,3,NemotronHMLP,routed_expert,0
backbone.layers.3.mixer.experts.120.up_proj,3,Linear,routed_expert,4988928
backbone.layers.3.mixer.experts.120.down_proj,3,Linear,routed_expert,4988928
backbone.layers.3.mixer.experts.120.act_fn,3,ReLUSquaredActivation,routed_expert,0
backbone.layers.3.mixer.experts.121,3,NemotronHMLP,routed_expert,0
backbone.layers.3.mixer.experts.121.up_proj,3,Linear,routed_expert,4988928
backbone.layers.3.mixer.experts.121.down_proj,3,Linear,routed_expert,4988928
backbone.layers.3.mixer.experts.121.act_fn,3,ReLUSquaredActivation,routed_expert,0
backbone.layers.3.mixer.experts.122,3,NemotronHMLP,routed_expert,0
backbone.layers.3.mixer.experts.122.up_proj,3,Linear,routed_expert,4988928
backbone.layers.3.mixer.experts.122.down_proj,3,Linear,routed_expert,4988928
backbone.layers.3.mixer.experts.122.act_fn,3,ReLUSquaredActivation,routed_expert,0
backbone.layers.3.mixer.experts.123,3,NemotronHMLP,routed_expert,0
backbone.layers.3.mixer.experts.123.up_proj,3,Linear,routed_expert,4988928
backbone.layers.3.mixer.experts.123.down_proj,3,Linear,routed_expert,4988928
backbone.layers.3.mixer.experts.123.act_fn,3,ReLUSquaredActivation,routed_expert,0
backbone.layers.3.mixer.experts.124,3,NemotronHMLP,routed_expert,0
backbone.layers.3.mixer.experts.124.up_proj,3,Linear,routed_expert,4988928
backbone.layers.3.mixer.experts.124.down_proj,3,Linear,routed_expert,4988928
backbone.layers.3.mixer.experts.124.act_fn,3,ReLUSquaredActivation,routed_expert,0
backbone.layers.3.mixer.experts.125,3,NemotronHMLP,routed_expert,0
backbone.layers.3.mixer.experts.125.up_proj,3,Linear,routed_expert,4988928
backbone.layers.3.mixer.experts.125.down_proj,3,Linear,routed_expert,4988928
backbone.layers.3.mixer.experts.125.act_fn,3,ReLUSquaredActivation,routed_expert,0
backbone.layers.3.mixer.experts.126,3,NemotronHMLP,routed_expert,0
backbone.layers.3.mixer.experts.126.up_proj,3,Linear,routed_expert,4988928
backbone.layers.3.mixer.experts.126.down_proj,3,Linear,routed_expert,4988928
backbone.layers.3.mixer.experts.126.act_fn,3,ReLUSquaredActivation,routed_expert,0
backbone.layers.3.mixer.experts.127,3,NemotronHMLP,routed_expert,0
backbone.layers.3.mixer.experts.127.up_proj,3,Linear,routed_expert,4988928
backbone.layers.3.mixer.experts.127.down_proj,3,Linear,routed_expert,4988928
backbone.layers.3.mixer.experts.127.act_fn,3,ReLUSquaredActivation,routed_expert,0
backbone.layers.3.mixer.gate,3,NemotronHTopkRouter,router,344064
backbone.layers.3.mixer.shared_experts,3,NemotronHMLP,other,0
backbone.layers.3.mixer.shared_experts.up_proj,3,Linear,shared_expert,9977856
backbone.layers.3.mixer.shared_experts.down_proj,3,Linear,shared_expert,9977856
backbone.layers.3.mixer.shared_experts.act_fn,3,ReLUSquaredActivation,shared_expert,0
backbone.layers.4,4,NemotronHBlock,other,0
backbone.layers.4.norm,4,NemotronHRMSNorm,other,2688
backbone.layers.4.mixer,4,NemotronHMamba2Mixer,mamba,192
backbone.layers.4.mixer.act,4,SiLUActivation,other,0
backbone.layers.4.mixer.conv1d,4,Conv1d,other,30720
backbone.layers.4.mixer.in_proj,4,Linear,mamba_projection,27697152
backbone.layers.4.mixer.norm,4,MambaRMSNormGated,mamba,4096
backbone.layers.4.mixer.out_proj,4,Linear,mamba_projection,11010048
backbone.layers.5,5,NemotronHBlock,other,0
backbone.layers.5.norm,5,NemotronHRMSNorm,other,2688
backbone.layers.5.mixer,5,NemotronHAttention,attention,0
backbone.layers.5.mixer.q_proj,5,Linear,attention_projection,11010048
backbone.layers.5.mixer.k_proj,5,Linear,attention_projection,688128
backbone.layers.5.mixer.v_proj,5,Linear,attention_projection,688128
backbone.layers.5.mixer.o_proj,5,Linear,attention_projection,11010048
backbone.layers.6,6,NemotronHBlock,other,0
backbone.layers.6.norm,6,NemotronHRMSNorm,other,2688
backbone.layers.6.mixer,6,NemotronHMOE,moe,0
backbone.layers.6.mixer.experts,6,ModuleList,other,0
backbone.layers.6.mixer.experts.0,6,NemotronHMLP,routed_expert,0
backbone.layers.6.mixer.experts.0.up_proj,6,Linear,routed_expert,4988928
backbone.layers.6.mixer.experts.0.down_proj,6,Linear,routed_expert,4988928
backbone.layers.6.mixer.experts.0.act_fn,6,ReLUSquaredActivation,routed_expert,0
backbone.layers.6.mixer.experts.1,6,NemotronHMLP,routed_expert,0
backbone.layers.6.mixer.experts.1.up_proj,6,Linear,routed_expert,4988928
backbone.layers.6.mixer.experts.1.down_proj,6,Linear,routed_expert,4988928
backbone.layers.6.mixer.experts.1.act_fn,6,ReLUSquaredActivation,routed_expert,0
backbone.layers.6.mixer.experts.2,6,NemotronHMLP,routed_expert,0
backbone.layers.6.mixer.experts.2.up_proj,6,Linear,routed_expert,4988928
backbone.layers.6.mixer.experts.2.down_proj,6,Linear,routed_expert,4988928
backbone.layers.6.mixer.experts.2.act_fn,6,ReLUSquaredActivation,routed_expert,0
backbone.layers.6.mixer.experts.3,6,NemotronHMLP,routed_expert,0
backbone.layers.6.mixer.experts.3.up_proj,6,Linear,routed_expert,4988928
backbone.layers.6.mixer.experts.3.down_proj,6,Linear,routed_expert,4988928
backbone.layers.6.mixer.experts.3.act_fn,6,ReLUSquaredActivation,routed_expert,0
backbone.layers.6.mixer.experts.4,6,NemotronHMLP,routed_expert,0
backbone.layers.6.mixer.experts.4.up_proj,6,Linear,routed_expert,4988928
backbone.layers.6.mixer.experts.4.down_proj,6,Linear,routed_expert,4988928
backbone.layers.6.mixer.experts.4.act_fn,6,ReLUSquaredActivation,routed_expert,0
backbone.layers.6.mixer.experts.5,6,NemotronHMLP,routed_expert,0
backbone.layers.6.mixer.experts.5.up_proj,6,Linear,routed_expert,4988928
backbone.layers.6.mixer.experts.5.down_proj,6,Linear,routed_expert,4988928
backbone.layers.6.mixer.experts.5.act_fn,6,ReLUSquaredActivation,routed_expert,0
backbone.layers.6.mixer.experts.6,6,NemotronHMLP,routed_expert,0
backbone.layers.6.mixer.experts.6.up_proj,6,Linear,routed_expert,4988928
backbone.layers.6.mixer.experts.6.down_proj,6,Linear,routed_expert,4988928
backbone.layers.6.mixer.experts.6.act_fn,6,ReLUSquaredActivation,routed_expert,0
backbone.layers.6.mixer.experts.7,6,NemotronHMLP,routed_expert,0
backbone.layers.6.mixer.experts.7.up_proj,6,Linear,routed_expert,4988928
backbone.layers.6.mixer.experts.7.down_proj,6,Linear,routed_expert,4988928
backbone.layers.6.mixer.experts.7.act_fn,6,ReLUSquaredActivation,routed_expert,0
backbone.layers.6.mixer.experts.8,6,NemotronHMLP,routed_expert,0
backbone.layers.6.mixer.experts.8.up_proj,6,Linear,routed_expert,4988928
backbone.layers.6.mixer.experts.8.down_proj,6,Linear,routed_expert,4988928
backbone.layers.6.mixer.experts.8.act_fn,6,ReLUSquaredActivation,routed_expert,0
backbone.layers.6.mixer.experts.9,6,NemotronHMLP,routed_expert,0
backbone.layers.6.mixer.experts.9.up_proj,6,Linear,routed_expert,4988928
backbone.layers.6.mixer.experts.9.down_proj,6,Linear,routed_expert,4988928
backbone.layers.6.mixer.experts.9.act_fn,6,ReLUSquaredActivation,routed_expert,0
backbone.layers.6.mixer.experts.10,6,NemotronHMLP,routed_expert,0
backbone.layers.6.mixer.experts.10.up_proj,6,Linear,routed_expert,4988928
backbone.layers.6.mixer.experts.10.down_proj,6,Linear,routed_expert,4988928
backbone.layers.6.mixer.experts.10.act_fn,6,ReLUSquaredActivation,routed_expert,0
backbone.layers.6.mixer.experts.11,6,NemotronHMLP,routed_expert,0
backbone.layers.6.mixer.experts.11.up_proj,6,Linear,routed_expert,4988928
backbone.layers.6.mixer.experts.11.down_proj,6,Linear,routed_expert,4988928
backbone.layers.6.mixer.experts.11.act_fn,6,ReLUSquaredActivation,routed_expert,0
backbone.layers.6.mixer.experts.12,6,NemotronHMLP,routed_expert,0
backbone.layers.6.mixer.experts.12.up_proj,6,Linear,routed_expert,4988928
backbone.layers.6.mixer.experts.12.down_proj,6,Linear,routed_expert,4988928
backbone.layers.6.mixer.experts.12.act_fn,6,ReLUSquaredActivation,routed_expert,0
backbone.layers.6.mixer.experts.13,6,NemotronHMLP,routed_expert,0
backbone.layers.6.mixer.experts.13.up_proj,6,Linear,routed_expert,4988928
backbone.layers.6.mixer.experts.13.down_proj,6,Linear,routed_expert,4988928
backbone.layers.6.mixer.experts.13.act_fn,6,ReLUSquaredActivation,routed_expert,0
backbone.layers.6.mixer.experts.14,6,NemotronHMLP,routed_expert,0
backbone.layers.6.mixer.experts.14.up_proj,6,Linear,routed_expert,4988928
backbone.layers.6.mixer.experts.14.down_proj,6,Linear,routed_expert,4988928
backbone.layers.6.mixer.experts.14.act_fn,6,ReLUSquaredActivation,routed_expert,0
backbone.layers.6.mixer.experts.15,6,NemotronHMLP,routed_expert,0
backbone.layers.6.mixer.experts.15.up_proj,6,Linear,routed_expert,4988928
backbone.layers.6.mixer.experts.15.down_proj,6,Linear,routed_expert,4988928
backbone.layers.6.mixer.experts.15.act_fn,6,ReLUSquaredActivation,routed_expert,0
backbone.layers.6.mixer.experts.16,6,NemotronHMLP,routed_expert,0
backbone.layers.6.mixer.experts.16.up_proj,6,Linear,routed_expert,4988928
backbone.layers.6.mixer.experts.16.down_proj,6,Linear,routed_expert,4988928
backbone.layers.6.mixer.experts.16.act_fn,6,ReLUSquaredActivation,routed_expert,0
backbone.layers.6.mixer.experts.17,6,NemotronHMLP,routed_expert,0
backbone.layers.6.mixer.experts.17.up_proj,6,Linear,routed_expert,4988928
backbone.layers.6.mixer.experts.17.down_proj,6,Linear,routed_expert,4988928
backbone.layers.6.mixer.experts.17.act_fn,6,ReLUSquaredActivation,routed_expert,0
backbone.layers.6.mixer.experts.18,6,NemotronHMLP,routed_expert,0
backbone.layers.6.mixer.experts.18.up_proj,6,Linear,routed_expert,4988928
backbone.layers.6.mixer.experts.18.down_proj,6,Linear,routed_expert,4988928
backbone.layers.6.mixer.experts.18.act_fn,6,ReLUSquaredActivation,routed_expert,0
backbone.layers.6.mixer.experts.19,6,NemotronHMLP,routed_expert,0
backbone.layers.6.mixer.experts.19.up_proj,6,Linear,routed_expert,4988928
backbone.layers.6.mixer.experts.19.down_proj,6,Linear,routed_expert,4988928
backbone.layers.6.mixer.experts.19.act_fn,6,ReLUSquaredActivation,routed_expert,0
backbone.layers.6.mixer.experts.20,6,NemotronHMLP,routed_expert,0
backbone.layers.6.mixer.experts.20.up_proj,6,Linear,routed_expert,4988928
backbone.layers.6.mixer.experts.20.down_proj,6,Linear,routed_expert,4988928
backbone.layers.6.mixer.experts.20.act_fn,6,ReLUSquaredActivation,routed_expert,0
backbone.layers.6.mixer.experts.21,6,NemotronHMLP,routed_expert,0
backbone.layers.6.mixer.experts.21.up_proj,6,Linear,routed_expert,4988928
backbone.layers.6.mixer.experts.21.down_proj,6,Linear,routed_expert,4988928
backbone.layers.6.mixer.experts.21.act_fn,6,ReLUSquaredActivation,routed_expert,0
backbone.layers.6.mixer.experts.22,6,NemotronHMLP,routed_expert,0
backbone.layers.6.mixer.experts.22.up_proj,6,Linear,routed_expert,4988928
backbone.layers.6.mixer.experts.22.down_proj,6,Linear,routed_expert,4988928
backbone.layers.6.mixer.experts.22.act_fn,6,ReLUSquaredActivation,routed_expert,0
backbone.layers.6.mixer.experts.23,6,NemotronHMLP,routed_expert,0
backbone.layers.6.mixer.experts.23.up_proj,6,Linear,routed_expert,4988928
backbone.layers.6.mixer.experts.23.down_proj,6,Linear,routed_expert,4988928
backbone.layers.6.mixer.experts.23.act_fn,6,ReLUSquaredActivation,routed_expert,0
backbone.layers.6.mixer.experts.24,6,NemotronHMLP,routed_expert,0
backbone.layers.6.mixer.experts.24.up_proj,6,Linear,routed_expert,4988928
backbone.layers.6.mixer.experts.24.down_proj,6,Linear,routed_expert,4988928
backbone.layers.6.mixer.experts.24.act_fn,6,ReLUSquaredActivation,routed_expert,0
backbone.layers.6.mixer.experts.25,6,NemotronHMLP,routed_expert,0
backbone.layers.6.mixer.experts.25.up_proj,6,Linear,routed_expert,4988928
backbone.layers.6.mixer.experts.25.down_proj,6,Linear,routed_expert,4988928
backbone.layers.6.mixer.experts.25.act_fn,6,ReLUSquaredActivation,routed_expert,0
backbone.layers.6.mixer.experts.26,6,NemotronHMLP,routed_expert,0
backbone.layers.6.mixer.experts.26.up_proj,6,Linear,routed_expert,4988928
backbone.layers.6.mixer.experts.26.down_proj,6,Linear,routed_expert,4988928
backbone.layers.6.mixer.experts.26.act_fn,6,ReLUSquaredActivation,routed_expert,0
backbone.layers.6.mixer.experts.27,6,NemotronHMLP,routed_expert,0
backbone.layers.6.mixer.experts.27.up_proj,6,Linear,routed_expert,4988928
backbone.layers.6.mixer.experts.27.down_proj,6,Linear,routed_expert,4988928
backbone.layers.6.mixer.experts.27.act_fn,6,ReLUSquaredActivation,routed_expert,0
backbone.layers.6.mixer.experts.28,6,NemotronHMLP,routed_expert,0
backbone.layers.6.mixer.experts.28.up_proj,6,Linear,routed_expert,4988928
backbone.layers.6.mixer.experts.28.down_proj,6,Linear,routed_expert,4988928
backbone.layers.6.mixer.experts.28.act_fn,6,ReLUSquaredActivation,routed_expert,0
backbone.layers.6.mixer.experts.29,6,NemotronHMLP,routed_expert,0
backbone.layers.6.mixer.experts.29.up_proj,6,Linear,routed_expert,4988928
backbone.layers.6.mixer.experts.29.down_proj,6,Linear,routed_expert,4988928
backbone.layers.6.mixer.experts.29.act_fn,6,ReLUSquaredActivation,routed_expert,0
backbone.layers.6.mixer.experts.30,6,NemotronHMLP,routed_expert,0
backbone.layers.6.mixer.experts.30.up_proj,6,Linear,routed_expert,4988928
backbone.layers.6.mixer.experts.30.down_proj,6,Linear,routed_expert,4988928
backbone.layers.6.mixer.experts.30.act_fn,6,ReLUSquaredActivation,routed_expert,0
backbone.layers.6.mixer.experts.31,6,NemotronHMLP,routed_expert,0
backbone.layers.6.mixer.experts.31.up_proj,6,Linear,routed_expert,4988928
backbone.layers.6.mixer.experts.31.down_proj,6,Linear,routed_expert,4988928
backbone.layers.6.mixer.experts.31.act_fn,6,ReLUSquaredActivation,routed_expert,0
backbone.layers.6.mixer.experts.32,6,NemotronHMLP,routed_expert,0
backbone.layers.6.mixer.experts.32.up_proj,6,Linear,routed_expert,4988928
backbone.layers.6.mixer.experts.32.down_proj,6,Linear,routed_expert,4988928
backbone.layers.6.mixer.experts.32.act_fn,6,ReLUSquaredActivation,routed_expert,0
backbone.layers.6.mixer.experts.33,6,NemotronHMLP,routed_expert,0
backbone.layers.6.mixer.experts.33.up_proj,6,Linear,routed_expert,4988928
backbone.layers.6.mixer.experts.33.down_proj,6,Linear,routed_expert,4988928
backbone.layers.6.mixer.experts.33.act_fn,6,ReLUSquaredActivation,routed_expert,0
backbone.layers.6.mixer.experts.34,6,NemotronHMLP,routed_expert,0
backbone.layers.6.mixer.experts.34.up_proj,6,Linear,routed_expert,4988928
backbone.layers.6.mixer.experts.34.down_proj,6,Linear,routed_expert,4988928
backbone.layers.6.mixer.experts.34.act_fn,6,ReLUSquaredActivation,routed_expert,0
backbone.layers.6.mixer.experts.35,6,NemotronHMLP,routed_expert,0
backbone.layers.6.mixer.experts.35.up_proj,6,Linear,routed_expert,4988928
backbone.layers.6.mixer.experts.35.down_proj,6,Linear,routed_expert,4988928
backbone.layers.6.mixer.experts.35.act_fn,6,ReLUSquaredActivation,routed_expert,0
backbone.layers.6.mixer.experts.36,6,NemotronHMLP,routed_expert,0
backbone.layers.6.mixer.experts.36.up_proj,6,Linear,routed_expert,4988928
backbone.layers.6.mixer.experts.36.down_proj,6,Linear,routed_expert,4988928
backbone.layers.6.mixer.experts.36.act_fn,6,ReLUSquaredActivation,routed_expert,0
backbone.layers.6.mixer.experts.37,6,NemotronHMLP,routed_expert,0
backbone.layers.6.mixer.experts.37.up_proj,6,Linear,routed_expert,4988928
backbone.layers.6.mixer.experts.37.down_proj,6,Linear,routed_expert,4988928
backbone.layers.6.mixer.experts.37.act_fn,6,ReLUSquaredActivation,routed_expert,0
backbone.layers.6.mixer.experts.38,6,NemotronHMLP,routed_expert,0
backbone.layers.6.mixer.experts.38.up_proj,6,Linear,routed_expert,4988928
backbone.layers.6.mixer.experts.38.down_proj,6,Linear,routed_expert,4988928
backbone.layers.6.mixer.experts.38.act_fn,6,ReLUSquaredActivation,routed_expert,0
backbone.layers.6.mixer.experts.39,6,NemotronHMLP,routed_expert,0
backbone.layers.6.mixer.experts.39.up_proj,6,Linear,routed_expert,4988928
backbone.layers.6.mixer.experts.39.down_proj,6,Linear,routed_expert,4988928
backbone.layers.6.mixer.experts.39.act_fn,6,ReLUSquaredActivation,routed_expert,0
backbone.layers.6.mixer.experts.40,6,NemotronHMLP,routed_expert,0
backbone.layers.6.mixer.experts.40.up_proj,6,Linear,routed_expert,4988928
backbone.layers.6.mixer.experts.40.down_proj,6,Linear,routed_expert,4988928
backbone.layers.6.mixer.experts.40.act_fn,6,ReLUSquaredActivation,routed_expert,0
backbone.layers.6.mixer.experts.41,6,NemotronHMLP,routed_expert,0
backbone.layers.6.mixer.experts.41.up_proj,6,Linear,routed_expert,4988928
backbone.layers.6.mixer.experts.41.down_proj,6,Linear,routed_expert,4988928
backbone.layers.6.mixer.experts.41.act_fn,6,ReLUSquaredActivation,routed_expert,0
backbone.layers.6.mixer.experts.42,6,NemotronHMLP,routed_expert,0
backbone.layers.6.mixer.experts.42.up_proj,6,Linear,routed_expert,4988928
backbone.layers.6.mixer.experts.42.down_proj,6,Linear,routed_expert,4988928
backbone.layers.6.mixer.experts.42.act_fn,6,ReLUSquaredActivation,routed_expert,0
backbone.layers.6.mixer.experts.43,6,NemotronHMLP,routed_expert,0
backbone.layers.6.mixer.experts.43.up_proj,6,Linear,routed_expert,4988928
backbone.layers.6.mixer.experts.43.down_proj,6,Linear,routed_expert,4988928
backbone.layers.6.mixer.experts.43.act_fn,6,ReLUSquaredActivation,routed_expert,0
backbone.layers.6.mixer.experts.44,6,NemotronHMLP,routed_expert,0
backbone.layers.6.mixer.experts.44.up_proj,6,Linear,routed_expert,4988928
backbone.layers.6.mixer.experts.44.down_proj,6,Linear,routed_expert,4988928
backbone.layers.6.mixer.experts.44.act_fn,6,ReLUSquaredActivation,routed_expert,0
backbone.layers.6.mixer.experts.45,6,NemotronHMLP,routed_expert,0
backbone.layers.6.mixer.experts.45.up_proj,6,Linear,routed_expert,4988928
backbone.layers.6.mixer.experts.45.down_proj,6,Linear,routed_expert,4988928
backbone.layers.6.mixer.experts.45.act_fn,6,ReLUSquaredActivation,routed_expert,0
backbone.layers.6.mixer.experts.46,6,NemotronHMLP,routed_expert,0
backbone.layers.6.mixer.experts.46.up_proj,6,Linear,routed_expert,4988928
backbone.layers.6.mixer.experts.46.down_proj,6,Linear,routed_expert,4988928
backbone.layers.6.mixer.experts.46.act_fn,6,ReLUSquaredActivation,routed_expert,0
backbone.layers.6.mixer.experts.47,6,NemotronHMLP,routed_expert,0
backbone.layers.6.mixer.experts.47.up_proj,6,Linear,routed_expert,4988928
backbone.layers.6.mixer.experts.47.down_proj,6,Linear,routed_expert,4988928
backbone.layers.6.mixer.experts.47.act_fn,6,ReLUSquaredActivation,routed_expert,0
backbone.layers.6.mixer.experts.48,6,NemotronHMLP,routed_expert,0
backbone.layers.6.mixer.experts.48.up_proj,6,Linear,routed_expert,4988928
backbone.layers.6.mixer.experts.48.down_proj,6,Linear,routed_expert,4988928
backbone.layers.6.mixer.experts.48.act_fn,6,ReLUSquaredActivation,routed_expert,0
backbone.layers.6.mixer.experts.49,6,NemotronHMLP,routed_expert,0
backbone.layers.6.mixer.experts.49.up_proj,6,Linear,routed_expert,4988928
backbone.layers.6.mixer.experts.49.down_proj,6,Linear,routed_expert,4988928
backbone.layers.6.mixer.experts.49.act_fn,6,ReLUSquaredActivation,routed_expert,0
backbone.layers.6.mixer.experts.50,6,NemotronHMLP,routed_expert,0
backbone.layers.6.mixer.experts.50.up_proj,6,Linear,routed_expert,4988928
backbone.layers.6.mixer.experts.50.down_proj,6,Linear,routed_expert,4988928
backbone.layers.6.mixer.experts.50.act_fn,6,ReLUSquaredActivation,routed_expert,0
backbone.layers.6.mixer.experts.51,6,NemotronHMLP,routed_expert,0
backbone.layers.6.mixer.experts.51.up_proj,6,Linear,routed_expert,4988928
backbone.layers.6.mixer.experts.51.down_proj,6,Linear,routed_expert,4988928
backbone.layers.6.mixer.experts.51.act_fn,6,ReLUSquaredActivation,routed_expert,0
backbone.layers.6.mixer.experts.52,6,NemotronHMLP,routed_expert,0
backbone.layers.6.mixer.experts.52.up_proj,6,Linear,routed_expert,4988928
backbone.layers.6.mixer.experts.52.down_proj,6,Linear,routed_expert,4988928
backbone.layers.6.mixer.experts.52.act_fn,6,ReLUSquaredActivation,routed_expert,0
backbone.layers.6.mixer.experts.53,6,NemotronHMLP,routed_expert,0
backbone.layers.6.mixer.experts.53.up_proj,6,Linear,routed_expert,4988928
backbone.layers.6.mixer.experts.53.down_proj,6,Linear,routed_expert,4988928
backbone.layers.6.mixer.experts.53.act_fn,6,ReLUSquaredActivation,routed_expert,0
backbone.layers.6.mixer.experts.54,6,NemotronHMLP,routed_expert,0
backbone.layers.6.mixer.experts.54.up_proj,6,Linear,routed_expert,4988928
backbone.layers.6.mixer.experts.54.down_proj,6,Linear,routed_expert,4988928
backbone.layers.6.mixer.experts.54.act_fn,6,ReLUSquaredActivation,routed_expert,0
backbone.layers.6.mixer.experts.55,6,NemotronHMLP,routed_expert,0
backbone.layers.6.mixer.experts.55.up_proj,6,Linear,routed_expert,4988928
backbone.layers.6.mixer.experts.55.down_proj,6,Linear,routed_expert,4988928
backbone.layers.6.mixer.experts.55.act_fn,6,ReLUSquaredActivation,routed_expert,0
backbone.layers.6.mixer.experts.56,6,NemotronHMLP,routed_expert,0
backbone.layers.6.mixer.experts.56.up_proj,6,Linear,routed_expert,4988928
backbone.layers.6.mixer.experts.56.down_proj,6,Linear,routed_expert,4988928
backbone.layers.6.mixer.experts.56.act_fn,6,ReLUSquaredActivation,routed_expert,0
backbone.layers.6.mixer.experts.57,6,NemotronHMLP,routed_expert,0
backbone.layers.6.mixer.experts.57.up_proj,6,Linear,routed_expert,4988928
backbone.layers.6.mixer.experts.57.down_proj,6,Linear,routed_expert,4988928
backbone.layers.6.mixer.experts.57.act_fn,6,ReLUSquaredActivation,routed_expert,0
backbone.layers.6.mixer.experts.58,6,NemotronHMLP,routed_expert,0
backbone.layers.6.mixer.experts.58.up_proj,6,Linear,routed_expert,4988928
backbone.layers.6.mixer.experts.58.down_proj,6,Linear,routed_expert,4988928
backbone.layers.6.mixer.experts.58.act_fn,6,ReLUSquaredActivation,routed_expert,0
backbone.layers.6.mixer.experts.59,6,NemotronHMLP,routed_expert,0
backbone.layers.6.mixer.experts.59.up_proj,6,Linear,routed_expert,4988928
backbone.layers.6.mixer.experts.59.down_proj,6,Linear,routed_expert,4988928
backbone.layers.6.mixer.experts.59.act_fn,6,ReLUSquaredActivation,routed_expert,0
backbone.layers.6.mixer.experts.60,6,NemotronHMLP,routed_expert,0
backbone.layers.6.mixer.experts.60.up_proj,6,Linear,routed_expert,4988928
backbone.layers.6.mixer.experts.60.down_proj,6,Linear,routed_expert,4988928
backbone.layers.6.mixer.experts.60.act_fn,6,ReLUSquaredActivation,routed_expert,0
backbone.layers.6.mixer.experts.61,6,NemotronHMLP,routed_expert,0
backbone.layers.6.mixer.experts.61.up_proj,6,Linear,routed_expert,4988928
backbone.layers.6.mixer.experts.61.down_proj,6,Linear,routed_expert,4988928
backbone.layers.6.mixer.experts.61.act_fn,6,ReLUSquaredActivation,routed_expert,0
backbone.layers.6.mixer.experts.62,6,NemotronHMLP,routed_expert,0
backbone.layers.6.mixer.experts.62.up_proj,6,Linear,routed_expert,4988928
backbone.layers.6.mixer.experts.62.down_proj,6,Linear,routed_expert,4988928
backbone.layers.6.mixer.experts.62.act_fn,6,ReLUSquaredActivation,routed_expert,0
backbone.layers.6.mixer.experts.63,6,NemotronHMLP,routed_expert,0
backbone.layers.6.mixer.experts.63.up_proj,6,Linear,routed_expert,4988928
backbone.layers.6.mixer.experts.63.down_proj,6,Linear,routed_expert,4988928
backbone.layers.6.mixer.experts.63.act_fn,6,ReLUSquaredActivation,routed_expert,0
backbone.layers.6.mixer.experts.64,6,NemotronHMLP,routed_expert,0
backbone.layers.6.mixer.experts.64.up_proj,6,Linear,routed_expert,4988928
backbone.layers.6.mixer.experts.64.down_proj,6,Linear,routed_expert,4988928
backbone.layers.6.mixer.experts.64.act_fn,6,ReLUSquaredActivation,routed_expert,0
backbone.layers.6.mixer.experts.65,6,NemotronHMLP,routed_expert,0
backbone.layers.6.mixer.experts.65.up_proj,6,Linear,routed_expert,4988928
backbone.layers.6.mixer.experts.65.down_proj,6,Linear,routed_expert,4988928
backbone.layers.6.mixer.experts.65.act_fn,6,ReLUSquaredActivation,routed_expert,0
backbone.layers.6.mixer.experts.66,6,NemotronHMLP,routed_expert,0
backbone.layers.6.mixer.experts.66.up_proj,6,Linear,routed_expert,4988928
backbone.layers.6.mixer.experts.66.down_proj,6,Linear,routed_expert,4988928
backbone.layers.6.mixer.experts.66.act_fn,6,ReLUSquaredActivation,routed_expert,0
backbone.layers.6.mixer.experts.67,6,NemotronHMLP,routed_expert,0
backbone.layers.6.mixer.experts.67.up_proj,6,Linear,routed_expert,4988928
backbone.layers.6.mixer.experts.67.down_proj,6,Linear,routed_expert,4988928
backbone.layers.6.mixer.experts.67.act_fn,6,ReLUSquaredActivation,routed_expert,0
backbone.layers.6.mixer.experts.68,6,NemotronHMLP,routed_expert,0
backbone.layers.6.mixer.experts.68.up_proj,6,Linear,routed_expert,4988928
backbone.layers.6.mixer.experts.68.down_proj,6,Linear,routed_expert,4988928
backbone.layers.6.mixer.experts.68.act_fn,6,ReLUSquaredActivation,routed_expert,0
backbone.layers.6.mixer.experts.69,6,NemotronHMLP,routed_expert,0
backbone.layers.6.mixer.experts.69.up_proj,6,Linear,routed_expert,4988928
backbone.layers.6.mixer.experts.69.down_proj,6,Linear,routed_expert,4988928
backbone.layers.6.mixer.experts.69.act_fn,6,ReLUSquaredActivation,routed_expert,0
backbone.layers.6.mixer.experts.70,6,NemotronHMLP,routed_expert,0
backbone.layers.6.mixer.experts.70.up_proj,6,Linear,routed_expert,4988928
backbone.layers.6.mixer.experts.70.down_proj,6,Linear,routed_expert,4988928
backbone.layers.6.mixer.experts.70.act_fn,6,ReLUSquaredActivation,routed_expert,0
backbone.layers.6.mixer.experts.71,6,NemotronHMLP,routed_expert,0
backbone.layers.6.mixer.experts.71.up_proj,6,Linear,routed_expert,4988928
backbone.layers.6.mixer.experts.71.down_proj,6,Linear,routed_expert,4988928
backbone.layers.6.mixer.experts.71.act_fn,6,ReLUSquaredActivation,routed_expert,0
backbone.layers.6.mixer.experts.72,6,NemotronHMLP,routed_expert,0
backbone.layers.6.mixer.experts.72.up_proj,6,Linear,routed_expert,4988928
backbone.layers.6.mixer.experts.72.down_proj,6,Linear,routed_expert,4988928
backbone.layers.6.mixer.experts.72.act_fn,6,ReLUSquaredActivation,routed_expert,0
backbone.layers.6.mixer.experts.73,6,NemotronHMLP,routed_expert,0
backbone.layers.6.mixer.experts.73.up_proj,6,Linear,routed_expert,4988928
backbone.layers.6.mixer.experts.73.down_proj,6,Linear,routed_expert,4988928
backbone.layers.6.mixer.experts.73.act_fn,6,ReLUSquaredActivation,routed_expert,0
backbone.layers.6.mixer.experts.74,6,NemotronHMLP,routed_expert,0
backbone.layers.6.mixer.experts.74.up_proj,6,Linear,routed_expert,4988928
backbone.layers.6.mixer.experts.74.down_proj,6,Linear,routed_expert,4988928
backbone.layers.6.mixer.experts.74.act_fn,6,ReLUSquaredActivation,routed_expert,0
backbone.layers.6.mixer.experts.75,6,NemotronHMLP,routed_expert,0
backbone.layers.6.mixer.experts.75.up_proj,6,Linear,routed_expert,4988928
backbone.layers.6.mixer.experts.75.down_proj,6,Linear,routed_expert,4988928
backbone.layers.6.mixer.experts.75.act_fn,6,ReLUSquaredActivation,routed_expert,0
backbone.layers.6.mixer.experts.76,6,NemotronHMLP,routed_expert,0
backbone.layers.6.mixer.experts.76.up_proj,6,Linear,routed_expert,4988928
backbone.layers.6.mixer.experts.76.down_proj,6,Linear,routed_expert,4988928
backbone.layers.6.mixer.experts.76.act_fn,6,ReLUSquaredActivation,routed_expert,0
backbone.layers.6.mixer.experts.77,6,NemotronHMLP,routed_expert,0
backbone.layers.6.mixer.experts.77.up_proj,6,Linear,routed_expert,4988928
backbone.layers.6.mixer.experts.77.down_proj,6,Linear,routed_expert,4988928
backbone.layers.6.mixer.experts.77.act_fn,6,ReLUSquaredActivation,routed_expert,0
backbone.layers.6.mixer.experts.78,6,NemotronHMLP,routed_expert,0
backbone.layers.6.mixer.experts.78.up_proj,6,Linear,routed_expert,4988928
backbone.layers.6.mixer.experts.78.down_proj,6,Linear,routed_expert,4988928
backbone.layers.6.mixer.experts.78.act_fn,6,ReLUSquaredActivation,routed_expert,0
backbone.layers.6.mixer.experts.79,6,NemotronHMLP,routed_expert,0
backbone.layers.6.mixer.experts.79.up_proj,6,Linear,routed_expert,4988928
backbone.layers.6.mixer.experts.79.down_proj,6,Linear,routed_expert,4988928
backbone.layers.6.mixer.experts.79.act_fn,6,ReLUSquaredActivation,routed_expert,0
backbone.layers.6.mixer.experts.80,6,NemotronHMLP,routed_expert,0
backbone.layers.6.mixer.experts.80.up_proj,6,Linear,routed_expert,4988928
backbone.layers.6.mixer.experts.80.down_proj,6,Linear,routed_expert,4988928
backbone.layers.6.mixer.experts.80.act_fn,6,ReLUSquaredActivation,routed_expert,0
backbone.layers.6.mixer.experts.81,6,NemotronHMLP,routed_expert,0
backbone.layers.6.mixer.experts.81.up_proj,6,Linear,routed_expert,4988928
backbone.layers.6.mixer.experts.81.down_proj,6,Linear,routed_expert,4988928
backbone.layers.6.mixer.experts.81.act_fn,6,ReLUSquaredActivation,routed_expert,0
backbone.layers.6.mixer.experts.82,6,NemotronHMLP,routed_expert,0
backbone.layers.6.mixer.experts.82.up_proj,6,Linear,routed_expert,4988928
backbone.layers.6.mixer.experts.82.down_proj,6,Linear,routed_expert,4988928
backbone.layers.6.mixer.experts.82.act_fn,6,ReLUSquaredActivation,routed_expert,0
backbone.layers.6.mixer.experts.83,6,NemotronHMLP,routed_expert,0
backbone.layers.6.mixer.experts.83.up_proj,6,Linear,routed_expert,4988928
backbone.layers.6.mixer.experts.83.down_proj,6,Linear,routed_expert,4988928
backbone.layers.6.mixer.experts.83.act_fn,6,ReLUSquaredActivation,routed_expert,0
backbone.layers.6.mixer.experts.84,6,NemotronHMLP,routed_expert,0
backbone.layers.6.mixer.experts.84.up_proj,6,Linear,routed_expert,4988928
backbone.layers.6.mixer.experts.84.down_proj,6,Linear,routed_expert,4988928
backbone.layers.6.mixer.experts.84.act_fn,6,ReLUSquaredActivation,routed_expert,0
backbone.layers.6.mixer.experts.85,6,NemotronHMLP,routed_expert,0
backbone.layers.6.mixer.experts.85.up_proj,6,Linear,routed_expert,4988928
backbone.layers.6.mixer.experts.85.down_proj,6,Linear,routed_expert,4988928
backbone.layers.6.mixer.experts.85.act_fn,6,ReLUSquaredActivation,routed_expert,0
backbone.layers.6.mixer.experts.86,6,NemotronHMLP,routed_expert,0
backbone.layers.6.mixer.experts.86.up_proj,6,Linear,routed_expert,4988928
backbone.layers.6.mixer.experts.86.down_proj,6,Linear,routed_expert,4988928
backbone.layers.6.mixer.experts.86.act_fn,6,ReLUSquaredActivation,routed_expert,0
backbone.layers.6.mixer.experts.87,6,NemotronHMLP,routed_expert,0
backbone.layers.6.mixer.experts.87.up_proj,6,Linear,routed_expert,4988928
backbone.layers.6.mixer.experts.87.down_proj,6,Linear,routed_expert,4988928
backbone.layers.6.mixer.experts.87.act_fn,6,ReLUSquaredActivation,routed_expert,0
backbone.layers.6.mixer.experts.88,6,NemotronHMLP,routed_expert,0
backbone.layers.6.mixer.experts.88.up_proj,6,Linear,routed_expert,4988928
backbone.layers.6.mixer.experts.88.down_proj,6,Linear,routed_expert,4988928
backbone.layers.6.mixer.experts.88.act_fn,6,ReLUSquaredActivation,routed_expert,0
backbone.layers.6.mixer.experts.89,6,NemotronHMLP,routed_expert,0
backbone.layers.6.mixer.experts.89.up_proj,6,Linear,routed_expert,4988928
backbone.layers.6.mixer.experts.89.down_proj,6,Linear,routed_expert,4988928
backbone.layers.6.mixer.experts.89.act_fn,6,ReLUSquaredActivation,routed_expert,0
backbone.layers.6.mixer.experts.90,6,NemotronHMLP,routed_expert,0
backbone.layers.6.mixer.experts.90.up_proj,6,Linear,routed_expert,4988928
backbone.layers.6.mixer.experts.90.down_proj,6,Linear,routed_expert,4988928
backbone.layers.6.mixer.experts.90.act_fn,6,ReLUSquaredActivation,routed_expert,0
backbone.layers.6.mixer.experts.91,6,NemotronHMLP,routed_expert,0
backbone.layers.6.mixer.experts.91.up_proj,6,Linear,routed_expert,4988928
backbone.layers.6.mixer.experts.91.down_proj,6,Linear,routed_expert,4988928
backbone.layers.6.mixer.experts.91.act_fn,6,ReLUSquaredActivation,routed_expert,0
backbone.layers.6.mixer.experts.92,6,NemotronHMLP,routed_expert,0
backbone.layers.6.mixer.experts.92.up_proj,6,Linear,routed_expert,4988928
backbone.layers.6.mixer.experts.92.down_proj,6,Linear,routed_expert,4988928
backbone.layers.6.mixer.experts.92.act_fn,6,ReLUSquaredActivation,routed_expert,0
backbone.layers.6.mixer.experts.93,6,NemotronHMLP,routed_expert,0
backbone.layers.6.mixer.experts.93.up_proj,6,Linear,routed_expert,4988928
backbone.layers.6.mixer.experts.93.down_proj,6,Linear,routed_expert,4988928
backbone.layers.6.mixer.experts.93.act_fn,6,ReLUSquaredActivation,routed_expert,0
backbone.layers.6.mixer.experts.94,6,NemotronHMLP,routed_expert,0
backbone.layers.6.mixer.experts.94.up_proj,6,Linear,routed_expert,4988928
backbone.layers.6.mixer.experts.94.down_proj,6,Linear,routed_expert,4988928
backbone.layers.6.mixer.experts.94.act_fn,6,ReLUSquaredActivation,routed_expert,0
backbone.layers.6.mixer.experts.95,6,NemotronHMLP,routed_expert,0
backbone.layers.6.mixer.experts.95.up_proj,6,Linear,routed_expert,4988928
backbone.layers.6.mixer.experts.95.down_proj,6,Linear,routed_expert,4988928
backbone.layers.6.mixer.experts.95.act_fn,6,ReLUSquaredActivation,routed_expert,0
backbone.layers.6.mixer.experts.96,6,NemotronHMLP,routed_expert,0
backbone.layers.6.mixer.experts.96.up_proj,6,Linear,routed_expert,4988928
backbone.layers.6.mixer.experts.96.down_proj,6,Linear,routed_expert,4988928
backbone.layers.6.mixer.experts.96.act_fn,6,ReLUSquaredActivation,routed_expert,0
backbone.layers.6.mixer.experts.97,6,NemotronHMLP,routed_expert,0
backbone.layers.6.mixer.experts.97.up_proj,6,Linear,routed_expert,4988928
backbone.layers.6.mixer.experts.97.down_proj,6,Linear,routed_expert,4988928
backbone.layers.6.mixer.experts.97.act_fn,6,ReLUSquaredActivation,routed_expert,0
backbone.layers.6.mixer.experts.98,6,NemotronHMLP,routed_expert,0
backbone.layers.6.mixer.experts.98.up_proj,6,Linear,routed_expert,4988928
backbone.layers.6.mixer.experts.98.down_proj,6,Linear,routed_expert,4988928
backbone.layers.6.mixer.experts.98.act_fn,6,ReLUSquaredActivation,routed_expert,0
backbone.layers.6.mixer.experts.99,6,NemotronHMLP,routed_expert,0
backbone.layers.6.mixer.experts.99.up_proj,6,Linear,routed_expert,4988928
backbone.layers.6.mixer.experts.99.down_proj,6,Linear,routed_expert,4988928
backbone.layers.6.mixer.experts.99.act_fn,6,ReLUSquaredActivation,routed_expert,0
backbone.layers.6.mixer.experts.100,6,NemotronHMLP,routed_expert,0
backbone.layers.6.mixer.experts.100.up_proj,6,Linear,routed_expert,4988928
backbone.layers.6.mixer.experts.100.down_proj,6,Linear,routed_expert,4988928
backbone.layers.6.mixer.experts.100.act_fn,6,ReLUSquaredActivation,routed_expert,0
backbone.layers.6.mixer.experts.101,6,NemotronHMLP,routed_expert,0
backbone.layers.6.mixer.experts.101.up_proj,6,Linear,routed_expert,4988928
backbone.layers.6.mixer.experts.101.down_proj,6,Linear,routed_expert,4988928
backbone.layers.6.mixer.experts.101.act_fn,6,ReLUSquaredActivation,routed_expert,0
backbone.layers.6.mixer.experts.102,6,NemotronHMLP,routed_expert,0
backbone.layers.6.mixer.experts.102.up_proj,6,Linear,routed_expert,4988928
backbone.layers.6.mixer.experts.102.down_proj,6,Linear,routed_expert,4988928
backbone.layers.6.mixer.experts.102.act_fn,6,ReLUSquaredActivation,routed_expert,0
backbone.layers.6.mixer.experts.103,6,NemotronHMLP,routed_expert,0
backbone.layers.6.mixer.experts.103.up_proj,6,Linear,routed_expert,4988928
backbone.layers.6.mixer.experts.103.down_proj,6,Linear,routed_expert,4988928
backbone.layers.6.mixer.experts.103.act_fn,6,ReLUSquaredActivation,routed_expert,0
backbone.layers.6.mixer.experts.104,6,NemotronHMLP,routed_expert,0
backbone.layers.6.mixer.experts.104.up_proj,6,Linear,routed_expert,4988928
backbone.layers.6.mixer.experts.104.down_proj,6,Linear,routed_expert,4988928
backbone.layers.6.mixer.experts.104.act_fn,6,ReLUSquaredActivation,routed_expert,0
backbone.layers.6.mixer.experts.105,6,NemotronHMLP,routed_expert,0
backbone.layers.6.mixer.experts.105.up_proj,6,Linear,routed_expert,4988928
backbone.layers.6.mixer.experts.105.down_proj,6,Linear,routed_expert,4988928
backbone.layers.6.mixer.experts.105.act_fn,6,ReLUSquaredActivation,routed_expert,0
backbone.layers.6.mixer.experts.106,6,NemotronHMLP,routed_expert,0
backbone.layers.6.mixer.experts.106.up_proj,6,Linear,routed_expert,4988928
backbone.layers.6.mixer.experts.106.down_proj,6,Linear,routed_expert,4988928
backbone.layers.6.mixer.experts.106.act_fn,6,ReLUSquaredActivation,routed_expert,0
backbone.layers.6.mixer.experts.107,6,NemotronHMLP,routed_expert,0
backbone.layers.6.mixer.experts.107.up_proj,6,Linear,routed_expert,4988928
backbone.layers.6.mixer.experts.107.down_proj,6,Linear,routed_expert,4988928
backbone.layers.6.mixer.experts.107.act_fn,6,ReLUSquaredActivation,routed_expert,0
backbone.layers.6.mixer.experts.108,6,NemotronHMLP,routed_expert,0
backbone.layers.6.mixer.experts.108.up_proj,6,Linear,routed_expert,4988928
backbone.layers.6.mixer.experts.108.down_proj,6,Linear,routed_expert,4988928
backbone.layers.6.mixer.experts.108.act_fn,6,ReLUSquaredActivation,routed_expert,0
backbone.layers.6.mixer.experts.109,6,NemotronHMLP,routed_expert,0
backbone.layers.6.mixer.experts.109.up_proj,6,Linear,routed_expert,4988928
backbone.layers.6.mixer.experts.109.down_proj,6,Linear,routed_expert,4988928
backbone.layers.6.mixer.experts.109.act_fn,6,ReLUSquaredActivation,routed_expert,0
backbone.layers.6.mixer.experts.110,6,NemotronHMLP,routed_expert,0
backbone.layers.6.mixer.experts.110.up_proj,6,Linear,routed_expert,4988928
backbone.layers.6.mixer.experts.110.down_proj,6,Linear,routed_expert,4988928
backbone.layers.6.mixer.experts.110.act_fn,6,ReLUSquaredActivation,routed_expert,0
backbone.layers.6.mixer.experts.111,6,NemotronHMLP,routed_expert,0
backbone.layers.6.mixer.experts.111.up_proj,6,Linear,routed_expert,4988928
backbone.layers.6.mixer.experts.111.down_proj,6,Linear,routed_expert,4988928
backbone.layers.6.mixer.experts.111.act_fn,6,ReLUSquaredActivation,routed_expert,0
backbone.layers.6.mixer.experts.112,6,NemotronHMLP,routed_expert,0
backbone.layers.6.mixer.experts.112.up_proj,6,Linear,routed_expert,4988928
backbone.layers.6.mixer.experts.112.down_proj,6,Linear,routed_expert,4988928
backbone.layers.6.mixer.experts.112.act_fn,6,ReLUSquaredActivation,routed_expert,0
backbone.layers.6.mixer.experts.113,6,NemotronHMLP,routed_expert,0
backbone.layers.6.mixer.experts.113.up_proj,6,Linear,routed_expert,4988928
backbone.layers.6.mixer.experts.113.down_proj,6,Linear,routed_expert,4988928
backbone.layers.6.mixer.experts.113.act_fn,6,ReLUSquaredActivation,routed_expert,0
backbone.layers.6.mixer.experts.114,6,NemotronHMLP,routed_expert,0
backbone.layers.6.mixer.experts.114.up_proj,6,Linear,routed_expert,4988928
backbone.layers.6.mixer.experts.114.down_proj,6,Linear,routed_expert,4988928
backbone.layers.6.mixer.experts.114.act_fn,6,ReLUSquaredActivation,routed_expert,0
backbone.layers.6.mixer.experts.115,6,NemotronHMLP,routed_expert,0
backbone.layers.6.mixer.experts.115.up_proj,6,Linear,routed_expert,4988928
backbone.layers.6.mixer.experts.115.down_proj,6,Linear,routed_expert,4988928
backbone.layers.6.mixer.experts.115.act_fn,6,ReLUSquaredActivation,routed_expert,0
backbone.layers.6.mixer.experts.116,6,NemotronHMLP,routed_expert,0
backbone.layers.6.mixer.experts.116.up_proj,6,Linear,routed_expert,4988928
backbone.layers.6.mixer.experts.116.down_proj,6,Linear,routed_expert,4988928
backbone.layers.6.mixer.experts.116.act_fn,6,ReLUSquaredActivation,routed_expert,0
backbone.layers.6.mixer.experts.117,6,NemotronHMLP,routed_expert,0
backbone.layers.6.mixer.experts.117.up_proj,6,Linear,routed_expert,4988928
backbone.layers.6.mixer.experts.117.down_proj,6,Linear,routed_expert,4988928
backbone.layers.6.mixer.experts.117.act_fn,6,ReLUSquaredActivation,routed_expert,0
backbone.layers.6.mixer.experts.118,6,NemotronHMLP,routed_expert,0
backbone.layers.6.mixer.experts.118.up_proj,6,Linear,routed_expert,4988928
backbone.layers.6.mixer.experts.118.down_proj,6,Linear,routed_expert,4988928
backbone.layers.6.mixer.experts.118.act_fn,6,ReLUSquaredActivation,routed_expert,0
backbone.layers.6.mixer.experts.119,6,NemotronHMLP,routed_expert,0
backbone.layers.6.mixer.experts.119.up_proj,6,Linear,routed_expert,4988928
backbone.layers.6.mixer.experts.119.down_proj,6,Linear,routed_expert,4988928
backbone.layers.6.mixer.experts.119.act_fn,6,ReLUSquaredActivation,routed_expert,0
backbone.layers.6.mixer.experts.120,6,NemotronHMLP,routed_expert,0
backbone.layers.6.mixer.experts.120.up_proj,6,Linear,routed_expert,4988928
backbone.layers.6.mixer.experts.120.down_proj,6,Linear,routed_expert,4988928
backbone.layers.6.mixer.experts.120.act_fn,6,ReLUSquaredActivation,routed_expert,0
backbone.layers.6.mixer.experts.121,6,NemotronHMLP,routed_expert,0
backbone.layers.6.mixer.experts.121.up_proj,6,Linear,routed_expert,4988928
backbone.layers.6.mixer.experts.121.down_proj,6,Linear,routed_expert,4988928
backbone.layers.6.mixer.experts.121.act_fn,6,ReLUSquaredActivation,routed_expert,0
backbone.layers.6.mixer.experts.122,6,NemotronHMLP,routed_expert,0
backbone.layers.6.mixer.experts.122.up_proj,6,Linear,routed_expert,4988928
backbone.layers.6.mixer.experts.122.down_proj,6,Linear,routed_expert,4988928
backbone.layers.6.mixer.experts.122.act_fn,6,ReLUSquaredActivation,routed_expert,0
backbone.layers.6.mixer.experts.123,6,NemotronHMLP,routed_expert,0
backbone.layers.6.mixer.experts.123.up_proj,6,Linear,routed_expert,4988928
backbone.layers.6.mixer.experts.123.down_proj,6,Linear,routed_expert,4988928
backbone.layers.6.mixer.experts.123.act_fn,6,ReLUSquaredActivation,routed_expert,0
backbone.layers.6.mixer.experts.124,6,NemotronHMLP,routed_expert,0
backbone.layers.6.mixer.experts.124.up_proj,6,Linear,routed_expert,4988928
backbone.layers.6.mixer.experts.124.down_proj,6,Linear,routed_expert,4988928
backbone.layers.6.mixer.experts.124.act_fn,6,ReLUSquaredActivation,routed_expert,0
backbone.layers.6.mixer.experts.125,6,NemotronHMLP,routed_expert,0
backbone.layers.6.mixer.experts.125.up_proj,6,Linear,routed_expert,4988928
backbone.layers.6.mixer.experts.125.down_proj,6,Linear,routed_expert,4988928
backbone.layers.6.mixer.experts.125.act_fn,6,ReLUSquaredActivation,routed_expert,0
backbone.layers.6.mixer.experts.126,6,NemotronHMLP,routed_expert,0
backbone.layers.6.mixer.experts.126.up_proj,6,Linear,routed_expert,4988928
backbone.layers.6.mixer.experts.126.down_proj,6,Linear,routed_expert,4988928
backbone.layers.6.mixer.experts.126.act_fn,6,ReLUSquaredActivation,routed_expert,0
backbone.layers.6.mixer.experts.127,6,NemotronHMLP,routed_expert,0
backbone.layers.6.mixer.experts.127.up_proj,6,Linear,routed_expert,4988928
backbone.layers.6.mixer.experts.127.down_proj,6,Linear,routed_expert,4988928
backbone.layers.6.mixer.experts.127.act_fn,6,ReLUSquaredActivation,routed_expert,0
backbone.layers.6.mixer.gate,6,NemotronHTopkRouter,router,344064
backbone.layers.6.mixer.shared_experts,6,NemotronHMLP,other,0
backbone.layers.6.mixer.shared_experts.up_proj,6,Linear,shared_expert,9977856
backbone.layers.6.mixer.shared_experts.down_proj,6,Linear,shared_expert,9977856
backbone.layers.6.mixer.shared_experts.act_fn,6,ReLUSquaredActivation,shared_expert,0
backbone.layers.7,7,NemotronHBlock,other,0
backbone.layers.7.norm,7,NemotronHRMSNorm,other,2688
backbone.layers.7.mixer,7,NemotronHMamba2Mixer,mamba,192
backbone.layers.7.mixer.act,7,SiLUActivation,other,0
backbone.layers.7.mixer.conv1d,7,Conv1d,other,30720
backbone.layers.7.mixer.in_proj,7,Linear,mamba_projection,27697152
backbone.layers.7.mixer.norm,7,MambaRMSNormGated,mamba,4096
backbone.layers.7.mixer.out_proj,7,Linear,mamba_projection,11010048
backbone.layers.8,8,NemotronHBlock,other,0
backbone.layers.8.norm,8,NemotronHRMSNorm,other,2688
backbone.layers.8.mixer,8,NemotronHMOE,moe,0
backbone.layers.8.mixer.experts,8,ModuleList,other,0
backbone.layers.8.mixer.experts.0,8,NemotronHMLP,routed_expert,0
backbone.layers.8.mixer.experts.0.up_proj,8,Linear,routed_expert,4988928
backbone.layers.8.mixer.experts.0.down_proj,8,Linear,routed_expert,4988928
backbone.layers.8.mixer.experts.0.act_fn,8,ReLUSquaredActivation,routed_expert,0
backbone.layers.8.mixer.experts.1,8,NemotronHMLP,routed_expert,0
backbone.layers.8.mixer.experts.1.up_proj,8,Linear,routed_expert,4988928
backbone.layers.8.mixer.experts.1.down_proj,8,Linear,routed_expert,4988928
backbone.layers.8.mixer.experts.1.act_fn,8,ReLUSquaredActivation,routed_expert,0
backbone.layers.8.mixer.experts.2,8,NemotronHMLP,routed_expert,0
backbone.layers.8.mixer.experts.2.up_proj,8,Linear,routed_expert,4988928
backbone.layers.8.mixer.experts.2.down_proj,8,Linear,routed_expert,4988928
backbone.layers.8.mixer.experts.2.act_fn,8,ReLUSquaredActivation,routed_expert,0
backbone.layers.8.mixer.experts.3,8,NemotronHMLP,routed_expert,0
backbone.layers.8.mixer.experts.3.up_proj,8,Linear,routed_expert,4988928
backbone.layers.8.mixer.experts.3.down_proj,8,Linear,routed_expert,4988928
backbone.layers.8.mixer.experts.3.act_fn,8,ReLUSquaredActivation,routed_expert,0
backbone.layers.8.mixer.experts.4,8,NemotronHMLP,routed_expert,0
backbone.layers.8.mixer.experts.4.up_proj,8,Linear,routed_expert,4988928
backbone.layers.8.mixer.experts.4.down_proj,8,Linear,routed_expert,4988928
backbone.layers.8.mixer.experts.4.act_fn,8,ReLUSquaredActivation,routed_expert,0
backbone.layers.8.mixer.experts.5,8,NemotronHMLP,routed_expert,0
backbone.layers.8.mixer.experts.5.up_proj,8,Linear,routed_expert,4988928
backbone.layers.8.mixer.experts.5.down_proj,8,Linear,routed_expert,4988928
backbone.layers.8.mixer.experts.5.act_fn,8,ReLUSquaredActivation,routed_expert,0
backbone.layers.8.mixer.experts.6,8,NemotronHMLP,routed_expert,0
backbone.layers.8.mixer.experts.6.up_proj,8,Linear,routed_expert,4988928
backbone.layers.8.mixer.experts.6.down_proj,8,Linear,routed_expert,4988928
backbone.layers.8.mixer.experts.6.act_fn,8,ReLUSquaredActivation,routed_expert,0
backbone.layers.8.mixer.experts.7,8,NemotronHMLP,routed_expert,0
backbone.layers.8.mixer.experts.7.up_proj,8,Linear,routed_expert,4988928
backbone.layers.8.mixer.experts.7.down_proj,8,Linear,routed_expert,4988928
backbone.layers.8.mixer.experts.7.act_fn,8,ReLUSquaredActivation,routed_expert,0
backbone.layers.8.mixer.experts.8,8,NemotronHMLP,routed_expert,0
backbone.layers.8.mixer.experts.8.up_proj,8,Linear,routed_expert,4988928
backbone.layers.8.mixer.experts.8.down_proj,8,Linear,routed_expert,4988928
backbone.layers.8.mixer.experts.8.act_fn,8,ReLUSquaredActivation,routed_expert,0
backbone.layers.8.mixer.experts.9,8,NemotronHMLP,routed_expert,0
backbone.layers.8.mixer.experts.9.up_proj,8,Linear,routed_expert,4988928
backbone.layers.8.mixer.experts.9.down_proj,8,Linear,routed_expert,4988928
backbone.layers.8.mixer.experts.9.act_fn,8,ReLUSquaredActivation,routed_expert,0
backbone.layers.8.mixer.experts.10,8,NemotronHMLP,routed_expert,0
backbone.layers.8.mixer.experts.10.up_proj,8,Linear,routed_expert,4988928
backbone.layers.8.mixer.experts.10.down_proj,8,Linear,routed_expert,4988928
backbone.layers.8.mixer.experts.10.act_fn,8,ReLUSquaredActivation,routed_expert,0
backbone.layers.8.mixer.experts.11,8,NemotronHMLP,routed_expert,0
backbone.layers.8.mixer.experts.11.up_proj,8,Linear,routed_expert,4988928
backbone.layers.8.mixer.experts.11.down_proj,8,Linear,routed_expert,4988928
backbone.layers.8.mixer.experts.11.act_fn,8,ReLUSquaredActivation,routed_expert,0
backbone.layers.8.mixer.experts.12,8,NemotronHMLP,routed_expert,0
backbone.layers.8.mixer.experts.12.up_proj,8,Linear,routed_expert,4988928
backbone.layers.8.mixer.experts.12.down_proj,8,Linear,routed_expert,4988928
backbone.layers.8.mixer.experts.12.act_fn,8,ReLUSquaredActivation,routed_expert,0
backbone.layers.8.mixer.experts.13,8,NemotronHMLP,routed_expert,0
backbone.layers.8.mixer.experts.13.up_proj,8,Linear,routed_expert,4988928
backbone.layers.8.mixer.experts.13.down_proj,8,Linear,routed_expert,4988928
backbone.layers.8.mixer.experts.13.act_fn,8,ReLUSquaredActivation,routed_expert,0
backbone.layers.8.mixer.experts.14,8,NemotronHMLP,routed_expert,0
backbone.layers.8.mixer.experts.14.up_proj,8,Linear,routed_expert,4988928
backbone.layers.8.mixer.experts.14.down_proj,8,Linear,routed_expert,4988928
backbone.layers.8.mixer.experts.14.act_fn,8,ReLUSquaredActivation,routed_expert,0
backbone.layers.8.mixer.experts.15,8,NemotronHMLP,routed_expert,0
backbone.layers.8.mixer.experts.15.up_proj,8,Linear,routed_expert,4988928
backbone.layers.8.mixer.experts.15.down_proj,8,Linear,routed_expert,4988928
backbone.layers.8.mixer.experts.15.act_fn,8,ReLUSquaredActivation,routed_expert,0
backbone.layers.8.mixer.experts.16,8,NemotronHMLP,routed_expert,0
backbone.layers.8.mixer.experts.16.up_proj,8,Linear,routed_expert,4988928
backbone.layers.8.mixer.experts.16.down_proj,8,Linear,routed_expert,4988928
backbone.layers.8.mixer.experts.16.act_fn,8,ReLUSquaredActivation,routed_expert,0
backbone.layers.8.mixer.experts.17,8,NemotronHMLP,routed_expert,0
backbone.layers.8.mixer.experts.17.up_proj,8,Linear,routed_expert,4988928
backbone.layers.8.mixer.experts.17.down_proj,8,Linear,routed_expert,4988928
backbone.layers.8.mixer.experts.17.act_fn,8,ReLUSquaredActivation,routed_expert,0
backbone.layers.8.mixer.experts.18,8,NemotronHMLP,routed_expert,0
backbone.layers.8.mixer.experts.18.up_proj,8,Linear,routed_expert,4988928
backbone.layers.8.mixer.experts.18.down_proj,8,Linear,routed_expert,4988928
backbone.layers.8.mixer.experts.18.act_fn,8,ReLUSquaredActivation,routed_expert,0
backbone.layers.8.mixer.experts.19,8,NemotronHMLP,routed_expert,0
backbone.layers.8.mixer.experts.19.up_proj,8,Linear,routed_expert,4988928
backbone.layers.8.mixer.experts.19.down_proj,8,Linear,routed_expert,4988928
backbone.layers.8.mixer.experts.19.act_fn,8,ReLUSquaredActivation,routed_expert,0
backbone.layers.8.mixer.experts.20,8,NemotronHMLP,routed_expert,0
backbone.layers.8.mixer.experts.20.up_proj,8,Linear,routed_expert,4988928
backbone.layers.8.mixer.experts.20.down_proj,8,Linear,routed_expert,4988928
backbone.layers.8.mixer.experts.20.act_fn,8,ReLUSquaredActivation,routed_expert,0
backbone.layers.8.mixer.experts.21,8,NemotronHMLP,routed_expert,0
backbone.layers.8.mixer.experts.21.up_proj,8,Linear,routed_expert,4988928
backbone.layers.8.mixer.experts.21.down_proj,8,Linear,routed_expert,4988928
backbone.layers.8.mixer.experts.21.act_fn,8,ReLUSquaredActivation,routed_expert,0
backbone.layers.8.mixer.experts.22,8,NemotronHMLP,routed_expert,0
backbone.layers.8.mixer.experts.22.up_proj,8,Linear,routed_expert,4988928
backbone.layers.8.mixer.experts.22.down_proj,8,Linear,routed_expert,4988928
backbone.layers.8.mixer.experts.22.act_fn,8,ReLUSquaredActivation,routed_expert,0
backbone.layers.8.mixer.experts.23,8,NemotronHMLP,routed_expert,0
backbone.layers.8.mixer.experts.23.up_proj,8,Linear,routed_expert,4988928
backbone.layers.8.mixer.experts.23.down_proj,8,Linear,routed_expert,4988928
backbone.layers.8.mixer.experts.23.act_fn,8,ReLUSquaredActivation,routed_expert,0
backbone.layers.8.mixer.experts.24,8,NemotronHMLP,routed_expert,0
backbone.layers.8.mixer.experts.24.up_proj,8,Linear,routed_expert,4988928
backbone.layers.8.mixer.experts.24.down_proj,8,Linear,routed_expert,4988928
backbone.layers.8.mixer.experts.24.act_fn,8,ReLUSquaredActivation,routed_expert,0
backbone.layers.8.mixer.experts.25,8,NemotronHMLP,routed_expert,0
backbone.layers.8.mixer.experts.25.up_proj,8,Linear,routed_expert,4988928
backbone.layers.8.mixer.experts.25.down_proj,8,Linear,routed_expert,4988928
backbone.layers.8.mixer.experts.25.act_fn,8,ReLUSquaredActivation,routed_expert,0
backbone.layers.8.mixer.experts.26,8,NemotronHMLP,routed_expert,0
backbone.layers.8.mixer.experts.26.up_proj,8,Linear,routed_expert,4988928
backbone.layers.8.mixer.experts.26.down_proj,8,Linear,routed_expert,4988928
backbone.layers.8.mixer.experts.26.act_fn,8,ReLUSquaredActivation,routed_expert,0
backbone.layers.8.mixer.experts.27,8,NemotronHMLP,routed_expert,0
backbone.layers.8.mixer.experts.27.up_proj,8,Linear,routed_expert,4988928
backbone.layers.8.mixer.experts.27.down_proj,8,Linear,routed_expert,4988928
backbone.layers.8.mixer.experts.27.act_fn,8,ReLUSquaredActivation,routed_expert,0
backbone.layers.8.mixer.experts.28,8,NemotronHMLP,routed_expert,0
backbone.layers.8.mixer.experts.28.up_proj,8,Linear,routed_expert,4988928
backbone.layers.8.mixer.experts.28.down_proj,8,Linear,routed_expert,4988928
backbone.layers.8.mixer.experts.28.act_fn,8,ReLUSquaredActivation,routed_expert,0
backbone.layers.8.mixer.experts.29,8,NemotronHMLP,routed_expert,0
backbone.layers.8.mixer.experts.29.up_proj,8,Linear,routed_expert,4988928
backbone.layers.8.mixer.experts.29.down_proj,8,Linear,routed_expert,4988928
backbone.layers.8.mixer.experts.29.act_fn,8,ReLUSquaredActivation,routed_expert,0
backbone.layers.8.mixer.experts.30,8,NemotronHMLP,routed_expert,0
backbone.layers.8.mixer.experts.30.up_proj,8,Linear,routed_expert,4988928
backbone.layers.8.mixer.experts.30.down_proj,8,Linear,routed_expert,4988928
backbone.layers.8.mixer.experts.30.act_fn,8,ReLUSquaredActivation,routed_expert,0
backbone.layers.8.mixer.experts.31,8,NemotronHMLP,routed_expert,0
backbone.layers.8.mixer.experts.31.up_proj,8,Linear,routed_expert,4988928
backbone.layers.8.mixer.experts.31.down_proj,8,Linear,routed_expert,4988928
backbone.layers.8.mixer.experts.31.act_fn,8,ReLUSquaredActivation,routed_expert,0
backbone.layers.8.mixer.experts.32,8,NemotronHMLP,routed_expert,0
backbone.layers.8.mixer.experts.32.up_proj,8,Linear,routed_expert,4988928
backbone.layers.8.mixer.experts.32.down_proj,8,Linear,routed_expert,4988928
backbone.layers.8.mixer.experts.32.act_fn,8,ReLUSquaredActivation,routed_expert,0
backbone.layers.8.mixer.experts.33,8,NemotronHMLP,routed_expert,0
backbone.layers.8.mixer.experts.33.up_proj,8,Linear,routed_expert,4988928
backbone.layers.8.mixer.experts.33.down_proj,8,Linear,routed_expert,4988928
backbone.layers.8.mixer.experts.33.act_fn,8,ReLUSquaredActivation,routed_expert,0
backbone.layers.8.mixer.experts.34,8,NemotronHMLP,routed_expert,0
backbone.layers.8.mixer.experts.34.up_proj,8,Linear,routed_expert,4988928
backbone.layers.8.mixer.experts.34.down_proj,8,Linear,routed_expert,4988928
backbone.layers.8.mixer.experts.34.act_fn,8,ReLUSquaredActivation,routed_expert,0
backbone.layers.8.mixer.experts.35,8,NemotronHMLP,routed_expert,0
backbone.layers.8.mixer.experts.35.up_proj,8,Linear,routed_expert,4988928
backbone.layers.8.mixer.experts.35.down_proj,8,Linear,routed_expert,4988928
backbone.layers.8.mixer.experts.35.act_fn,8,ReLUSquaredActivation,routed_expert,0
backbone.layers.8.mixer.experts.36,8,NemotronHMLP,routed_expert,0
backbone.layers.8.mixer.experts.36.up_proj,8,Linear,routed_expert,4988928
backbone.layers.8.mixer.experts.36.down_proj,8,Linear,routed_expert,4988928
backbone.layers.8.mixer.experts.36.act_fn,8,ReLUSquaredActivation,routed_expert,0
backbone.layers.8.mixer.experts.37,8,NemotronHMLP,routed_expert,0
backbone.layers.8.mixer.experts.37.up_proj,8,Linear,routed_expert,4988928
backbone.layers.8.mixer.experts.37.down_proj,8,Linear,routed_expert,4988928
backbone.layers.8.mixer.experts.37.act_fn,8,ReLUSquaredActivation,routed_expert,0
backbone.layers.8.mixer.experts.38,8,NemotronHMLP,routed_expert,0
backbone.layers.8.mixer.experts.38.up_proj,8,Linear,routed_expert,4988928
backbone.layers.8.mixer.experts.38.down_proj,8,Linear,routed_expert,4988928
backbone.layers.8.mixer.experts.38.act_fn,8,ReLUSquaredActivation,routed_expert,0
backbone.layers.8.mixer.experts.39,8,NemotronHMLP,routed_expert,0
backbone.layers.8.mixer.experts.39.up_proj,8,Linear,routed_expert,4988928
backbone.layers.8.mixer.experts.39.down_proj,8,Linear,routed_expert,4988928
backbone.layers.8.mixer.experts.39.act_fn,8,ReLUSquaredActivation,routed_expert,0
backbone.layers.8.mixer.experts.40,8,NemotronHMLP,routed_expert,0
backbone.layers.8.mixer.experts.40.up_proj,8,Linear,routed_expert,4988928
backbone.layers.8.mixer.experts.40.down_proj,8,Linear,routed_expert,4988928
backbone.layers.8.mixer.experts.40.act_fn,8,ReLUSquaredActivation,routed_expert,0
backbone.layers.8.mixer.experts.41,8,NemotronHMLP,routed_expert,0
backbone.layers.8.mixer.experts.41.up_proj,8,Linear,routed_expert,4988928
backbone.layers.8.mixer.experts.41.down_proj,8,Linear,routed_expert,4988928
backbone.layers.8.mixer.experts.41.act_fn,8,ReLUSquaredActivation,routed_expert,0
backbone.layers.8.mixer.experts.42,8,NemotronHMLP,routed_expert,0
backbone.layers.8.mixer.experts.42.up_proj,8,Linear,routed_expert,4988928
backbone.layers.8.mixer.experts.42.down_proj,8,Linear,routed_expert,4988928
backbone.layers.8.mixer.experts.42.act_fn,8,ReLUSquaredActivation,routed_expert,0
backbone.layers.8.mixer.experts.43,8,NemotronHMLP,routed_expert,0
backbone.layers.8.mixer.experts.43.up_proj,8,Linear,routed_expert,4988928
backbone.layers.8.mixer.experts.43.down_proj,8,Linear,routed_expert,4988928
backbone.layers.8.mixer.experts.43.act_fn,8,ReLUSquaredActivation,routed_expert,0
backbone.layers.8.mixer.experts.44,8,NemotronHMLP,routed_expert,0
backbone.layers.8.mixer.experts.44.up_proj,8,Linear,routed_expert,4988928
backbone.layers.8.mixer.experts.44.down_proj,8,Linear,routed_expert,4988928
backbone.layers.8.mixer.experts.44.act_fn,8,ReLUSquaredActivation,routed_expert,0
backbone.layers.8.mixer.experts.45,8,NemotronHMLP,routed_expert,0
backbone.layers.8.mixer.experts.45.up_proj,8,Linear,routed_expert,4988928
backbone.layers.8.mixer.experts.45.down_proj,8,Linear,routed_expert,4988928
backbone.layers.8.mixer.experts.45.act_fn,8,ReLUSquaredActivation,routed_expert,0
backbone.layers.8.mixer.experts.46,8,NemotronHMLP,routed_expert,0
backbone.layers.8.mixer.experts.46.up_proj,8,Linear,routed_expert,4988928
backbone.layers.8.mixer.experts.46.down_proj,8,Linear,routed_expert,4988928
backbone.layers.8.mixer.experts.46.act_fn,8,ReLUSquaredActivation,routed_expert,0
backbone.layers.8.mixer.experts.47,8,NemotronHMLP,routed_expert,0
backbone.layers.8.mixer.experts.47.up_proj,8,Linear,routed_expert,4988928
backbone.layers.8.mixer.experts.47.down_proj,8,Linear,routed_expert,4988928
backbone.layers.8.mixer.experts.47.act_fn,8,ReLUSquaredActivation,routed_expert,0
backbone.layers.8.mixer.experts.48,8,NemotronHMLP,routed_expert,0
backbone.layers.8.mixer.experts.48.up_proj,8,Linear,routed_expert,4988928
backbone.layers.8.mixer.experts.48.down_proj,8,Linear,routed_expert,4988928
backbone.layers.8.mixer.experts.48.act_fn,8,ReLUSquaredActivation,routed_expert,0
backbone.layers.8.mixer.experts.49,8,NemotronHMLP,routed_expert,0
backbone.layers.8.mixer.experts.49.up_proj,8,Linear,routed_expert,4988928
backbone.layers.8.mixer.experts.49.down_proj,8,Linear,routed_expert,4988928
backbone.layers.8.mixer.experts.49.act_fn,8,ReLUSquaredActivation,routed_expert,0
backbone.layers.8.mixer.experts.50,8,NemotronHMLP,routed_expert,0
backbone.layers.8.mixer.experts.50.up_proj,8,Linear,routed_expert,4988928
backbone.layers.8.mixer.experts.50.down_proj,8,Linear,routed_expert,4988928
backbone.layers.8.mixer.experts.50.act_fn,8,ReLUSquaredActivation,routed_expert,0
backbone.layers.8.mixer.experts.51,8,NemotronHMLP,routed_expert,0
backbone.layers.8.mixer.experts.51.up_proj,8,Linear,routed_expert,4988928
backbone.layers.8.mixer.experts.51.down_proj,8,Linear,routed_expert,4988928
backbone.layers.8.mixer.experts.51.act_fn,8,ReLUSquaredActivation,routed_expert,0
backbone.layers.8.mixer.experts.52,8,NemotronHMLP,routed_expert,0
backbone.layers.8.mixer.experts.52.up_proj,8,Linear,routed_expert,4988928
backbone.layers.8.mixer.experts.52.down_proj,8,Linear,routed_expert,4988928
backbone.layers.8.mixer.experts.52.act_fn,8,ReLUSquaredActivation,routed_expert,0
backbone.layers.8.mixer.experts.53,8,NemotronHMLP,routed_expert,0
backbone.layers.8.mixer.experts.53.up_proj,8,Linear,routed_expert,4988928
backbone.layers.8.mixer.experts.53.down_proj,8,Linear,routed_expert,4988928
backbone.layers.8.mixer.experts.53.act_fn,8,ReLUSquaredActivation,routed_expert,0
backbone.layers.8.mixer.experts.54,8,NemotronHMLP,routed_expert,0
backbone.layers.8.mixer.experts.54.up_proj,8,Linear,routed_expert,4988928
backbone.layers.8.mixer.experts.54.down_proj,8,Linear,routed_expert,4988928
backbone.layers.8.mixer.experts.54.act_fn,8,ReLUSquaredActivation,routed_expert,0
backbone.layers.8.mixer.experts.55,8,NemotronHMLP,routed_expert,0
backbone.layers.8.mixer.experts.55.up_proj,8,Linear,routed_expert,4988928
backbone.layers.8.mixer.experts.55.down_proj,8,Linear,routed_expert,4988928
backbone.layers.8.mixer.experts.55.act_fn,8,ReLUSquaredActivation,routed_expert,0
backbone.layers.8.mixer.experts.56,8,NemotronHMLP,routed_expert,0
backbone.layers.8.mixer.experts.56.up_proj,8,Linear,routed_expert,4988928
backbone.layers.8.mixer.experts.56.down_proj,8,Linear,routed_expert,4988928
backbone.layers.8.mixer.experts.56.act_fn,8,ReLUSquaredActivation,routed_expert,0
backbone.layers.8.mixer.experts.57,8,NemotronHMLP,routed_expert,0
backbone.layers.8.mixer.experts.57.up_proj,8,Linear,routed_expert,4988928
backbone.layers.8.mixer.experts.57.down_proj,8,Linear,routed_expert,4988928
backbone.layers.8.mixer.experts.57.act_fn,8,ReLUSquaredActivation,routed_expert,0
backbone.layers.8.mixer.experts.58,8,NemotronHMLP,routed_expert,0
backbone.layers.8.mixer.experts.58.up_proj,8,Linear,routed_expert,4988928
backbone.layers.8.mixer.experts.58.down_proj,8,Linear,routed_expert,4988928
backbone.layers.8.mixer.experts.58.act_fn,8,ReLUSquaredActivation,routed_expert,0
backbone.layers.8.mixer.experts.59,8,NemotronHMLP,routed_expert,0
backbone.layers.8.mixer.experts.59.up_proj,8,Linear,routed_expert,4988928
backbone.layers.8.mixer.experts.59.down_proj,8,Linear,routed_expert,4988928
backbone.layers.8.mixer.experts.59.act_fn,8,ReLUSquaredActivation,routed_expert,0
backbone.layers.8.mixer.experts.60,8,NemotronHMLP,routed_expert,0
backbone.layers.8.mixer.experts.60.up_proj,8,Linear,routed_expert,4988928
backbone.layers.8.mixer.experts.60.down_proj,8,Linear,routed_expert,4988928
backbone.layers.8.mixer.experts.60.act_fn,8,ReLUSquaredActivation,routed_expert,0
backbone.layers.8.mixer.experts.61,8,NemotronHMLP,routed_expert,0
backbone.layers.8.mixer.experts.61.up_proj,8,Linear,routed_expert,4988928
backbone.layers.8.mixer.experts.61.down_proj,8,Linear,routed_expert,4988928
backbone.layers.8.mixer.experts.61.act_fn,8,ReLUSquaredActivation,routed_expert,0
backbone.layers.8.mixer.experts.62,8,NemotronHMLP,routed_expert,0
backbone.layers.8.mixer.experts.62.up_proj,8,Linear,routed_expert,4988928
backbone.layers.8.mixer.experts.62.down_proj,8,Linear,routed_expert,4988928
backbone.layers.8.mixer.experts.62.act_fn,8,ReLUSquaredActivation,routed_expert,0
backbone.layers.8.mixer.experts.63,8,NemotronHMLP,routed_expert,0
backbone.layers.8.mixer.experts.63.up_proj,8,Linear,routed_expert,4988928
backbone.layers.8.mixer.experts.63.down_proj,8,Linear,routed_expert,4988928
backbone.layers.8.mixer.experts.63.act_fn,8,ReLUSquaredActivation,routed_expert,0
backbone.layers.8.mixer.experts.64,8,NemotronHMLP,routed_expert,0
backbone.layers.8.mixer.experts.64.up_proj,8,Linear,routed_expert,4988928
backbone.layers.8.mixer.experts.64.down_proj,8,Linear,routed_expert,4988928
backbone.layers.8.mixer.experts.64.act_fn,8,ReLUSquaredActivation,routed_expert,0
backbone.layers.8.mixer.experts.65,8,NemotronHMLP,routed_expert,0
backbone.layers.8.mixer.experts.65.up_proj,8,Linear,routed_expert,4988928
backbone.layers.8.mixer.experts.65.down_proj,8,Linear,routed_expert,4988928
backbone.layers.8.mixer.experts.65.act_fn,8,ReLUSquaredActivation,routed_expert,0
backbone.layers.8.mixer.experts.66,8,NemotronHMLP,routed_expert,0
backbone.layers.8.mixer.experts.66.up_proj,8,Linear,routed_expert,4988928
backbone.layers.8.mixer.experts.66.down_proj,8,Linear,routed_expert,4988928
backbone.layers.8.mixer.experts.66.act_fn,8,ReLUSquaredActivation,routed_expert,0
backbone.layers.8.mixer.experts.67,8,NemotronHMLP,routed_expert,0
backbone.layers.8.mixer.experts.67.up_proj,8,Linear,routed_expert,4988928
backbone.layers.8.mixer.experts.67.down_proj,8,Linear,routed_expert,4988928
backbone.layers.8.mixer.experts.67.act_fn,8,ReLUSquaredActivation,routed_expert,0
backbone.layers.8.mixer.experts.68,8,NemotronHMLP,routed_expert,0
backbone.layers.8.mixer.experts.68.up_proj,8,Linear,routed_expert,4988928
backbone.layers.8.mixer.experts.68.down_proj,8,Linear,routed_expert,4988928
backbone.layers.8.mixer.experts.68.act_fn,8,ReLUSquaredActivation,routed_expert,0
backbone.layers.8.mixer.experts.69,8,NemotronHMLP,routed_expert,0
backbone.layers.8.mixer.experts.69.up_proj,8,Linear,routed_expert,4988928
backbone.layers.8.mixer.experts.69.down_proj,8,Linear,routed_expert,4988928
backbone.layers.8.mixer.experts.69.act_fn,8,ReLUSquaredActivation,routed_expert,0
backbone.layers.8.mixer.experts.70,8,NemotronHMLP,routed_expert,0
backbone.layers.8.mixer.experts.70.up_proj,8,Linear,routed_expert,4988928
backbone.layers.8.mixer.experts.70.down_proj,8,Linear,routed_expert,4988928
backbone.layers.8.mixer.experts.70.act_fn,8,ReLUSquaredActivation,routed_expert,0
backbone.layers.8.mixer.experts.71,8,NemotronHMLP,routed_expert,0
backbone.layers.8.mixer.experts.71.up_proj,8,Linear,routed_expert,4988928
backbone.layers.8.mixer.experts.71.down_proj,8,Linear,routed_expert,4988928
backbone.layers.8.mixer.experts.71.act_fn,8,ReLUSquaredActivation,routed_expert,0
backbone.layers.8.mixer.experts.72,8,NemotronHMLP,routed_expert,0
backbone.layers.8.mixer.experts.72.up_proj,8,Linear,routed_expert,4988928
backbone.layers.8.mixer.experts.72.down_proj,8,Linear,routed_expert,4988928
backbone.layers.8.mixer.experts.72.act_fn,8,ReLUSquaredActivation,routed_expert,0
backbone.layers.8.mixer.experts.73,8,NemotronHMLP,routed_expert,0
backbone.layers.8.mixer.experts.73.up_proj,8,Linear,routed_expert,4988928
backbone.layers.8.mixer.experts.73.down_proj,8,Linear,routed_expert,4988928
backbone.layers.8.mixer.experts.73.act_fn,8,ReLUSquaredActivation,routed_expert,0
backbone.layers.8.mixer.experts.74,8,NemotronHMLP,routed_expert,0
backbone.layers.8.mixer.experts.74.up_proj,8,Linear,routed_expert,4988928
backbone.layers.8.mixer.experts.74.down_proj,8,Linear,routed_expert,4988928
backbone.layers.8.mixer.experts.74.act_fn,8,ReLUSquaredActivation,routed_expert,0
backbone.layers.8.mixer.experts.75,8,NemotronHMLP,routed_expert,0
backbone.layers.8.mixer.experts.75.up_proj,8,Linear,routed_expert,4988928
backbone.layers.8.mixer.experts.75.down_proj,8,Linear,routed_expert,4988928
backbone.layers.8.mixer.experts.75.act_fn,8,ReLUSquaredActivation,routed_expert,0
backbone.layers.8.mixer.experts.76,8,NemotronHMLP,routed_expert,0
backbone.layers.8.mixer.experts.76.up_proj,8,Linear,routed_expert,4988928
backbone.layers.8.mixer.experts.76.down_proj,8,Linear,routed_expert,4988928
backbone.layers.8.mixer.experts.76.act_fn,8,ReLUSquaredActivation,routed_expert,0
backbone.layers.8.mixer.experts.77,8,NemotronHMLP,routed_expert,0
backbone.layers.8.mixer.experts.77.up_proj,8,Linear,routed_expert,4988928
backbone.layers.8.mixer.experts.77.down_proj,8,Linear,routed_expert,4988928
backbone.layers.8.mixer.experts.77.act_fn,8,ReLUSquaredActivation,routed_expert,0
backbone.layers.8.mixer.experts.78,8,NemotronHMLP,routed_expert,0
backbone.layers.8.mixer.experts.78.up_proj,8,Linear,routed_expert,4988928
backbone.layers.8.mixer.experts.78.down_proj,8,Linear,routed_expert,4988928
backbone.layers.8.mixer.experts.78.act_fn,8,ReLUSquaredActivation,routed_expert,0
backbone.layers.8.mixer.experts.79,8,NemotronHMLP,routed_expert,0
backbone.layers.8.mixer.experts.79.up_proj,8,Linear,routed_expert,4988928
backbone.layers.8.mixer.experts.79.down_proj,8,Linear,routed_expert,4988928
backbone.layers.8.mixer.experts.79.act_fn,8,ReLUSquaredActivation,routed_expert,0
backbone.layers.8.mixer.experts.80,8,NemotronHMLP,routed_expert,0
backbone.layers.8.mixer.experts.80.up_proj,8,Linear,routed_expert,4988928
backbone.layers.8.mixer.experts.80.down_proj,8,Linear,routed_expert,4988928
backbone.layers.8.mixer.experts.80.act_fn,8,ReLUSquaredActivation,routed_expert,0
backbone.layers.8.mixer.experts.81,8,NemotronHMLP,routed_expert,0
backbone.layers.8.mixer.experts.81.up_proj,8,Linear,routed_expert,4988928
backbone.layers.8.mixer.experts.81.down_proj,8,Linear,routed_expert,4988928
backbone.layers.8.mixer.experts.81.act_fn,8,ReLUSquaredActivation,routed_expert,0
backbone.layers.8.mixer.experts.82,8,NemotronHMLP,routed_expert,0
backbone.layers.8.mixer.experts.82.up_proj,8,Linear,routed_expert,4988928
backbone.layers.8.mixer.experts.82.down_proj,8,Linear,routed_expert,4988928
backbone.layers.8.mixer.experts.82.act_fn,8,ReLUSquaredActivation,routed_expert,0
backbone.layers.8.mixer.experts.83,8,NemotronHMLP,routed_expert,0
backbone.layers.8.mixer.experts.83.up_proj,8,Linear,routed_expert,4988928
backbone.layers.8.mixer.experts.83.down_proj,8,Linear,routed_expert,4988928
backbone.layers.8.mixer.experts.83.act_fn,8,ReLUSquaredActivation,routed_expert,0
backbone.layers.8.mixer.experts.84,8,NemotronHMLP,routed_expert,0
backbone.layers.8.mixer.experts.84.up_proj,8,Linear,routed_expert,4988928
backbone.layers.8.mixer.experts.84.down_proj,8,Linear,routed_expert,4988928
backbone.layers.8.mixer.experts.84.act_fn,8,ReLUSquaredActivation,routed_expert,0
backbone.layers.8.mixer.experts.85,8,NemotronHMLP,routed_expert,0
backbone.layers.8.mixer.experts.85.up_proj,8,Linear,routed_expert,4988928
backbone.layers.8.mixer.experts.85.down_proj,8,Linear,routed_expert,4988928
backbone.layers.8.mixer.experts.85.act_fn,8,ReLUSquaredActivation,routed_expert,0
backbone.layers.8.mixer.experts.86,8,NemotronHMLP,routed_expert,0
backbone.layers.8.mixer.experts.86.up_proj,8,Linear,routed_expert,4988928
backbone.layers.8.mixer.experts.86.down_proj,8,Linear,routed_expert,4988928
backbone.layers.8.mixer.experts.86.act_fn,8,ReLUSquaredActivation,routed_expert,0
backbone.layers.8.mixer.experts.87,8,NemotronHMLP,routed_expert,0
backbone.layers.8.mixer.experts.87.up_proj,8,Linear,routed_expert,4988928
backbone.layers.8.mixer.experts.87.down_proj,8,Linear,routed_expert,4988928
backbone.layers.8.mixer.experts.87.act_fn,8,ReLUSquaredActivation,routed_expert,0
backbone.layers.8.mixer.experts.88,8,NemotronHMLP,routed_expert,0
backbone.layers.8.mixer.experts.88.up_proj,8,Linear,routed_expert,4988928
backbone.layers.8.mixer.experts.88.down_proj,8,Linear,routed_expert,4988928
backbone.layers.8.mixer.experts.88.act_fn,8,ReLUSquaredActivation,routed_expert,0
backbone.layers.8.mixer.experts.89,8,NemotronHMLP,routed_expert,0
backbone.layers.8.mixer.experts.89.up_proj,8,Linear,routed_expert,4988928
backbone.layers.8.mixer.experts.89.down_proj,8,Linear,routed_expert,4988928
backbone.layers.8.mixer.experts.89.act_fn,8,ReLUSquaredActivation,routed_expert,0
backbone.layers.8.mixer.experts.90,8,NemotronHMLP,routed_expert,0
backbone.layers.8.mixer.experts.90.up_proj,8,Linear,routed_expert,4988928
backbone.layers.8.mixer.experts.90.down_proj,8,Linear,routed_expert,4988928
backbone.layers.8.mixer.experts.90.act_fn,8,ReLUSquaredActivation,routed_expert,0
backbone.layers.8.mixer.experts.91,8,NemotronHMLP,routed_expert,0
backbone.layers.8.mixer.experts.91.up_proj,8,Linear,routed_expert,4988928
backbone.layers.8.mixer.experts.91.down_proj,8,Linear,routed_expert,4988928
backbone.layers.8.mixer.experts.91.act_fn,8,ReLUSquaredActivation,routed_expert,0
backbone.layers.8.mixer.experts.92,8,NemotronHMLP,routed_expert,0
backbone.layers.8.mixer.experts.92.up_proj,8,Linear,routed_expert,4988928
backbone.layers.8.mixer.experts.92.down_proj,8,Linear,routed_expert,4988928
backbone.layers.8.mixer.experts.92.act_fn,8,ReLUSquaredActivation,routed_expert,0
backbone.layers.8.mixer.experts.93,8,NemotronHMLP,routed_expert,0
backbone.layers.8.mixer.experts.93.up_proj,8,Linear,routed_expert,4988928
backbone.layers.8.mixer.experts.93.down_proj,8,Linear,routed_expert,4988928
backbone.layers.8.mixer.experts.93.act_fn,8,ReLUSquaredActivation,routed_expert,0
backbone.layers.8.mixer.experts.94,8,NemotronHMLP,routed_expert,0
backbone.layers.8.mixer.experts.94.up_proj,8,Linear,routed_expert,4988928
backbone.layers.8.mixer.experts.94.down_proj,8,Linear,routed_expert,4988928
backbone.layers.8.mixer.experts.94.act_fn,8,ReLUSquaredActivation,routed_expert,0
backbone.layers.8.mixer.experts.95,8,NemotronHMLP,routed_expert,0
backbone.layers.8.mixer.experts.95.up_proj,8,Linear,routed_expert,4988928
backbone.layers.8.mixer.experts.95.down_proj,8,Linear,routed_expert,4988928
backbone.layers.8.mixer.experts.95.act_fn,8,ReLUSquaredActivation,routed_expert,0
backbone.layers.8.mixer.experts.96,8,NemotronHMLP,routed_expert,0
backbone.layers.8.mixer.experts.96.up_proj,8,Linear,routed_expert,4988928
backbone.layers.8.mixer.experts.96.down_proj,8,Linear,routed_expert,4988928
backbone.layers.8.mixer.experts.96.act_fn,8,ReLUSquaredActivation,routed_expert,0
backbone.layers.8.mixer.experts.97,8,NemotronHMLP,routed_expert,0
backbone.layers.8.mixer.experts.97.up_proj,8,Linear,routed_expert,4988928
backbone.layers.8.mixer.experts.97.down_proj,8,Linear,routed_expert,4988928
backbone.layers.8.mixer.experts.97.act_fn,8,ReLUSquaredActivation,routed_expert,0
backbone.layers.8.mixer.experts.98,8,NemotronHMLP,routed_expert,0
backbone.layers.8.mixer.experts.98.up_proj,8,Linear,routed_expert,4988928
backbone.layers.8.mixer.experts.98.down_proj,8,Linear,routed_expert,4988928
backbone.layers.8.mixer.experts.98.act_fn,8,ReLUSquaredActivation,routed_expert,0
backbone.layers.8.mixer.experts.99,8,NemotronHMLP,routed_expert,0
backbone.layers.8.mixer.experts.99.up_proj,8,Linear,routed_expert,4988928
backbone.layers.8.mixer.experts.99.down_proj,8,Linear,routed_expert,4988928
backbone.layers.8.mixer.experts.99.act_fn,8,ReLUSquaredActivation,routed_expert,0
backbone.layers.8.mixer.experts.100,8,NemotronHMLP,routed_expert,0
backbone.layers.8.mixer.experts.100.up_proj,8,Linear,routed_expert,4988928
backbone.layers.8.mixer.experts.100.down_proj,8,Linear,routed_expert,4988928
backbone.layers.8.mixer.experts.100.act_fn,8,ReLUSquaredActivation,routed_expert,0
backbone.layers.8.mixer.experts.101,8,NemotronHMLP,routed_expert,0
backbone.layers.8.mixer.experts.101.up_proj,8,Linear,routed_expert,4988928
backbone.layers.8.mixer.experts.101.down_proj,8,Linear,routed_expert,4988928
backbone.layers.8.mixer.experts.101.act_fn,8,ReLUSquaredActivation,routed_expert,0
backbone.layers.8.mixer.experts.102,8,NemotronHMLP,routed_expert,0
backbone.layers.8.mixer.experts.102.up_proj,8,Linear,routed_expert,4988928
backbone.layers.8.mixer.experts.102.down_proj,8,Linear,routed_expert,4988928
backbone.layers.8.mixer.experts.102.act_fn,8,ReLUSquaredActivation,routed_expert,0
backbone.layers.8.mixer.experts.103,8,NemotronHMLP,routed_expert,0
backbone.layers.8.mixer.experts.103.up_proj,8,Linear,routed_expert,4988928
backbone.layers.8.mixer.experts.103.down_proj,8,Linear,routed_expert,4988928
backbone.layers.8.mixer.experts.103.act_fn,8,ReLUSquaredActivation,routed_expert,0
backbone.layers.8.mixer.experts.104,8,NemotronHMLP,routed_expert,0
backbone.layers.8.mixer.experts.104.up_proj,8,Linear,routed_expert,4988928
backbone.layers.8.mixer.experts.104.down_proj,8,Linear,routed_expert,4988928
backbone.layers.8.mixer.experts.104.act_fn,8,ReLUSquaredActivation,routed_expert,0
backbone.layers.8.mixer.experts.105,8,NemotronHMLP,routed_expert,0
backbone.layers.8.mixer.experts.105.up_proj,8,Linear,routed_expert,4988928
backbone.layers.8.mixer.experts.105.down_proj,8,Linear,routed_expert,4988928
backbone.layers.8.mixer.experts.105.act_fn,8,ReLUSquaredActivation,routed_expert,0
backbone.layers.8.mixer.experts.106,8,NemotronHMLP,routed_expert,0
backbone.layers.8.mixer.experts.106.up_proj,8,Linear,routed_expert,4988928
backbone.layers.8.mixer.experts.106.down_proj,8,Linear,routed_expert,4988928
backbone.layers.8.mixer.experts.106.act_fn,8,ReLUSquaredActivation,routed_expert,0
backbone.layers.8.mixer.experts.107,8,NemotronHMLP,routed_expert,0
backbone.layers.8.mixer.experts.107.up_proj,8,Linear,routed_expert,4988928
backbone.layers.8.mixer.experts.107.down_proj,8,Linear,routed_expert,4988928
backbone.layers.8.mixer.experts.107.act_fn,8,ReLUSquaredActivation,routed_expert,0
backbone.layers.8.mixer.experts.108,8,NemotronHMLP,routed_expert,0
backbone.layers.8.mixer.experts.108.up_proj,8,Linear,routed_expert,4988928
backbone.layers.8.mixer.experts.108.down_proj,8,Linear,routed_expert,4988928
backbone.layers.8.mixer.experts.108.act_fn,8,ReLUSquaredActivation,routed_expert,0
backbone.layers.8.mixer.experts.109,8,NemotronHMLP,routed_expert,0
backbone.layers.8.mixer.experts.109.up_proj,8,Linear,routed_expert,4988928
backbone.layers.8.mixer.experts.109.down_proj,8,Linear,routed_expert,4988928
backbone.layers.8.mixer.experts.109.act_fn,8,ReLUSquaredActivation,routed_expert,0
backbone.layers.8.mixer.experts.110,8,NemotronHMLP,routed_expert,0
backbone.layers.8.mixer.experts.110.up_proj,8,Linear,routed_expert,4988928
backbone.layers.8.mixer.experts.110.down_proj,8,Linear,routed_expert,4988928
backbone.layers.8.mixer.experts.110.act_fn,8,ReLUSquaredActivation,routed_expert,0
backbone.layers.8.mixer.experts.111,8,NemotronHMLP,routed_expert,0
backbone.layers.8.mixer.experts.111.up_proj,8,Linear,routed_expert,4988928
backbone.layers.8.mixer.experts.111.down_proj,8,Linear,routed_expert,4988928
backbone.layers.8.mixer.experts.111.act_fn,8,ReLUSquaredActivation,routed_expert,0
backbone.layers.8.mixer.experts.112,8,NemotronHMLP,routed_expert,0
backbone.layers.8.mixer.experts.112.up_proj,8,Linear,routed_expert,4988928
backbone.layers.8.mixer.experts.112.down_proj,8,Linear,routed_expert,4988928
backbone.layers.8.mixer.experts.112.act_fn,8,ReLUSquaredActivation,routed_expert,0
backbone.layers.8.mixer.experts.113,8,NemotronHMLP,routed_expert,0
backbone.layers.8.mixer.experts.113.up_proj,8,Linear,routed_expert,4988928
backbone.layers.8.mixer.experts.113.down_proj,8,Linear,routed_expert,4988928
backbone.layers.8.mixer.experts.113.act_fn,8,ReLUSquaredActivation,routed_expert,0
backbone.layers.8.mixer.experts.114,8,NemotronHMLP,routed_expert,0
backbone.layers.8.mixer.experts.114.up_proj,8,Linear,routed_expert,4988928
backbone.layers.8.mixer.experts.114.down_proj,8,Linear,routed_expert,4988928
backbone.layers.8.mixer.experts.114.act_fn,8,ReLUSquaredActivation,routed_expert,0
backbone.layers.8.mixer.experts.115,8,NemotronHMLP,routed_expert,0
backbone.layers.8.mixer.experts.115.up_proj,8,Linear,routed_expert,4988928
backbone.layers.8.mixer.experts.115.down_proj,8,Linear,routed_expert,4988928
backbone.layers.8.mixer.experts.115.act_fn,8,ReLUSquaredActivation,routed_expert,0
backbone.layers.8.mixer.experts.116,8,NemotronHMLP,routed_expert,0
backbone.layers.8.mixer.experts.116.up_proj,8,Linear,routed_expert,4988928
backbone.layers.8.mixer.experts.116.down_proj,8,Linear,routed_expert,4988928
backbone.layers.8.mixer.experts.116.act_fn,8,ReLUSquaredActivation,routed_expert,0
backbone.layers.8.mixer.experts.117,8,NemotronHMLP,routed_expert,0
backbone.layers.8.mixer.experts.117.up_proj,8,Linear,routed_expert,4988928
backbone.layers.8.mixer.experts.117.down_proj,8,Linear,routed_expert,4988928
backbone.layers.8.mixer.experts.117.act_fn,8,ReLUSquaredActivation,routed_expert,0
backbone.layers.8.mixer.experts.118,8,NemotronHMLP,routed_expert,0
backbone.layers.8.mixer.experts.118.up_proj,8,Linear,routed_expert,4988928
backbone.layers.8.mixer.experts.118.down_proj,8,Linear,routed_expert,4988928
backbone.layers.8.mixer.experts.118.act_fn,8,ReLUSquaredActivation,routed_expert,0
backbone.layers.8.mixer.experts.119,8,NemotronHMLP,routed_expert,0
backbone.layers.8.mixer.experts.119.up_proj,8,Linear,routed_expert,4988928
backbone.layers.8.mixer.experts.119.down_proj,8,Linear,routed_expert,4988928
backbone.layers.8.mixer.experts.119.act_fn,8,ReLUSquaredActivation,routed_expert,0
backbone.layers.8.mixer.experts.120,8,NemotronHMLP,routed_expert,0
backbone.layers.8.mixer.experts.120.up_proj,8,Linear,routed_expert,4988928
backbone.layers.8.mixer.experts.120.down_proj,8,Linear,routed_expert,4988928
backbone.layers.8.mixer.experts.120.act_fn,8,ReLUSquaredActivation,routed_expert,0
backbone.layers.8.mixer.experts.121,8,NemotronHMLP,routed_expert,0
backbone.layers.8.mixer.experts.121.up_proj,8,Linear,routed_expert,4988928
backbone.layers.8.mixer.experts.121.down_proj,8,Linear,routed_expert,4988928
backbone.layers.8.mixer.experts.121.act_fn,8,ReLUSquaredActivation,routed_expert,0
backbone.layers.8.mixer.experts.122,8,NemotronHMLP,routed_expert,0
backbone.layers.8.mixer.experts.122.up_proj,8,Linear,routed_expert,4988928
backbone.layers.8.mixer.experts.122.down_proj,8,Linear,routed_expert,4988928
backbone.layers.8.mixer.experts.122.act_fn,8,ReLUSquaredActivation,routed_expert,0
backbone.layers.8.mixer.experts.123,8,NemotronHMLP,routed_expert,0
backbone.layers.8.mixer.experts.123.up_proj,8,Linear,routed_expert,4988928
backbone.layers.8.mixer.experts.123.down_proj,8,Linear,routed_expert,4988928
backbone.layers.8.mixer.experts.123.act_fn,8,ReLUSquaredActivation,routed_expert,0
backbone.layers.8.mixer.experts.124,8,NemotronHMLP,routed_expert,0
backbone.layers.8.mixer.experts.124.up_proj,8,Linear,routed_expert,4988928
backbone.layers.8.mixer.experts.124.down_proj,8,Linear,routed_expert,4988928
backbone.layers.8.mixer.experts.124.act_fn,8,ReLUSquaredActivation,routed_expert,0
backbone.layers.8.mixer.experts.125,8,NemotronHMLP,routed_expert,0
backbone.layers.8.mixer.experts.125.up_proj,8,Linear,routed_expert,4988928
backbone.layers.8.mixer.experts.125.down_proj,8,Linear,routed_expert,4988928
backbone.layers.8.mixer.experts.125.act_fn,8,ReLUSquaredActivation,routed_expert,0
backbone.layers.8.mixer.experts.126,8,NemotronHMLP,routed_expert,0
backbone.layers.8.mixer.experts.126.up_proj,8,Linear,routed_expert,4988928
backbone.layers.8.mixer.experts.126.down_proj,8,Linear,routed_expert,4988928
backbone.layers.8.mixer.experts.126.act_fn,8,ReLUSquaredActivation,routed_expert,0
backbone.layers.8.mixer.experts.127,8,NemotronHMLP,routed_expert,0
backbone.layers.8.mixer.experts.127.up_proj,8,Linear,routed_expert,4988928
backbone.layers.8.mixer.experts.127.down_proj,8,Linear,routed_expert,4988928
backbone.layers.8.mixer.experts.127.act_fn,8,ReLUSquaredActivation,routed_expert,0
backbone.layers.8.mixer.gate,8,NemotronHTopkRouter,router,344064
backbone.layers.8.mixer.shared_experts,8,NemotronHMLP,other,0
backbone.layers.8.mixer.shared_experts.up_proj,8,Linear,shared_expert,9977856
backbone.layers.8.mixer.shared_experts.down_proj,8,Linear,shared_expert,9977856
backbone.layers.8.mixer.shared_experts.act_fn,8,ReLUSquaredActivation,shared_expert,0
backbone.layers.9,9,NemotronHBlock,other,0
backbone.layers.9.norm,9,NemotronHRMSNorm,other,2688
backbone.layers.9.mixer,9,NemotronHMamba2Mixer,mamba,192
backbone.layers.9.mixer.act,9,SiLUActivation,other,0
backbone.layers.9.mixer.conv1d,9,Conv1d,other,30720
backbone.layers.9.mixer.in_proj,9,Linear,mamba_projection,27697152
backbone.layers.9.mixer.norm,9,MambaRMSNormGated,mamba,4096
backbone.layers.9.mixer.out_proj,9,Linear,mamba_projection,11010048
backbone.layers.10,10,NemotronHBlock,other,0
backbone.layers.10.norm,10,NemotronHRMSNorm,other,2688
backbone.layers.10.mixer,10,NemotronHMOE,moe,0
backbone.layers.10.mixer.experts,10,ModuleList,other,0
backbone.layers.10.mixer.experts.0,10,NemotronHMLP,routed_expert,0
backbone.layers.10.mixer.experts.0.up_proj,10,Linear,routed_expert,4988928
backbone.layers.10.mixer.experts.0.down_proj,10,Linear,routed_expert,4988928
backbone.layers.10.mixer.experts.0.act_fn,10,ReLUSquaredActivation,routed_expert,0
backbone.layers.10.mixer.experts.1,10,NemotronHMLP,routed_expert,0
backbone.layers.10.mixer.experts.1.up_proj,10,Linear,routed_expert,4988928
backbone.layers.10.mixer.experts.1.down_proj,10,Linear,routed_expert,4988928
backbone.layers.10.mixer.experts.1.act_fn,10,ReLUSquaredActivation,routed_expert,0
backbone.layers.10.mixer.experts.2,10,NemotronHMLP,routed_expert,0
backbone.layers.10.mixer.experts.2.up_proj,10,Linear,routed_expert,4988928
backbone.layers.10.mixer.experts.2.down_proj,10,Linear,routed_expert,4988928
backbone.layers.10.mixer.experts.2.act_fn,10,ReLUSquaredActivation,routed_expert,0
backbone.layers.10.mixer.experts.3,10,NemotronHMLP,routed_expert,0
backbone.layers.10.mixer.experts.3.up_proj,10,Linear,routed_expert,4988928
backbone.layers.10.mixer.experts.3.down_proj,10,Linear,routed_expert,4988928
backbone.layers.10.mixer.experts.3.act_fn,10,ReLUSquaredActivation,routed_expert,0
backbone.layers.10.mixer.experts.4,10,NemotronHMLP,routed_expert,0
backbone.layers.10.mixer.experts.4.up_proj,10,Linear,routed_expert,4988928
backbone.layers.10.mixer.experts.4.down_proj,10,Linear,routed_expert,4988928
backbone.layers.10.mixer.experts.4.act_fn,10,ReLUSquaredActivation,routed_expert,0
backbone.layers.10.mixer.experts.5,10,NemotronHMLP,routed_expert,0
backbone.layers.10.mixer.experts.5.up_proj,10,Linear,routed_expert,4988928
backbone.layers.10.mixer.experts.5.down_proj,10,Linear,routed_expert,4988928
backbone.layers.10.mixer.experts.5.act_fn,10,ReLUSquaredActivation,routed_expert,0
backbone.layers.10.mixer.experts.6,10,NemotronHMLP,routed_expert,0
backbone.layers.10.mixer.experts.6.up_proj,10,Linear,routed_expert,4988928
backbone.layers.10.mixer.experts.6.down_proj,10,Linear,routed_expert,4988928
backbone.layers.10.mixer.experts.6.act_fn,10,ReLUSquaredActivation,routed_expert,0
backbone.layers.10.mixer.experts.7,10,NemotronHMLP,routed_expert,0
backbone.layers.10.mixer.experts.7.up_proj,10,Linear,routed_expert,4988928
backbone.layers.10.mixer.experts.7.down_proj,10,Linear,routed_expert,4988928
backbone.layers.10.mixer.experts.7.act_fn,10,ReLUSquaredActivation,routed_expert,0
backbone.layers.10.mixer.experts.8,10,NemotronHMLP,routed_expert,0
backbone.layers.10.mixer.experts.8.up_proj,10,Linear,routed_expert,4988928
backbone.layers.10.mixer.experts.8.down_proj,10,Linear,routed_expert,4988928
backbone.layers.10.mixer.experts.8.act_fn,10,ReLUSquaredActivation,routed_expert,0
backbone.layers.10.mixer.experts.9,10,NemotronHMLP,routed_expert,0
backbone.layers.10.mixer.experts.9.up_proj,10,Linear,routed_expert,4988928
backbone.layers.10.mixer.experts.9.down_proj,10,Linear,routed_expert,4988928
backbone.layers.10.mixer.experts.9.act_fn,10,ReLUSquaredActivation,routed_expert,0
backbone.layers.10.mixer.experts.10,10,NemotronHMLP,routed_expert,0
backbone.layers.10.mixer.experts.10.up_proj,10,Linear,routed_expert,4988928
backbone.layers.10.mixer.experts.10.down_proj,10,Linear,routed_expert,4988928
backbone.layers.10.mixer.experts.10.act_fn,10,ReLUSquaredActivation,routed_expert,0
backbone.layers.10.mixer.experts.11,10,NemotronHMLP,routed_expert,0
backbone.layers.10.mixer.experts.11.up_proj,10,Linear,routed_expert,4988928
backbone.layers.10.mixer.experts.11.down_proj,10,Linear,routed_expert,4988928
backbone.layers.10.mixer.experts.11.act_fn,10,ReLUSquaredActivation,routed_expert,0
backbone.layers.10.mixer.experts.12,10,NemotronHMLP,routed_expert,0
backbone.layers.10.mixer.experts.12.up_proj,10,Linear,routed_expert,4988928
backbone.layers.10.mixer.experts.12.down_proj,10,Linear,routed_expert,4988928
backbone.layers.10.mixer.experts.12.act_fn,10,ReLUSquaredActivation,routed_expert,0
backbone.layers.10.mixer.experts.13,10,NemotronHMLP,routed_expert,0
backbone.layers.10.mixer.experts.13.up_proj,10,Linear,routed_expert,4988928
backbone.layers.10.mixer.experts.13.down_proj,10,Linear,routed_expert,4988928
backbone.layers.10.mixer.experts.13.act_fn,10,ReLUSquaredActivation,routed_expert,0
backbone.layers.10.mixer.experts.14,10,NemotronHMLP,routed_expert,0
backbone.layers.10.mixer.experts.14.up_proj,10,Linear,routed_expert,4988928
backbone.layers.10.mixer.experts.14.down_proj,10,Linear,routed_expert,4988928
backbone.layers.10.mixer.experts.14.act_fn,10,ReLUSquaredActivation,routed_expert,0
backbone.layers.10.mixer.experts.15,10,NemotronHMLP,routed_expert,0
backbone.layers.10.mixer.experts.15.up_proj,10,Linear,routed_expert,4988928
backbone.layers.10.mixer.experts.15.down_proj,10,Linear,routed_expert,4988928
backbone.layers.10.mixer.experts.15.act_fn,10,ReLUSquaredActivation,routed_expert,0
backbone.layers.10.mixer.experts.16,10,NemotronHMLP,routed_expert,0
backbone.layers.10.mixer.experts.16.up_proj,10,Linear,routed_expert,4988928
backbone.layers.10.mixer.experts.16.down_proj,10,Linear,routed_expert,4988928
backbone.layers.10.mixer.experts.16.act_fn,10,ReLUSquaredActivation,routed_expert,0
backbone.layers.10.mixer.experts.17,10,NemotronHMLP,routed_expert,0
backbone.layers.10.mixer.experts.17.up_proj,10,Linear,routed_expert,4988928
backbone.layers.10.mixer.experts.17.down_proj,10,Linear,routed_expert,4988928
backbone.layers.10.mixer.experts.17.act_fn,10,ReLUSquaredActivation,routed_expert,0
backbone.layers.10.mixer.experts.18,10,NemotronHMLP,routed_expert,0
backbone.layers.10.mixer.experts.18.up_proj,10,Linear,routed_expert,4988928
backbone.layers.10.mixer.experts.18.down_proj,10,Linear,routed_expert,4988928
backbone.layers.10.mixer.experts.18.act_fn,10,ReLUSquaredActivation,routed_expert,0
backbone.layers.10.mixer.experts.19,10,NemotronHMLP,routed_expert,0
backbone.layers.10.mixer.experts.19.up_proj,10,Linear,routed_expert,4988928
backbone.layers.10.mixer.experts.19.down_proj,10,Linear,routed_expert,4988928
backbone.layers.10.mixer.experts.19.act_fn,10,ReLUSquaredActivation,routed_expert,0
backbone.layers.10.mixer.experts.20,10,NemotronHMLP,routed_expert,0
backbone.layers.10.mixer.experts.20.up_proj,10,Linear,routed_expert,4988928
backbone.layers.10.mixer.experts.20.down_proj,10,Linear,routed_expert,4988928
backbone.layers.10.mixer.experts.20.act_fn,10,ReLUSquaredActivation,routed_expert,0
backbone.layers.10.mixer.experts.21,10,NemotronHMLP,routed_expert,0
backbone.layers.10.mixer.experts.21.up_proj,10,Linear,routed_expert,4988928
backbone.layers.10.mixer.experts.21.down_proj,10,Linear,routed_expert,4988928
backbone.layers.10.mixer.experts.21.act_fn,10,ReLUSquaredActivation,routed_expert,0
backbone.layers.10.mixer.experts.22,10,NemotronHMLP,routed_expert,0
backbone.layers.10.mixer.experts.22.up_proj,10,Linear,routed_expert,4988928
backbone.layers.10.mixer.experts.22.down_proj,10,Linear,routed_expert,4988928
backbone.layers.10.mixer.experts.22.act_fn,10,ReLUSquaredActivation,routed_expert,0
backbone.layers.10.mixer.experts.23,10,NemotronHMLP,routed_expert,0
backbone.layers.10.mixer.experts.23.up_proj,10,Linear,routed_expert,4988928
backbone.layers.10.mixer.experts.23.down_proj,10,Linear,routed_expert,4988928
backbone.layers.10.mixer.experts.23.act_fn,10,ReLUSquaredActivation,routed_expert,0
backbone.layers.10.mixer.experts.24,10,NemotronHMLP,routed_expert,0
backbone.layers.10.mixer.experts.24.up_proj,10,Linear,routed_expert,4988928
backbone.layers.10.mixer.experts.24.down_proj,10,Linear,routed_expert,4988928
backbone.layers.10.mixer.experts.24.act_fn,10,ReLUSquaredActivation,routed_expert,0
backbone.layers.10.mixer.experts.25,10,NemotronHMLP,routed_expert,0
backbone.layers.10.mixer.experts.25.up_proj,10,Linear,routed_expert,4988928
backbone.layers.10.mixer.experts.25.down_proj,10,Linear,routed_expert,4988928
backbone.layers.10.mixer.experts.25.act_fn,10,ReLUSquaredActivation,routed_expert,0
backbone.layers.10.mixer.experts.26,10,NemotronHMLP,routed_expert,0
backbone.layers.10.mixer.experts.26.up_proj,10,Linear,routed_expert,4988928
backbone.layers.10.mixer.experts.26.down_proj,10,Linear,routed_expert,4988928
backbone.layers.10.mixer.experts.26.act_fn,10,ReLUSquaredActivation,routed_expert,0
backbone.layers.10.mixer.experts.27,10,NemotronHMLP,routed_expert,0
backbone.layers.10.mixer.experts.27.up_proj,10,Linear,routed_expert,4988928
backbone.layers.10.mixer.experts.27.down_proj,10,Linear,routed_expert,4988928
backbone.layers.10.mixer.experts.27.act_fn,10,ReLUSquaredActivation,routed_expert,0
backbone.layers.10.mixer.experts.28,10,NemotronHMLP,routed_expert,0
backbone.layers.10.mixer.experts.28.up_proj,10,Linear,routed_expert,4988928
backbone.layers.10.mixer.experts.28.down_proj,10,Linear,routed_expert,4988928
backbone.layers.10.mixer.experts.28.act_fn,10,ReLUSquaredActivation,routed_expert,0
backbone.layers.10.mixer.experts.29,10,NemotronHMLP,routed_expert,0
backbone.layers.10.mixer.experts.29.up_proj,10,Linear,routed_expert,4988928
backbone.layers.10.mixer.experts.29.down_proj,10,Linear,routed_expert,4988928
backbone.layers.10.mixer.experts.29.act_fn,10,ReLUSquaredActivation,routed_expert,0
backbone.layers.10.mixer.experts.30,10,NemotronHMLP,routed_expert,0
backbone.layers.10.mixer.experts.30.up_proj,10,Linear,routed_expert,4988928
backbone.layers.10.mixer.experts.30.down_proj,10,Linear,routed_expert,4988928
backbone.layers.10.mixer.experts.30.act_fn,10,ReLUSquaredActivation,routed_expert,0
backbone.layers.10.mixer.experts.31,10,NemotronHMLP,routed_expert,0
backbone.layers.10.mixer.experts.31.up_proj,10,Linear,routed_expert,4988928
backbone.layers.10.mixer.experts.31.down_proj,10,Linear,routed_expert,4988928
backbone.layers.10.mixer.experts.31.act_fn,10,ReLUSquaredActivation,routed_expert,0
backbone.layers.10.mixer.experts.32,10,NemotronHMLP,routed_expert,0
backbone.layers.10.mixer.experts.32.up_proj,10,Linear,routed_expert,4988928
backbone.layers.10.mixer.experts.32.down_proj,10,Linear,routed_expert,4988928
backbone.layers.10.mixer.experts.32.act_fn,10,ReLUSquaredActivation,routed_expert,0
backbone.layers.10.mixer.experts.33,10,NemotronHMLP,routed_expert,0
backbone.layers.10.mixer.experts.33.up_proj,10,Linear,routed_expert,4988928
backbone.layers.10.mixer.experts.33.down_proj,10,Linear,routed_expert,4988928
backbone.layers.10.mixer.experts.33.act_fn,10,ReLUSquaredActivation,routed_expert,0
backbone.layers.10.mixer.experts.34,10,NemotronHMLP,routed_expert,0
backbone.layers.10.mixer.experts.34.up_proj,10,Linear,routed_expert,4988928
backbone.layers.10.mixer.experts.34.down_proj,10,Linear,routed_expert,4988928
backbone.layers.10.mixer.experts.34.act_fn,10,ReLUSquaredActivation,routed_expert,0
backbone.layers.10.mixer.experts.35,10,NemotronHMLP,routed_expert,0
backbone.layers.10.mixer.experts.35.up_proj,10,Linear,routed_expert,4988928
backbone.layers.10.mixer.experts.35.down_proj,10,Linear,routed_expert,4988928
backbone.layers.10.mixer.experts.35.act_fn,10,ReLUSquaredActivation,routed_expert,0
backbone.layers.10.mixer.experts.36,10,NemotronHMLP,routed_expert,0
backbone.layers.10.mixer.experts.36.up_proj,10,Linear,routed_expert,4988928
backbone.layers.10.mixer.experts.36.down_proj,10,Linear,routed_expert,4988928
backbone.layers.10.mixer.experts.36.act_fn,10,ReLUSquaredActivation,routed_expert,0
backbone.layers.10.mixer.experts.37,10,NemotronHMLP,routed_expert,0
backbone.layers.10.mixer.experts.37.up_proj,10,Linear,routed_expert,4988928
backbone.layers.10.mixer.experts.37.down_proj,10,Linear,routed_expert,4988928
backbone.layers.10.mixer.experts.37.act_fn,10,ReLUSquaredActivation,routed_expert,0
backbone.layers.10.mixer.experts.38,10,NemotronHMLP,routed_expert,0
backbone.layers.10.mixer.experts.38.up_proj,10,Linear,routed_expert,4988928
backbone.layers.10.mixer.experts.38.down_proj,10,Linear,routed_expert,4988928
backbone.layers.10.mixer.experts.38.act_fn,10,ReLUSquaredActivation,routed_expert,0
backbone.layers.10.mixer.experts.39,10,NemotronHMLP,routed_expert,0
backbone.layers.10.mixer.experts.39.up_proj,10,Linear,routed_expert,4988928
backbone.layers.10.mixer.experts.39.down_proj,10,Linear,routed_expert,4988928
backbone.layers.10.mixer.experts.39.act_fn,10,ReLUSquaredActivation,routed_expert,0
backbone.layers.10.mixer.experts.40,10,NemotronHMLP,routed_expert,0
backbone.layers.10.mixer.experts.40.up_proj,10,Linear,routed_expert,4988928
backbone.layers.10.mixer.experts.40.down_proj,10,Linear,routed_expert,4988928
backbone.layers.10.mixer.experts.40.act_fn,10,ReLUSquaredActivation,routed_expert,0
backbone.layers.10.mixer.experts.41,10,NemotronHMLP,routed_expert,0
backbone.layers.10.mixer.experts.41.up_proj,10,Linear,routed_expert,4988928
backbone.layers.10.mixer.experts.41.down_proj,10,Linear,routed_expert,4988928
backbone.layers.10.mixer.experts.41.act_fn,10,ReLUSquaredActivation,routed_expert,0
backbone.layers.10.mixer.experts.42,10,NemotronHMLP,routed_expert,0
backbone.layers.10.mixer.experts.42.up_proj,10,Linear,routed_expert,4988928
backbone.layers.10.mixer.experts.42.down_proj,10,Linear,routed_expert,4988928
backbone.layers.10.mixer.experts.42.act_fn,10,ReLUSquaredActivation,routed_expert,0
backbone.layers.10.mixer.experts.43,10,NemotronHMLP,routed_expert,0
backbone.layers.10.mixer.experts.43.up_proj,10,Linear,routed_expert,4988928
backbone.layers.10.mixer.experts.43.down_proj,10,Linear,routed_expert,4988928
backbone.layers.10.mixer.experts.43.act_fn,10,ReLUSquaredActivation,routed_expert,0
backbone.layers.10.mixer.experts.44,10,NemotronHMLP,routed_expert,0
backbone.layers.10.mixer.experts.44.up_proj,10,Linear,routed_expert,4988928
backbone.layers.10.mixer.experts.44.down_proj,10,Linear,routed_expert,4988928
backbone.layers.10.mixer.experts.44.act_fn,10,ReLUSquaredActivation,routed_expert,0
backbone.layers.10.mixer.experts.45,10,NemotronHMLP,routed_expert,0
backbone.layers.10.mixer.experts.45.up_proj,10,Linear,routed_expert,4988928
backbone.layers.10.mixer.experts.45.down_proj,10,Linear,routed_expert,4988928
backbone.layers.10.mixer.experts.45.act_fn,10,ReLUSquaredActivation,routed_expert,0
backbone.layers.10.mixer.experts.46,10,NemotronHMLP,routed_expert,0
backbone.layers.10.mixer.experts.46.up_proj,10,Linear,routed_expert,4988928
backbone.layers.10.mixer.experts.46.down_proj,10,Linear,routed_expert,4988928
backbone.layers.10.mixer.experts.46.act_fn,10,ReLUSquaredActivation,routed_expert,0
backbone.layers.10.mixer.experts.47,10,NemotronHMLP,routed_expert,0
backbone.layers.10.mixer.experts.47.up_proj,10,Linear,routed_expert,4988928
backbone.layers.10.mixer.experts.47.down_proj,10,Linear,routed_expert,4988928
backbone.layers.10.mixer.experts.47.act_fn,10,ReLUSquaredActivation,routed_expert,0
backbone.layers.10.mixer.experts.48,10,NemotronHMLP,routed_expert,0
backbone.layers.10.mixer.experts.48.up_proj,10,Linear,routed_expert,4988928
backbone.layers.10.mixer.experts.48.down_proj,10,Linear,routed_expert,4988928
backbone.layers.10.mixer.experts.48.act_fn,10,ReLUSquaredActivation,routed_expert,0
backbone.layers.10.mixer.experts.49,10,NemotronHMLP,routed_expert,0
backbone.layers.10.mixer.experts.49.up_proj,10,Linear,routed_expert,4988928
backbone.layers.10.mixer.experts.49.down_proj,10,Linear,routed_expert,4988928
backbone.layers.10.mixer.experts.49.act_fn,10,ReLUSquaredActivation,routed_expert,0
backbone.layers.10.mixer.experts.50,10,NemotronHMLP,routed_expert,0
backbone.layers.10.mixer.experts.50.up_proj,10,Linear,routed_expert,4988928
backbone.layers.10.mixer.experts.50.down_proj,10,Linear,routed_expert,4988928
backbone.layers.10.mixer.experts.50.act_fn,10,ReLUSquaredActivation,routed_expert,0
backbone.layers.10.mixer.experts.51,10,NemotronHMLP,routed_expert,0
backbone.layers.10.mixer.experts.51.up_proj,10,Linear,routed_expert,4988928
backbone.layers.10.mixer.experts.51.down_proj,10,Linear,routed_expert,4988928
backbone.layers.10.mixer.experts.51.act_fn,10,ReLUSquaredActivation,routed_expert,0
backbone.layers.10.mixer.experts.52,10,NemotronHMLP,routed_expert,0
backbone.layers.10.mixer.experts.52.up_proj,10,Linear,routed_expert,4988928
backbone.layers.10.mixer.experts.52.down_proj,10,Linear,routed_expert,4988928
backbone.layers.10.mixer.experts.52.act_fn,10,ReLUSquaredActivation,routed_expert,0
backbone.layers.10.mixer.experts.53,10,NemotronHMLP,routed_expert,0
backbone.layers.10.mixer.experts.53.up_proj,10,Linear,routed_expert,4988928
backbone.layers.10.mixer.experts.53.down_proj,10,Linear,routed_expert,4988928
backbone.layers.10.mixer.experts.53.act_fn,10,ReLUSquaredActivation,routed_expert,0
backbone.layers.10.mixer.experts.54,10,NemotronHMLP,routed_expert,0
backbone.layers.10.mixer.experts.54.up_proj,10,Linear,routed_expert,4988928
backbone.layers.10.mixer.experts.54.down_proj,10,Linear,routed_expert,4988928
backbone.layers.10.mixer.experts.54.act_fn,10,ReLUSquaredActivation,routed_expert,0
backbone.layers.10.mixer.experts.55,10,NemotronHMLP,routed_expert,0
backbone.layers.10.mixer.experts.55.up_proj,10,Linear,routed_expert,4988928
backbone.layers.10.mixer.experts.55.down_proj,10,Linear,routed_expert,4988928
backbone.layers.10.mixer.experts.55.act_fn,10,ReLUSquaredActivation,routed_expert,0
backbone.layers.10.mixer.experts.56,10,NemotronHMLP,routed_expert,0
backbone.layers.10.mixer.experts.56.up_proj,10,Linear,routed_expert,4988928
backbone.layers.10.mixer.experts.56.down_proj,10,Linear,routed_expert,4988928
backbone.layers.10.mixer.experts.56.act_fn,10,ReLUSquaredActivation,routed_expert,0
backbone.layers.10.mixer.experts.57,10,NemotronHMLP,routed_expert,0
backbone.layers.10.mixer.experts.57.up_proj,10,Linear,routed_expert,4988928
backbone.layers.10.mixer.experts.57.down_proj,10,Linear,routed_expert,4988928
backbone.layers.10.mixer.experts.57.act_fn,10,ReLUSquaredActivation,routed_expert,0
backbone.layers.10.mixer.experts.58,10,NemotronHMLP,routed_expert,0
backbone.layers.10.mixer.experts.58.up_proj,10,Linear,routed_expert,4988928
backbone.layers.10.mixer.experts.58.down_proj,10,Linear,routed_expert,4988928
backbone.layers.10.mixer.experts.58.act_fn,10,ReLUSquaredActivation,routed_expert,0
backbone.layers.10.mixer.experts.59,10,NemotronHMLP,routed_expert,0
backbone.layers.10.mixer.experts.59.up_proj,10,Linear,routed_expert,4988928
backbone.layers.10.mixer.experts.59.down_proj,10,Linear,routed_expert,4988928
backbone.layers.10.mixer.experts.59.act_fn,10,ReLUSquaredActivation,routed_expert,0
backbone.layers.10.mixer.experts.60,10,NemotronHMLP,routed_expert,0
backbone.layers.10.mixer.experts.60.up_proj,10,Linear,routed_expert,4988928
backbone.layers.10.mixer.experts.60.down_proj,10,Linear,routed_expert,4988928
backbone.layers.10.mixer.experts.60.act_fn,10,ReLUSquaredActivation,routed_expert,0
backbone.layers.10.mixer.experts.61,10,NemotronHMLP,routed_expert,0
backbone.layers.10.mixer.experts.61.up_proj,10,Linear,routed_expert,4988928
backbone.layers.10.mixer.experts.61.down_proj,10,Linear,routed_expert,4988928
backbone.layers.10.mixer.experts.61.act_fn,10,ReLUSquaredActivation,routed_expert,0
backbone.layers.10.mixer.experts.62,10,NemotronHMLP,routed_expert,0
backbone.layers.10.mixer.experts.62.up_proj,10,Linear,routed_expert,4988928
backbone.layers.10.mixer.experts.62.down_proj,10,Linear,routed_expert,4988928
backbone.layers.10.mixer.experts.62.act_fn,10,ReLUSquaredActivation,routed_expert,0
backbone.layers.10.mixer.experts.63,10,NemotronHMLP,routed_expert,0
backbone.layers.10.mixer.experts.63.up_proj,10,Linear,routed_expert,4988928
backbone.layers.10.mixer.experts.63.down_proj,10,Linear,routed_expert,4988928
backbone.layers.10.mixer.experts.63.act_fn,10,ReLUSquaredActivation,routed_expert,0
backbone.layers.10.mixer.experts.64,10,NemotronHMLP,routed_expert,0
backbone.layers.10.mixer.experts.64.up_proj,10,Linear,routed_expert,4988928
backbone.layers.10.mixer.experts.64.down_proj,10,Linear,routed_expert,4988928
backbone.layers.10.mixer.experts.64.act_fn,10,ReLUSquaredActivation,routed_expert,0
backbone.layers.10.mixer.experts.65,10,NemotronHMLP,routed_expert,0
backbone.layers.10.mixer.experts.65.up_proj,10,Linear,routed_expert,4988928
backbone.layers.10.mixer.experts.65.down_proj,10,Linear,routed_expert,4988928
backbone.layers.10.mixer.experts.65.act_fn,10,ReLUSquaredActivation,routed_expert,0
backbone.layers.10.mixer.experts.66,10,NemotronHMLP,routed_expert,0
backbone.layers.10.mixer.experts.66.up_proj,10,Linear,routed_expert,4988928
backbone.layers.10.mixer.experts.66.down_proj,10,Linear,routed_expert,4988928
backbone.layers.10.mixer.experts.66.act_fn,10,ReLUSquaredActivation,routed_expert,0
backbone.layers.10.mixer.experts.67,10,NemotronHMLP,routed_expert,0
backbone.layers.10.mixer.experts.67.up_proj,10,Linear,routed_expert,4988928
backbone.layers.10.mixer.experts.67.down_proj,10,Linear,routed_expert,4988928
backbone.layers.10.mixer.experts.67.act_fn,10,ReLUSquaredActivation,routed_expert,0
backbone.layers.10.mixer.experts.68,10,NemotronHMLP,routed_expert,0
backbone.layers.10.mixer.experts.68.up_proj,10,Linear,routed_expert,4988928
backbone.layers.10.mixer.experts.68.down_proj,10,Linear,routed_expert,4988928
backbone.layers.10.mixer.experts.68.act_fn,10,ReLUSquaredActivation,routed_expert,0
backbone.layers.10.mixer.experts.69,10,NemotronHMLP,routed_expert,0
backbone.layers.10.mixer.experts.69.up_proj,10,Linear,routed_expert,4988928
backbone.layers.10.mixer.experts.69.down_proj,10,Linear,routed_expert,4988928
backbone.layers.10.mixer.experts.69.act_fn,10,ReLUSquaredActivation,routed_expert,0
backbone.layers.10.mixer.experts.70,10,NemotronHMLP,routed_expert,0
backbone.layers.10.mixer.experts.70.up_proj,10,Linear,routed_expert,4988928
backbone.layers.10.mixer.experts.70.down_proj,10,Linear,routed_expert,4988928
backbone.layers.10.mixer.experts.70.act_fn,10,ReLUSquaredActivation,routed_expert,0
backbone.layers.10.mixer.experts.71,10,NemotronHMLP,routed_expert,0
backbone.layers.10.mixer.experts.71.up_proj,10,Linear,routed_expert,4988928
backbone.layers.10.mixer.experts.71.down_proj,10,Linear,routed_expert,4988928
backbone.layers.10.mixer.experts.71.act_fn,10,ReLUSquaredActivation,routed_expert,0
backbone.layers.10.mixer.experts.72,10,NemotronHMLP,routed_expert,0
backbone.layers.10.mixer.experts.72.up_proj,10,Linear,routed_expert,4988928
backbone.layers.10.mixer.experts.72.down_proj,10,Linear,routed_expert,4988928
backbone.layers.10.mixer.experts.72.act_fn,10,ReLUSquaredActivation,routed_expert,0
backbone.layers.10.mixer.experts.73,10,NemotronHMLP,routed_expert,0
backbone.layers.10.mixer.experts.73.up_proj,10,Linear,routed_expert,4988928
backbone.layers.10.mixer.experts.73.down_proj,10,Linear,routed_expert,4988928
backbone.layers.10.mixer.experts.73.act_fn,10,ReLUSquaredActivation,routed_expert,0
backbone.layers.10.mixer.experts.74,10,NemotronHMLP,routed_expert,0
backbone.layers.10.mixer.experts.74.up_proj,10,Linear,routed_expert,4988928
backbone.layers.10.mixer.experts.74.down_proj,10,Linear,routed_expert,4988928
backbone.layers.10.mixer.experts.74.act_fn,10,ReLUSquaredActivation,routed_expert,0
backbone.layers.10.mixer.experts.75,10,NemotronHMLP,routed_expert,0
backbone.layers.10.mixer.experts.75.up_proj,10,Linear,routed_expert,4988928
backbone.layers.10.mixer.experts.75.down_proj,10,Linear,routed_expert,4988928
backbone.layers.10.mixer.experts.75.act_fn,10,ReLUSquaredActivation,routed_expert,0
backbone.layers.10.mixer.experts.76,10,NemotronHMLP,routed_expert,0
backbone.layers.10.mixer.experts.76.up_proj,10,Linear,routed_expert,4988928
backbone.layers.10.mixer.experts.76.down_proj,10,Linear,routed_expert,4988928
backbone.layers.10.mixer.experts.76.act_fn,10,ReLUSquaredActivation,routed_expert,0
backbone.layers.10.mixer.experts.77,10,NemotronHMLP,routed_expert,0
backbone.layers.10.mixer.experts.77.up_proj,10,Linear,routed_expert,4988928
backbone.layers.10.mixer.experts.77.down_proj,10,Linear,routed_expert,4988928
backbone.layers.10.mixer.experts.77.act_fn,10,ReLUSquaredActivation,routed_expert,0
backbone.layers.10.mixer.experts.78,10,NemotronHMLP,routed_expert,0
backbone.layers.10.mixer.experts.78.up_proj,10,Linear,routed_expert,4988928
backbone.layers.10.mixer.experts.78.down_proj,10,Linear,routed_expert,4988928
backbone.layers.10.mixer.experts.78.act_fn,10,ReLUSquaredActivation,routed_expert,0
backbone.layers.10.mixer.experts.79,10,NemotronHMLP,routed_expert,0
backbone.layers.10.mixer.experts.79.up_proj,10,Linear,routed_expert,4988928
backbone.layers.10.mixer.experts.79.down_proj,10,Linear,routed_expert,4988928
backbone.layers.10.mixer.experts.79.act_fn,10,ReLUSquaredActivation,routed_expert,0
backbone.layers.10.mixer.experts.80,10,NemotronHMLP,routed_expert,0
backbone.layers.10.mixer.experts.80.up_proj,10,Linear,routed_expert,4988928
backbone.layers.10.mixer.experts.80.down_proj,10,Linear,routed_expert,4988928
backbone.layers.10.mixer.experts.80.act_fn,10,ReLUSquaredActivation,routed_expert,0
backbone.layers.10.mixer.experts.81,10,NemotronHMLP,routed_expert,0
backbone.layers.10.mixer.experts.81.up_proj,10,Linear,routed_expert,4988928
backbone.layers.10.mixer.experts.81.down_proj,10,Linear,routed_expert,4988928
backbone.layers.10.mixer.experts.81.act_fn,10,ReLUSquaredActivation,routed_expert,0
backbone.layers.10.mixer.experts.82,10,NemotronHMLP,routed_expert,0
backbone.layers.10.mixer.experts.82.up_proj,10,Linear,routed_expert,4988928
backbone.layers.10.mixer.experts.82.down_proj,10,Linear,routed_expert,4988928
backbone.layers.10.mixer.experts.82.act_fn,10,ReLUSquaredActivation,routed_expert,0
backbone.layers.10.mixer.experts.83,10,NemotronHMLP,routed_expert,0
backbone.layers.10.mixer.experts.83.up_proj,10,Linear,routed_expert,4988928
backbone.layers.10.mixer.experts.83.down_proj,10,Linear,routed_expert,4988928
backbone.layers.10.mixer.experts.83.act_fn,10,ReLUSquaredActivation,routed_expert,0
backbone.layers.10.mixer.experts.84,10,NemotronHMLP,routed_expert,0
backbone.layers.10.mixer.experts.84.up_proj,10,Linear,routed_expert,4988928
backbone.layers.10.mixer.experts.84.down_proj,10,Linear,routed_expert,4988928
backbone.layers.10.mixer.experts.84.act_fn,10,ReLUSquaredActivation,routed_expert,0
backbone.layers.10.mixer.experts.85,10,NemotronHMLP,routed_expert,0
backbone.layers.10.mixer.experts.85.up_proj,10,Linear,routed_expert,4988928
backbone.layers.10.mixer.experts.85.down_proj,10,Linear,routed_expert,4988928
backbone.layers.10.mixer.experts.85.act_fn,10,ReLUSquaredActivation,routed_expert,0
backbone.layers.10.mixer.experts.86,10,NemotronHMLP,routed_expert,0
backbone.layers.10.mixer.experts.86.up_proj,10,Linear,routed_expert,4988928
backbone.layers.10.mixer.experts.86.down_proj,10,Linear,routed_expert,4988928
backbone.layers.10.mixer.experts.86.act_fn,10,ReLUSquaredActivation,routed_expert,0
backbone.layers.10.mixer.experts.87,10,NemotronHMLP,routed_expert,0
backbone.layers.10.mixer.experts.87.up_proj,10,Linear,routed_expert,4988928
backbone.layers.10.mixer.experts.87.down_proj,10,Linear,routed_expert,4988928
backbone.layers.10.mixer.experts.87.act_fn,10,ReLUSquaredActivation,routed_expert,0
backbone.layers.10.mixer.experts.88,10,NemotronHMLP,routed_expert,0
backbone.layers.10.mixer.experts.88.up_proj,10,Linear,routed_expert,4988928
backbone.layers.10.mixer.experts.88.down_proj,10,Linear,routed_expert,4988928
backbone.layers.10.mixer.experts.88.act_fn,10,ReLUSquaredActivation,routed_expert,0
backbone.layers.10.mixer.experts.89,10,NemotronHMLP,routed_expert,0
backbone.layers.10.mixer.experts.89.up_proj,10,Linear,routed_expert,4988928
backbone.layers.10.mixer.experts.89.down_proj,10,Linear,routed_expert,4988928
backbone.layers.10.mixer.experts.89.act_fn,10,ReLUSquaredActivation,routed_expert,0
backbone.layers.10.mixer.experts.90,10,NemotronHMLP,routed_expert,0
backbone.layers.10.mixer.experts.90.up_proj,10,Linear,routed_expert,4988928
backbone.layers.10.mixer.experts.90.down_proj,10,Linear,routed_expert,4988928
backbone.layers.10.mixer.experts.90.act_fn,10,ReLUSquaredActivation,routed_expert,0
backbone.layers.10.mixer.experts.91,10,NemotronHMLP,routed_expert,0
backbone.layers.10.mixer.experts.91.up_proj,10,Linear,routed_expert,4988928
backbone.layers.10.mixer.experts.91.down_proj,10,Linear,routed_expert,4988928
backbone.layers.10.mixer.experts.91.act_fn,10,ReLUSquaredActivation,routed_expert,0
backbone.layers.10.mixer.experts.92,10,NemotronHMLP,routed_expert,0
backbone.layers.10.mixer.experts.92.up_proj,10,Linear,routed_expert,4988928
backbone.layers.10.mixer.experts.92.down_proj,10,Linear,routed_expert,4988928
backbone.layers.10.mixer.experts.92.act_fn,10,ReLUSquaredActivation,routed_expert,0
backbone.layers.10.mixer.experts.93,10,NemotronHMLP,routed_expert,0
backbone.layers.10.mixer.experts.93.up_proj,10,Linear,routed_expert,4988928
backbone.layers.10.mixer.experts.93.down_proj,10,Linear,routed_expert,4988928
backbone.layers.10.mixer.experts.93.act_fn,10,ReLUSquaredActivation,routed_expert,0
backbone.layers.10.mixer.experts.94,10,NemotronHMLP,routed_expert,0
backbone.layers.10.mixer.experts.94.up_proj,10,Linear,routed_expert,4988928
backbone.layers.10.mixer.experts.94.down_proj,10,Linear,routed_expert,4988928
backbone.layers.10.mixer.experts.94.act_fn,10,ReLUSquaredActivation,routed_expert,0
backbone.layers.10.mixer.experts.95,10,NemotronHMLP,routed_expert,0
backbone.layers.10.mixer.experts.95.up_proj,10,Linear,routed_expert,4988928
backbone.layers.10.mixer.experts.95.down_proj,10,Linear,routed_expert,4988928
backbone.layers.10.mixer.experts.95.act_fn,10,ReLUSquaredActivation,routed_expert,0
backbone.layers.10.mixer.experts.96,10,NemotronHMLP,routed_expert,0
backbone.layers.10.mixer.experts.96.up_proj,10,Linear,routed_expert,4988928
backbone.layers.10.mixer.experts.96.down_proj,10,Linear,routed_expert,4988928
backbone.layers.10.mixer.experts.96.act_fn,10,ReLUSquaredActivation,routed_expert,0
backbone.layers.10.mixer.experts.97,10,NemotronHMLP,routed_expert,0
backbone.layers.10.mixer.experts.97.up_proj,10,Linear,routed_expert,4988928
backbone.layers.10.mixer.experts.97.down_proj,10,Linear,routed_expert,4988928
backbone.layers.10.mixer.experts.97.act_fn,10,ReLUSquaredActivation,routed_expert,0
backbone.layers.10.mixer.experts.98,10,NemotronHMLP,routed_expert,0
backbone.layers.10.mixer.experts.98.up_proj,10,Linear,routed_expert,4988928
backbone.layers.10.mixer.experts.98.down_proj,10,Linear,routed_expert,4988928
backbone.layers.10.mixer.experts.98.act_fn,10,ReLUSquaredActivation,routed_expert,0
backbone.layers.10.mixer.experts.99,10,NemotronHMLP,routed_expert,0
backbone.layers.10.mixer.experts.99.up_proj,10,Linear,routed_expert,4988928
backbone.layers.10.mixer.experts.99.down_proj,10,Linear,routed_expert,4988928
backbone.layers.10.mixer.experts.99.act_fn,10,ReLUSquaredActivation,routed_expert,0
backbone.layers.10.mixer.experts.100,10,NemotronHMLP,routed_expert,0
backbone.layers.10.mixer.experts.100.up_proj,10,Linear,routed_expert,4988928
backbone.layers.10.mixer.experts.100.down_proj,10,Linear,routed_expert,4988928
backbone.layers.10.mixer.experts.100.act_fn,10,ReLUSquaredActivation,routed_expert,0
backbone.layers.10.mixer.experts.101,10,NemotronHMLP,routed_expert,0
backbone.layers.10.mixer.experts.101.up_proj,10,Linear,routed_expert,4988928
backbone.layers.10.mixer.experts.101.down_proj,10,Linear,routed_expert,4988928
backbone.layers.10.mixer.experts.101.act_fn,10,ReLUSquaredActivation,routed_expert,0
backbone.layers.10.mixer.experts.102,10,NemotronHMLP,routed_expert,0
backbone.layers.10.mixer.experts.102.up_proj,10,Linear,routed_expert,4988928
backbone.layers.10.mixer.experts.102.down_proj,10,Linear,routed_expert,4988928
backbone.layers.10.mixer.experts.102.act_fn,10,ReLUSquaredActivation,routed_expert,0
backbone.layers.10.mixer.experts.103,10,NemotronHMLP,routed_expert,0
backbone.layers.10.mixer.experts.103.up_proj,10,Linear,routed_expert,4988928
backbone.layers.10.mixer.experts.103.down_proj,10,Linear,routed_expert,4988928
backbone.layers.10.mixer.experts.103.act_fn,10,ReLUSquaredActivation,routed_expert,0
backbone.layers.10.mixer.experts.104,10,NemotronHMLP,routed_expert,0
backbone.layers.10.mixer.experts.104.up_proj,10,Linear,routed_expert,4988928
backbone.layers.10.mixer.experts.104.down_proj,10,Linear,routed_expert,4988928
backbone.layers.10.mixer.experts.104.act_fn,10,ReLUSquaredActivation,routed_expert,0
backbone.layers.10.mixer.experts.105,10,NemotronHMLP,routed_expert,0
backbone.layers.10.mixer.experts.105.up_proj,10,Linear,routed_expert,4988928
backbone.layers.10.mixer.experts.105.down_proj,10,Linear,routed_expert,4988928
backbone.layers.10.mixer.experts.105.act_fn,10,ReLUSquaredActivation,routed_expert,0
backbone.layers.10.mixer.experts.106,10,NemotronHMLP,routed_expert,0
backbone.layers.10.mixer.experts.106.up_proj,10,Linear,routed_expert,4988928
backbone.layers.10.mixer.experts.106.down_proj,10,Linear,routed_expert,4988928
backbone.layers.10.mixer.experts.106.act_fn,10,ReLUSquaredActivation,routed_expert,0
backbone.layers.10.mixer.experts.107,10,NemotronHMLP,routed_expert,0
backbone.layers.10.mixer.experts.107.up_proj,10,Linear,routed_expert,4988928
backbone.layers.10.mixer.experts.107.down_proj,10,Linear,routed_expert,4988928
backbone.layers.10.mixer.experts.107.act_fn,10,ReLUSquaredActivation,routed_expert,0
backbone.layers.10.mixer.experts.108,10,NemotronHMLP,routed_expert,0
backbone.layers.10.mixer.experts.108.up_proj,10,Linear,routed_expert,4988928
backbone.layers.10.mixer.experts.108.down_proj,10,Linear,routed_expert,4988928
backbone.layers.10.mixer.experts.108.act_fn,10,ReLUSquaredActivation,routed_expert,0
backbone.layers.10.mixer.experts.109,10,NemotronHMLP,routed_expert,0
backbone.layers.10.mixer.experts.109.up_proj,10,Linear,routed_expert,4988928
backbone.layers.10.mixer.experts.109.down_proj,10,Linear,routed_expert,4988928
backbone.layers.10.mixer.experts.109.act_fn,10,ReLUSquaredActivation,routed_expert,0
backbone.layers.10.mixer.experts.110,10,NemotronHMLP,routed_expert,0
backbone.layers.10.mixer.experts.110.up_proj,10,Linear,routed_expert,4988928
backbone.layers.10.mixer.experts.110.down_proj,10,Linear,routed_expert,4988928
backbone.layers.10.mixer.experts.110.act_fn,10,ReLUSquaredActivation,routed_expert,0
backbone.layers.10.mixer.experts.111,10,NemotronHMLP,routed_expert,0
backbone.layers.10.mixer.experts.111.up_proj,10,Linear,routed_expert,4988928
backbone.layers.10.mixer.experts.111.down_proj,10,Linear,routed_expert,4988928
backbone.layers.10.mixer.experts.111.act_fn,10,ReLUSquaredActivation,routed_expert,0
backbone.layers.10.mixer.experts.112,10,NemotronHMLP,routed_expert,0
backbone.layers.10.mixer.experts.112.up_proj,10,Linear,routed_expert,4988928
backbone.layers.10.mixer.experts.112.down_proj,10,Linear,routed_expert,4988928
backbone.layers.10.mixer.experts.112.act_fn,10,ReLUSquaredActivation,routed_expert,0
backbone.layers.10.mixer.experts.113,10,NemotronHMLP,routed_expert,0
backbone.layers.10.mixer.experts.113.up_proj,10,Linear,routed_expert,4988928
backbone.layers.10.mixer.experts.113.down_proj,10,Linear,routed_expert,4988928
backbone.layers.10.mixer.experts.113.act_fn,10,ReLUSquaredActivation,routed_expert,0
backbone.layers.10.mixer.experts.114,10,NemotronHMLP,routed_expert,0
backbone.layers.10.mixer.experts.114.up_proj,10,Linear,routed_expert,4988928
backbone.layers.10.mixer.experts.114.down_proj,10,Linear,routed_expert,4988928
backbone.layers.10.mixer.experts.114.act_fn,10,ReLUSquaredActivation,routed_expert,0
backbone.layers.10.mixer.experts.115,10,NemotronHMLP,routed_expert,0
backbone.layers.10.mixer.experts.115.up_proj,10,Linear,routed_expert,4988928
backbone.layers.10.mixer.experts.115.down_proj,10,Linear,routed_expert,4988928
backbone.layers.10.mixer.experts.115.act_fn,10,ReLUSquaredActivation,routed_expert,0
backbone.layers.10.mixer.experts.116,10,NemotronHMLP,routed_expert,0
backbone.layers.10.mixer.experts.116.up_proj,10,Linear,routed_expert,4988928
backbone.layers.10.mixer.experts.116.down_proj,10,Linear,routed_expert,4988928
backbone.layers.10.mixer.experts.116.act_fn,10,ReLUSquaredActivation,routed_expert,0
backbone.layers.10.mixer.experts.117,10,NemotronHMLP,routed_expert,0
backbone.layers.10.mixer.experts.117.up_proj,10,Linear,routed_expert,4988928
backbone.layers.10.mixer.experts.117.down_proj,10,Linear,routed_expert,4988928
backbone.layers.10.mixer.experts.117.act_fn,10,ReLUSquaredActivation,routed_expert,0
backbone.layers.10.mixer.experts.118,10,NemotronHMLP,routed_expert,0
backbone.layers.10.mixer.experts.118.up_proj,10,Linear,routed_expert,4988928
backbone.layers.10.mixer.experts.118.down_proj,10,Linear,routed_expert,4988928
backbone.layers.10.mixer.experts.118.act_fn,10,ReLUSquaredActivation,routed_expert,0
backbone.layers.10.mixer.experts.119,10,NemotronHMLP,routed_expert,0
backbone.layers.10.mixer.experts.119.up_proj,10,Linear,routed_expert,4988928
backbone.layers.10.mixer.experts.119.down_proj,10,Linear,routed_expert,4988928
backbone.layers.10.mixer.experts.119.act_fn,10,ReLUSquaredActivation,routed_expert,0
backbone.layers.10.mixer.experts.120,10,NemotronHMLP,routed_expert,0
backbone.layers.10.mixer.experts.120.up_proj,10,Linear,routed_expert,4988928
backbone.layers.10.mixer.experts.120.down_proj,10,Linear,routed_expert,4988928
backbone.layers.10.mixer.experts.120.act_fn,10,ReLUSquaredActivation,routed_expert,0
backbone.layers.10.mixer.experts.121,10,NemotronHMLP,routed_expert,0
backbone.layers.10.mixer.experts.121.up_proj,10,Linear,routed_expert,4988928
backbone.layers.10.mixer.experts.121.down_proj,10,Linear,routed_expert,4988928
backbone.layers.10.mixer.experts.121.act_fn,10,ReLUSquaredActivation,routed_expert,0
backbone.layers.10.mixer.experts.122,10,NemotronHMLP,routed_expert,0
backbone.layers.10.mixer.experts.122.up_proj,10,Linear,routed_expert,4988928
backbone.layers.10.mixer.experts.122.down_proj,10,Linear,routed_expert,4988928
backbone.layers.10.mixer.experts.122.act_fn,10,ReLUSquaredActivation,routed_expert,0
backbone.layers.10.mixer.experts.123,10,NemotronHMLP,routed_expert,0
backbone.layers.10.mixer.experts.123.up_proj,10,Linear,routed_expert,4988928
backbone.layers.10.mixer.experts.123.down_proj,10,Linear,routed_expert,4988928
backbone.layers.10.mixer.experts.123.act_fn,10,ReLUSquaredActivation,routed_expert,0
backbone.layers.10.mixer.experts.124,10,NemotronHMLP,routed_expert,0
backbone.layers.10.mixer.experts.124.up_proj,10,Linear,routed_expert,4988928
backbone.layers.10.mixer.experts.124.down_proj,10,Linear,routed_expert,4988928
backbone.layers.10.mixer.experts.124.act_fn,10,ReLUSquaredActivation,routed_expert,0
backbone.layers.10.mixer.experts.125,10,NemotronHMLP,routed_expert,0
backbone.layers.10.mixer.experts.125.up_proj,10,Linear,routed_expert,4988928
backbone.layers.10.mixer.experts.125.down_proj,10,Linear,routed_expert,4988928
backbone.layers.10.mixer.experts.125.act_fn,10,ReLUSquaredActivation,routed_expert,0
backbone.layers.10.mixer.experts.126,10,NemotronHMLP,routed_expert,0
backbone.layers.10.mixer.experts.126.up_proj,10,Linear,routed_expert,4988928
backbone.layers.10.mixer.experts.126.down_proj,10,Linear,routed_expert,4988928
backbone.layers.10.mixer.experts.126.act_fn,10,ReLUSquaredActivation,routed_expert,0
backbone.layers.10.mixer.experts.127,10,NemotronHMLP,routed_expert,0
backbone.layers.10.mixer.experts.127.up_proj,10,Linear,routed_expert,4988928
backbone.layers.10.mixer.experts.127.down_proj,10,Linear,routed_expert,4988928
backbone.layers.10.mixer.experts.127.act_fn,10,ReLUSquaredActivation,routed_expert,0
backbone.layers.10.mixer.gate,10,NemotronHTopkRouter,router,344064
backbone.layers.10.mixer.shared_experts,10,NemotronHMLP,other,0
backbone.layers.10.mixer.shared_experts.up_proj,10,Linear,shared_expert,9977856
backbone.layers.10.mixer.shared_experts.down_proj,10,Linear,shared_expert,9977856
backbone.layers.10.mixer.shared_experts.act_fn,10,ReLUSquaredActivation,shared_expert,0
backbone.layers.11,11,NemotronHBlock,other,0
backbone.layers.11.norm,11,NemotronHRMSNorm,other,2688
backbone.layers.11.mixer,11,NemotronHMamba2Mixer,mamba,192
backbone.layers.11.mixer.act,11,SiLUActivation,other,0
backbone.layers.11.mixer.conv1d,11,Conv1d,other,30720
backbone.layers.11.mixer.in_proj,11,Linear,mamba_projection,27697152
backbone.layers.11.mixer.norm,11,MambaRMSNormGated,mamba,4096
backbone.layers.11.mixer.out_proj,11,Linear,mamba_projection,11010048
backbone.layers.12,12,NemotronHBlock,other,0
backbone.layers.12.norm,12,NemotronHRMSNorm,other,2688
backbone.layers.12.mixer,12,NemotronHAttention,attention,0
backbone.layers.12.mixer.q_proj,12,Linear,attention_projection,11010048
backbone.layers.12.mixer.k_proj,12,Linear,attention_projection,688128
backbone.layers.12.mixer.v_proj,12,Linear,attention_projection,688128
backbone.layers.12.mixer.o_proj,12,Linear,attention_projection,11010048
backbone.layers.13,13,NemotronHBlock,other,0
backbone.layers.13.norm,13,NemotronHRMSNorm,other,2688
backbone.layers.13.mixer,13,NemotronHMOE,moe,0
backbone.layers.13.mixer.experts,13,ModuleList,other,0
backbone.layers.13.mixer.experts.0,13,NemotronHMLP,routed_expert,0
backbone.layers.13.mixer.experts.0.up_proj,13,Linear,routed_expert,4988928
backbone.layers.13.mixer.experts.0.down_proj,13,Linear,routed_expert,4988928
backbone.layers.13.mixer.experts.0.act_fn,13,ReLUSquaredActivation,routed_expert,0
backbone.layers.13.mixer.experts.1,13,NemotronHMLP,routed_expert,0
backbone.layers.13.mixer.experts.1.up_proj,13,Linear,routed_expert,4988928
backbone.layers.13.mixer.experts.1.down_proj,13,Linear,routed_expert,4988928
backbone.layers.13.mixer.experts.1.act_fn,13,ReLUSquaredActivation,routed_expert,0
backbone.layers.13.mixer.experts.2,13,NemotronHMLP,routed_expert,0
backbone.layers.13.mixer.experts.2.up_proj,13,Linear,routed_expert,4988928
backbone.layers.13.mixer.experts.2.down_proj,13,Linear,routed_expert,4988928
backbone.layers.13.mixer.experts.2.act_fn,13,ReLUSquaredActivation,routed_expert,0
backbone.layers.13.mixer.experts.3,13,NemotronHMLP,routed_expert,0
backbone.layers.13.mixer.experts.3.up_proj,13,Linear,routed_expert,4988928
backbone.layers.13.mixer.experts.3.down_proj,13,Linear,routed_expert,4988928
backbone.layers.13.mixer.experts.3.act_fn,13,ReLUSquaredActivation,routed_expert,0
backbone.layers.13.mixer.experts.4,13,NemotronHMLP,routed_expert,0
backbone.layers.13.mixer.experts.4.up_proj,13,Linear,routed_expert,4988928
backbone.layers.13.mixer.experts.4.down_proj,13,Linear,routed_expert,4988928
backbone.layers.13.mixer.experts.4.act_fn,13,ReLUSquaredActivation,routed_expert,0
backbone.layers.13.mixer.experts.5,13,NemotronHMLP,routed_expert,0
backbone.layers.13.mixer.experts.5.up_proj,13,Linear,routed_expert,4988928
backbone.layers.13.mixer.experts.5.down_proj,13,Linear,routed_expert,4988928
backbone.layers.13.mixer.experts.5.act_fn,13,ReLUSquaredActivation,routed_expert,0
backbone.layers.13.mixer.experts.6,13,NemotronHMLP,routed_expert,0
backbone.layers.13.mixer.experts.6.up_proj,13,Linear,routed_expert,4988928
backbone.layers.13.mixer.experts.6.down_proj,13,Linear,routed_expert,4988928
backbone.layers.13.mixer.experts.6.act_fn,13,ReLUSquaredActivation,routed_expert,0
backbone.layers.13.mixer.experts.7,13,NemotronHMLP,routed_expert,0
backbone.layers.13.mixer.experts.7.up_proj,13,Linear,routed_expert,4988928
backbone.layers.13.mixer.experts.7.down_proj,13,Linear,routed_expert,4988928
backbone.layers.13.mixer.experts.7.act_fn,13,ReLUSquaredActivation,routed_expert,0
backbone.layers.13.mixer.experts.8,13,NemotronHMLP,routed_expert,0
backbone.layers.13.mixer.experts.8.up_proj,13,Linear,routed_expert,4988928
backbone.layers.13.mixer.experts.8.down_proj,13,Linear,routed_expert,4988928
backbone.layers.13.mixer.experts.8.act_fn,13,ReLUSquaredActivation,routed_expert,0
backbone.layers.13.mixer.experts.9,13,NemotronHMLP,routed_expert,0
backbone.layers.13.mixer.experts.9.up_proj,13,Linear,routed_expert,4988928
backbone.layers.13.mixer.experts.9.down_proj,13,Linear,routed_expert,4988928
backbone.layers.13.mixer.experts.9.act_fn,13,ReLUSquaredActivation,routed_expert,0
backbone.layers.13.mixer.experts.10,13,NemotronHMLP,routed_expert,0
backbone.layers.13.mixer.experts.10.up_proj,13,Linear,routed_expert,4988928
backbone.layers.13.mixer.experts.10.down_proj,13,Linear,routed_expert,4988928
backbone.layers.13.mixer.experts.10.act_fn,13,ReLUSquaredActivation,routed_expert,0
backbone.layers.13.mixer.experts.11,13,NemotronHMLP,routed_expert,0
backbone.layers.13.mixer.experts.11.up_proj,13,Linear,routed_expert,4988928
backbone.layers.13.mixer.experts.11.down_proj,13,Linear,routed_expert,4988928
backbone.layers.13.mixer.experts.11.act_fn,13,ReLUSquaredActivation,routed_expert,0
backbone.layers.13.mixer.experts.12,13,NemotronHMLP,routed_expert,0
backbone.layers.13.mixer.experts.12.up_proj,13,Linear,routed_expert,4988928
backbone.layers.13.mixer.experts.12.down_proj,13,Linear,routed_expert,4988928
backbone.layers.13.mixer.experts.12.act_fn,13,ReLUSquaredActivation,routed_expert,0
backbone.layers.13.mixer.experts.13,13,NemotronHMLP,routed_expert,0
backbone.layers.13.mixer.experts.13.up_proj,13,Linear,routed_expert,4988928
backbone.layers.13.mixer.experts.13.down_proj,13,Linear,routed_expert,4988928
backbone.layers.13.mixer.experts.13.act_fn,13,ReLUSquaredActivation,routed_expert,0
backbone.layers.13.mixer.experts.14,13,NemotronHMLP,routed_expert,0
backbone.layers.13.mixer.experts.14.up_proj,13,Linear,routed_expert,4988928
backbone.layers.13.mixer.experts.14.down_proj,13,Linear,routed_expert,4988928
backbone.layers.13.mixer.experts.14.act_fn,13,ReLUSquaredActivation,routed_expert,0
backbone.layers.13.mixer.experts.15,13,NemotronHMLP,routed_expert,0
backbone.layers.13.mixer.experts.15.up_proj,13,Linear,routed_expert,4988928
backbone.layers.13.mixer.experts.15.down_proj,13,Linear,routed_expert,4988928
backbone.layers.13.mixer.experts.15.act_fn,13,ReLUSquaredActivation,routed_expert,0
backbone.layers.13.mixer.experts.16,13,NemotronHMLP,routed_expert,0
backbone.layers.13.mixer.experts.16.up_proj,13,Linear,routed_expert,4988928
backbone.layers.13.mixer.experts.16.down_proj,13,Linear,routed_expert,4988928
backbone.layers.13.mixer.experts.16.act_fn,13,ReLUSquaredActivation,routed_expert,0
backbone.layers.13.mixer.experts.17,13,NemotronHMLP,routed_expert,0
backbone.layers.13.mixer.experts.17.up_proj,13,Linear,routed_expert,4988928
backbone.layers.13.mixer.experts.17.down_proj,13,Linear,routed_expert,4988928
backbone.layers.13.mixer.experts.17.act_fn,13,ReLUSquaredActivation,routed_expert,0
backbone.layers.13.mixer.experts.18,13,NemotronHMLP,routed_expert,0
backbone.layers.13.mixer.experts.18.up_proj,13,Linear,routed_expert,4988928
backbone.layers.13.mixer.experts.18.down_proj,13,Linear,routed_expert,4988928
backbone.layers.13.mixer.experts.18.act_fn,13,ReLUSquaredActivation,routed_expert,0
backbone.layers.13.mixer.experts.19,13,NemotronHMLP,routed_expert,0
backbone.layers.13.mixer.experts.19.up_proj,13,Linear,routed_expert,4988928
backbone.layers.13.mixer.experts.19.down_proj,13,Linear,routed_expert,4988928
backbone.layers.13.mixer.experts.19.act_fn,13,ReLUSquaredActivation,routed_expert,0
backbone.layers.13.mixer.experts.20,13,NemotronHMLP,routed_expert,0
backbone.layers.13.mixer.experts.20.up_proj,13,Linear,routed_expert,4988928
backbone.layers.13.mixer.experts.20.down_proj,13,Linear,routed_expert,4988928
backbone.layers.13.mixer.experts.20.act_fn,13,ReLUSquaredActivation,routed_expert,0
backbone.layers.13.mixer.experts.21,13,NemotronHMLP,routed_expert,0
backbone.layers.13.mixer.experts.21.up_proj,13,Linear,routed_expert,4988928
backbone.layers.13.mixer.experts.21.down_proj,13,Linear,routed_expert,4988928
backbone.layers.13.mixer.experts.21.act_fn,13,ReLUSquaredActivation,routed_expert,0
backbone.layers.13.mixer.experts.22,13,NemotronHMLP,routed_expert,0
backbone.layers.13.mixer.experts.22.up_proj,13,Linear,routed_expert,4988928
backbone.layers.13.mixer.experts.22.down_proj,13,Linear,routed_expert,4988928
backbone.layers.13.mixer.experts.22.act_fn,13,ReLUSquaredActivation,routed_expert,0
backbone.layers.13.mixer.experts.23,13,NemotronHMLP,routed_expert,0
backbone.layers.13.mixer.experts.23.up_proj,13,Linear,routed_expert,4988928
backbone.layers.13.mixer.experts.23.down_proj,13,Linear,routed_expert,4988928
backbone.layers.13.mixer.experts.23.act_fn,13,ReLUSquaredActivation,routed_expert,0
backbone.layers.13.mixer.experts.24,13,NemotronHMLP,routed_expert,0
backbone.layers.13.mixer.experts.24.up_proj,13,Linear,routed_expert,4988928
backbone.layers.13.mixer.experts.24.down_proj,13,Linear,routed_expert,4988928
backbone.layers.13.mixer.experts.24.act_fn,13,ReLUSquaredActivation,routed_expert,0
backbone.layers.13.mixer.experts.25,13,NemotronHMLP,routed_expert,0
backbone.layers.13.mixer.experts.25.up_proj,13,Linear,routed_expert,4988928
backbone.layers.13.mixer.experts.25.down_proj,13,Linear,routed_expert,4988928
backbone.layers.13.mixer.experts.25.act_fn,13,ReLUSquaredActivation,routed_expert,0
backbone.layers.13.mixer.experts.26,13,NemotronHMLP,routed_expert,0
backbone.layers.13.mixer.experts.26.up_proj,13,Linear,routed_expert,4988928
backbone.layers.13.mixer.experts.26.down_proj,13,Linear,routed_expert,4988928
backbone.layers.13.mixer.experts.26.act_fn,13,ReLUSquaredActivation,routed_expert,0
backbone.layers.13.mixer.experts.27,13,NemotronHMLP,routed_expert,0
backbone.layers.13.mixer.experts.27.up_proj,13,Linear,routed_expert,4988928
backbone.layers.13.mixer.experts.27.down_proj,13,Linear,routed_expert,4988928
backbone.layers.13.mixer.experts.27.act_fn,13,ReLUSquaredActivation,routed_expert,0
backbone.layers.13.mixer.experts.28,13,NemotronHMLP,routed_expert,0
backbone.layers.13.mixer.experts.28.up_proj,13,Linear,routed_expert,4988928
backbone.layers.13.mixer.experts.28.down_proj,13,Linear,routed_expert,4988928
backbone.layers.13.mixer.experts.28.act_fn,13,ReLUSquaredActivation,routed_expert,0
backbone.layers.13.mixer.experts.29,13,NemotronHMLP,routed_expert,0
backbone.layers.13.mixer.experts.29.up_proj,13,Linear,routed_expert,4988928
backbone.layers.13.mixer.experts.29.down_proj,13,Linear,routed_expert,4988928
backbone.layers.13.mixer.experts.29.act_fn,13,ReLUSquaredActivation,routed_expert,0
backbone.layers.13.mixer.experts.30,13,NemotronHMLP,routed_expert,0
backbone.layers.13.mixer.experts.30.up_proj,13,Linear,routed_expert,4988928
backbone.layers.13.mixer.experts.30.down_proj,13,Linear,routed_expert,4988928
backbone.layers.13.mixer.experts.30.act_fn,13,ReLUSquaredActivation,routed_expert,0
backbone.layers.13.mixer.experts.31,13,NemotronHMLP,routed_expert,0
backbone.layers.13.mixer.experts.31.up_proj,13,Linear,routed_expert,4988928
backbone.layers.13.mixer.experts.31.down_proj,13,Linear,routed_expert,4988928
backbone.layers.13.mixer.experts.31.act_fn,13,ReLUSquaredActivation,routed_expert,0
backbone.layers.13.mixer.experts.32,13,NemotronHMLP,routed_expert,0
backbone.layers.13.mixer.experts.32.up_proj,13,Linear,routed_expert,4988928
backbone.layers.13.mixer.experts.32.down_proj,13,Linear,routed_expert,4988928
backbone.layers.13.mixer.experts.32.act_fn,13,ReLUSquaredActivation,routed_expert,0
backbone.layers.13.mixer.experts.33,13,NemotronHMLP,routed_expert,0
backbone.layers.13.mixer.experts.33.up_proj,13,Linear,routed_expert,4988928
backbone.layers.13.mixer.experts.33.down_proj,13,Linear,routed_expert,4988928
backbone.layers.13.mixer.experts.33.act_fn,13,ReLUSquaredActivation,routed_expert,0
backbone.layers.13.mixer.experts.34,13,NemotronHMLP,routed_expert,0
backbone.layers.13.mixer.experts.34.up_proj,13,Linear,routed_expert,4988928
backbone.layers.13.mixer.experts.34.down_proj,13,Linear,routed_expert,4988928
backbone.layers.13.mixer.experts.34.act_fn,13,ReLUSquaredActivation,routed_expert,0
backbone.layers.13.mixer.experts.35,13,NemotronHMLP,routed_expert,0
backbone.layers.13.mixer.experts.35.up_proj,13,Linear,routed_expert,4988928
backbone.layers.13.mixer.experts.35.down_proj,13,Linear,routed_expert,4988928
backbone.layers.13.mixer.experts.35.act_fn,13,ReLUSquaredActivation,routed_expert,0
backbone.layers.13.mixer.experts.36,13,NemotronHMLP,routed_expert,0
backbone.layers.13.mixer.experts.36.up_proj,13,Linear,routed_expert,4988928
backbone.layers.13.mixer.experts.36.down_proj,13,Linear,routed_expert,4988928
backbone.layers.13.mixer.experts.36.act_fn,13,ReLUSquaredActivation,routed_expert,0
backbone.layers.13.mixer.experts.37,13,NemotronHMLP,routed_expert,0
backbone.layers.13.mixer.experts.37.up_proj,13,Linear,routed_expert,4988928
backbone.layers.13.mixer.experts.37.down_proj,13,Linear,routed_expert,4988928
backbone.layers.13.mixer.experts.37.act_fn,13,ReLUSquaredActivation,routed_expert,0
backbone.layers.13.mixer.experts.38,13,NemotronHMLP,routed_expert,0
backbone.layers.13.mixer.experts.38.up_proj,13,Linear,routed_expert,4988928
backbone.layers.13.mixer.experts.38.down_proj,13,Linear,routed_expert,4988928
backbone.layers.13.mixer.experts.38.act_fn,13,ReLUSquaredActivation,routed_expert,0
backbone.layers.13.mixer.experts.39,13,NemotronHMLP,routed_expert,0
backbone.layers.13.mixer.experts.39.up_proj,13,Linear,routed_expert,4988928
backbone.layers.13.mixer.experts.39.down_proj,13,Linear,routed_expert,4988928
backbone.layers.13.mixer.experts.39.act_fn,13,ReLUSquaredActivation,routed_expert,0
backbone.layers.13.mixer.experts.40,13,NemotronHMLP,routed_expert,0
backbone.layers.13.mixer.experts.40.up_proj,13,Linear,routed_expert,4988928
backbone.layers.13.mixer.experts.40.down_proj,13,Linear,routed_expert,4988928
backbone.layers.13.mixer.experts.40.act_fn,13,ReLUSquaredActivation,routed_expert,0
backbone.layers.13.mixer.experts.41,13,NemotronHMLP,routed_expert,0
backbone.layers.13.mixer.experts.41.up_proj,13,Linear,routed_expert,4988928
backbone.layers.13.mixer.experts.41.down_proj,13,Linear,routed_expert,4988928
backbone.layers.13.mixer.experts.41.act_fn,13,ReLUSquaredActivation,routed_expert,0
backbone.layers.13.mixer.experts.42,13,NemotronHMLP,routed_expert,0
backbone.layers.13.mixer.experts.42.up_proj,13,Linear,routed_expert,4988928
backbone.layers.13.mixer.experts.42.down_proj,13,Linear,routed_expert,4988928
backbone.layers.13.mixer.experts.42.act_fn,13,ReLUSquaredActivation,routed_expert,0
backbone.layers.13.mixer.experts.43,13,NemotronHMLP,routed_expert,0
backbone.layers.13.mixer.experts.43.up_proj,13,Linear,routed_expert,4988928
backbone.layers.13.mixer.experts.43.down_proj,13,Linear,routed_expert,4988928
backbone.layers.13.mixer.experts.43.act_fn,13,ReLUSquaredActivation,routed_expert,0
backbone.layers.13.mixer.experts.44,13,NemotronHMLP,routed_expert,0
backbone.layers.13.mixer.experts.44.up_proj,13,Linear,routed_expert,4988928
backbone.layers.13.mixer.experts.44.down_proj,13,Linear,routed_expert,4988928
backbone.layers.13.mixer.experts.44.act_fn,13,ReLUSquaredActivation,routed_expert,0
backbone.layers.13.mixer.experts.45,13,NemotronHMLP,routed_expert,0
backbone.layers.13.mixer.experts.45.up_proj,13,Linear,routed_expert,4988928
backbone.layers.13.mixer.experts.45.down_proj,13,Linear,routed_expert,4988928
backbone.layers.13.mixer.experts.45.act_fn,13,ReLUSquaredActivation,routed_expert,0
backbone.layers.13.mixer.experts.46,13,NemotronHMLP,routed_expert,0
backbone.layers.13.mixer.experts.46.up_proj,13,Linear,routed_expert,4988928
backbone.layers.13.mixer.experts.46.down_proj,13,Linear,routed_expert,4988928
backbone.layers.13.mixer.experts.46.act_fn,13,ReLUSquaredActivation,routed_expert,0
backbone.layers.13.mixer.experts.47,13,NemotronHMLP,routed_expert,0
backbone.layers.13.mixer.experts.47.up_proj,13,Linear,routed_expert,4988928
backbone.layers.13.mixer.experts.47.down_proj,13,Linear,routed_expert,4988928
backbone.layers.13.mixer.experts.47.act_fn,13,ReLUSquaredActivation,routed_expert,0
backbone.layers.13.mixer.experts.48,13,NemotronHMLP,routed_expert,0
backbone.layers.13.mixer.experts.48.up_proj,13,Linear,routed_expert,4988928
backbone.layers.13.mixer.experts.48.down_proj,13,Linear,routed_expert,4988928
backbone.layers.13.mixer.experts.48.act_fn,13,ReLUSquaredActivation,routed_expert,0
backbone.layers.13.mixer.experts.49,13,NemotronHMLP,routed_expert,0
backbone.layers.13.mixer.experts.49.up_proj,13,Linear,routed_expert,4988928
backbone.layers.13.mixer.experts.49.down_proj,13,Linear,routed_expert,4988928
backbone.layers.13.mixer.experts.49.act_fn,13,ReLUSquaredActivation,routed_expert,0
backbone.layers.13.mixer.experts.50,13,NemotronHMLP,routed_expert,0
backbone.layers.13.mixer.experts.50.up_proj,13,Linear,routed_expert,4988928
backbone.layers.13.mixer.experts.50.down_proj,13,Linear,routed_expert,4988928
backbone.layers.13.mixer.experts.50.act_fn,13,ReLUSquaredActivation,routed_expert,0
backbone.layers.13.mixer.experts.51,13,NemotronHMLP,routed_expert,0
backbone.layers.13.mixer.experts.51.up_proj,13,Linear,routed_expert,4988928
backbone.layers.13.mixer.experts.51.down_proj,13,Linear,routed_expert,4988928
backbone.layers.13.mixer.experts.51.act_fn,13,ReLUSquaredActivation,routed_expert,0
backbone.layers.13.mixer.experts.52,13,NemotronHMLP,routed_expert,0
backbone.layers.13.mixer.experts.52.up_proj,13,Linear,routed_expert,4988928
backbone.layers.13.mixer.experts.52.down_proj,13,Linear,routed_expert,4988928
backbone.layers.13.mixer.experts.52.act_fn,13,ReLUSquaredActivation,routed_expert,0
backbone.layers.13.mixer.experts.53,13,NemotronHMLP,routed_expert,0
backbone.layers.13.mixer.experts.53.up_proj,13,Linear,routed_expert,4988928
backbone.layers.13.mixer.experts.53.down_proj,13,Linear,routed_expert,4988928
backbone.layers.13.mixer.experts.53.act_fn,13,ReLUSquaredActivation,routed_expert,0
backbone.layers.13.mixer.experts.54,13,NemotronHMLP,routed_expert,0
backbone.layers.13.mixer.experts.54.up_proj,13,Linear,routed_expert,4988928
backbone.layers.13.mixer.experts.54.down_proj,13,Linear,routed_expert,4988928
backbone.layers.13.mixer.experts.54.act_fn,13,ReLUSquaredActivation,routed_expert,0
backbone.layers.13.mixer.experts.55,13,NemotronHMLP,routed_expert,0
backbone.layers.13.mixer.experts.55.up_proj,13,Linear,routed_expert,4988928
backbone.layers.13.mixer.experts.55.down_proj,13,Linear,routed_expert,4988928
backbone.layers.13.mixer.experts.55.act_fn,13,ReLUSquaredActivation,routed_expert,0
backbone.layers.13.mixer.experts.56,13,NemotronHMLP,routed_expert,0
backbone.layers.13.mixer.experts.56.up_proj,13,Linear,routed_expert,4988928
backbone.layers.13.mixer.experts.56.down_proj,13,Linear,routed_expert,4988928
backbone.layers.13.mixer.experts.56.act_fn,13,ReLUSquaredActivation,routed_expert,0
backbone.layers.13.mixer.experts.57,13,NemotronHMLP,routed_expert,0
backbone.layers.13.mixer.experts.57.up_proj,13,Linear,routed_expert,4988928
backbone.layers.13.mixer.experts.57.down_proj,13,Linear,routed_expert,4988928
backbone.layers.13.mixer.experts.57.act_fn,13,ReLUSquaredActivation,routed_expert,0
backbone.layers.13.mixer.experts.58,13,NemotronHMLP,routed_expert,0
backbone.layers.13.mixer.experts.58.up_proj,13,Linear,routed_expert,4988928
backbone.layers.13.mixer.experts.58.down_proj,13,Linear,routed_expert,4988928
backbone.layers.13.mixer.experts.58.act_fn,13,ReLUSquaredActivation,routed_expert,0
backbone.layers.13.mixer.experts.59,13,NemotronHMLP,routed_expert,0
backbone.layers.13.mixer.experts.59.up_proj,13,Linear,routed_expert,4988928
backbone.layers.13.mixer.experts.59.down_proj,13,Linear,routed_expert,4988928
backbone.layers.13.mixer.experts.59.act_fn,13,ReLUSquaredActivation,routed_expert,0
backbone.layers.13.mixer.experts.60,13,NemotronHMLP,routed_expert,0
backbone.layers.13.mixer.experts.60.up_proj,13,Linear,routed_expert,4988928
backbone.layers.13.mixer.experts.60.down_proj,13,Linear,routed_expert,4988928
backbone.layers.13.mixer.experts.60.act_fn,13,ReLUSquaredActivation,routed_expert,0
backbone.layers.13.mixer.experts.61,13,NemotronHMLP,routed_expert,0
backbone.layers.13.mixer.experts.61.up_proj,13,Linear,routed_expert,4988928
backbone.layers.13.mixer.experts.61.down_proj,13,Linear,routed_expert,4988928
backbone.layers.13.mixer.experts.61.act_fn,13,ReLUSquaredActivation,routed_expert,0
backbone.layers.13.mixer.experts.62,13,NemotronHMLP,routed_expert,0
backbone.layers.13.mixer.experts.62.up_proj,13,Linear,routed_expert,4988928
backbone.layers.13.mixer.experts.62.down_proj,13,Linear,routed_expert,4988928
backbone.layers.13.mixer.experts.62.act_fn,13,ReLUSquaredActivation,routed_expert,0
backbone.layers.13.mixer.experts.63,13,NemotronHMLP,routed_expert,0
backbone.layers.13.mixer.experts.63.up_proj,13,Linear,routed_expert,4988928
backbone.layers.13.mixer.experts.63.down_proj,13,Linear,routed_expert,4988928
backbone.layers.13.mixer.experts.63.act_fn,13,ReLUSquaredActivation,routed_expert,0
backbone.layers.13.mixer.experts.64,13,NemotronHMLP,routed_expert,0
backbone.layers.13.mixer.experts.64.up_proj,13,Linear,routed_expert,4988928
backbone.layers.13.mixer.experts.64.down_proj,13,Linear,routed_expert,4988928
backbone.layers.13.mixer.experts.64.act_fn,13,ReLUSquaredActivation,routed_expert,0
backbone.layers.13.mixer.experts.65,13,NemotronHMLP,routed_expert,0
backbone.layers.13.mixer.experts.65.up_proj,13,Linear,routed_expert,4988928
backbone.layers.13.mixer.experts.65.down_proj,13,Linear,routed_expert,4988928
backbone.layers.13.mixer.experts.65.act_fn,13,ReLUSquaredActivation,routed_expert,0
backbone.layers.13.mixer.experts.66,13,NemotronHMLP,routed_expert,0
backbone.layers.13.mixer.experts.66.up_proj,13,Linear,routed_expert,4988928
backbone.layers.13.mixer.experts.66.down_proj,13,Linear,routed_expert,4988928
backbone.layers.13.mixer.experts.66.act_fn,13,ReLUSquaredActivation,routed_expert,0
backbone.layers.13.mixer.experts.67,13,NemotronHMLP,routed_expert,0
backbone.layers.13.mixer.experts.67.up_proj,13,Linear,routed_expert,4988928
backbone.layers.13.mixer.experts.67.down_proj,13,Linear,routed_expert,4988928
backbone.layers.13.mixer.experts.67.act_fn,13,ReLUSquaredActivation,routed_expert,0
backbone.layers.13.mixer.experts.68,13,NemotronHMLP,routed_expert,0
backbone.layers.13.mixer.experts.68.up_proj,13,Linear,routed_expert,4988928
backbone.layers.13.mixer.experts.68.down_proj,13,Linear,routed_expert,4988928
backbone.layers.13.mixer.experts.68.act_fn,13,ReLUSquaredActivation,routed_expert,0
backbone.layers.13.mixer.experts.69,13,NemotronHMLP,routed_expert,0
backbone.layers.13.mixer.experts.69.up_proj,13,Linear,routed_expert,4988928
backbone.layers.13.mixer.experts.69.down_proj,13,Linear,routed_expert,4988928
backbone.layers.13.mixer.experts.69.act_fn,13,ReLUSquaredActivation,routed_expert,0
backbone.layers.13.mixer.experts.70,13,NemotronHMLP,routed_expert,0
backbone.layers.13.mixer.experts.70.up_proj,13,Linear,routed_expert,4988928
backbone.layers.13.mixer.experts.70.down_proj,13,Linear,routed_expert,4988928
backbone.layers.13.mixer.experts.70.act_fn,13,ReLUSquaredActivation,routed_expert,0
backbone.layers.13.mixer.experts.71,13,NemotronHMLP,routed_expert,0
backbone.layers.13.mixer.experts.71.up_proj,13,Linear,routed_expert,4988928
backbone.layers.13.mixer.experts.71.down_proj,13,Linear,routed_expert,4988928
backbone.layers.13.mixer.experts.71.act_fn,13,ReLUSquaredActivation,routed_expert,0
backbone.layers.13.mixer.experts.72,13,NemotronHMLP,routed_expert,0
backbone.layers.13.mixer.experts.72.up_proj,13,Linear,routed_expert,4988928
backbone.layers.13.mixer.experts.72.down_proj,13,Linear,routed_expert,4988928
backbone.layers.13.mixer.experts.72.act_fn,13,ReLUSquaredActivation,routed_expert,0
backbone.layers.13.mixer.experts.73,13,NemotronHMLP,routed_expert,0
backbone.layers.13.mixer.experts.73.up_proj,13,Linear,routed_expert,4988928
backbone.layers.13.mixer.experts.73.down_proj,13,Linear,routed_expert,4988928
backbone.layers.13.mixer.experts.73.act_fn,13,ReLUSquaredActivation,routed_expert,0
backbone.layers.13.mixer.experts.74,13,NemotronHMLP,routed_expert,0
backbone.layers.13.mixer.experts.74.up_proj,13,Linear,routed_expert,4988928
backbone.layers.13.mixer.experts.74.down_proj,13,Linear,routed_expert,4988928
backbone.layers.13.mixer.experts.74.act_fn,13,ReLUSquaredActivation,routed_expert,0
backbone.layers.13.mixer.experts.75,13,NemotronHMLP,routed_expert,0
backbone.layers.13.mixer.experts.75.up_proj,13,Linear,routed_expert,4988928
backbone.layers.13.mixer.experts.75.down_proj,13,Linear,routed_expert,4988928
backbone.layers.13.mixer.experts.75.act_fn,13,ReLUSquaredActivation,routed_expert,0
backbone.layers.13.mixer.experts.76,13,NemotronHMLP,routed_expert,0
backbone.layers.13.mixer.experts.76.up_proj,13,Linear,routed_expert,4988928
backbone.layers.13.mixer.experts.76.down_proj,13,Linear,routed_expert,4988928
backbone.layers.13.mixer.experts.76.act_fn,13,ReLUSquaredActivation,routed_expert,0
backbone.layers.13.mixer.experts.77,13,NemotronHMLP,routed_expert,0
backbone.layers.13.mixer.experts.77.up_proj,13,Linear,routed_expert,4988928
backbone.layers.13.mixer.experts.77.down_proj,13,Linear,routed_expert,4988928
backbone.layers.13.mixer.experts.77.act_fn,13,ReLUSquaredActivation,routed_expert,0
backbone.layers.13.mixer.experts.78,13,NemotronHMLP,routed_expert,0
backbone.layers.13.mixer.experts.78.up_proj,13,Linear,routed_expert,4988928
backbone.layers.13.mixer.experts.78.down_proj,13,Linear,routed_expert,4988928
backbone.layers.13.mixer.experts.78.act_fn,13,ReLUSquaredActivation,routed_expert,0
backbone.layers.13.mixer.experts.79,13,NemotronHMLP,routed_expert,0
backbone.layers.13.mixer.experts.79.up_proj,13,Linear,routed_expert,4988928
backbone.layers.13.mixer.experts.79.down_proj,13,Linear,routed_expert,4988928
backbone.layers.13.mixer.experts.79.act_fn,13,ReLUSquaredActivation,routed_expert,0
backbone.layers.13.mixer.experts.80,13,NemotronHMLP,routed_expert,0
backbone.layers.13.mixer.experts.80.up_proj,13,Linear,routed_expert,4988928
backbone.layers.13.mixer.experts.80.down_proj,13,Linear,routed_expert,4988928
backbone.layers.13.mixer.experts.80.act_fn,13,ReLUSquaredActivation,routed_expert,0
backbone.layers.13.mixer.experts.81,13,NemotronHMLP,routed_expert,0
backbone.layers.13.mixer.experts.81.up_proj,13,Linear,routed_expert,4988928
backbone.layers.13.mixer.experts.81.down_proj,13,Linear,routed_expert,4988928
backbone.layers.13.mixer.experts.81.act_fn,13,ReLUSquaredActivation,routed_expert,0
backbone.layers.13.mixer.experts.82,13,NemotronHMLP,routed_expert,0
backbone.layers.13.mixer.experts.82.up_proj,13,Linear,routed_expert,4988928
backbone.layers.13.mixer.experts.82.down_proj,13,Linear,routed_expert,4988928
backbone.layers.13.mixer.experts.82.act_fn,13,ReLUSquaredActivation,routed_expert,0
backbone.layers.13.mixer.experts.83,13,NemotronHMLP,routed_expert,0
backbone.layers.13.mixer.experts.83.up_proj,13,Linear,routed_expert,4988928
backbone.layers.13.mixer.experts.83.down_proj,13,Linear,routed_expert,4988928
backbone.layers.13.mixer.experts.83.act_fn,13,ReLUSquaredActivation,routed_expert,0
backbone.layers.13.mixer.experts.84,13,NemotronHMLP,routed_expert,0
backbone.layers.13.mixer.experts.84.up_proj,13,Linear,routed_expert,4988928
backbone.layers.13.mixer.experts.84.down_proj,13,Linear,routed_expert,4988928
backbone.layers.13.mixer.experts.84.act_fn,13,ReLUSquaredActivation,routed_expert,0
backbone.layers.13.mixer.experts.85,13,NemotronHMLP,routed_expert,0
backbone.layers.13.mixer.experts.85.up_proj,13,Linear,routed_expert,4988928
backbone.layers.13.mixer.experts.85.down_proj,13,Linear,routed_expert,4988928
backbone.layers.13.mixer.experts.85.act_fn,13,ReLUSquaredActivation,routed_expert,0
backbone.layers.13.mixer.experts.86,13,NemotronHMLP,routed_expert,0
backbone.layers.13.mixer.experts.86.up_proj,13,Linear,routed_expert,4988928
backbone.layers.13.mixer.experts.86.down_proj,13,Linear,routed_expert,4988928
backbone.layers.13.mixer.experts.86.act_fn,13,ReLUSquaredActivation,routed_expert,0
backbone.layers.13.mixer.experts.87,13,NemotronHMLP,routed_expert,0
backbone.layers.13.mixer.experts.87.up_proj,13,Linear,routed_expert,4988928
backbone.layers.13.mixer.experts.87.down_proj,13,Linear,routed_expert,4988928
backbone.layers.13.mixer.experts.87.act_fn,13,ReLUSquaredActivation,routed_expert,0
backbone.layers.13.mixer.experts.88,13,NemotronHMLP,routed_expert,0
backbone.layers.13.mixer.experts.88.up_proj,13,Linear,routed_expert,4988928
backbone.layers.13.mixer.experts.88.down_proj,13,Linear,routed_expert,4988928
backbone.layers.13.mixer.experts.88.act_fn,13,ReLUSquaredActivation,routed_expert,0
backbone.layers.13.mixer.experts.89,13,NemotronHMLP,routed_expert,0
backbone.layers.13.mixer.experts.89.up_proj,13,Linear,routed_expert,4988928
backbone.layers.13.mixer.experts.89.down_proj,13,Linear,routed_expert,4988928
backbone.layers.13.mixer.experts.89.act_fn,13,ReLUSquaredActivation,routed_expert,0
backbone.layers.13.mixer.experts.90,13,NemotronHMLP,routed_expert,0
backbone.layers.13.mixer.experts.90.up_proj,13,Linear,routed_expert,4988928
backbone.layers.13.mixer.experts.90.down_proj,13,Linear,routed_expert,4988928
backbone.layers.13.mixer.experts.90.act_fn,13,ReLUSquaredActivation,routed_expert,0
backbone.layers.13.mixer.experts.91,13,NemotronHMLP,routed_expert,0
backbone.layers.13.mixer.experts.91.up_proj,13,Linear,routed_expert,4988928
backbone.layers.13.mixer.experts.91.down_proj,13,Linear,routed_expert,4988928
backbone.layers.13.mixer.experts.91.act_fn,13,ReLUSquaredActivation,routed_expert,0
backbone.layers.13.mixer.experts.92,13,NemotronHMLP,routed_expert,0
backbone.layers.13.mixer.experts.92.up_proj,13,Linear,routed_expert,4988928
backbone.layers.13.mixer.experts.92.down_proj,13,Linear,routed_expert,4988928
backbone.layers.13.mixer.experts.92.act_fn,13,ReLUSquaredActivation,routed_expert,0
backbone.layers.13.mixer.experts.93,13,NemotronHMLP,routed_expert,0
backbone.layers.13.mixer.experts.93.up_proj,13,Linear,routed_expert,4988928
backbone.layers.13.mixer.experts.93.down_proj,13,Linear,routed_expert,4988928
backbone.layers.13.mixer.experts.93.act_fn,13,ReLUSquaredActivation,routed_expert,0
backbone.layers.13.mixer.experts.94,13,NemotronHMLP,routed_expert,0
backbone.layers.13.mixer.experts.94.up_proj,13,Linear,routed_expert,4988928
backbone.layers.13.mixer.experts.94.down_proj,13,Linear,routed_expert,4988928
backbone.layers.13.mixer.experts.94.act_fn,13,ReLUSquaredActivation,routed_expert,0
backbone.layers.13.mixer.experts.95,13,NemotronHMLP,routed_expert,0
backbone.layers.13.mixer.experts.95.up_proj,13,Linear,routed_expert,4988928
backbone.layers.13.mixer.experts.95.down_proj,13,Linear,routed_expert,4988928
backbone.layers.13.mixer.experts.95.act_fn,13,ReLUSquaredActivation,routed_expert,0
backbone.layers.13.mixer.experts.96,13,NemotronHMLP,routed_expert,0
backbone.layers.13.mixer.experts.96.up_proj,13,Linear,routed_expert,4988928
backbone.layers.13.mixer.experts.96.down_proj,13,Linear,routed_expert,4988928
backbone.layers.13.mixer.experts.96.act_fn,13,ReLUSquaredActivation,routed_expert,0
backbone.layers.13.mixer.experts.97,13,NemotronHMLP,routed_expert,0
backbone.layers.13.mixer.experts.97.up_proj,13,Linear,routed_expert,4988928
backbone.layers.13.mixer.experts.97.down_proj,13,Linear,routed_expert,4988928
backbone.layers.13.mixer.experts.97.act_fn,13,ReLUSquaredActivation,routed_expert,0
backbone.layers.13.mixer.experts.98,13,NemotronHMLP,routed_expert,0
backbone.layers.13.mixer.experts.98.up_proj,13,Linear,routed_expert,4988928
backbone.layers.13.mixer.experts.98.down_proj,13,Linear,routed_expert,4988928
backbone.layers.13.mixer.experts.98.act_fn,13,ReLUSquaredActivation,routed_expert,0
backbone.layers.13.mixer.experts.99,13,NemotronHMLP,routed_expert,0
backbone.layers.13.mixer.experts.99.up_proj,13,Linear,routed_expert,4988928
backbone.layers.13.mixer.experts.99.down_proj,13,Linear,routed_expert,4988928
backbone.layers.13.mixer.experts.99.act_fn,13,ReLUSquaredActivation,routed_expert,0
backbone.layers.13.mixer.experts.100,13,NemotronHMLP,routed_expert,0
backbone.layers.13.mixer.experts.100.up_proj,13,Linear,routed_expert,4988928
backbone.layers.13.mixer.experts.100.down_proj,13,Linear,routed_expert,4988928
backbone.layers.13.mixer.experts.100.act_fn,13,ReLUSquaredActivation,routed_expert,0
backbone.layers.13.mixer.experts.101,13,NemotronHMLP,routed_expert,0
backbone.layers.13.mixer.experts.101.up_proj,13,Linear,routed_expert,4988928
backbone.layers.13.mixer.experts.101.down_proj,13,Linear,routed_expert,4988928
backbone.layers.13.mixer.experts.101.act_fn,13,ReLUSquaredActivation,routed_expert,0
backbone.layers.13.mixer.experts.102,13,NemotronHMLP,routed_expert,0
backbone.layers.13.mixer.experts.102.up_proj,13,Linear,routed_expert,4988928
backbone.layers.13.mixer.experts.102.down_proj,13,Linear,routed_expert,4988928
backbone.layers.13.mixer.experts.102.act_fn,13,ReLUSquaredActivation,routed_expert,0
backbone.layers.13.mixer.experts.103,13,NemotronHMLP,routed_expert,0
backbone.layers.13.mixer.experts.103.up_proj,13,Linear,routed_expert,4988928
backbone.layers.13.mixer.experts.103.down_proj,13,Linear,routed_expert,4988928
backbone.layers.13.mixer.experts.103.act_fn,13,ReLUSquaredActivation,routed_expert,0
backbone.layers.13.mixer.experts.104,13,NemotronHMLP,routed_expert,0
backbone.layers.13.mixer.experts.104.up_proj,13,Linear,routed_expert,4988928
backbone.layers.13.mixer.experts.104.down_proj,13,Linear,routed_expert,4988928
backbone.layers.13.mixer.experts.104.act_fn,13,ReLUSquaredActivation,routed_expert,0
backbone.layers.13.mixer.experts.105,13,NemotronHMLP,routed_expert,0
backbone.layers.13.mixer.experts.105.up_proj,13,Linear,routed_expert,4988928
backbone.layers.13.mixer.experts.105.down_proj,13,Linear,routed_expert,4988928
backbone.layers.13.mixer.experts.105.act_fn,13,ReLUSquaredActivation,routed_expert,0
backbone.layers.13.mixer.experts.106,13,NemotronHMLP,routed_expert,0
backbone.layers.13.mixer.experts.106.up_proj,13,Linear,routed_expert,4988928
backbone.layers.13.mixer.experts.106.down_proj,13,Linear,routed_expert,4988928
backbone.layers.13.mixer.experts.106.act_fn,13,ReLUSquaredActivation,routed_expert,0
backbone.layers.13.mixer.experts.107,13,NemotronHMLP,routed_expert,0
backbone.layers.13.mixer.experts.107.up_proj,13,Linear,routed_expert,4988928
backbone.layers.13.mixer.experts.107.down_proj,13,Linear,routed_expert,4988928
backbone.layers.13.mixer.experts.107.act_fn,13,ReLUSquaredActivation,routed_expert,0
backbone.layers.13.mixer.experts.108,13,NemotronHMLP,routed_expert,0
backbone.layers.13.mixer.experts.108.up_proj,13,Linear,routed_expert,4988928
backbone.layers.13.mixer.experts.108.down_proj,13,Linear,routed_expert,4988928
backbone.layers.13.mixer.experts.108.act_fn,13,ReLUSquaredActivation,routed_expert,0
backbone.layers.13.mixer.experts.109,13,NemotronHMLP,routed_expert,0
backbone.layers.13.mixer.experts.109.up_proj,13,Linear,routed_expert,4988928
backbone.layers.13.mixer.experts.109.down_proj,13,Linear,routed_expert,4988928
backbone.layers.13.mixer.experts.109.act_fn,13,ReLUSquaredActivation,routed_expert,0
backbone.layers.13.mixer.experts.110,13,NemotronHMLP,routed_expert,0
backbone.layers.13.mixer.experts.110.up_proj,13,Linear,routed_expert,4988928
backbone.layers.13.mixer.experts.110.down_proj,13,Linear,routed_expert,4988928
backbone.layers.13.mixer.experts.110.act_fn,13,ReLUSquaredActivation,routed_expert,0
backbone.layers.13.mixer.experts.111,13,NemotronHMLP,routed_expert,0
backbone.layers.13.mixer.experts.111.up_proj,13,Linear,routed_expert,4988928
backbone.layers.13.mixer.experts.111.down_proj,13,Linear,routed_expert,4988928
backbone.layers.13.mixer.experts.111.act_fn,13,ReLUSquaredActivation,routed_expert,0
backbone.layers.13.mixer.experts.112,13,NemotronHMLP,routed_expert,0
backbone.layers.13.mixer.experts.112.up_proj,13,Linear,routed_expert,4988928
backbone.layers.13.mixer.experts.112.down_proj,13,Linear,routed_expert,4988928
backbone.layers.13.mixer.experts.112.act_fn,13,ReLUSquaredActivation,routed_expert,0
backbone.layers.13.mixer.experts.113,13,NemotronHMLP,routed_expert,0
backbone.layers.13.mixer.experts.113.up_proj,13,Linear,routed_expert,4988928
backbone.layers.13.mixer.experts.113.down_proj,13,Linear,routed_expert,4988928
backbone.layers.13.mixer.experts.113.act_fn,13,ReLUSquaredActivation,routed_expert,0
backbone.layers.13.mixer.experts.114,13,NemotronHMLP,routed_expert,0
backbone.layers.13.mixer.experts.114.up_proj,13,Linear,routed_expert,4988928
backbone.layers.13.mixer.experts.114.down_proj,13,Linear,routed_expert,4988928
backbone.layers.13.mixer.experts.114.act_fn,13,ReLUSquaredActivation,routed_expert,0
backbone.layers.13.mixer.experts.115,13,NemotronHMLP,routed_expert,0
backbone.layers.13.mixer.experts.115.up_proj,13,Linear,routed_expert,4988928
backbone.layers.13.mixer.experts.115.down_proj,13,Linear,routed_expert,4988928
backbone.layers.13.mixer.experts.115.act_fn,13,ReLUSquaredActivation,routed_expert,0
backbone.layers.13.mixer.experts.116,13,NemotronHMLP,routed_expert,0
backbone.layers.13.mixer.experts.116.up_proj,13,Linear,routed_expert,4988928
backbone.layers.13.mixer.experts.116.down_proj,13,Linear,routed_expert,4988928
backbone.layers.13.mixer.experts.116.act_fn,13,ReLUSquaredActivation,routed_expert,0
backbone.layers.13.mixer.experts.117,13,NemotronHMLP,routed_expert,0
backbone.layers.13.mixer.experts.117.up_proj,13,Linear,routed_expert,4988928
backbone.layers.13.mixer.experts.117.down_proj,13,Linear,routed_expert,4988928
backbone.layers.13.mixer.experts.117.act_fn,13,ReLUSquaredActivation,routed_expert,0
backbone.layers.13.mixer.experts.118,13,NemotronHMLP,routed_expert,0
backbone.layers.13.mixer.experts.118.up_proj,13,Linear,routed_expert,4988928
backbone.layers.13.mixer.experts.118.down_proj,13,Linear,routed_expert,4988928
backbone.layers.13.mixer.experts.118.act_fn,13,ReLUSquaredActivation,routed_expert,0
backbone.layers.13.mixer.experts.119,13,NemotronHMLP,routed_expert,0
backbone.layers.13.mixer.experts.119.up_proj,13,Linear,routed_expert,4988928
backbone.layers.13.mixer.experts.119.down_proj,13,Linear,routed_expert,4988928
backbone.layers.13.mixer.experts.119.act_fn,13,ReLUSquaredActivation,routed_expert,0
backbone.layers.13.mixer.experts.120,13,NemotronHMLP,routed_expert,0
backbone.layers.13.mixer.experts.120.up_proj,13,Linear,routed_expert,4988928
backbone.layers.13.mixer.experts.120.down_proj,13,Linear,routed_expert,4988928
backbone.layers.13.mixer.experts.120.act_fn,13,ReLUSquaredActivation,routed_expert,0
backbone.layers.13.mixer.experts.121,13,NemotronHMLP,routed_expert,0
backbone.layers.13.mixer.experts.121.up_proj,13,Linear,routed_expert,4988928
backbone.layers.13.mixer.experts.121.down_proj,13,Linear,routed_expert,4988928
backbone.layers.13.mixer.experts.121.act_fn,13,ReLUSquaredActivation,routed_expert,0
backbone.layers.13.mixer.experts.122,13,NemotronHMLP,routed_expert,0
backbone.layers.13.mixer.experts.122.up_proj,13,Linear,routed_expert,4988928
backbone.layers.13.mixer.experts.122.down_proj,13,Linear,routed_expert,4988928
backbone.layers.13.mixer.experts.122.act_fn,13,ReLUSquaredActivation,routed_expert,0
backbone.layers.13.mixer.experts.123,13,NemotronHMLP,routed_expert,0
backbone.layers.13.mixer.experts.123.up_proj,13,Linear,routed_expert,4988928
backbone.layers.13.mixer.experts.123.down_proj,13,Linear,routed_expert,4988928
backbone.layers.13.mixer.experts.123.act_fn,13,ReLUSquaredActivation,routed_expert,0
backbone.layers.13.mixer.experts.124,13,NemotronHMLP,routed_expert,0
backbone.layers.13.mixer.experts.124.up_proj,13,Linear,routed_expert,4988928
backbone.layers.13.mixer.experts.124.down_proj,13,Linear,routed_expert,4988928
backbone.layers.13.mixer.experts.124.act_fn,13,ReLUSquaredActivation,routed_expert,0
backbone.layers.13.mixer.experts.125,13,NemotronHMLP,routed_expert,0
backbone.layers.13.mixer.experts.125.up_proj,13,Linear,routed_expert,4988928
backbone.layers.13.mixer.experts.125.down_proj,13,Linear,routed_expert,4988928
backbone.layers.13.mixer.experts.125.act_fn,13,ReLUSquaredActivation,routed_expert,0
backbone.layers.13.mixer.experts.126,13,NemotronHMLP,routed_expert,0
backbone.layers.13.mixer.experts.126.up_proj,13,Linear,routed_expert,4988928
backbone.layers.13.mixer.experts.126.down_proj,13,Linear,routed_expert,4988928
backbone.layers.13.mixer.experts.126.act_fn,13,ReLUSquaredActivation,routed_expert,0
backbone.layers.13.mixer.experts.127,13,NemotronHMLP,routed_expert,0
backbone.layers.13.mixer.experts.127.up_proj,13,Linear,routed_expert,4988928
backbone.layers.13.mixer.experts.127.down_proj,13,Linear,routed_expert,4988928
backbone.layers.13.mixer.experts.127.act_fn,13,ReLUSquaredActivation,routed_expert,0
backbone.layers.13.mixer.gate,13,NemotronHTopkRouter,router,344064
backbone.layers.13.mixer.shared_experts,13,NemotronHMLP,other,0
backbone.layers.13.mixer.shared_experts.up_proj,13,Linear,shared_expert,9977856
backbone.layers.13.mixer.shared_experts.down_proj,13,Linear,shared_expert,9977856
backbone.layers.13.mixer.shared_experts.act_fn,13,ReLUSquaredActivation,shared_expert,0
backbone.layers.14,14,NemotronHBlock,other,0
backbone.layers.14.norm,14,NemotronHRMSNorm,other,2688
backbone.layers.14.mixer,14,NemotronHMamba2Mixer,mamba,192
backbone.layers.14.mixer.act,14,SiLUActivation,other,0
backbone.layers.14.mixer.conv1d,14,Conv1d,other,30720
backbone.layers.14.mixer.in_proj,14,Linear,mamba_projection,27697152
backbone.layers.14.mixer.norm,14,MambaRMSNormGated,mamba,4096
backbone.layers.14.mixer.out_proj,14,Linear,mamba_projection,11010048
backbone.layers.15,15,NemotronHBlock,other,0
backbone.layers.15.norm,15,NemotronHRMSNorm,other,2688
backbone.layers.15.mixer,15,NemotronHMOE,moe,0
backbone.layers.15.mixer.experts,15,ModuleList,other,0
backbone.layers.15.mixer.experts.0,15,NemotronHMLP,routed_expert,0
backbone.layers.15.mixer.experts.0.up_proj,15,Linear,routed_expert,4988928
backbone.layers.15.mixer.experts.0.down_proj,15,Linear,routed_expert,4988928
backbone.layers.15.mixer.experts.0.act_fn,15,ReLUSquaredActivation,routed_expert,0
backbone.layers.15.mixer.experts.1,15,NemotronHMLP,routed_expert,0
backbone.layers.15.mixer.experts.1.up_proj,15,Linear,routed_expert,4988928
backbone.layers.15.mixer.experts.1.down_proj,15,Linear,routed_expert,4988928
backbone.layers.15.mixer.experts.1.act_fn,15,ReLUSquaredActivation,routed_expert,0
backbone.layers.15.mixer.experts.2,15,NemotronHMLP,routed_expert,0
backbone.layers.15.mixer.experts.2.up_proj,15,Linear,routed_expert,4988928
backbone.layers.15.mixer.experts.2.down_proj,15,Linear,routed_expert,4988928
backbone.layers.15.mixer.experts.2.act_fn,15,ReLUSquaredActivation,routed_expert,0
backbone.layers.15.mixer.experts.3,15,NemotronHMLP,routed_expert,0
backbone.layers.15.mixer.experts.3.up_proj,15,Linear,routed_expert,4988928
backbone.layers.15.mixer.experts.3.down_proj,15,Linear,routed_expert,4988928
backbone.layers.15.mixer.experts.3.act_fn,15,ReLUSquaredActivation,routed_expert,0
backbone.layers.15.mixer.experts.4,15,NemotronHMLP,routed_expert,0
backbone.layers.15.mixer.experts.4.up_proj,15,Linear,routed_expert,4988928
backbone.layers.15.mixer.experts.4.down_proj,15,Linear,routed_expert,4988928
backbone.layers.15.mixer.experts.4.act_fn,15,ReLUSquaredActivation,routed_expert,0
backbone.layers.15.mixer.experts.5,15,NemotronHMLP,routed_expert,0
backbone.layers.15.mixer.experts.5.up_proj,15,Linear,routed_expert,4988928
backbone.layers.15.mixer.experts.5.down_proj,15,Linear,routed_expert,4988928
backbone.layers.15.mixer.experts.5.act_fn,15,ReLUSquaredActivation,routed_expert,0
backbone.layers.15.mixer.experts.6,15,NemotronHMLP,routed_expert,0
backbone.layers.15.mixer.experts.6.up_proj,15,Linear,routed_expert,4988928
backbone.layers.15.mixer.experts.6.down_proj,15,Linear,routed_expert,4988928
backbone.layers.15.mixer.experts.6.act_fn,15,ReLUSquaredActivation,routed_expert,0
backbone.layers.15.mixer.experts.7,15,NemotronHMLP,routed_expert,0
backbone.layers.15.mixer.experts.7.up_proj,15,Linear,routed_expert,4988928
backbone.layers.15.mixer.experts.7.down_proj,15,Linear,routed_expert,4988928
backbone.layers.15.mixer.experts.7.act_fn,15,ReLUSquaredActivation,routed_expert,0
backbone.layers.15.mixer.experts.8,15,NemotronHMLP,routed_expert,0
backbone.layers.15.mixer.experts.8.up_proj,15,Linear,routed_expert,4988928
backbone.layers.15.mixer.experts.8.down_proj,15,Linear,routed_expert,4988928
backbone.layers.15.mixer.experts.8.act_fn,15,ReLUSquaredActivation,routed_expert,0
backbone.layers.15.mixer.experts.9,15,NemotronHMLP,routed_expert,0
backbone.layers.15.mixer.experts.9.up_proj,15,Linear,routed_expert,4988928
backbone.layers.15.mixer.experts.9.down_proj,15,Linear,routed_expert,4988928
backbone.layers.15.mixer.experts.9.act_fn,15,ReLUSquaredActivation,routed_expert,0
backbone.layers.15.mixer.experts.10,15,NemotronHMLP,routed_expert,0
backbone.layers.15.mixer.experts.10.up_proj,15,Linear,routed_expert,4988928
backbone.layers.15.mixer.experts.10.down_proj,15,Linear,routed_expert,4988928
backbone.layers.15.mixer.experts.10.act_fn,15,ReLUSquaredActivation,routed_expert,0
backbone.layers.15.mixer.experts.11,15,NemotronHMLP,routed_expert,0
backbone.layers.15.mixer.experts.11.up_proj,15,Linear,routed_expert,4988928
backbone.layers.15.mixer.experts.11.down_proj,15,Linear,routed_expert,4988928
backbone.layers.15.mixer.experts.11.act_fn,15,ReLUSquaredActivation,routed_expert,0
backbone.layers.15.mixer.experts.12,15,NemotronHMLP,routed_expert,0
backbone.layers.15.mixer.experts.12.up_proj,15,Linear,routed_expert,4988928
backbone.layers.15.mixer.experts.12.down_proj,15,Linear,routed_expert,4988928
backbone.layers.15.mixer.experts.12.act_fn,15,ReLUSquaredActivation,routed_expert,0
backbone.layers.15.mixer.experts.13,15,NemotronHMLP,routed_expert,0
backbone.layers.15.mixer.experts.13.up_proj,15,Linear,routed_expert,4988928
backbone.layers.15.mixer.experts.13.down_proj,15,Linear,routed_expert,4988928
backbone.layers.15.mixer.experts.13.act_fn,15,ReLUSquaredActivation,routed_expert,0
backbone.layers.15.mixer.experts.14,15,NemotronHMLP,routed_expert,0
backbone.layers.15.mixer.experts.14.up_proj,15,Linear,routed_expert,4988928
backbone.layers.15.mixer.experts.14.down_proj,15,Linear,routed_expert,4988928
backbone.layers.15.mixer.experts.14.act_fn,15,ReLUSquaredActivation,routed_expert,0
backbone.layers.15.mixer.experts.15,15,NemotronHMLP,routed_expert,0
backbone.layers.15.mixer.experts.15.up_proj,15,Linear,routed_expert,4988928
backbone.layers.15.mixer.experts.15.down_proj,15,Linear,routed_expert,4988928
backbone.layers.15.mixer.experts.15.act_fn,15,ReLUSquaredActivation,routed_expert,0
backbone.layers.15.mixer.experts.16,15,NemotronHMLP,routed_expert,0
backbone.layers.15.mixer.experts.16.up_proj,15,Linear,routed_expert,4988928
backbone.layers.15.mixer.experts.16.down_proj,15,Linear,routed_expert,4988928
backbone.layers.15.mixer.experts.16.act_fn,15,ReLUSquaredActivation,routed_expert,0
backbone.layers.15.mixer.experts.17,15,NemotronHMLP,routed_expert,0
backbone.layers.15.mixer.experts.17.up_proj,15,Linear,routed_expert,4988928
backbone.layers.15.mixer.experts.17.down_proj,15,Linear,routed_expert,4988928
backbone.layers.15.mixer.experts.17.act_fn,15,ReLUSquaredActivation,routed_expert,0
backbone.layers.15.mixer.experts.18,15,NemotronHMLP,routed_expert,0
backbone.layers.15.mixer.experts.18.up_proj,15,Linear,routed_expert,4988928
backbone.layers.15.mixer.experts.18.down_proj,15,Linear,routed_expert,4988928
backbone.layers.15.mixer.experts.18.act_fn,15,ReLUSquaredActivation,routed_expert,0
backbone.layers.15.mixer.experts.19,15,NemotronHMLP,routed_expert,0
backbone.layers.15.mixer.experts.19.up_proj,15,Linear,routed_expert,4988928
backbone.layers.15.mixer.experts.19.down_proj,15,Linear,routed_expert,4988928
backbone.layers.15.mixer.experts.19.act_fn,15,ReLUSquaredActivation,routed_expert,0
backbone.layers.15.mixer.experts.20,15,NemotronHMLP,routed_expert,0
backbone.layers.15.mixer.experts.20.up_proj,15,Linear,routed_expert,4988928
backbone.layers.15.mixer.experts.20.down_proj,15,Linear,routed_expert,4988928
backbone.layers.15.mixer.experts.20.act_fn,15,ReLUSquaredActivation,routed_expert,0
backbone.layers.15.mixer.experts.21,15,NemotronHMLP,routed_expert,0
backbone.layers.15.mixer.experts.21.up_proj,15,Linear,routed_expert,4988928
backbone.layers.15.mixer.experts.21.down_proj,15,Linear,routed_expert,4988928
backbone.layers.15.mixer.experts.21.act_fn,15,ReLUSquaredActivation,routed_expert,0
backbone.layers.15.mixer.experts.22,15,NemotronHMLP,routed_expert,0
backbone.layers.15.mixer.experts.22.up_proj,15,Linear,routed_expert,4988928
backbone.layers.15.mixer.experts.22.down_proj,15,Linear,routed_expert,4988928
backbone.layers.15.mixer.experts.22.act_fn,15,ReLUSquaredActivation,routed_expert,0
backbone.layers.15.mixer.experts.23,15,NemotronHMLP,routed_expert,0
backbone.layers.15.mixer.experts.23.up_proj,15,Linear,routed_expert,4988928
backbone.layers.15.mixer.experts.23.down_proj,15,Linear,routed_expert,4988928
backbone.layers.15.mixer.experts.23.act_fn,15,ReLUSquaredActivation,routed_expert,0
backbone.layers.15.mixer.experts.24,15,NemotronHMLP,routed_expert,0
backbone.layers.15.mixer.experts.24.up_proj,15,Linear,routed_expert,4988928
backbone.layers.15.mixer.experts.24.down_proj,15,Linear,routed_expert,4988928
backbone.layers.15.mixer.experts.24.act_fn,15,ReLUSquaredActivation,routed_expert,0
backbone.layers.15.mixer.experts.25,15,NemotronHMLP,routed_expert,0
backbone.layers.15.mixer.experts.25.up_proj,15,Linear,routed_expert,4988928
backbone.layers.15.mixer.experts.25.down_proj,15,Linear,routed_expert,4988928
backbone.layers.15.mixer.experts.25.act_fn,15,ReLUSquaredActivation,routed_expert,0
backbone.layers.15.mixer.experts.26,15,NemotronHMLP,routed_expert,0
backbone.layers.15.mixer.experts.26.up_proj,15,Linear,routed_expert,4988928
backbone.layers.15.mixer.experts.26.down_proj,15,Linear,routed_expert,4988928
backbone.layers.15.mixer.experts.26.act_fn,15,ReLUSquaredActivation,routed_expert,0
backbone.layers.15.mixer.experts.27,15,NemotronHMLP,routed_expert,0
backbone.layers.15.mixer.experts.27.up_proj,15,Linear,routed_expert,4988928
backbone.layers.15.mixer.experts.27.down_proj,15,Linear,routed_expert,4988928
backbone.layers.15.mixer.experts.27.act_fn,15,ReLUSquaredActivation,routed_expert,0
backbone.layers.15.mixer.experts.28,15,NemotronHMLP,routed_expert,0
backbone.layers.15.mixer.experts.28.up_proj,15,Linear,routed_expert,4988928
backbone.layers.15.mixer.experts.28.down_proj,15,Linear,routed_expert,4988928
backbone.layers.15.mixer.experts.28.act_fn,15,ReLUSquaredActivation,routed_expert,0
backbone.layers.15.mixer.experts.29,15,NemotronHMLP,routed_expert,0
backbone.layers.15.mixer.experts.29.up_proj,15,Linear,routed_expert,4988928
backbone.layers.15.mixer.experts.29.down_proj,15,Linear,routed_expert,4988928
backbone.layers.15.mixer.experts.29.act_fn,15,ReLUSquaredActivation,routed_expert,0
backbone.layers.15.mixer.experts.30,15,NemotronHMLP,routed_expert,0
backbone.layers.15.mixer.experts.30.up_proj,15,Linear,routed_expert,4988928
backbone.layers.15.mixer.experts.30.down_proj,15,Linear,routed_expert,4988928
backbone.layers.15.mixer.experts.30.act_fn,15,ReLUSquaredActivation,routed_expert,0
backbone.layers.15.mixer.experts.31,15,NemotronHMLP,routed_expert,0
backbone.layers.15.mixer.experts.31.up_proj,15,Linear,routed_expert,4988928
backbone.layers.15.mixer.experts.31.down_proj,15,Linear,routed_expert,4988928
backbone.layers.15.mixer.experts.31.act_fn,15,ReLUSquaredActivation,routed_expert,0
backbone.layers.15.mixer.experts.32,15,NemotronHMLP,routed_expert,0
backbone.layers.15.mixer.experts.32.up_proj,15,Linear,routed_expert,4988928
backbone.layers.15.mixer.experts.32.down_proj,15,Linear,routed_expert,4988928
backbone.layers.15.mixer.experts.32.act_fn,15,ReLUSquaredActivation,routed_expert,0
backbone.layers.15.mixer.experts.33,15,NemotronHMLP,routed_expert,0
backbone.layers.15.mixer.experts.33.up_proj,15,Linear,routed_expert,4988928
backbone.layers.15.mixer.experts.33.down_proj,15,Linear,routed_expert,4988928
backbone.layers.15.mixer.experts.33.act_fn,15,ReLUSquaredActivation,routed_expert,0
backbone.layers.15.mixer.experts.34,15,NemotronHMLP,routed_expert,0
backbone.layers.15.mixer.experts.34.up_proj,15,Linear,routed_expert,4988928
backbone.layers.15.mixer.experts.34.down_proj,15,Linear,routed_expert,4988928
backbone.layers.15.mixer.experts.34.act_fn,15,ReLUSquaredActivation,routed_expert,0
backbone.layers.15.mixer.experts.35,15,NemotronHMLP,routed_expert,0
backbone.layers.15.mixer.experts.35.up_proj,15,Linear,routed_expert,4988928
backbone.layers.15.mixer.experts.35.down_proj,15,Linear,routed_expert,4988928
backbone.layers.15.mixer.experts.35.act_fn,15,ReLUSquaredActivation,routed_expert,0
backbone.layers.15.mixer.experts.36,15,NemotronHMLP,routed_expert,0
backbone.layers.15.mixer.experts.36.up_proj,15,Linear,routed_expert,4988928
backbone.layers.15.mixer.experts.36.down_proj,15,Linear,routed_expert,4988928
backbone.layers.15.mixer.experts.36.act_fn,15,ReLUSquaredActivation,routed_expert,0
backbone.layers.15.mixer.experts.37,15,NemotronHMLP,routed_expert,0
backbone.layers.15.mixer.experts.37.up_proj,15,Linear,routed_expert,4988928
backbone.layers.15.mixer.experts.37.down_proj,15,Linear,routed_expert,4988928
backbone.layers.15.mixer.experts.37.act_fn,15,ReLUSquaredActivation,routed_expert,0
backbone.layers.15.mixer.experts.38,15,NemotronHMLP,routed_expert,0
backbone.layers.15.mixer.experts.38.up_proj,15,Linear,routed_expert,4988928
backbone.layers.15.mixer.experts.38.down_proj,15,Linear,routed_expert,4988928
backbone.layers.15.mixer.experts.38.act_fn,15,ReLUSquaredActivation,routed_expert,0
backbone.layers.15.mixer.experts.39,15,NemotronHMLP,routed_expert,0
backbone.layers.15.mixer.experts.39.up_proj,15,Linear,routed_expert,4988928
backbone.layers.15.mixer.experts.39.down_proj,15,Linear,routed_expert,4988928
backbone.layers.15.mixer.experts.39.act_fn,15,ReLUSquaredActivation,routed_expert,0
backbone.layers.15.mixer.experts.40,15,NemotronHMLP,routed_expert,0
backbone.layers.15.mixer.experts.40.up_proj,15,Linear,routed_expert,4988928
backbone.layers.15.mixer.experts.40.down_proj,15,Linear,routed_expert,4988928
backbone.layers.15.mixer.experts.40.act_fn,15,ReLUSquaredActivation,routed_expert,0
backbone.layers.15.mixer.experts.41,15,NemotronHMLP,routed_expert,0
backbone.layers.15.mixer.experts.41.up_proj,15,Linear,routed_expert,4988928
backbone.layers.15.mixer.experts.41.down_proj,15,Linear,routed_expert,4988928
backbone.layers.15.mixer.experts.41.act_fn,15,ReLUSquaredActivation,routed_expert,0
backbone.layers.15.mixer.experts.42,15,NemotronHMLP,routed_expert,0
backbone.layers.15.mixer.experts.42.up_proj,15,Linear,routed_expert,4988928
backbone.layers.15.mixer.experts.42.down_proj,15,Linear,routed_expert,4988928
backbone.layers.15.mixer.experts.42.act_fn,15,ReLUSquaredActivation,routed_expert,0
backbone.layers.15.mixer.experts.43,15,NemotronHMLP,routed_expert,0
backbone.layers.15.mixer.experts.43.up_proj,15,Linear,routed_expert,4988928
backbone.layers.15.mixer.experts.43.down_proj,15,Linear,routed_expert,4988928
backbone.layers.15.mixer.experts.43.act_fn,15,ReLUSquaredActivation,routed_expert,0
backbone.layers.15.mixer.experts.44,15,NemotronHMLP,routed_expert,0
backbone.layers.15.mixer.experts.44.up_proj,15,Linear,routed_expert,4988928
backbone.layers.15.mixer.experts.44.down_proj,15,Linear,routed_expert,4988928
backbone.layers.15.mixer.experts.44.act_fn,15,ReLUSquaredActivation,routed_expert,0
backbone.layers.15.mixer.experts.45,15,NemotronHMLP,routed_expert,0
backbone.layers.15.mixer.experts.45.up_proj,15,Linear,routed_expert,4988928
backbone.layers.15.mixer.experts.45.down_proj,15,Linear,routed_expert,4988928
backbone.layers.15.mixer.experts.45.act_fn,15,ReLUSquaredActivation,routed_expert,0
backbone.layers.15.mixer.experts.46,15,NemotronHMLP,routed_expert,0
backbone.layers.15.mixer.experts.46.up_proj,15,Linear,routed_expert,4988928
backbone.layers.15.mixer.experts.46.down_proj,15,Linear,routed_expert,4988928
backbone.layers.15.mixer.experts.46.act_fn,15,ReLUSquaredActivation,routed_expert,0
backbone.layers.15.mixer.experts.47,15,NemotronHMLP,routed_expert,0
backbone.layers.15.mixer.experts.47.up_proj,15,Linear,routed_expert,4988928
backbone.layers.15.mixer.experts.47.down_proj,15,Linear,routed_expert,4988928
backbone.layers.15.mixer.experts.47.act_fn,15,ReLUSquaredActivation,routed_expert,0
backbone.layers.15.mixer.experts.48,15,NemotronHMLP,routed_expert,0
backbone.layers.15.mixer.experts.48.up_proj,15,Linear,routed_expert,4988928
backbone.layers.15.mixer.experts.48.down_proj,15,Linear,routed_expert,4988928
backbone.layers.15.mixer.experts.48.act_fn,15,ReLUSquaredActivation,routed_expert,0
backbone.layers.15.mixer.experts.49,15,NemotronHMLP,routed_expert,0
backbone.layers.15.mixer.experts.49.up_proj,15,Linear,routed_expert,4988928
backbone.layers.15.mixer.experts.49.down_proj,15,Linear,routed_expert,4988928
backbone.layers.15.mixer.experts.49.act_fn,15,ReLUSquaredActivation,routed_expert,0
backbone.layers.15.mixer.experts.50,15,NemotronHMLP,routed_expert,0
backbone.layers.15.mixer.experts.50.up_proj,15,Linear,routed_expert,4988928
backbone.layers.15.mixer.experts.50.down_proj,15,Linear,routed_expert,4988928
backbone.layers.15.mixer.experts.50.act_fn,15,ReLUSquaredActivation,routed_expert,0
backbone.layers.15.mixer.experts.51,15,NemotronHMLP,routed_expert,0
backbone.layers.15.mixer.experts.51.up_proj,15,Linear,routed_expert,4988928
backbone.layers.15.mixer.experts.51.down_proj,15,Linear,routed_expert,4988928
backbone.layers.15.mixer.experts.51.act_fn,15,ReLUSquaredActivation,routed_expert,0
backbone.layers.15.mixer.experts.52,15,NemotronHMLP,routed_expert,0
backbone.layers.15.mixer.experts.52.up_proj,15,Linear,routed_expert,4988928
backbone.layers.15.mixer.experts.52.down_proj,15,Linear,routed_expert,4988928
backbone.layers.15.mixer.experts.52.act_fn,15,ReLUSquaredActivation,routed_expert,0
backbone.layers.15.mixer.experts.53,15,NemotronHMLP,routed_expert,0
backbone.layers.15.mixer.experts.53.up_proj,15,Linear,routed_expert,4988928
backbone.layers.15.mixer.experts.53.down_proj,15,Linear,routed_expert,4988928
backbone.layers.15.mixer.experts.53.act_fn,15,ReLUSquaredActivation,routed_expert,0
backbone.layers.15.mixer.experts.54,15,NemotronHMLP,routed_expert,0
backbone.layers.15.mixer.experts.54.up_proj,15,Linear,routed_expert,4988928
backbone.layers.15.mixer.experts.54.down_proj,15,Linear,routed_expert,4988928
backbone.layers.15.mixer.experts.54.act_fn,15,ReLUSquaredActivation,routed_expert,0
backbone.layers.15.mixer.experts.55,15,NemotronHMLP,routed_expert,0
backbone.layers.15.mixer.experts.55.up_proj,15,Linear,routed_expert,4988928
backbone.layers.15.mixer.experts.55.down_proj,15,Linear,routed_expert,4988928
backbone.layers.15.mixer.experts.55.act_fn,15,ReLUSquaredActivation,routed_expert,0
backbone.layers.15.mixer.experts.56,15,NemotronHMLP,routed_expert,0
backbone.layers.15.mixer.experts.56.up_proj,15,Linear,routed_expert,4988928
backbone.layers.15.mixer.experts.56.down_proj,15,Linear,routed_expert,4988928
backbone.layers.15.mixer.experts.56.act_fn,15,ReLUSquaredActivation,routed_expert,0
backbone.layers.15.mixer.experts.57,15,NemotronHMLP,routed_expert,0
backbone.layers.15.mixer.experts.57.up_proj,15,Linear,routed_expert,4988928
backbone.layers.15.mixer.experts.57.down_proj,15,Linear,routed_expert,4988928
backbone.layers.15.mixer.experts.57.act_fn,15,ReLUSquaredActivation,routed_expert,0
backbone.layers.15.mixer.experts.58,15,NemotronHMLP,routed_expert,0
backbone.layers.15.mixer.experts.58.up_proj,15,Linear,routed_expert,4988928
backbone.layers.15.mixer.experts.58.down_proj,15,Linear,routed_expert,4988928
backbone.layers.15.mixer.experts.58.act_fn,15,ReLUSquaredActivation,routed_expert,0
backbone.layers.15.mixer.experts.59,15,NemotronHMLP,routed_expert,0
backbone.layers.15.mixer.experts.59.up_proj,15,Linear,routed_expert,4988928
backbone.layers.15.mixer.experts.59.down_proj,15,Linear,routed_expert,4988928
backbone.layers.15.mixer.experts.59.act_fn,15,ReLUSquaredActivation,routed_expert,0
backbone.layers.15.mixer.experts.60,15,NemotronHMLP,routed_expert,0
backbone.layers.15.mixer.experts.60.up_proj,15,Linear,routed_expert,4988928
backbone.layers.15.mixer.experts.60.down_proj,15,Linear,routed_expert,4988928
backbone.layers.15.mixer.experts.60.act_fn,15,ReLUSquaredActivation,routed_expert,0
backbone.layers.15.mixer.experts.61,15,NemotronHMLP,routed_expert,0
backbone.layers.15.mixer.experts.61.up_proj,15,Linear,routed_expert,4988928
backbone.layers.15.mixer.experts.61.down_proj,15,Linear,routed_expert,4988928
backbone.layers.15.mixer.experts.61.act_fn,15,ReLUSquaredActivation,routed_expert,0
backbone.layers.15.mixer.experts.62,15,NemotronHMLP,routed_expert,0
backbone.layers.15.mixer.experts.62.up_proj,15,Linear,routed_expert,4988928
backbone.layers.15.mixer.experts.62.down_proj,15,Linear,routed_expert,4988928
backbone.layers.15.mixer.experts.62.act_fn,15,ReLUSquaredActivation,routed_expert,0
backbone.layers.15.mixer.experts.63,15,NemotronHMLP,routed_expert,0
backbone.layers.15.mixer.experts.63.up_proj,15,Linear,routed_expert,4988928
backbone.layers.15.mixer.experts.63.down_proj,15,Linear,routed_expert,4988928
backbone.layers.15.mixer.experts.63.act_fn,15,ReLUSquaredActivation,routed_expert,0
backbone.layers.15.mixer.experts.64,15,NemotronHMLP,routed_expert,0
backbone.layers.15.mixer.experts.64.up_proj,15,Linear,routed_expert,4988928
backbone.layers.15.mixer.experts.64.down_proj,15,Linear,routed_expert,4988928
backbone.layers.15.mixer.experts.64.act_fn,15,ReLUSquaredActivation,routed_expert,0
backbone.layers.15.mixer.experts.65,15,NemotronHMLP,routed_expert,0
backbone.layers.15.mixer.experts.65.up_proj,15,Linear,routed_expert,4988928
backbone.layers.15.mixer.experts.65.down_proj,15,Linear,routed_expert,4988928
backbone.layers.15.mixer.experts.65.act_fn,15,ReLUSquaredActivation,routed_expert,0
backbone.layers.15.mixer.experts.66,15,NemotronHMLP,routed_expert,0
backbone.layers.15.mixer.experts.66.up_proj,15,Linear,routed_expert,4988928
backbone.layers.15.mixer.experts.66.down_proj,15,Linear,routed_expert,4988928
backbone.layers.15.mixer.experts.66.act_fn,15,ReLUSquaredActivation,routed_expert,0
backbone.layers.15.mixer.experts.67,15,NemotronHMLP,routed_expert,0
backbone.layers.15.mixer.experts.67.up_proj,15,Linear,routed_expert,4988928
backbone.layers.15.mixer.experts.67.down_proj,15,Linear,routed_expert,4988928
backbone.layers.15.mixer.experts.67.act_fn,15,ReLUSquaredActivation,routed_expert,0
backbone.layers.15.mixer.experts.68,15,NemotronHMLP,routed_expert,0
backbone.layers.15.mixer.experts.68.up_proj,15,Linear,routed_expert,4988928
backbone.layers.15.mixer.experts.68.down_proj,15,Linear,routed_expert,4988928
backbone.layers.15.mixer.experts.68.act_fn,15,ReLUSquaredActivation,routed_expert,0
backbone.layers.15.mixer.experts.69,15,NemotronHMLP,routed_expert,0
backbone.layers.15.mixer.experts.69.up_proj,15,Linear,routed_expert,4988928
backbone.layers.15.mixer.experts.69.down_proj,15,Linear,routed_expert,4988928
backbone.layers.15.mixer.experts.69.act_fn,15,ReLUSquaredActivation,routed_expert,0
backbone.layers.15.mixer.experts.70,15,NemotronHMLP,routed_expert,0
backbone.layers.15.mixer.experts.70.up_proj,15,Linear,routed_expert,4988928
backbone.layers.15.mixer.experts.70.down_proj,15,Linear,routed_expert,4988928
backbone.layers.15.mixer.experts.70.act_fn,15,ReLUSquaredActivation,routed_expert,0
backbone.layers.15.mixer.experts.71,15,NemotronHMLP,routed_expert,0
backbone.layers.15.mixer.experts.71.up_proj,15,Linear,routed_expert,4988928
backbone.layers.15.mixer.experts.71.down_proj,15,Linear,routed_expert,4988928
backbone.layers.15.mixer.experts.71.act_fn,15,ReLUSquaredActivation,routed_expert,0
backbone.layers.15.mixer.experts.72,15,NemotronHMLP,routed_expert,0
backbone.layers.15.mixer.experts.72.up_proj,15,Linear,routed_expert,4988928
backbone.layers.15.mixer.experts.72.down_proj,15,Linear,routed_expert,4988928
backbone.layers.15.mixer.experts.72.act_fn,15,ReLUSquaredActivation,routed_expert,0
backbone.layers.15.mixer.experts.73,15,NemotronHMLP,routed_expert,0
backbone.layers.15.mixer.experts.73.up_proj,15,Linear,routed_expert,4988928
backbone.layers.15.mixer.experts.73.down_proj,15,Linear,routed_expert,4988928
backbone.layers.15.mixer.experts.73.act_fn,15,ReLUSquaredActivation,routed_expert,0
backbone.layers.15.mixer.experts.74,15,NemotronHMLP,routed_expert,0
backbone.layers.15.mixer.experts.74.up_proj,15,Linear,routed_expert,4988928
backbone.layers.15.mixer.experts.74.down_proj,15,Linear,routed_expert,4988928
backbone.layers.15.mixer.experts.74.act_fn,15,ReLUSquaredActivation,routed_expert,0
backbone.layers.15.mixer.experts.75,15,NemotronHMLP,routed_expert,0
backbone.layers.15.mixer.experts.75.up_proj,15,Linear,routed_expert,4988928
backbone.layers.15.mixer.experts.75.down_proj,15,Linear,routed_expert,4988928
backbone.layers.15.mixer.experts.75.act_fn,15,ReLUSquaredActivation,routed_expert,0
backbone.layers.15.mixer.experts.76,15,NemotronHMLP,routed_expert,0
backbone.layers.15.mixer.experts.76.up_proj,15,Linear,routed_expert,4988928
backbone.layers.15.mixer.experts.76.down_proj,15,Linear,routed_expert,4988928
backbone.layers.15.mixer.experts.76.act_fn,15,ReLUSquaredActivation,routed_expert,0
backbone.layers.15.mixer.experts.77,15,NemotronHMLP,routed_expert,0
backbone.layers.15.mixer.experts.77.up_proj,15,Linear,routed_expert,4988928
backbone.layers.15.mixer.experts.77.down_proj,15,Linear,routed_expert,4988928
backbone.layers.15.mixer.experts.77.act_fn,15,ReLUSquaredActivation,routed_expert,0
backbone.layers.15.mixer.experts.78,15,NemotronHMLP,routed_expert,0
backbone.layers.15.mixer.experts.78.up_proj,15,Linear,routed_expert,4988928
backbone.layers.15.mixer.experts.78.down_proj,15,Linear,routed_expert,4988928
backbone.layers.15.mixer.experts.78.act_fn,15,ReLUSquaredActivation,routed_expert,0
backbone.layers.15.mixer.experts.79,15,NemotronHMLP,routed_expert,0
backbone.layers.15.mixer.experts.79.up_proj,15,Linear,routed_expert,4988928
backbone.layers.15.mixer.experts.79.down_proj,15,Linear,routed_expert,4988928
backbone.layers.15.mixer.experts.79.act_fn,15,ReLUSquaredActivation,routed_expert,0
backbone.layers.15.mixer.experts.80,15,NemotronHMLP,routed_expert,0
backbone.layers.15.mixer.experts.80.up_proj,15,Linear,routed_expert,4988928
backbone.layers.15.mixer.experts.80.down_proj,15,Linear,routed_expert,4988928
backbone.layers.15.mixer.experts.80.act_fn,15,ReLUSquaredActivation,routed_expert,0
backbone.layers.15.mixer.experts.81,15,NemotronHMLP,routed_expert,0
backbone.layers.15.mixer.experts.81.up_proj,15,Linear,routed_expert,4988928
backbone.layers.15.mixer.experts.81.down_proj,15,Linear,routed_expert,4988928
backbone.layers.15.mixer.experts.81.act_fn,15,ReLUSquaredActivation,routed_expert,0
backbone.layers.15.mixer.experts.82,15,NemotronHMLP,routed_expert,0
backbone.layers.15.mixer.experts.82.up_proj,15,Linear,routed_expert,4988928
backbone.layers.15.mixer.experts.82.down_proj,15,Linear,routed_expert,4988928
backbone.layers.15.mixer.experts.82.act_fn,15,ReLUSquaredActivation,routed_expert,0
backbone.layers.15.mixer.experts.83,15,NemotronHMLP,routed_expert,0
backbone.layers.15.mixer.experts.83.up_proj,15,Linear,routed_expert,4988928
backbone.layers.15.mixer.experts.83.down_proj,15,Linear,routed_expert,4988928
backbone.layers.15.mixer.experts.83.act_fn,15,ReLUSquaredActivation,routed_expert,0
backbone.layers.15.mixer.experts.84,15,NemotronHMLP,routed_expert,0
backbone.layers.15.mixer.experts.84.up_proj,15,Linear,routed_expert,4988928
backbone.layers.15.mixer.experts.84.down_proj,15,Linear,routed_expert,4988928
backbone.layers.15.mixer.experts.84.act_fn,15,ReLUSquaredActivation,routed_expert,0
backbone.layers.15.mixer.experts.85,15,NemotronHMLP,routed_expert,0
backbone.layers.15.mixer.experts.85.up_proj,15,Linear,routed_expert,4988928
backbone.layers.15.mixer.experts.85.down_proj,15,Linear,routed_expert,4988928
backbone.layers.15.mixer.experts.85.act_fn,15,ReLUSquaredActivation,routed_expert,0
backbone.layers.15.mixer.experts.86,15,NemotronHMLP,routed_expert,0
backbone.layers.15.mixer.experts.86.up_proj,15,Linear,routed_expert,4988928
backbone.layers.15.mixer.experts.86.down_proj,15,Linear,routed_expert,4988928
backbone.layers.15.mixer.experts.86.act_fn,15,ReLUSquaredActivation,routed_expert,0
backbone.layers.15.mixer.experts.87,15,NemotronHMLP,routed_expert,0
backbone.layers.15.mixer.experts.87.up_proj,15,Linear,routed_expert,4988928
backbone.layers.15.mixer.experts.87.down_proj,15,Linear,routed_expert,4988928
backbone.layers.15.mixer.experts.87.act_fn,15,ReLUSquaredActivation,routed_expert,0
backbone.layers.15.mixer.experts.88,15,NemotronHMLP,routed_expert,0
backbone.layers.15.mixer.experts.88.up_proj,15,Linear,routed_expert,4988928
backbone.layers.15.mixer.experts.88.down_proj,15,Linear,routed_expert,4988928
backbone.layers.15.mixer.experts.88.act_fn,15,ReLUSquaredActivation,routed_expert,0
backbone.layers.15.mixer.experts.89,15,NemotronHMLP,routed_expert,0
backbone.layers.15.mixer.experts.89.up_proj,15,Linear,routed_expert,4988928
backbone.layers.15.mixer.experts.89.down_proj,15,Linear,routed_expert,4988928
backbone.layers.15.mixer.experts.89.act_fn,15,ReLUSquaredActivation,routed_expert,0
backbone.layers.15.mixer.experts.90,15,NemotronHMLP,routed_expert,0
backbone.layers.15.mixer.experts.90.up_proj,15,Linear,routed_expert,4988928
backbone.layers.15.mixer.experts.90.down_proj,15,Linear,routed_expert,4988928
backbone.layers.15.mixer.experts.90.act_fn,15,ReLUSquaredActivation,routed_expert,0
backbone.layers.15.mixer.experts.91,15,NemotronHMLP,routed_expert,0
backbone.layers.15.mixer.experts.91.up_proj,15,Linear,routed_expert,4988928
backbone.layers.15.mixer.experts.91.down_proj,15,Linear,routed_expert,4988928
backbone.layers.15.mixer.experts.91.act_fn,15,ReLUSquaredActivation,routed_expert,0
backbone.layers.15.mixer.experts.92,15,NemotronHMLP,routed_expert,0
backbone.layers.15.mixer.experts.92.up_proj,15,Linear,routed_expert,4988928
backbone.layers.15.mixer.experts.92.down_proj,15,Linear,routed_expert,4988928
backbone.layers.15.mixer.experts.92.act_fn,15,ReLUSquaredActivation,routed_expert,0
backbone.layers.15.mixer.experts.93,15,NemotronHMLP,routed_expert,0
backbone.layers.15.mixer.experts.93.up_proj,15,Linear,routed_expert,4988928
backbone.layers.15.mixer.experts.93.down_proj,15,Linear,routed_expert,4988928
backbone.layers.15.mixer.experts.93.act_fn,15,ReLUSquaredActivation,routed_expert,0
backbone.layers.15.mixer.experts.94,15,NemotronHMLP,routed_expert,0
backbone.layers.15.mixer.experts.94.up_proj,15,Linear,routed_expert,4988928
backbone.layers.15.mixer.experts.94.down_proj,15,Linear,routed_expert,4988928
backbone.layers.15.mixer.experts.94.act_fn,15,ReLUSquaredActivation,routed_expert,0
backbone.layers.15.mixer.experts.95,15,NemotronHMLP,routed_expert,0
backbone.layers.15.mixer.experts.95.up_proj,15,Linear,routed_expert,4988928
backbone.layers.15.mixer.experts.95.down_proj,15,Linear,routed_expert,4988928
backbone.layers.15.mixer.experts.95.act_fn,15,ReLUSquaredActivation,routed_expert,0
backbone.layers.15.mixer.experts.96,15,NemotronHMLP,routed_expert,0
backbone.layers.15.mixer.experts.96.up_proj,15,Linear,routed_expert,4988928
backbone.layers.15.mixer.experts.96.down_proj,15,Linear,routed_expert,4988928
backbone.layers.15.mixer.experts.96.act_fn,15,ReLUSquaredActivation,routed_expert,0
backbone.layers.15.mixer.experts.97,15,NemotronHMLP,routed_expert,0
backbone.layers.15.mixer.experts.97.up_proj,15,Linear,routed_expert,4988928
backbone.layers.15.mixer.experts.97.down_proj,15,Linear,routed_expert,4988928
backbone.layers.15.mixer.experts.97.act_fn,15,ReLUSquaredActivation,routed_expert,0
backbone.layers.15.mixer.experts.98,15,NemotronHMLP,routed_expert,0
backbone.layers.15.mixer.experts.98.up_proj,15,Linear,routed_expert,4988928
backbone.layers.15.mixer.experts.98.down_proj,15,Linear,routed_expert,4988928
backbone.layers.15.mixer.experts.98.act_fn,15,ReLUSquaredActivation,routed_expert,0
backbone.layers.15.mixer.experts.99,15,NemotronHMLP,routed_expert,0
backbone.layers.15.mixer.experts.99.up_proj,15,Linear,routed_expert,4988928
backbone.layers.15.mixer.experts.99.down_proj,15,Linear,routed_expert,4988928
backbone.layers.15.mixer.experts.99.act_fn,15,ReLUSquaredActivation,routed_expert,0
backbone.layers.15.mixer.experts.100,15,NemotronHMLP,routed_expert,0
backbone.layers.15.mixer.experts.100.up_proj,15,Linear,routed_expert,4988928
backbone.layers.15.mixer.experts.100.down_proj,15,Linear,routed_expert,4988928
backbone.layers.15.mixer.experts.100.act_fn,15,ReLUSquaredActivation,routed_expert,0
backbone.layers.15.mixer.experts.101,15,NemotronHMLP,routed_expert,0
backbone.layers.15.mixer.experts.101.up_proj,15,Linear,routed_expert,4988928
backbone.layers.15.mixer.experts.101.down_proj,15,Linear,routed_expert,4988928
backbone.layers.15.mixer.experts.101.act_fn,15,ReLUSquaredActivation,routed_expert,0
backbone.layers.15.mixer.experts.102,15,NemotronHMLP,routed_expert,0
backbone.layers.15.mixer.experts.102.up_proj,15,Linear,routed_expert,4988928
backbone.layers.15.mixer.experts.102.down_proj,15,Linear,routed_expert,4988928
backbone.layers.15.mixer.experts.102.act_fn,15,ReLUSquaredActivation,routed_expert,0
backbone.layers.15.mixer.experts.103,15,NemotronHMLP,routed_expert,0
backbone.layers.15.mixer.experts.103.up_proj,15,Linear,routed_expert,4988928
backbone.layers.15.mixer.experts.103.down_proj,15,Linear,routed_expert,4988928
backbone.layers.15.mixer.experts.103.act_fn,15,ReLUSquaredActivation,routed_expert,0
backbone.layers.15.mixer.experts.104,15,NemotronHMLP,routed_expert,0
backbone.layers.15.mixer.experts.104.up_proj,15,Linear,routed_expert,4988928
backbone.layers.15.mixer.experts.104.down_proj,15,Linear,routed_expert,4988928
backbone.layers.15.mixer.experts.104.act_fn,15,ReLUSquaredActivation,routed_expert,0
backbone.layers.15.mixer.experts.105,15,NemotronHMLP,routed_expert,0
backbone.layers.15.mixer.experts.105.up_proj,15,Linear,routed_expert,4988928
backbone.layers.15.mixer.experts.105.down_proj,15,Linear,routed_expert,4988928
backbone.layers.15.mixer.experts.105.act_fn,15,ReLUSquaredActivation,routed_expert,0
backbone.layers.15.mixer.experts.106,15,NemotronHMLP,routed_expert,0
backbone.layers.15.mixer.experts.106.up_proj,15,Linear,routed_expert,4988928
backbone.layers.15.mixer.experts.106.down_proj,15,Linear,routed_expert,4988928
backbone.layers.15.mixer.experts.106.act_fn,15,ReLUSquaredActivation,routed_expert,0
backbone.layers.15.mixer.experts.107,15,NemotronHMLP,routed_expert,0
backbone.layers.15.mixer.experts.107.up_proj,15,Linear,routed_expert,4988928
backbone.layers.15.mixer.experts.107.down_proj,15,Linear,routed_expert,4988928
backbone.layers.15.mixer.experts.107.act_fn,15,ReLUSquaredActivation,routed_expert,0
backbone.layers.15.mixer.experts.108,15,NemotronHMLP,routed_expert,0
backbone.layers.15.mixer.experts.108.up_proj,15,Linear,routed_expert,4988928
backbone.layers.15.mixer.experts.108.down_proj,15,Linear,routed_expert,4988928
backbone.layers.15.mixer.experts.108.act_fn,15,ReLUSquaredActivation,routed_expert,0
backbone.layers.15.mixer.experts.109,15,NemotronHMLP,routed_expert,0
backbone.layers.15.mixer.experts.109.up_proj,15,Linear,routed_expert,4988928
backbone.layers.15.mixer.experts.109.down_proj,15,Linear,routed_expert,4988928
backbone.layers.15.mixer.experts.109.act_fn,15,ReLUSquaredActivation,routed_expert,0
backbone.layers.15.mixer.experts.110,15,NemotronHMLP,routed_expert,0
backbone.layers.15.mixer.experts.110.up_proj,15,Linear,routed_expert,4988928
backbone.layers.15.mixer.experts.110.down_proj,15,Linear,routed_expert,4988928
backbone.layers.15.mixer.experts.110.act_fn,15,ReLUSquaredActivation,routed_expert,0
backbone.layers.15.mixer.experts.111,15,NemotronHMLP,routed_expert,0
backbone.layers.15.mixer.experts.111.up_proj,15,Linear,routed_expert,4988928
backbone.layers.15.mixer.experts.111.down_proj,15,Linear,routed_expert,4988928
backbone.layers.15.mixer.experts.111.act_fn,15,ReLUSquaredActivation,routed_expert,0
backbone.layers.15.mixer.experts.112,15,NemotronHMLP,routed_expert,0
backbone.layers.15.mixer.experts.112.up_proj,15,Linear,routed_expert,4988928
backbone.layers.15.mixer.experts.112.down_proj,15,Linear,routed_expert,4988928
backbone.layers.15.mixer.experts.112.act_fn,15,ReLUSquaredActivation,routed_expert,0
backbone.layers.15.mixer.experts.113,15,NemotronHMLP,routed_expert,0
backbone.layers.15.mixer.experts.113.up_proj,15,Linear,routed_expert,4988928
backbone.layers.15.mixer.experts.113.down_proj,15,Linear,routed_expert,4988928
backbone.layers.15.mixer.experts.113.act_fn,15,ReLUSquaredActivation,routed_expert,0
backbone.layers.15.mixer.experts.114,15,NemotronHMLP,routed_expert,0
backbone.layers.15.mixer.experts.114.up_proj,15,Linear,routed_expert,4988928
backbone.layers.15.mixer.experts.114.down_proj,15,Linear,routed_expert,4988928
backbone.layers.15.mixer.experts.114.act_fn,15,ReLUSquaredActivation,routed_expert,0
backbone.layers.15.mixer.experts.115,15,NemotronHMLP,routed_expert,0
backbone.layers.15.mixer.experts.115.up_proj,15,Linear,routed_expert,4988928
backbone.layers.15.mixer.experts.115.down_proj,15,Linear,routed_expert,4988928
backbone.layers.15.mixer.experts.115.act_fn,15,ReLUSquaredActivation,routed_expert,0
backbone.layers.15.mixer.experts.116,15,NemotronHMLP,routed_expert,0
backbone.layers.15.mixer.experts.116.up_proj,15,Linear,routed_expert,4988928
backbone.layers.15.mixer.experts.116.down_proj,15,Linear,routed_expert,4988928
backbone.layers.15.mixer.experts.116.act_fn,15,ReLUSquaredActivation,routed_expert,0
backbone.layers.15.mixer.experts.117,15,NemotronHMLP,routed_expert,0
backbone.layers.15.mixer.experts.117.up_proj,15,Linear,routed_expert,4988928
backbone.layers.15.mixer.experts.117.down_proj,15,Linear,routed_expert,4988928
backbone.layers.15.mixer.experts.117.act_fn,15,ReLUSquaredActivation,routed_expert,0
backbone.layers.15.mixer.experts.118,15,NemotronHMLP,routed_expert,0
backbone.layers.15.mixer.experts.118.up_proj,15,Linear,routed_expert,4988928
backbone.layers.15.mixer.experts.118.down_proj,15,Linear,routed_expert,4988928
backbone.layers.15.mixer.experts.118.act_fn,15,ReLUSquaredActivation,routed_expert,0
backbone.layers.15.mixer.experts.119,15,NemotronHMLP,routed_expert,0
backbone.layers.15.mixer.experts.119.up_proj,15,Linear,routed_expert,4988928
backbone.layers.15.mixer.experts.119.down_proj,15,Linear,routed_expert,4988928
backbone.layers.15.mixer.experts.119.act_fn,15,ReLUSquaredActivation,routed_expert,0
backbone.layers.15.mixer.experts.120,15,NemotronHMLP,routed_expert,0
backbone.layers.15.mixer.experts.120.up_proj,15,Linear,routed_expert,4988928
backbone.layers.15.mixer.experts.120.down_proj,15,Linear,routed_expert,4988928
backbone.layers.15.mixer.experts.120.act_fn,15,ReLUSquaredActivation,routed_expert,0
backbone.layers.15.mixer.experts.121,15,NemotronHMLP,routed_expert,0
backbone.layers.15.mixer.experts.121.up_proj,15,Linear,routed_expert,4988928
backbone.layers.15.mixer.experts.121.down_proj,15,Linear,routed_expert,4988928
backbone.layers.15.mixer.experts.121.act_fn,15,ReLUSquaredActivation,routed_expert,0
backbone.layers.15.mixer.experts.122,15,NemotronHMLP,routed_expert,0
backbone.layers.15.mixer.experts.122.up_proj,15,Linear,routed_expert,4988928
backbone.layers.15.mixer.experts.122.down_proj,15,Linear,routed_expert,4988928
backbone.layers.15.mixer.experts.122.act_fn,15,ReLUSquaredActivation,routed_expert,0
backbone.layers.15.mixer.experts.123,15,NemotronHMLP,routed_expert,0
backbone.layers.15.mixer.experts.123.up_proj,15,Linear,routed_expert,4988928
backbone.layers.15.mixer.experts.123.down_proj,15,Linear,routed_expert,4988928
backbone.layers.15.mixer.experts.123.act_fn,15,ReLUSquaredActivation,routed_expert,0
backbone.layers.15.mixer.experts.124,15,NemotronHMLP,routed_expert,0
backbone.layers.15.mixer.experts.124.up_proj,15,Linear,routed_expert,4988928
backbone.layers.15.mixer.experts.124.down_proj,15,Linear,routed_expert,4988928
backbone.layers.15.mixer.experts.124.act_fn,15,ReLUSquaredActivation,routed_expert,0
backbone.layers.15.mixer.experts.125,15,NemotronHMLP,routed_expert,0
backbone.layers.15.mixer.experts.125.up_proj,15,Linear,routed_expert,4988928
backbone.layers.15.mixer.experts.125.down_proj,15,Linear,routed_expert,4988928
backbone.layers.15.mixer.experts.125.act_fn,15,ReLUSquaredActivation,routed_expert,0
backbone.layers.15.mixer.experts.126,15,NemotronHMLP,routed_expert,0
backbone.layers.15.mixer.experts.126.up_proj,15,Linear,routed_expert,4988928
backbone.layers.15.mixer.experts.126.down_proj,15,Linear,routed_expert,4988928
backbone.layers.15.mixer.experts.126.act_fn,15,ReLUSquaredActivation,routed_expert,0
backbone.layers.15.mixer.experts.127,15,NemotronHMLP,routed_expert,0
backbone.layers.15.mixer.experts.127.up_proj,15,Linear,routed_expert,4988928
backbone.layers.15.mixer.experts.127.down_proj,15,Linear,routed_expert,4988928
backbone.layers.15.mixer.experts.127.act_fn,15,ReLUSquaredActivation,routed_expert,0
backbone.layers.15.mixer.gate,15,NemotronHTopkRouter,router,344064
backbone.layers.15.mixer.shared_experts,15,NemotronHMLP,other,0
backbone.layers.15.mixer.shared_experts.up_proj,15,Linear,shared_expert,9977856
backbone.layers.15.mixer.shared_experts.down_proj,15,Linear,shared_expert,9977856
backbone.layers.15.mixer.shared_experts.act_fn,15,ReLUSquaredActivation,shared_expert,0
backbone.layers.16,16,NemotronHBlock,other,0
backbone.layers.16.norm,16,NemotronHRMSNorm,other,2688
backbone.layers.16.mixer,16,NemotronHMamba2Mixer,mamba,192
backbone.layers.16.mixer.act,16,SiLUActivation,other,0
backbone.layers.16.mixer.conv1d,16,Conv1d,other,30720
backbone.layers.16.mixer.in_proj,16,Linear,mamba_projection,27697152
backbone.layers.16.mixer.norm,16,MambaRMSNormGated,mamba,4096
backbone.layers.16.mixer.out_proj,16,Linear,mamba_projection,11010048
backbone.layers.17,17,NemotronHBlock,other,0
backbone.layers.17.norm,17,NemotronHRMSNorm,other,2688
backbone.layers.17.mixer,17,NemotronHMOE,moe,0
backbone.layers.17.mixer.experts,17,ModuleList,other,0
backbone.layers.17.mixer.experts.0,17,NemotronHMLP,routed_expert,0
backbone.layers.17.mixer.experts.0.up_proj,17,Linear,routed_expert,4988928
backbone.layers.17.mixer.experts.0.down_proj,17,Linear,routed_expert,4988928
backbone.layers.17.mixer.experts.0.act_fn,17,ReLUSquaredActivation,routed_expert,0
backbone.layers.17.mixer.experts.1,17,NemotronHMLP,routed_expert,0
backbone.layers.17.mixer.experts.1.up_proj,17,Linear,routed_expert,4988928
backbone.layers.17.mixer.experts.1.down_proj,17,Linear,routed_expert,4988928
backbone.layers.17.mixer.experts.1.act_fn,17,ReLUSquaredActivation,routed_expert,0
backbone.layers.17.mixer.experts.2,17,NemotronHMLP,routed_expert,0
backbone.layers.17.mixer.experts.2.up_proj,17,Linear,routed_expert,4988928
backbone.layers.17.mixer.experts.2.down_proj,17,Linear,routed_expert,4988928
backbone.layers.17.mixer.experts.2.act_fn,17,ReLUSquaredActivation,routed_expert,0
backbone.layers.17.mixer.experts.3,17,NemotronHMLP,routed_expert,0
backbone.layers.17.mixer.experts.3.up_proj,17,Linear,routed_expert,4988928
backbone.layers.17.mixer.experts.3.down_proj,17,Linear,routed_expert,4988928
backbone.layers.17.mixer.experts.3.act_fn,17,ReLUSquaredActivation,routed_expert,0
backbone.layers.17.mixer.experts.4,17,NemotronHMLP,routed_expert,0
backbone.layers.17.mixer.experts.4.up_proj,17,Linear,routed_expert,4988928
backbone.layers.17.mixer.experts.4.down_proj,17,Linear,routed_expert,4988928
backbone.layers.17.mixer.experts.4.act_fn,17,ReLUSquaredActivation,routed_expert,0
backbone.layers.17.mixer.experts.5,17,NemotronHMLP,routed_expert,0
backbone.layers.17.mixer.experts.5.up_proj,17,Linear,routed_expert,4988928
backbone.layers.17.mixer.experts.5.down_proj,17,Linear,routed_expert,4988928
backbone.layers.17.mixer.experts.5.act_fn,17,ReLUSquaredActivation,routed_expert,0
backbone.layers.17.mixer.experts.6,17,NemotronHMLP,routed_expert,0
backbone.layers.17.mixer.experts.6.up_proj,17,Linear,routed_expert,4988928
backbone.layers.17.mixer.experts.6.down_proj,17,Linear,routed_expert,4988928
backbone.layers.17.mixer.experts.6.act_fn,17,ReLUSquaredActivation,routed_expert,0
backbone.layers.17.mixer.experts.7,17,NemotronHMLP,routed_expert,0
backbone.layers.17.mixer.experts.7.up_proj,17,Linear,routed_expert,4988928
backbone.layers.17.mixer.experts.7.down_proj,17,Linear,routed_expert,4988928
backbone.layers.17.mixer.experts.7.act_fn,17,ReLUSquaredActivation,routed_expert,0
backbone.layers.17.mixer.experts.8,17,NemotronHMLP,routed_expert,0
backbone.layers.17.mixer.experts.8.up_proj,17,Linear,routed_expert,4988928
backbone.layers.17.mixer.experts.8.down_proj,17,Linear,routed_expert,4988928
backbone.layers.17.mixer.experts.8.act_fn,17,ReLUSquaredActivation,routed_expert,0
backbone.layers.17.mixer.experts.9,17,NemotronHMLP,routed_expert,0
backbone.layers.17.mixer.experts.9.up_proj,17,Linear,routed_expert,4988928
backbone.layers.17.mixer.experts.9.down_proj,17,Linear,routed_expert,4988928
backbone.layers.17.mixer.experts.9.act_fn,17,ReLUSquaredActivation,routed_expert,0
backbone.layers.17.mixer.experts.10,17,NemotronHMLP,routed_expert,0
backbone.layers.17.mixer.experts.10.up_proj,17,Linear,routed_expert,4988928
backbone.layers.17.mixer.experts.10.down_proj,17,Linear,routed_expert,4988928
backbone.layers.17.mixer.experts.10.act_fn,17,ReLUSquaredActivation,routed_expert,0
backbone.layers.17.mixer.experts.11,17,NemotronHMLP,routed_expert,0
backbone.layers.17.mixer.experts.11.up_proj,17,Linear,routed_expert,4988928
backbone.layers.17.mixer.experts.11.down_proj,17,Linear,routed_expert,4988928
backbone.layers.17.mixer.experts.11.act_fn,17,ReLUSquaredActivation,routed_expert,0
backbone.layers.17.mixer.experts.12,17,NemotronHMLP,routed_expert,0
backbone.layers.17.mixer.experts.12.up_proj,17,Linear,routed_expert,4988928
backbone.layers.17.mixer.experts.12.down_proj,17,Linear,routed_expert,4988928
backbone.layers.17.mixer.experts.12.act_fn,17,ReLUSquaredActivation,routed_expert,0
backbone.layers.17.mixer.experts.13,17,NemotronHMLP,routed_expert,0
backbone.layers.17.mixer.experts.13.up_proj,17,Linear,routed_expert,4988928
backbone.layers.17.mixer.experts.13.down_proj,17,Linear,routed_expert,4988928
backbone.layers.17.mixer.experts.13.act_fn,17,ReLUSquaredActivation,routed_expert,0
backbone.layers.17.mixer.experts.14,17,NemotronHMLP,routed_expert,0
backbone.layers.17.mixer.experts.14.up_proj,17,Linear,routed_expert,4988928
backbone.layers.17.mixer.experts.14.down_proj,17,Linear,routed_expert,4988928
backbone.layers.17.mixer.experts.14.act_fn,17,ReLUSquaredActivation,routed_expert,0
backbone.layers.17.mixer.experts.15,17,NemotronHMLP,routed_expert,0
backbone.layers.17.mixer.experts.15.up_proj,17,Linear,routed_expert,4988928
backbone.layers.17.mixer.experts.15.down_proj,17,Linear,routed_expert,4988928
backbone.layers.17.mixer.experts.15.act_fn,17,ReLUSquaredActivation,routed_expert,0
backbone.layers.17.mixer.experts.16,17,NemotronHMLP,routed_expert,0
backbone.layers.17.mixer.experts.16.up_proj,17,Linear,routed_expert,4988928
backbone.layers.17.mixer.experts.16.down_proj,17,Linear,routed_expert,4988928
backbone.layers.17.mixer.experts.16.act_fn,17,ReLUSquaredActivation,routed_expert,0
backbone.layers.17.mixer.experts.17,17,NemotronHMLP,routed_expert,0
backbone.layers.17.mixer.experts.17.up_proj,17,Linear,routed_expert,4988928
backbone.layers.17.mixer.experts.17.down_proj,17,Linear,routed_expert,4988928
backbone.layers.17.mixer.experts.17.act_fn,17,ReLUSquaredActivation,routed_expert,0
backbone.layers.17.mixer.experts.18,17,NemotronHMLP,routed_expert,0
backbone.layers.17.mixer.experts.18.up_proj,17,Linear,routed_expert,4988928
backbone.layers.17.mixer.experts.18.down_proj,17,Linear,routed_expert,4988928
backbone.layers.17.mixer.experts.18.act_fn,17,ReLUSquaredActivation,routed_expert,0
backbone.layers.17.mixer.experts.19,17,NemotronHMLP,routed_expert,0
backbone.layers.17.mixer.experts.19.up_proj,17,Linear,routed_expert,4988928
backbone.layers.17.mixer.experts.19.down_proj,17,Linear,routed_expert,4988928
backbone.layers.17.mixer.experts.19.act_fn,17,ReLUSquaredActivation,routed_expert,0
backbone.layers.17.mixer.experts.20,17,NemotronHMLP,routed_expert,0
backbone.layers.17.mixer.experts.20.up_proj,17,Linear,routed_expert,4988928
backbone.layers.17.mixer.experts.20.down_proj,17,Linear,routed_expert,4988928
backbone.layers.17.mixer.experts.20.act_fn,17,ReLUSquaredActivation,routed_expert,0
backbone.layers.17.mixer.experts.21,17,NemotronHMLP,routed_expert,0
backbone.layers.17.mixer.experts.21.up_proj,17,Linear,routed_expert,4988928
backbone.layers.17.mixer.experts.21.down_proj,17,Linear,routed_expert,4988928
backbone.layers.17.mixer.experts.21.act_fn,17,ReLUSquaredActivation,routed_expert,0
backbone.layers.17.mixer.experts.22,17,NemotronHMLP,routed_expert,0
backbone.layers.17.mixer.experts.22.up_proj,17,Linear,routed_expert,4988928
backbone.layers.17.mixer.experts.22.down_proj,17,Linear,routed_expert,4988928
backbone.layers.17.mixer.experts.22.act_fn,17,ReLUSquaredActivation,routed_expert,0
backbone.layers.17.mixer.experts.23,17,NemotronHMLP,routed_expert,0
backbone.layers.17.mixer.experts.23.up_proj,17,Linear,routed_expert,4988928
backbone.layers.17.mixer.experts.23.down_proj,17,Linear,routed_expert,4988928
backbone.layers.17.mixer.experts.23.act_fn,17,ReLUSquaredActivation,routed_expert,0
backbone.layers.17.mixer.experts.24,17,NemotronHMLP,routed_expert,0
backbone.layers.17.mixer.experts.24.up_proj,17,Linear,routed_expert,4988928
backbone.layers.17.mixer.experts.24.down_proj,17,Linear,routed_expert,4988928
backbone.layers.17.mixer.experts.24.act_fn,17,ReLUSquaredActivation,routed_expert,0
backbone.layers.17.mixer.experts.25,17,NemotronHMLP,routed_expert,0
backbone.layers.17.mixer.experts.25.up_proj,17,Linear,routed_expert,4988928
backbone.layers.17.mixer.experts.25.down_proj,17,Linear,routed_expert,4988928
backbone.layers.17.mixer.experts.25.act_fn,17,ReLUSquaredActivation,routed_expert,0
backbone.layers.17.mixer.experts.26,17,NemotronHMLP,routed_expert,0
backbone.layers.17.mixer.experts.26.up_proj,17,Linear,routed_expert,4988928
backbone.layers.17.mixer.experts.26.down_proj,17,Linear,routed_expert,4988928
backbone.layers.17.mixer.experts.26.act_fn,17,ReLUSquaredActivation,routed_expert,0
backbone.layers.17.mixer.experts.27,17,NemotronHMLP,routed_expert,0
backbone.layers.17.mixer.experts.27.up_proj,17,Linear,routed_expert,4988928
backbone.layers.17.mixer.experts.27.down_proj,17,Linear,routed_expert,4988928
backbone.layers.17.mixer.experts.27.act_fn,17,ReLUSquaredActivation,routed_expert,0
backbone.layers.17.mixer.experts.28,17,NemotronHMLP,routed_expert,0
backbone.layers.17.mixer.experts.28.up_proj,17,Linear,routed_expert,4988928
backbone.layers.17.mixer.experts.28.down_proj,17,Linear,routed_expert,4988928
backbone.layers.17.mixer.experts.28.act_fn,17,ReLUSquaredActivation,routed_expert,0
backbone.layers.17.mixer.experts.29,17,NemotronHMLP,routed_expert,0
backbone.layers.17.mixer.experts.29.up_proj,17,Linear,routed_expert,4988928
backbone.layers.17.mixer.experts.29.down_proj,17,Linear,routed_expert,4988928
backbone.layers.17.mixer.experts.29.act_fn,17,ReLUSquaredActivation,routed_expert,0
backbone.layers.17.mixer.experts.30,17,NemotronHMLP,routed_expert,0
backbone.layers.17.mixer.experts.30.up_proj,17,Linear,routed_expert,4988928
backbone.layers.17.mixer.experts.30.down_proj,17,Linear,routed_expert,4988928
backbone.layers.17.mixer.experts.30.act_fn,17,ReLUSquaredActivation,routed_expert,0
backbone.layers.17.mixer.experts.31,17,NemotronHMLP,routed_expert,0
backbone.layers.17.mixer.experts.31.up_proj,17,Linear,routed_expert,4988928
backbone.layers.17.mixer.experts.31.down_proj,17,Linear,routed_expert,4988928
backbone.layers.17.mixer.experts.31.act_fn,17,ReLUSquaredActivation,routed_expert,0
backbone.layers.17.mixer.experts.32,17,NemotronHMLP,routed_expert,0
backbone.layers.17.mixer.experts.32.up_proj,17,Linear,routed_expert,4988928
backbone.layers.17.mixer.experts.32.down_proj,17,Linear,routed_expert,4988928
backbone.layers.17.mixer.experts.32.act_fn,17,ReLUSquaredActivation,routed_expert,0
backbone.layers.17.mixer.experts.33,17,NemotronHMLP,routed_expert,0
backbone.layers.17.mixer.experts.33.up_proj,17,Linear,routed_expert,4988928
backbone.layers.17.mixer.experts.33.down_proj,17,Linear,routed_expert,4988928
backbone.layers.17.mixer.experts.33.act_fn,17,ReLUSquaredActivation,routed_expert,0
backbone.layers.17.mixer.experts.34,17,NemotronHMLP,routed_expert,0
backbone.layers.17.mixer.experts.34.up_proj,17,Linear,routed_expert,4988928
backbone.layers.17.mixer.experts.34.down_proj,17,Linear,routed_expert,4988928
backbone.layers.17.mixer.experts.34.act_fn,17,ReLUSquaredActivation,routed_expert,0
backbone.layers.17.mixer.experts.35,17,NemotronHMLP,routed_expert,0
backbone.layers.17.mixer.experts.35.up_proj,17,Linear,routed_expert,4988928
backbone.layers.17.mixer.experts.35.down_proj,17,Linear,routed_expert,4988928
backbone.layers.17.mixer.experts.35.act_fn,17,ReLUSquaredActivation,routed_expert,0
backbone.layers.17.mixer.experts.36,17,NemotronHMLP,routed_expert,0
backbone.layers.17.mixer.experts.36.up_proj,17,Linear,routed_expert,4988928
backbone.layers.17.mixer.experts.36.down_proj,17,Linear,routed_expert,4988928
backbone.layers.17.mixer.experts.36.act_fn,17,ReLUSquaredActivation,routed_expert,0
backbone.layers.17.mixer.experts.37,17,NemotronHMLP,routed_expert,0
backbone.layers.17.mixer.experts.37.up_proj,17,Linear,routed_expert,4988928
backbone.layers.17.mixer.experts.37.down_proj,17,Linear,routed_expert,4988928
backbone.layers.17.mixer.experts.37.act_fn,17,ReLUSquaredActivation,routed_expert,0
backbone.layers.17.mixer.experts.38,17,NemotronHMLP,routed_expert,0
backbone.layers.17.mixer.experts.38.up_proj,17,Linear,routed_expert,4988928
backbone.layers.17.mixer.experts.38.down_proj,17,Linear,routed_expert,4988928
backbone.layers.17.mixer.experts.38.act_fn,17,ReLUSquaredActivation,routed_expert,0
backbone.layers.17.mixer.experts.39,17,NemotronHMLP,routed_expert,0
backbone.layers.17.mixer.experts.39.up_proj,17,Linear,routed_expert,4988928
backbone.layers.17.mixer.experts.39.down_proj,17,Linear,routed_expert,4988928
backbone.layers.17.mixer.experts.39.act_fn,17,ReLUSquaredActivation,routed_expert,0
backbone.layers.17.mixer.experts.40,17,NemotronHMLP,routed_expert,0
backbone.layers.17.mixer.experts.40.up_proj,17,Linear,routed_expert,4988928
backbone.layers.17.mixer.experts.40.down_proj,17,Linear,routed_expert,4988928
backbone.layers.17.mixer.experts.40.act_fn,17,ReLUSquaredActivation,routed_expert,0
backbone.layers.17.mixer.experts.41,17,NemotronHMLP,routed_expert,0
backbone.layers.17.mixer.experts.41.up_proj,17,Linear,routed_expert,4988928
backbone.layers.17.mixer.experts.41.down_proj,17,Linear,routed_expert,4988928
backbone.layers.17.mixer.experts.41.act_fn,17,ReLUSquaredActivation,routed_expert,0
backbone.layers.17.mixer.experts.42,17,NemotronHMLP,routed_expert,0
backbone.layers.17.mixer.experts.42.up_proj,17,Linear,routed_expert,4988928
backbone.layers.17.mixer.experts.42.down_proj,17,Linear,routed_expert,4988928
backbone.layers.17.mixer.experts.42.act_fn,17,ReLUSquaredActivation,routed_expert,0
backbone.layers.17.mixer.experts.43,17,NemotronHMLP,routed_expert,0
backbone.layers.17.mixer.experts.43.up_proj,17,Linear,routed_expert,4988928
backbone.layers.17.mixer.experts.43.down_proj,17,Linear,routed_expert,4988928
backbone.layers.17.mixer.experts.43.act_fn,17,ReLUSquaredActivation,routed_expert,0
backbone.layers.17.mixer.experts.44,17,NemotronHMLP,routed_expert,0
backbone.layers.17.mixer.experts.44.up_proj,17,Linear,routed_expert,4988928
backbone.layers.17.mixer.experts.44.down_proj,17,Linear,routed_expert,4988928
backbone.layers.17.mixer.experts.44.act_fn,17,ReLUSquaredActivation,routed_expert,0
backbone.layers.17.mixer.experts.45,17,NemotronHMLP,routed_expert,0
backbone.layers.17.mixer.experts.45.up_proj,17,Linear,routed_expert,4988928
backbone.layers.17.mixer.experts.45.down_proj,17,Linear,routed_expert,4988928
backbone.layers.17.mixer.experts.45.act_fn,17,ReLUSquaredActivation,routed_expert,0
backbone.layers.17.mixer.experts.46,17,NemotronHMLP,routed_expert,0
backbone.layers.17.mixer.experts.46.up_proj,17,Linear,routed_expert,4988928
backbone.layers.17.mixer.experts.46.down_proj,17,Linear,routed_expert,4988928
backbone.layers.17.mixer.experts.46.act_fn,17,ReLUSquaredActivation,routed_expert,0
backbone.layers.17.mixer.experts.47,17,NemotronHMLP,routed_expert,0
backbone.layers.17.mixer.experts.47.up_proj,17,Linear,routed_expert,4988928
backbone.layers.17.mixer.experts.47.down_proj,17,Linear,routed_expert,4988928
backbone.layers.17.mixer.experts.47.act_fn,17,ReLUSquaredActivation,routed_expert,0
backbone.layers.17.mixer.experts.48,17,NemotronHMLP,routed_expert,0
backbone.layers.17.mixer.experts.48.up_proj,17,Linear,routed_expert,4988928
backbone.layers.17.mixer.experts.48.down_proj,17,Linear,routed_expert,4988928
backbone.layers.17.mixer.experts.48.act_fn,17,ReLUSquaredActivation,routed_expert,0
backbone.layers.17.mixer.experts.49,17,NemotronHMLP,routed_expert,0
backbone.layers.17.mixer.experts.49.up_proj,17,Linear,routed_expert,4988928
backbone.layers.17.mixer.experts.49.down_proj,17,Linear,routed_expert,4988928
backbone.layers.17.mixer.experts.49.act_fn,17,ReLUSquaredActivation,routed_expert,0
backbone.layers.17.mixer.experts.50,17,NemotronHMLP,routed_expert,0
backbone.layers.17.mixer.experts.50.up_proj,17,Linear,routed_expert,4988928
backbone.layers.17.mixer.experts.50.down_proj,17,Linear,routed_expert,4988928
backbone.layers.17.mixer.experts.50.act_fn,17,ReLUSquaredActivation,routed_expert,0
backbone.layers.17.mixer.experts.51,17,NemotronHMLP,routed_expert,0
backbone.layers.17.mixer.experts.51.up_proj,17,Linear,routed_expert,4988928
backbone.layers.17.mixer.experts.51.down_proj,17,Linear,routed_expert,4988928
backbone.layers.17.mixer.experts.51.act_fn,17,ReLUSquaredActivation,routed_expert,0
backbone.layers.17.mixer.experts.52,17,NemotronHMLP,routed_expert,0
backbone.layers.17.mixer.experts.52.up_proj,17,Linear,routed_expert,4988928
backbone.layers.17.mixer.experts.52.down_proj,17,Linear,routed_expert,4988928
backbone.layers.17.mixer.experts.52.act_fn,17,ReLUSquaredActivation,routed_expert,0
backbone.layers.17.mixer.experts.53,17,NemotronHMLP,routed_expert,0
backbone.layers.17.mixer.experts.53.up_proj,17,Linear,routed_expert,4988928
backbone.layers.17.mixer.experts.53.down_proj,17,Linear,routed_expert,4988928
backbone.layers.17.mixer.experts.53.act_fn,17,ReLUSquaredActivation,routed_expert,0
backbone.layers.17.mixer.experts.54,17,NemotronHMLP,routed_expert,0
backbone.layers.17.mixer.experts.54.up_proj,17,Linear,routed_expert,4988928
backbone.layers.17.mixer.experts.54.down_proj,17,Linear,routed_expert,4988928
backbone.layers.17.mixer.experts.54.act_fn,17,ReLUSquaredActivation,routed_expert,0
backbone.layers.17.mixer.experts.55,17,NemotronHMLP,routed_expert,0
backbone.layers.17.mixer.experts.55.up_proj,17,Linear,routed_expert,4988928
backbone.layers.17.mixer.experts.55.down_proj,17,Linear,routed_expert,4988928
backbone.layers.17.mixer.experts.55.act_fn,17,ReLUSquaredActivation,routed_expert,0
backbone.layers.17.mixer.experts.56,17,NemotronHMLP,routed_expert,0
backbone.layers.17.mixer.experts.56.up_proj,17,Linear,routed_expert,4988928
backbone.layers.17.mixer.experts.56.down_proj,17,Linear,routed_expert,4988928
backbone.layers.17.mixer.experts.56.act_fn,17,ReLUSquaredActivation,routed_expert,0
backbone.layers.17.mixer.experts.57,17,NemotronHMLP,routed_expert,0
backbone.layers.17.mixer.experts.57.up_proj,17,Linear,routed_expert,4988928
backbone.layers.17.mixer.experts.57.down_proj,17,Linear,routed_expert,4988928
backbone.layers.17.mixer.experts.57.act_fn,17,ReLUSquaredActivation,routed_expert,0
backbone.layers.17.mixer.experts.58,17,NemotronHMLP,routed_expert,0
backbone.layers.17.mixer.experts.58.up_proj,17,Linear,routed_expert,4988928
backbone.layers.17.mixer.experts.58.down_proj,17,Linear,routed_expert,4988928
backbone.layers.17.mixer.experts.58.act_fn,17,ReLUSquaredActivation,routed_expert,0
backbone.layers.17.mixer.experts.59,17,NemotronHMLP,routed_expert,0
backbone.layers.17.mixer.experts.59.up_proj,17,Linear,routed_expert,4988928
backbone.layers.17.mixer.experts.59.down_proj,17,Linear,routed_expert,4988928
backbone.layers.17.mixer.experts.59.act_fn,17,ReLUSquaredActivation,routed_expert,0
backbone.layers.17.mixer.experts.60,17,NemotronHMLP,routed_expert,0
backbone.layers.17.mixer.experts.60.up_proj,17,Linear,routed_expert,4988928
backbone.layers.17.mixer.experts.60.down_proj,17,Linear,routed_expert,4988928
backbone.layers.17.mixer.experts.60.act_fn,17,ReLUSquaredActivation,routed_expert,0
backbone.layers.17.mixer.experts.61,17,NemotronHMLP,routed_expert,0
backbone.layers.17.mixer.experts.61.up_proj,17,Linear,routed_expert,4988928
backbone.layers.17.mixer.experts.61.down_proj,17,Linear,routed_expert,4988928
backbone.layers.17.mixer.experts.61.act_fn,17,ReLUSquaredActivation,routed_expert,0
backbone.layers.17.mixer.experts.62,17,NemotronHMLP,routed_expert,0
backbone.layers.17.mixer.experts.62.up_proj,17,Linear,routed_expert,4988928
backbone.layers.17.mixer.experts.62.down_proj,17,Linear,routed_expert,4988928
backbone.layers.17.mixer.experts.62.act_fn,17,ReLUSquaredActivation,routed_expert,0
backbone.layers.17.mixer.experts.63,17,NemotronHMLP,routed_expert,0
backbone.layers.17.mixer.experts.63.up_proj,17,Linear,routed_expert,4988928
backbone.layers.17.mixer.experts.63.down_proj,17,Linear,routed_expert,4988928
backbone.layers.17.mixer.experts.63.act_fn,17,ReLUSquaredActivation,routed_expert,0
backbone.layers.17.mixer.experts.64,17,NemotronHMLP,routed_expert,0
backbone.layers.17.mixer.experts.64.up_proj,17,Linear,routed_expert,4988928
backbone.layers.17.mixer.experts.64.down_proj,17,Linear,routed_expert,4988928
backbone.layers.17.mixer.experts.64.act_fn,17,ReLUSquaredActivation,routed_expert,0
backbone.layers.17.mixer.experts.65,17,NemotronHMLP,routed_expert,0
backbone.layers.17.mixer.experts.65.up_proj,17,Linear,routed_expert,4988928
backbone.layers.17.mixer.experts.65.down_proj,17,Linear,routed_expert,4988928
backbone.layers.17.mixer.experts.65.act_fn,17,ReLUSquaredActivation,routed_expert,0
backbone.layers.17.mixer.experts.66,17,NemotronHMLP,routed_expert,0
backbone.layers.17.mixer.experts.66.up_proj,17,Linear,routed_expert,4988928
backbone.layers.17.mixer.experts.66.down_proj,17,Linear,routed_expert,4988928
backbone.layers.17.mixer.experts.66.act_fn,17,ReLUSquaredActivation,routed_expert,0
backbone.layers.17.mixer.experts.67,17,NemotronHMLP,routed_expert,0
backbone.layers.17.mixer.experts.67.up_proj,17,Linear,routed_expert,4988928
backbone.layers.17.mixer.experts.67.down_proj,17,Linear,routed_expert,4988928
backbone.layers.17.mixer.experts.67.act_fn,17,ReLUSquaredActivation,routed_expert,0
backbone.layers.17.mixer.experts.68,17,NemotronHMLP,routed_expert,0
backbone.layers.17.mixer.experts.68.up_proj,17,Linear,routed_expert,4988928
backbone.layers.17.mixer.experts.68.down_proj,17,Linear,routed_expert,4988928
backbone.layers.17.mixer.experts.68.act_fn,17,ReLUSquaredActivation,routed_expert,0
backbone.layers.17.mixer.experts.69,17,NemotronHMLP,routed_expert,0
backbone.layers.17.mixer.experts.69.up_proj,17,Linear,routed_expert,4988928
backbone.layers.17.mixer.experts.69.down_proj,17,Linear,routed_expert,4988928
backbone.layers.17.mixer.experts.69.act_fn,17,ReLUSquaredActivation,routed_expert,0
backbone.layers.17.mixer.experts.70,17,NemotronHMLP,routed_expert,0
backbone.layers.17.mixer.experts.70.up_proj,17,Linear,routed_expert,4988928
backbone.layers.17.mixer.experts.70.down_proj,17,Linear,routed_expert,4988928
backbone.layers.17.mixer.experts.70.act_fn,17,ReLUSquaredActivation,routed_expert,0
backbone.layers.17.mixer.experts.71,17,NemotronHMLP,routed_expert,0
backbone.layers.17.mixer.experts.71.up_proj,17,Linear,routed_expert,4988928
backbone.layers.17.mixer.experts.71.down_proj,17,Linear,routed_expert,4988928
backbone.layers.17.mixer.experts.71.act_fn,17,ReLUSquaredActivation,routed_expert,0
backbone.layers.17.mixer.experts.72,17,NemotronHMLP,routed_expert,0
backbone.layers.17.mixer.experts.72.up_proj,17,Linear,routed_expert,4988928
backbone.layers.17.mixer.experts.72.down_proj,17,Linear,routed_expert,4988928
backbone.layers.17.mixer.experts.72.act_fn,17,ReLUSquaredActivation,routed_expert,0
backbone.layers.17.mixer.experts.73,17,NemotronHMLP,routed_expert,0
backbone.layers.17.mixer.experts.73.up_proj,17,Linear,routed_expert,4988928
backbone.layers.17.mixer.experts.73.down_proj,17,Linear,routed_expert,4988928
backbone.layers.17.mixer.experts.73.act_fn,17,ReLUSquaredActivation,routed_expert,0
backbone.layers.17.mixer.experts.74,17,NemotronHMLP,routed_expert,0
backbone.layers.17.mixer.experts.74.up_proj,17,Linear,routed_expert,4988928
backbone.layers.17.mixer.experts.74.down_proj,17,Linear,routed_expert,4988928
backbone.layers.17.mixer.experts.74.act_fn,17,ReLUSquaredActivation,routed_expert,0
backbone.layers.17.mixer.experts.75,17,NemotronHMLP,routed_expert,0
backbone.layers.17.mixer.experts.75.up_proj,17,Linear,routed_expert,4988928
backbone.layers.17.mixer.experts.75.down_proj,17,Linear,routed_expert,4988928
backbone.layers.17.mixer.experts.75.act_fn,17,ReLUSquaredActivation,routed_expert,0
backbone.layers.17.mixer.experts.76,17,NemotronHMLP,routed_expert,0
backbone.layers.17.mixer.experts.76.up_proj,17,Linear,routed_expert,4988928
backbone.layers.17.mixer.experts.76.down_proj,17,Linear,routed_expert,4988928
backbone.layers.17.mixer.experts.76.act_fn,17,ReLUSquaredActivation,routed_expert,0
backbone.layers.17.mixer.experts.77,17,NemotronHMLP,routed_expert,0
backbone.layers.17.mixer.experts.77.up_proj,17,Linear,routed_expert,4988928
backbone.layers.17.mixer.experts.77.down_proj,17,Linear,routed_expert,4988928
backbone.layers.17.mixer.experts.77.act_fn,17,ReLUSquaredActivation,routed_expert,0
backbone.layers.17.mixer.experts.78,17,NemotronHMLP,routed_expert,0
backbone.layers.17.mixer.experts.78.up_proj,17,Linear,routed_expert,4988928
backbone.layers.17.mixer.experts.78.down_proj,17,Linear,routed_expert,4988928
backbone.layers.17.mixer.experts.78.act_fn,17,ReLUSquaredActivation,routed_expert,0
backbone.layers.17.mixer.experts.79,17,NemotronHMLP,routed_expert,0
backbone.layers.17.mixer.experts.79.up_proj,17,Linear,routed_expert,4988928
backbone.layers.17.mixer.experts.79.down_proj,17,Linear,routed_expert,4988928
backbone.layers.17.mixer.experts.79.act_fn,17,ReLUSquaredActivation,routed_expert,0
backbone.layers.17.mixer.experts.80,17,NemotronHMLP,routed_expert,0
backbone.layers.17.mixer.experts.80.up_proj,17,Linear,routed_expert,4988928
backbone.layers.17.mixer.experts.80.down_proj,17,Linear,routed_expert,4988928
backbone.layers.17.mixer.experts.80.act_fn,17,ReLUSquaredActivation,routed_expert,0
backbone.layers.17.mixer.experts.81,17,NemotronHMLP,routed_expert,0
backbone.layers.17.mixer.experts.81.up_proj,17,Linear,routed_expert,4988928
backbone.layers.17.mixer.experts.81.down_proj,17,Linear,routed_expert,4988928
backbone.layers.17.mixer.experts.81.act_fn,17,ReLUSquaredActivation,routed_expert,0
backbone.layers.17.mixer.experts.82,17,NemotronHMLP,routed_expert,0
backbone.layers.17.mixer.experts.82.up_proj,17,Linear,routed_expert,4988928
backbone.layers.17.mixer.experts.82.down_proj,17,Linear,routed_expert,4988928
backbone.layers.17.mixer.experts.82.act_fn,17,ReLUSquaredActivation,routed_expert,0
backbone.layers.17.mixer.experts.83,17,NemotronHMLP,routed_expert,0
backbone.layers.17.mixer.experts.83.up_proj,17,Linear,routed_expert,4988928
backbone.layers.17.mixer.experts.83.down_proj,17,Linear,routed_expert,4988928
backbone.layers.17.mixer.experts.83.act_fn,17,ReLUSquaredActivation,routed_expert,0
backbone.layers.17.mixer.experts.84,17,NemotronHMLP,routed_expert,0
backbone.layers.17.mixer.experts.84.up_proj,17,Linear,routed_expert,4988928
backbone.layers.17.mixer.experts.84.down_proj,17,Linear,routed_expert,4988928
backbone.layers.17.mixer.experts.84.act_fn,17,ReLUSquaredActivation,routed_expert,0
backbone.layers.17.mixer.experts.85,17,NemotronHMLP,routed_expert,0
backbone.layers.17.mixer.experts.85.up_proj,17,Linear,routed_expert,4988928
backbone.layers.17.mixer.experts.85.down_proj,17,Linear,routed_expert,4988928
backbone.layers.17.mixer.experts.85.act_fn,17,ReLUSquaredActivation,routed_expert,0
backbone.layers.17.mixer.experts.86,17,NemotronHMLP,routed_expert,0
backbone.layers.17.mixer.experts.86.up_proj,17,Linear,routed_expert,4988928
backbone.layers.17.mixer.experts.86.down_proj,17,Linear,routed_expert,4988928
backbone.layers.17.mixer.experts.86.act_fn,17,ReLUSquaredActivation,routed_expert,0
backbone.layers.17.mixer.experts.87,17,NemotronHMLP,routed_expert,0
backbone.layers.17.mixer.experts.87.up_proj,17,Linear,routed_expert,4988928
backbone.layers.17.mixer.experts.87.down_proj,17,Linear,routed_expert,4988928
backbone.layers.17.mixer.experts.87.act_fn,17,ReLUSquaredActivation,routed_expert,0
backbone.layers.17.mixer.experts.88,17,NemotronHMLP,routed_expert,0
backbone.layers.17.mixer.experts.88.up_proj,17,Linear,routed_expert,4988928
backbone.layers.17.mixer.experts.88.down_proj,17,Linear,routed_expert,4988928
backbone.layers.17.mixer.experts.88.act_fn,17,ReLUSquaredActivation,routed_expert,0
backbone.layers.17.mixer.experts.89,17,NemotronHMLP,routed_expert,0
backbone.layers.17.mixer.experts.89.up_proj,17,Linear,routed_expert,4988928
backbone.layers.17.mixer.experts.89.down_proj,17,Linear,routed_expert,4988928
backbone.layers.17.mixer.experts.89.act_fn,17,ReLUSquaredActivation,routed_expert,0
backbone.layers.17.mixer.experts.90,17,NemotronHMLP,routed_expert,0
backbone.layers.17.mixer.experts.90.up_proj,17,Linear,routed_expert,4988928
backbone.layers.17.mixer.experts.90.down_proj,17,Linear,routed_expert,4988928
backbone.layers.17.mixer.experts.90.act_fn,17,ReLUSquaredActivation,routed_expert,0
backbone.layers.17.mixer.experts.91,17,NemotronHMLP,routed_expert,0
backbone.layers.17.mixer.experts.91.up_proj,17,Linear,routed_expert,4988928
backbone.layers.17.mixer.experts.91.down_proj,17,Linear,routed_expert,4988928
backbone.layers.17.mixer.experts.91.act_fn,17,ReLUSquaredActivation,routed_expert,0
backbone.layers.17.mixer.experts.92,17,NemotronHMLP,routed_expert,0
backbone.layers.17.mixer.experts.92.up_proj,17,Linear,routed_expert,4988928
backbone.layers.17.mixer.experts.92.down_proj,17,Linear,routed_expert,4988928
backbone.layers.17.mixer.experts.92.act_fn,17,ReLUSquaredActivation,routed_expert,0
backbone.layers.17.mixer.experts.93,17,NemotronHMLP,routed_expert,0
backbone.layers.17.mixer.experts.93.up_proj,17,Linear,routed_expert,4988928
backbone.layers.17.mixer.experts.93.down_proj,17,Linear,routed_expert,4988928
backbone.layers.17.mixer.experts.93.act_fn,17,ReLUSquaredActivation,routed_expert,0
backbone.layers.17.mixer.experts.94,17,NemotronHMLP,routed_expert,0
backbone.layers.17.mixer.experts.94.up_proj,17,Linear,routed_expert,4988928
backbone.layers.17.mixer.experts.94.down_proj,17,Linear,routed_expert,4988928
backbone.layers.17.mixer.experts.94.act_fn,17,ReLUSquaredActivation,routed_expert,0
backbone.layers.17.mixer.experts.95,17,NemotronHMLP,routed_expert,0
backbone.layers.17.mixer.experts.95.up_proj,17,Linear,routed_expert,4988928
backbone.layers.17.mixer.experts.95.down_proj,17,Linear,routed_expert,4988928
backbone.layers.17.mixer.experts.95.act_fn,17,ReLUSquaredActivation,routed_expert,0
backbone.layers.17.mixer.experts.96,17,NemotronHMLP,routed_expert,0
backbone.layers.17.mixer.experts.96.up_proj,17,Linear,routed_expert,4988928
backbone.layers.17.mixer.experts.96.down_proj,17,Linear,routed_expert,4988928
backbone.layers.17.mixer.experts.96.act_fn,17,ReLUSquaredActivation,routed_expert,0
backbone.layers.17.mixer.experts.97,17,NemotronHMLP,routed_expert,0
backbone.layers.17.mixer.experts.97.up_proj,17,Linear,routed_expert,4988928
backbone.layers.17.mixer.experts.97.down_proj,17,Linear,routed_expert,4988928
backbone.layers.17.mixer.experts.97.act_fn,17,ReLUSquaredActivation,routed_expert,0
backbone.layers.17.mixer.experts.98,17,NemotronHMLP,routed_expert,0
backbone.layers.17.mixer.experts.98.up_proj,17,Linear,routed_expert,4988928
backbone.layers.17.mixer.experts.98.down_proj,17,Linear,routed_expert,4988928
backbone.layers.17.mixer.experts.98.act_fn,17,ReLUSquaredActivation,routed_expert,0
backbone.layers.17.mixer.experts.99,17,NemotronHMLP,routed_expert,0
backbone.layers.17.mixer.experts.99.up_proj,17,Linear,routed_expert,4988928
backbone.layers.17.mixer.experts.99.down_proj,17,Linear,routed_expert,4988928
backbone.layers.17.mixer.experts.99.act_fn,17,ReLUSquaredActivation,routed_expert,0
backbone.layers.17.mixer.experts.100,17,NemotronHMLP,routed_expert,0
backbone.layers.17.mixer.experts.100.up_proj,17,Linear,routed_expert,4988928
backbone.layers.17.mixer.experts.100.down_proj,17,Linear,routed_expert,4988928
backbone.layers.17.mixer.experts.100.act_fn,17,ReLUSquaredActivation,routed_expert,0
backbone.layers.17.mixer.experts.101,17,NemotronHMLP,routed_expert,0
backbone.layers.17.mixer.experts.101.up_proj,17,Linear,routed_expert,4988928
backbone.layers.17.mixer.experts.101.down_proj,17,Linear,routed_expert,4988928
backbone.layers.17.mixer.experts.101.act_fn,17,ReLUSquaredActivation,routed_expert,0
backbone.layers.17.mixer.experts.102,17,NemotronHMLP,routed_expert,0
backbone.layers.17.mixer.experts.102.up_proj,17,Linear,routed_expert,4988928
backbone.layers.17.mixer.experts.102.down_proj,17,Linear,routed_expert,4988928
backbone.layers.17.mixer.experts.102.act_fn,17,ReLUSquaredActivation,routed_expert,0
backbone.layers.17.mixer.experts.103,17,NemotronHMLP,routed_expert,0
backbone.layers.17.mixer.experts.103.up_proj,17,Linear,routed_expert,4988928
backbone.layers.17.mixer.experts.103.down_proj,17,Linear,routed_expert,4988928
backbone.layers.17.mixer.experts.103.act_fn,17,ReLUSquaredActivation,routed_expert,0
backbone.layers.17.mixer.experts.104,17,NemotronHMLP,routed_expert,0
backbone.layers.17.mixer.experts.104.up_proj,17,Linear,routed_expert,4988928
backbone.layers.17.mixer.experts.104.down_proj,17,Linear,routed_expert,4988928
backbone.layers.17.mixer.experts.104.act_fn,17,ReLUSquaredActivation,routed_expert,0
backbone.layers.17.mixer.experts.105,17,NemotronHMLP,routed_expert,0
backbone.layers.17.mixer.experts.105.up_proj,17,Linear,routed_expert,4988928
backbone.layers.17.mixer.experts.105.down_proj,17,Linear,routed_expert,4988928
backbone.layers.17.mixer.experts.105.act_fn,17,ReLUSquaredActivation,routed_expert,0
backbone.layers.17.mixer.experts.106,17,NemotronHMLP,routed_expert,0
backbone.layers.17.mixer.experts.106.up_proj,17,Linear,routed_expert,4988928
backbone.layers.17.mixer.experts.106.down_proj,17,Linear,routed_expert,4988928
backbone.layers.17.mixer.experts.106.act_fn,17,ReLUSquaredActivation,routed_expert,0
backbone.layers.17.mixer.experts.107,17,NemotronHMLP,routed_expert,0
backbone.layers.17.mixer.experts.107.up_proj,17,Linear,routed_expert,4988928
backbone.layers.17.mixer.experts.107.down_proj,17,Linear,routed_expert,4988928
backbone.layers.17.mixer.experts.107.act_fn,17,ReLUSquaredActivation,routed_expert,0
backbone.layers.17.mixer.experts.108,17,NemotronHMLP,routed_expert,0
backbone.layers.17.mixer.experts.108.up_proj,17,Linear,routed_expert,4988928
backbone.layers.17.mixer.experts.108.down_proj,17,Linear,routed_expert,4988928
backbone.layers.17.mixer.experts.108.act_fn,17,ReLUSquaredActivation,routed_expert,0
backbone.layers.17.mixer.experts.109,17,NemotronHMLP,routed_expert,0
backbone.layers.17.mixer.experts.109.up_proj,17,Linear,routed_expert,4988928
backbone.layers.17.mixer.experts.109.down_proj,17,Linear,routed_expert,4988928
backbone.layers.17.mixer.experts.109.act_fn,17,ReLUSquaredActivation,routed_expert,0
backbone.layers.17.mixer.experts.110,17,NemotronHMLP,routed_expert,0
backbone.layers.17.mixer.experts.110.up_proj,17,Linear,routed_expert,4988928
backbone.layers.17.mixer.experts.110.down_proj,17,Linear,routed_expert,4988928
backbone.layers.17.mixer.experts.110.act_fn,17,ReLUSquaredActivation,routed_expert,0
backbone.layers.17.mixer.experts.111,17,NemotronHMLP,routed_expert,0
backbone.layers.17.mixer.experts.111.up_proj,17,Linear,routed_expert,4988928
backbone.layers.17.mixer.experts.111.down_proj,17,Linear,routed_expert,4988928
backbone.layers.17.mixer.experts.111.act_fn,17,ReLUSquaredActivation,routed_expert,0
backbone.layers.17.mixer.experts.112,17,NemotronHMLP,routed_expert,0
backbone.layers.17.mixer.experts.112.up_proj,17,Linear,routed_expert,4988928
backbone.layers.17.mixer.experts.112.down_proj,17,Linear,routed_expert,4988928
backbone.layers.17.mixer.experts.112.act_fn,17,ReLUSquaredActivation,routed_expert,0
backbone.layers.17.mixer.experts.113,17,NemotronHMLP,routed_expert,0
backbone.layers.17.mixer.experts.113.up_proj,17,Linear,routed_expert,4988928
backbone.layers.17.mixer.experts.113.down_proj,17,Linear,routed_expert,4988928
backbone.layers.17.mixer.experts.113.act_fn,17,ReLUSquaredActivation,routed_expert,0
backbone.layers.17.mixer.experts.114,17,NemotronHMLP,routed_expert,0
backbone.layers.17.mixer.experts.114.up_proj,17,Linear,routed_expert,4988928
backbone.layers.17.mixer.experts.114.down_proj,17,Linear,routed_expert,4988928
backbone.layers.17.mixer.experts.114.act_fn,17,ReLUSquaredActivation,routed_expert,0
backbone.layers.17.mixer.experts.115,17,NemotronHMLP,routed_expert,0
backbone.layers.17.mixer.experts.115.up_proj,17,Linear,routed_expert,4988928
backbone.layers.17.mixer.experts.115.down_proj,17,Linear,routed_expert,4988928
backbone.layers.17.mixer.experts.115.act_fn,17,ReLUSquaredActivation,routed_expert,0
backbone.layers.17.mixer.experts.116,17,NemotronHMLP,routed_expert,0
backbone.layers.17.mixer.experts.116.up_proj,17,Linear,routed_expert,4988928
backbone.layers.17.mixer.experts.116.down_proj,17,Linear,routed_expert,4988928
backbone.layers.17.mixer.experts.116.act_fn,17,ReLUSquaredActivation,routed_expert,0
backbone.layers.17.mixer.experts.117,17,NemotronHMLP,routed_expert,0
backbone.layers.17.mixer.experts.117.up_proj,17,Linear,routed_expert,4988928
backbone.layers.17.mixer.experts.117.down_proj,17,Linear,routed_expert,4988928
backbone.layers.17.mixer.experts.117.act_fn,17,ReLUSquaredActivation,routed_expert,0
backbone.layers.17.mixer.experts.118,17,NemotronHMLP,routed_expert,0
backbone.layers.17.mixer.experts.118.up_proj,17,Linear,routed_expert,4988928
backbone.layers.17.mixer.experts.118.down_proj,17,Linear,routed_expert,4988928
backbone.layers.17.mixer.experts.118.act_fn,17,ReLUSquaredActivation,routed_expert,0
backbone.layers.17.mixer.experts.119,17,NemotronHMLP,routed_expert,0
backbone.layers.17.mixer.experts.119.up_proj,17,Linear,routed_expert,4988928
backbone.layers.17.mixer.experts.119.down_proj,17,Linear,routed_expert,4988928
backbone.layers.17.mixer.experts.119.act_fn,17,ReLUSquaredActivation,routed_expert,0
backbone.layers.17.mixer.experts.120,17,NemotronHMLP,routed_expert,0
backbone.layers.17.mixer.experts.120.up_proj,17,Linear,routed_expert,4988928
backbone.layers.17.mixer.experts.120.down_proj,17,Linear,routed_expert,4988928
backbone.layers.17.mixer.experts.120.act_fn,17,ReLUSquaredActivation,routed_expert,0
backbone.layers.17.mixer.experts.121,17,NemotronHMLP,routed_expert,0
backbone.layers.17.mixer.experts.121.up_proj,17,Linear,routed_expert,4988928
backbone.layers.17.mixer.experts.121.down_proj,17,Linear,routed_expert,4988928
backbone.layers.17.mixer.experts.121.act_fn,17,ReLUSquaredActivation,routed_expert,0
backbone.layers.17.mixer.experts.122,17,NemotronHMLP,routed_expert,0
backbone.layers.17.mixer.experts.122.up_proj,17,Linear,routed_expert,4988928
backbone.layers.17.mixer.experts.122.down_proj,17,Linear,routed_expert,4988928
backbone.layers.17.mixer.experts.122.act_fn,17,ReLUSquaredActivation,routed_expert,0
backbone.layers.17.mixer.experts.123,17,NemotronHMLP,routed_expert,0
backbone.layers.17.mixer.experts.123.up_proj,17,Linear,routed_expert,4988928
backbone.layers.17.mixer.experts.123.down_proj,17,Linear,routed_expert,4988928
backbone.layers.17.mixer.experts.123.act_fn,17,ReLUSquaredActivation,routed_expert,0
backbone.layers.17.mixer.experts.124,17,NemotronHMLP,routed_expert,0
backbone.layers.17.mixer.experts.124.up_proj,17,Linear,routed_expert,4988928
backbone.layers.17.mixer.experts.124.down_proj,17,Linear,routed_expert,4988928
backbone.layers.17.mixer.experts.124.act_fn,17,ReLUSquaredActivation,routed_expert,0
backbone.layers.17.mixer.experts.125,17,NemotronHMLP,routed_expert,0
backbone.layers.17.mixer.experts.125.up_proj,17,Linear,routed_expert,4988928
backbone.layers.17.mixer.experts.125.down_proj,17,Linear,routed_expert,4988928
backbone.layers.17.mixer.experts.125.act_fn,17,ReLUSquaredActivation,routed_expert,0
backbone.layers.17.mixer.experts.126,17,NemotronHMLP,routed_expert,0
backbone.layers.17.mixer.experts.126.up_proj,17,Linear,routed_expert,4988928
backbone.layers.17.mixer.experts.126.down_proj,17,Linear,routed_expert,4988928
backbone.layers.17.mixer.experts.126.act_fn,17,ReLUSquaredActivation,routed_expert,0
backbone.layers.17.mixer.experts.127,17,NemotronHMLP,routed_expert,0
backbone.layers.17.mixer.experts.127.up_proj,17,Linear,routed_expert,4988928
backbone.layers.17.mixer.experts.127.down_proj,17,Linear,routed_expert,4988928
backbone.layers.17.mixer.experts.127.act_fn,17,ReLUSquaredActivation,routed_expert,0
backbone.layers.17.mixer.gate,17,NemotronHTopkRouter,router,344064
backbone.layers.17.mixer.shared_experts,17,NemotronHMLP,other,0
backbone.layers.17.mixer.shared_experts.up_proj,17,Linear,shared_expert,9977856
backbone.layers.17.mixer.shared_experts.down_proj,17,Linear,shared_expert,9977856
backbone.layers.17.mixer.shared_experts.act_fn,17,ReLUSquaredActivation,shared_expert,0
backbone.layers.18,18,NemotronHBlock,other,0
backbone.layers.18.norm,18,NemotronHRMSNorm,other,2688
backbone.layers.18.mixer,18,NemotronHMamba2Mixer,mamba,192
backbone.layers.18.mixer.act,18,SiLUActivation,other,0
backbone.layers.18.mixer.conv1d,18,Conv1d,other,30720
backbone.layers.18.mixer.in_proj,18,Linear,mamba_projection,27697152
backbone.layers.18.mixer.norm,18,MambaRMSNormGated,mamba,4096
backbone.layers.18.mixer.out_proj,18,Linear,mamba_projection,11010048
backbone.layers.19,19,NemotronHBlock,other,0
backbone.layers.19.norm,19,NemotronHRMSNorm,other,2688
backbone.layers.19.mixer,19,NemotronHAttention,attention,0
backbone.layers.19.mixer.q_proj,19,Linear,attention_projection,11010048
backbone.layers.19.mixer.k_proj,19,Linear,attention_projection,688128
backbone.layers.19.mixer.v_proj,19,Linear,attention_projection,688128
backbone.layers.19.mixer.o_proj,19,Linear,attention_projection,11010048
backbone.layers.20,20,NemotronHBlock,other,0
backbone.layers.20.norm,20,NemotronHRMSNorm,other,2688
backbone.layers.20.mixer,20,NemotronHMOE,moe,0
backbone.layers.20.mixer.experts,20,ModuleList,other,0
backbone.layers.20.mixer.experts.0,20,NemotronHMLP,routed_expert,0
backbone.layers.20.mixer.experts.0.up_proj,20,Linear,routed_expert,4988928
backbone.layers.20.mixer.experts.0.down_proj,20,Linear,routed_expert,4988928
backbone.layers.20.mixer.experts.0.act_fn,20,ReLUSquaredActivation,routed_expert,0
backbone.layers.20.mixer.experts.1,20,NemotronHMLP,routed_expert,0
backbone.layers.20.mixer.experts.1.up_proj,20,Linear,routed_expert,4988928
backbone.layers.20.mixer.experts.1.down_proj,20,Linear,routed_expert,4988928
backbone.layers.20.mixer.experts.1.act_fn,20,ReLUSquaredActivation,routed_expert,0
backbone.layers.20.mixer.experts.2,20,NemotronHMLP,routed_expert,0
backbone.layers.20.mixer.experts.2.up_proj,20,Linear,routed_expert,4988928
backbone.layers.20.mixer.experts.2.down_proj,20,Linear,routed_expert,4988928
backbone.layers.20.mixer.experts.2.act_fn,20,ReLUSquaredActivation,routed_expert,0
backbone.layers.20.mixer.experts.3,20,NemotronHMLP,routed_expert,0
backbone.layers.20.mixer.experts.3.up_proj,20,Linear,routed_expert,4988928
backbone.layers.20.mixer.experts.3.down_proj,20,Linear,routed_expert,4988928
backbone.layers.20.mixer.experts.3.act_fn,20,ReLUSquaredActivation,routed_expert,0
backbone.layers.20.mixer.experts.4,20,NemotronHMLP,routed_expert,0
backbone.layers.20.mixer.experts.4.up_proj,20,Linear,routed_expert,4988928
backbone.layers.20.mixer.experts.4.down_proj,20,Linear,routed_expert,4988928
backbone.layers.20.mixer.experts.4.act_fn,20,ReLUSquaredActivation,routed_expert,0
backbone.layers.20.mixer.experts.5,20,NemotronHMLP,routed_expert,0
backbone.layers.20.mixer.experts.5.up_proj,20,Linear,routed_expert,4988928
backbone.layers.20.mixer.experts.5.down_proj,20,Linear,routed_expert,4988928
backbone.layers.20.mixer.experts.5.act_fn,20,ReLUSquaredActivation,routed_expert,0
backbone.layers.20.mixer.experts.6,20,NemotronHMLP,routed_expert,0
backbone.layers.20.mixer.experts.6.up_proj,20,Linear,routed_expert,4988928
backbone.layers.20.mixer.experts.6.down_proj,20,Linear,routed_expert,4988928
backbone.layers.20.mixer.experts.6.act_fn,20,ReLUSquaredActivation,routed_expert,0
backbone.layers.20.mixer.experts.7,20,NemotronHMLP,routed_expert,0
backbone.layers.20.mixer.experts.7.up_proj,20,Linear,routed_expert,4988928
backbone.layers.20.mixer.experts.7.down_proj,20,Linear,routed_expert,4988928
backbone.layers.20.mixer.experts.7.act_fn,20,ReLUSquaredActivation,routed_expert,0
backbone.layers.20.mixer.experts.8,20,NemotronHMLP,routed_expert,0
backbone.layers.20.mixer.experts.8.up_proj,20,Linear,routed_expert,4988928
backbone.layers.20.mixer.experts.8.down_proj,20,Linear,routed_expert,4988928
backbone.layers.20.mixer.experts.8.act_fn,20,ReLUSquaredActivation,routed_expert,0
backbone.layers.20.mixer.experts.9,20,NemotronHMLP,routed_expert,0
backbone.layers.20.mixer.experts.9.up_proj,20,Linear,routed_expert,4988928
backbone.layers.20.mixer.experts.9.down_proj,20,Linear,routed_expert,4988928
backbone.layers.20.mixer.experts.9.act_fn,20,ReLUSquaredActivation,routed_expert,0
backbone.layers.20.mixer.experts.10,20,NemotronHMLP,routed_expert,0
backbone.layers.20.mixer.experts.10.up_proj,20,Linear,routed_expert,4988928
backbone.layers.20.mixer.experts.10.down_proj,20,Linear,routed_expert,4988928
backbone.layers.20.mixer.experts.10.act_fn,20,ReLUSquaredActivation,routed_expert,0
backbone.layers.20.mixer.experts.11,20,NemotronHMLP,routed_expert,0
backbone.layers.20.mixer.experts.11.up_proj,20,Linear,routed_expert,4988928
backbone.layers.20.mixer.experts.11.down_proj,20,Linear,routed_expert,4988928
backbone.layers.20.mixer.experts.11.act_fn,20,ReLUSquaredActivation,routed_expert,0
backbone.layers.20.mixer.experts.12,20,NemotronHMLP,routed_expert,0
backbone.layers.20.mixer.experts.12.up_proj,20,Linear,routed_expert,4988928
backbone.layers.20.mixer.experts.12.down_proj,20,Linear,routed_expert,4988928
backbone.layers.20.mixer.experts.12.act_fn,20,ReLUSquaredActivation,routed_expert,0
backbone.layers.20.mixer.experts.13,20,NemotronHMLP,routed_expert,0
backbone.layers.20.mixer.experts.13.up_proj,20,Linear,routed_expert,4988928
backbone.layers.20.mixer.experts.13.down_proj,20,Linear,routed_expert,4988928
backbone.layers.20.mixer.experts.13.act_fn,20,ReLUSquaredActivation,routed_expert,0
backbone.layers.20.mixer.experts.14,20,NemotronHMLP,routed_expert,0
backbone.layers.20.mixer.experts.14.up_proj,20,Linear,routed_expert,4988928
backbone.layers.20.mixer.experts.14.down_proj,20,Linear,routed_expert,4988928
backbone.layers.20.mixer.experts.14.act_fn,20,ReLUSquaredActivation,routed_expert,0
backbone.layers.20.mixer.experts.15,20,NemotronHMLP,routed_expert,0
backbone.layers.20.mixer.experts.15.up_proj,20,Linear,routed_expert,4988928
backbone.layers.20.mixer.experts.15.down_proj,20,Linear,routed_expert,4988928
backbone.layers.20.mixer.experts.15.act_fn,20,ReLUSquaredActivation,routed_expert,0
backbone.layers.20.mixer.experts.16,20,NemotronHMLP,routed_expert,0
backbone.layers.20.mixer.experts.16.up_proj,20,Linear,routed_expert,4988928
backbone.layers.20.mixer.experts.16.down_proj,20,Linear,routed_expert,4988928
backbone.layers.20.mixer.experts.16.act_fn,20,ReLUSquaredActivation,routed_expert,0
backbone.layers.20.mixer.experts.17,20,NemotronHMLP,routed_expert,0
backbone.layers.20.mixer.experts.17.up_proj,20,Linear,routed_expert,4988928
backbone.layers.20.mixer.experts.17.down_proj,20,Linear,routed_expert,4988928
backbone.layers.20.mixer.experts.17.act_fn,20,ReLUSquaredActivation,routed_expert,0
backbone.layers.20.mixer.experts.18,20,NemotronHMLP,routed_expert,0
backbone.layers.20.mixer.experts.18.up_proj,20,Linear,routed_expert,4988928
backbone.layers.20.mixer.experts.18.down_proj,20,Linear,routed_expert,4988928
backbone.layers.20.mixer.experts.18.act_fn,20,ReLUSquaredActivation,routed_expert,0
backbone.layers.20.mixer.experts.19,20,NemotronHMLP,routed_expert,0
backbone.layers.20.mixer.experts.19.up_proj,20,Linear,routed_expert,4988928
backbone.layers.20.mixer.experts.19.down_proj,20,Linear,routed_expert,4988928
backbone.layers.20.mixer.experts.19.act_fn,20,ReLUSquaredActivation,routed_expert,0
backbone.layers.20.mixer.experts.20,20,NemotronHMLP,routed_expert,0
backbone.layers.20.mixer.experts.20.up_proj,20,Linear,routed_expert,4988928
backbone.layers.20.mixer.experts.20.down_proj,20,Linear,routed_expert,4988928
backbone.layers.20.mixer.experts.20.act_fn,20,ReLUSquaredActivation,routed_expert,0
backbone.layers.20.mixer.experts.21,20,NemotronHMLP,routed_expert,0
backbone.layers.20.mixer.experts.21.up_proj,20,Linear,routed_expert,4988928
backbone.layers.20.mixer.experts.21.down_proj,20,Linear,routed_expert,4988928
backbone.layers.20.mixer.experts.21.act_fn,20,ReLUSquaredActivation,routed_expert,0
backbone.layers.20.mixer.experts.22,20,NemotronHMLP,routed_expert,0
backbone.layers.20.mixer.experts.22.up_proj,20,Linear,routed_expert,4988928
backbone.layers.20.mixer.experts.22.down_proj,20,Linear,routed_expert,4988928
backbone.layers.20.mixer.experts.22.act_fn,20,ReLUSquaredActivation,routed_expert,0
backbone.layers.20.mixer.experts.23,20,NemotronHMLP,routed_expert,0
backbone.layers.20.mixer.experts.23.up_proj,20,Linear,routed_expert,4988928
backbone.layers.20.mixer.experts.23.down_proj,20,Linear,routed_expert,4988928
backbone.layers.20.mixer.experts.23.act_fn,20,ReLUSquaredActivation,routed_expert,0
backbone.layers.20.mixer.experts.24,20,NemotronHMLP,routed_expert,0
backbone.layers.20.mixer.experts.24.up_proj,20,Linear,routed_expert,4988928
backbone.layers.20.mixer.experts.24.down_proj,20,Linear,routed_expert,4988928
backbone.layers.20.mixer.experts.24.act_fn,20,ReLUSquaredActivation,routed_expert,0
backbone.layers.20.mixer.experts.25,20,NemotronHMLP,routed_expert,0
backbone.layers.20.mixer.experts.25.up_proj,20,Linear,routed_expert,4988928
backbone.layers.20.mixer.experts.25.down_proj,20,Linear,routed_expert,4988928
backbone.layers.20.mixer.experts.25.act_fn,20,ReLUSquaredActivation,routed_expert,0
backbone.layers.20.mixer.experts.26,20,NemotronHMLP,routed_expert,0
backbone.layers.20.mixer.experts.26.up_proj,20,Linear,routed_expert,4988928
backbone.layers.20.mixer.experts.26.down_proj,20,Linear,routed_expert,4988928
backbone.layers.20.mixer.experts.26.act_fn,20,ReLUSquaredActivation,routed_expert,0
backbone.layers.20.mixer.experts.27,20,NemotronHMLP,routed_expert,0
backbone.layers.20.mixer.experts.27.up_proj,20,Linear,routed_expert,4988928
backbone.layers.20.mixer.experts.27.down_proj,20,Linear,routed_expert,4988928
backbone.layers.20.mixer.experts.27.act_fn,20,ReLUSquaredActivation,routed_expert,0
backbone.layers.20.mixer.experts.28,20,NemotronHMLP,routed_expert,0
backbone.layers.20.mixer.experts.28.up_proj,20,Linear,routed_expert,4988928
backbone.layers.20.mixer.experts.28.down_proj,20,Linear,routed_expert,4988928
backbone.layers.20.mixer.experts.28.act_fn,20,ReLUSquaredActivation,routed_expert,0
backbone.layers.20.mixer.experts.29,20,NemotronHMLP,routed_expert,0
backbone.layers.20.mixer.experts.29.up_proj,20,Linear,routed_expert,4988928
backbone.layers.20.mixer.experts.29.down_proj,20,Linear,routed_expert,4988928
backbone.layers.20.mixer.experts.29.act_fn,20,ReLUSquaredActivation,routed_expert,0
backbone.layers.20.mixer.experts.30,20,NemotronHMLP,routed_expert,0
backbone.layers.20.mixer.experts.30.up_proj,20,Linear,routed_expert,4988928
backbone.layers.20.mixer.experts.30.down_proj,20,Linear,routed_expert,4988928
backbone.layers.20.mixer.experts.30.act_fn,20,ReLUSquaredActivation,routed_expert,0
backbone.layers.20.mixer.experts.31,20,NemotronHMLP,routed_expert,0
backbone.layers.20.mixer.experts.31.up_proj,20,Linear,routed_expert,4988928
backbone.layers.20.mixer.experts.31.down_proj,20,Linear,routed_expert,4988928
backbone.layers.20.mixer.experts.31.act_fn,20,ReLUSquaredActivation,routed_expert,0
backbone.layers.20.mixer.experts.32,20,NemotronHMLP,routed_expert,0
backbone.layers.20.mixer.experts.32.up_proj,20,Linear,routed_expert,4988928
backbone.layers.20.mixer.experts.32.down_proj,20,Linear,routed_expert,4988928
backbone.layers.20.mixer.experts.32.act_fn,20,ReLUSquaredActivation,routed_expert,0
backbone.layers.20.mixer.experts.33,20,NemotronHMLP,routed_expert,0
backbone.layers.20.mixer.experts.33.up_proj,20,Linear,routed_expert,4988928
backbone.layers.20.mixer.experts.33.down_proj,20,Linear,routed_expert,4988928
backbone.layers.20.mixer.experts.33.act_fn,20,ReLUSquaredActivation,routed_expert,0
backbone.layers.20.mixer.experts.34,20,NemotronHMLP,routed_expert,0
backbone.layers.20.mixer.experts.34.up_proj,20,Linear,routed_expert,4988928
backbone.layers.20.mixer.experts.34.down_proj,20,Linear,routed_expert,4988928
backbone.layers.20.mixer.experts.34.act_fn,20,ReLUSquaredActivation,routed_expert,0
backbone.layers.20.mixer.experts.35,20,NemotronHMLP,routed_expert,0
backbone.layers.20.mixer.experts.35.up_proj,20,Linear,routed_expert,4988928
backbone.layers.20.mixer.experts.35.down_proj,20,Linear,routed_expert,4988928
backbone.layers.20.mixer.experts.35.act_fn,20,ReLUSquaredActivation,routed_expert,0
backbone.layers.20.mixer.experts.36,20,NemotronHMLP,routed_expert,0
backbone.layers.20.mixer.experts.36.up_proj,20,Linear,routed_expert,4988928
backbone.layers.20.mixer.experts.36.down_proj,20,Linear,routed_expert,4988928
backbone.layers.20.mixer.experts.36.act_fn,20,ReLUSquaredActivation,routed_expert,0
backbone.layers.20.mixer.experts.37,20,NemotronHMLP,routed_expert,0
backbone.layers.20.mixer.experts.37.up_proj,20,Linear,routed_expert,4988928
backbone.layers.20.mixer.experts.37.down_proj,20,Linear,routed_expert,4988928
backbone.layers.20.mixer.experts.37.act_fn,20,ReLUSquaredActivation,routed_expert,0
backbone.layers.20.mixer.experts.38,20,NemotronHMLP,routed_expert,0
backbone.layers.20.mixer.experts.38.up_proj,20,Linear,routed_expert,4988928
backbone.layers.20.mixer.experts.38.down_proj,20,Linear,routed_expert,4988928
backbone.layers.20.mixer.experts.38.act_fn,20,ReLUSquaredActivation,routed_expert,0
backbone.layers.20.mixer.experts.39,20,NemotronHMLP,routed_expert,0
backbone.layers.20.mixer.experts.39.up_proj,20,Linear,routed_expert,4988928
backbone.layers.20.mixer.experts.39.down_proj,20,Linear,routed_expert,4988928
backbone.layers.20.mixer.experts.39.act_fn,20,ReLUSquaredActivation,routed_expert,0
backbone.layers.20.mixer.experts.40,20,NemotronHMLP,routed_expert,0
backbone.layers.20.mixer.experts.40.up_proj,20,Linear,routed_expert,4988928
backbone.layers.20.mixer.experts.40.down_proj,20,Linear,routed_expert,4988928
backbone.layers.20.mixer.experts.40.act_fn,20,ReLUSquaredActivation,routed_expert,0
backbone.layers.20.mixer.experts.41,20,NemotronHMLP,routed_expert,0
backbone.layers.20.mixer.experts.41.up_proj,20,Linear,routed_expert,4988928
backbone.layers.20.mixer.experts.41.down_proj,20,Linear,routed_expert,4988928
backbone.layers.20.mixer.experts.41.act_fn,20,ReLUSquaredActivation,routed_expert,0
backbone.layers.20.mixer.experts.42,20,NemotronHMLP,routed_expert,0
backbone.layers.20.mixer.experts.42.up_proj,20,Linear,routed_expert,4988928
backbone.layers.20.mixer.experts.42.down_proj,20,Linear,routed_expert,4988928
backbone.layers.20.mixer.experts.42.act_fn,20,ReLUSquaredActivation,routed_expert,0
backbone.layers.20.mixer.experts.43,20,NemotronHMLP,routed_expert,0
backbone.layers.20.mixer.experts.43.up_proj,20,Linear,routed_expert,4988928
backbone.layers.20.mixer.experts.43.down_proj,20,Linear,routed_expert,4988928
backbone.layers.20.mixer.experts.43.act_fn,20,ReLUSquaredActivation,routed_expert,0
backbone.layers.20.mixer.experts.44,20,NemotronHMLP,routed_expert,0
backbone.layers.20.mixer.experts.44.up_proj,20,Linear,routed_expert,4988928
backbone.layers.20.mixer.experts.44.down_proj,20,Linear,routed_expert,4988928
backbone.layers.20.mixer.experts.44.act_fn,20,ReLUSquaredActivation,routed_expert,0
backbone.layers.20.mixer.experts.45,20,NemotronHMLP,routed_expert,0
backbone.layers.20.mixer.experts.45.up_proj,20,Linear,routed_expert,4988928
backbone.layers.20.mixer.experts.45.down_proj,20,Linear,routed_expert,4988928
backbone.layers.20.mixer.experts.45.act_fn,20,ReLUSquaredActivation,routed_expert,0
backbone.layers.20.mixer.experts.46,20,NemotronHMLP,routed_expert,0
backbone.layers.20.mixer.experts.46.up_proj,20,Linear,routed_expert,4988928
backbone.layers.20.mixer.experts.46.down_proj,20,Linear,routed_expert,4988928
backbone.layers.20.mixer.experts.46.act_fn,20,ReLUSquaredActivation,routed_expert,0
backbone.layers.20.mixer.experts.47,20,NemotronHMLP,routed_expert,0
backbone.layers.20.mixer.experts.47.up_proj,20,Linear,routed_expert,4988928
backbone.layers.20.mixer.experts.47.down_proj,20,Linear,routed_expert,4988928
backbone.layers.20.mixer.experts.47.act_fn,20,ReLUSquaredActivation,routed_expert,0
backbone.layers.20.mixer.experts.48,20,NemotronHMLP,routed_expert,0
backbone.layers.20.mixer.experts.48.up_proj,20,Linear,routed_expert,4988928
backbone.layers.20.mixer.experts.48.down_proj,20,Linear,routed_expert,4988928
backbone.layers.20.mixer.experts.48.act_fn,20,ReLUSquaredActivation,routed_expert,0
backbone.layers.20.mixer.experts.49,20,NemotronHMLP,routed_expert,0
backbone.layers.20.mixer.experts.49.up_proj,20,Linear,routed_expert,4988928
backbone.layers.20.mixer.experts.49.down_proj,20,Linear,routed_expert,4988928
backbone.layers.20.mixer.experts.49.act_fn,20,ReLUSquaredActivation,routed_expert,0
backbone.layers.20.mixer.experts.50,20,NemotronHMLP,routed_expert,0
backbone.layers.20.mixer.experts.50.up_proj,20,Linear,routed_expert,4988928
backbone.layers.20.mixer.experts.50.down_proj,20,Linear,routed_expert,4988928
backbone.layers.20.mixer.experts.50.act_fn,20,ReLUSquaredActivation,routed_expert,0
backbone.layers.20.mixer.experts.51,20,NemotronHMLP,routed_expert,0
backbone.layers.20.mixer.experts.51.up_proj,20,Linear,routed_expert,4988928
backbone.layers.20.mixer.experts.51.down_proj,20,Linear,routed_expert,4988928
backbone.layers.20.mixer.experts.51.act_fn,20,ReLUSquaredActivation,routed_expert,0
backbone.layers.20.mixer.experts.52,20,NemotronHMLP,routed_expert,0
backbone.layers.20.mixer.experts.52.up_proj,20,Linear,routed_expert,4988928
backbone.layers.20.mixer.experts.52.down_proj,20,Linear,routed_expert,4988928
backbone.layers.20.mixer.experts.52.act_fn,20,ReLUSquaredActivation,routed_expert,0
backbone.layers.20.mixer.experts.53,20,NemotronHMLP,routed_expert,0
backbone.layers.20.mixer.experts.53.up_proj,20,Linear,routed_expert,4988928
backbone.layers.20.mixer.experts.53.down_proj,20,Linear,routed_expert,4988928
backbone.layers.20.mixer.experts.53.act_fn,20,ReLUSquaredActivation,routed_expert,0
backbone.layers.20.mixer.experts.54,20,NemotronHMLP,routed_expert,0
backbone.layers.20.mixer.experts.54.up_proj,20,Linear,routed_expert,4988928
backbone.layers.20.mixer.experts.54.down_proj,20,Linear,routed_expert,4988928
backbone.layers.20.mixer.experts.54.act_fn,20,ReLUSquaredActivation,routed_expert,0
backbone.layers.20.mixer.experts.55,20,NemotronHMLP,routed_expert,0
backbone.layers.20.mixer.experts.55.up_proj,20,Linear,routed_expert,4988928
backbone.layers.20.mixer.experts.55.down_proj,20,Linear,routed_expert,4988928
backbone.layers.20.mixer.experts.55.act_fn,20,ReLUSquaredActivation,routed_expert,0
backbone.layers.20.mixer.experts.56,20,NemotronHMLP,routed_expert,0
backbone.layers.20.mixer.experts.56.up_proj,20,Linear,routed_expert,4988928
backbone.layers.20.mixer.experts.56.down_proj,20,Linear,routed_expert,4988928
backbone.layers.20.mixer.experts.56.act_fn,20,ReLUSquaredActivation,routed_expert,0
backbone.layers.20.mixer.experts.57,20,NemotronHMLP,routed_expert,0
backbone.layers.20.mixer.experts.57.up_proj,20,Linear,routed_expert,4988928
backbone.layers.20.mixer.experts.57.down_proj,20,Linear,routed_expert,4988928
backbone.layers.20.mixer.experts.57.act_fn,20,ReLUSquaredActivation,routed_expert,0
backbone.layers.20.mixer.experts.58,20,NemotronHMLP,routed_expert,0
backbone.layers.20.mixer.experts.58.up_proj,20,Linear,routed_expert,4988928
backbone.layers.20.mixer.experts.58.down_proj,20,Linear,routed_expert,4988928
backbone.layers.20.mixer.experts.58.act_fn,20,ReLUSquaredActivation,routed_expert,0
backbone.layers.20.mixer.experts.59,20,NemotronHMLP,routed_expert,0
backbone.layers.20.mixer.experts.59.up_proj,20,Linear,routed_expert,4988928
backbone.layers.20.mixer.experts.59.down_proj,20,Linear,routed_expert,4988928
backbone.layers.20.mixer.experts.59.act_fn,20,ReLUSquaredActivation,routed_expert,0
backbone.layers.20.mixer.experts.60,20,NemotronHMLP,routed_expert,0
backbone.layers.20.mixer.experts.60.up_proj,20,Linear,routed_expert,4988928
backbone.layers.20.mixer.experts.60.down_proj,20,Linear,routed_expert,4988928
backbone.layers.20.mixer.experts.60.act_fn,20,ReLUSquaredActivation,routed_expert,0
backbone.layers.20.mixer.experts.61,20,NemotronHMLP,routed_expert,0
backbone.layers.20.mixer.experts.61.up_proj,20,Linear,routed_expert,4988928
backbone.layers.20.mixer.experts.61.down_proj,20,Linear,routed_expert,4988928
backbone.layers.20.mixer.experts.61.act_fn,20,ReLUSquaredActivation,routed_expert,0
backbone.layers.20.mixer.experts.62,20,NemotronHMLP,routed_expert,0
backbone.layers.20.mixer.experts.62.up_proj,20,Linear,routed_expert,4988928
backbone.layers.20.mixer.experts.62.down_proj,20,Linear,routed_expert,4988928
backbone.layers.20.mixer.experts.62.act_fn,20,ReLUSquaredActivation,routed_expert,0
backbone.layers.20.mixer.experts.63,20,NemotronHMLP,routed_expert,0
backbone.layers.20.mixer.experts.63.up_proj,20,Linear,routed_expert,4988928
backbone.layers.20.mixer.experts.63.down_proj,20,Linear,routed_expert,4988928
backbone.layers.20.mixer.experts.63.act_fn,20,ReLUSquaredActivation,routed_expert,0
backbone.layers.20.mixer.experts.64,20,NemotronHMLP,routed_expert,0
backbone.layers.20.mixer.experts.64.up_proj,20,Linear,routed_expert,4988928
backbone.layers.20.mixer.experts.64.down_proj,20,Linear,routed_expert,4988928
backbone.layers.20.mixer.experts.64.act_fn,20,ReLUSquaredActivation,routed_expert,0
backbone.layers.20.mixer.experts.65,20,NemotronHMLP,routed_expert,0
backbone.layers.20.mixer.experts.65.up_proj,20,Linear,routed_expert,4988928
backbone.layers.20.mixer.experts.65.down_proj,20,Linear,routed_expert,4988928
backbone.layers.20.mixer.experts.65.act_fn,20,ReLUSquaredActivation,routed_expert,0
backbone.layers.20.mixer.experts.66,20,NemotronHMLP,routed_expert,0
backbone.layers.20.mixer.experts.66.up_proj,20,Linear,routed_expert,4988928
backbone.layers.20.mixer.experts.66.down_proj,20,Linear,routed_expert,4988928
backbone.layers.20.mixer.experts.66.act_fn,20,ReLUSquaredActivation,routed_expert,0
backbone.layers.20.mixer.experts.67,20,NemotronHMLP,routed_expert,0
backbone.layers.20.mixer.experts.67.up_proj,20,Linear,routed_expert,4988928
backbone.layers.20.mixer.experts.67.down_proj,20,Linear,routed_expert,4988928
backbone.layers.20.mixer.experts.67.act_fn,20,ReLUSquaredActivation,routed_expert,0
backbone.layers.20.mixer.experts.68,20,NemotronHMLP,routed_expert,0
backbone.layers.20.mixer.experts.68.up_proj,20,Linear,routed_expert,4988928
backbone.layers.20.mixer.experts.68.down_proj,20,Linear,routed_expert,4988928
backbone.layers.20.mixer.experts.68.act_fn,20,ReLUSquaredActivation,routed_expert,0
backbone.layers.20.mixer.experts.69,20,NemotronHMLP,routed_expert,0
backbone.layers.20.mixer.experts.69.up_proj,20,Linear,routed_expert,4988928
backbone.layers.20.mixer.experts.69.down_proj,20,Linear,routed_expert,4988928
backbone.layers.20.mixer.experts.69.act_fn,20,ReLUSquaredActivation,routed_expert,0
backbone.layers.20.mixer.experts.70,20,NemotronHMLP,routed_expert,0
backbone.layers.20.mixer.experts.70.up_proj,20,Linear,routed_expert,4988928
backbone.layers.20.mixer.experts.70.down_proj,20,Linear,routed_expert,4988928
backbone.layers.20.mixer.experts.70.act_fn,20,ReLUSquaredActivation,routed_expert,0
backbone.layers.20.mixer.experts.71,20,NemotronHMLP,routed_expert,0
backbone.layers.20.mixer.experts.71.up_proj,20,Linear,routed_expert,4988928
backbone.layers.20.mixer.experts.71.down_proj,20,Linear,routed_expert,4988928
backbone.layers.20.mixer.experts.71.act_fn,20,ReLUSquaredActivation,routed_expert,0
backbone.layers.20.mixer.experts.72,20,NemotronHMLP,routed_expert,0
backbone.layers.20.mixer.experts.72.up_proj,20,Linear,routed_expert,4988928
backbone.layers.20.mixer.experts.72.down_proj,20,Linear,routed_expert,4988928
backbone.layers.20.mixer.experts.72.act_fn,20,ReLUSquaredActivation,routed_expert,0
backbone.layers.20.mixer.experts.73,20,NemotronHMLP,routed_expert,0
backbone.layers.20.mixer.experts.73.up_proj,20,Linear,routed_expert,4988928
backbone.layers.20.mixer.experts.73.down_proj,20,Linear,routed_expert,4988928
backbone.layers.20.mixer.experts.73.act_fn,20,ReLUSquaredActivation,routed_expert,0
backbone.layers.20.mixer.experts.74,20,NemotronHMLP,routed_expert,0
backbone.layers.20.mixer.experts.74.up_proj,20,Linear,routed_expert,4988928
backbone.layers.20.mixer.experts.74.down_proj,20,Linear,routed_expert,4988928
backbone.layers.20.mixer.experts.74.act_fn,20,ReLUSquaredActivation,routed_expert,0
backbone.layers.20.mixer.experts.75,20,NemotronHMLP,routed_expert,0
backbone.layers.20.mixer.experts.75.up_proj,20,Linear,routed_expert,4988928
backbone.layers.20.mixer.experts.75.down_proj,20,Linear,routed_expert,4988928
backbone.layers.20.mixer.experts.75.act_fn,20,ReLUSquaredActivation,routed_expert,0
backbone.layers.20.mixer.experts.76,20,NemotronHMLP,routed_expert,0
backbone.layers.20.mixer.experts.76.up_proj,20,Linear,routed_expert,4988928
backbone.layers.20.mixer.experts.76.down_proj,20,Linear,routed_expert,4988928
backbone.layers.20.mixer.experts.76.act_fn,20,ReLUSquaredActivation,routed_expert,0
backbone.layers.20.mixer.experts.77,20,NemotronHMLP,routed_expert,0
backbone.layers.20.mixer.experts.77.up_proj,20,Linear,routed_expert,4988928
backbone.layers.20.mixer.experts.77.down_proj,20,Linear,routed_expert,4988928
backbone.layers.20.mixer.experts.77.act_fn,20,ReLUSquaredActivation,routed_expert,0
backbone.layers.20.mixer.experts.78,20,NemotronHMLP,routed_expert,0
backbone.layers.20.mixer.experts.78.up_proj,20,Linear,routed_expert,4988928
backbone.layers.20.mixer.experts.78.down_proj,20,Linear,routed_expert,4988928
backbone.layers.20.mixer.experts.78.act_fn,20,ReLUSquaredActivation,routed_expert,0
backbone.layers.20.mixer.experts.79,20,NemotronHMLP,routed_expert,0
backbone.layers.20.mixer.experts.79.up_proj,20,Linear,routed_expert,4988928
backbone.layers.20.mixer.experts.79.down_proj,20,Linear,routed_expert,4988928
backbone.layers.20.mixer.experts.79.act_fn,20,ReLUSquaredActivation,routed_expert,0
backbone.layers.20.mixer.experts.80,20,NemotronHMLP,routed_expert,0
backbone.layers.20.mixer.experts.80.up_proj,20,Linear,routed_expert,4988928
backbone.layers.20.mixer.experts.80.down_proj,20,Linear,routed_expert,4988928
backbone.layers.20.mixer.experts.80.act_fn,20,ReLUSquaredActivation,routed_expert,0
backbone.layers.20.mixer.experts.81,20,NemotronHMLP,routed_expert,0
backbone.layers.20.mixer.experts.81.up_proj,20,Linear,routed_expert,4988928
backbone.layers.20.mixer.experts.81.down_proj,20,Linear,routed_expert,4988928
backbone.layers.20.mixer.experts.81.act_fn,20,ReLUSquaredActivation,routed_expert,0
backbone.layers.20.mixer.experts.82,20,NemotronHMLP,routed_expert,0
backbone.layers.20.mixer.experts.82.up_proj,20,Linear,routed_expert,4988928
backbone.layers.20.mixer.experts.82.down_proj,20,Linear,routed_expert,4988928
backbone.layers.20.mixer.experts.82.act_fn,20,ReLUSquaredActivation,routed_expert,0
backbone.layers.20.mixer.experts.83,20,NemotronHMLP,routed_expert,0
backbone.layers.20.mixer.experts.83.up_proj,20,Linear,routed_expert,4988928
backbone.layers.20.mixer.experts.83.down_proj,20,Linear,routed_expert,4988928
backbone.layers.20.mixer.experts.83.act_fn,20,ReLUSquaredActivation,routed_expert,0
backbone.layers.20.mixer.experts.84,20,NemotronHMLP,routed_expert,0
backbone.layers.20.mixer.experts.84.up_proj,20,Linear,routed_expert,4988928
backbone.layers.20.mixer.experts.84.down_proj,20,Linear,routed_expert,4988928
backbone.layers.20.mixer.experts.84.act_fn,20,ReLUSquaredActivation,routed_expert,0
backbone.layers.20.mixer.experts.85,20,NemotronHMLP,routed_expert,0
backbone.layers.20.mixer.experts.85.up_proj,20,Linear,routed_expert,4988928
backbone.layers.20.mixer.experts.85.down_proj,20,Linear,routed_expert,4988928
backbone.layers.20.mixer.experts.85.act_fn,20,ReLUSquaredActivation,routed_expert,0
backbone.layers.20.mixer.experts.86,20,NemotronHMLP,routed_expert,0
backbone.layers.20.mixer.experts.86.up_proj,20,Linear,routed_expert,4988928
backbone.layers.20.mixer.experts.86.down_proj,20,Linear,routed_expert,4988928
backbone.layers.20.mixer.experts.86.act_fn,20,ReLUSquaredActivation,routed_expert,0
backbone.layers.20.mixer.experts.87,20,NemotronHMLP,routed_expert,0
backbone.layers.20.mixer.experts.87.up_proj,20,Linear,routed_expert,4988928
backbone.layers.20.mixer.experts.87.down_proj,20,Linear,routed_expert,4988928
backbone.layers.20.mixer.experts.87.act_fn,20,ReLUSquaredActivation,routed_expert,0
backbone.layers.20.mixer.experts.88,20,NemotronHMLP,routed_expert,0
backbone.layers.20.mixer.experts.88.up_proj,20,Linear,routed_expert,4988928
backbone.layers.20.mixer.experts.88.down_proj,20,Linear,routed_expert,4988928
backbone.layers.20.mixer.experts.88.act_fn,20,ReLUSquaredActivation,routed_expert,0
backbone.layers.20.mixer.experts.89,20,NemotronHMLP,routed_expert,0
backbone.layers.20.mixer.experts.89.up_proj,20,Linear,routed_expert,4988928
backbone.layers.20.mixer.experts.89.down_proj,20,Linear,routed_expert,4988928
backbone.layers.20.mixer.experts.89.act_fn,20,ReLUSquaredActivation,routed_expert,0
backbone.layers.20.mixer.experts.90,20,NemotronHMLP,routed_expert,0
backbone.layers.20.mixer.experts.90.up_proj,20,Linear,routed_expert,4988928
backbone.layers.20.mixer.experts.90.down_proj,20,Linear,routed_expert,4988928
backbone.layers.20.mixer.experts.90.act_fn,20,ReLUSquaredActivation,routed_expert,0
backbone.layers.20.mixer.experts.91,20,NemotronHMLP,routed_expert,0
backbone.layers.20.mixer.experts.91.up_proj,20,Linear,routed_expert,4988928
backbone.layers.20.mixer.experts.91.down_proj,20,Linear,routed_expert,4988928
backbone.layers.20.mixer.experts.91.act_fn,20,ReLUSquaredActivation,routed_expert,0
backbone.layers.20.mixer.experts.92,20,NemotronHMLP,routed_expert,0
backbone.layers.20.mixer.experts.92.up_proj,20,Linear,routed_expert,4988928
backbone.layers.20.mixer.experts.92.down_proj,20,Linear,routed_expert,4988928
backbone.layers.20.mixer.experts.92.act_fn,20,ReLUSquaredActivation,routed_expert,0
backbone.layers.20.mixer.experts.93,20,NemotronHMLP,routed_expert,0
backbone.layers.20.mixer.experts.93.up_proj,20,Linear,routed_expert,4988928
backbone.layers.20.mixer.experts.93.down_proj,20,Linear,routed_expert,4988928
backbone.layers.20.mixer.experts.93.act_fn,20,ReLUSquaredActivation,routed_expert,0
backbone.layers.20.mixer.experts.94,20,NemotronHMLP,routed_expert,0
backbone.layers.20.mixer.experts.94.up_proj,20,Linear,routed_expert,4988928
backbone.layers.20.mixer.experts.94.down_proj,20,Linear,routed_expert,4988928
backbone.layers.20.mixer.experts.94.act_fn,20,ReLUSquaredActivation,routed_expert,0
backbone.layers.20.mixer.experts.95,20,NemotronHMLP,routed_expert,0
backbone.layers.20.mixer.experts.95.up_proj,20,Linear,routed_expert,4988928
backbone.layers.20.mixer.experts.95.down_proj,20,Linear,routed_expert,4988928
backbone.layers.20.mixer.experts.95.act_fn,20,ReLUSquaredActivation,routed_expert,0
backbone.layers.20.mixer.experts.96,20,NemotronHMLP,routed_expert,0
backbone.layers.20.mixer.experts.96.up_proj,20,Linear,routed_expert,4988928
backbone.layers.20.mixer.experts.96.down_proj,20,Linear,routed_expert,4988928
backbone.layers.20.mixer.experts.96.act_fn,20,ReLUSquaredActivation,routed_expert,0
backbone.layers.20.mixer.experts.97,20,NemotronHMLP,routed_expert,0
backbone.layers.20.mixer.experts.97.up_proj,20,Linear,routed_expert,4988928
backbone.layers.20.mixer.experts.97.down_proj,20,Linear,routed_expert,4988928
backbone.layers.20.mixer.experts.97.act_fn,20,ReLUSquaredActivation,routed_expert,0
backbone.layers.20.mixer.experts.98,20,NemotronHMLP,routed_expert,0
backbone.layers.20.mixer.experts.98.up_proj,20,Linear,routed_expert,4988928
backbone.layers.20.mixer.experts.98.down_proj,20,Linear,routed_expert,4988928
backbone.layers.20.mixer.experts.98.act_fn,20,ReLUSquaredActivation,routed_expert,0
backbone.layers.20.mixer.experts.99,20,NemotronHMLP,routed_expert,0
backbone.layers.20.mixer.experts.99.up_proj,20,Linear,routed_expert,4988928
backbone.layers.20.mixer.experts.99.down_proj,20,Linear,routed_expert,4988928
backbone.layers.20.mixer.experts.99.act_fn,20,ReLUSquaredActivation,routed_expert,0
backbone.layers.20.mixer.experts.100,20,NemotronHMLP,routed_expert,0
backbone.layers.20.mixer.experts.100.up_proj,20,Linear,routed_expert,4988928
backbone.layers.20.mixer.experts.100.down_proj,20,Linear,routed_expert,4988928
backbone.layers.20.mixer.experts.100.act_fn,20,ReLUSquaredActivation,routed_expert,0
backbone.layers.20.mixer.experts.101,20,NemotronHMLP,routed_expert,0
backbone.layers.20.mixer.experts.101.up_proj,20,Linear,routed_expert,4988928
backbone.layers.20.mixer.experts.101.down_proj,20,Linear,routed_expert,4988928
backbone.layers.20.mixer.experts.101.act_fn,20,ReLUSquaredActivation,routed_expert,0
backbone.layers.20.mixer.experts.102,20,NemotronHMLP,routed_expert,0
backbone.layers.20.mixer.experts.102.up_proj,20,Linear,routed_expert,4988928
backbone.layers.20.mixer.experts.102.down_proj,20,Linear,routed_expert,4988928
backbone.layers.20.mixer.experts.102.act_fn,20,ReLUSquaredActivation,routed_expert,0
backbone.layers.20.mixer.experts.103,20,NemotronHMLP,routed_expert,0
backbone.layers.20.mixer.experts.103.up_proj,20,Linear,routed_expert,4988928
backbone.layers.20.mixer.experts.103.down_proj,20,Linear,routed_expert,4988928
backbone.layers.20.mixer.experts.103.act_fn,20,ReLUSquaredActivation,routed_expert,0
backbone.layers.20.mixer.experts.104,20,NemotronHMLP,routed_expert,0
backbone.layers.20.mixer.experts.104.up_proj,20,Linear,routed_expert,4988928
backbone.layers.20.mixer.experts.104.down_proj,20,Linear,routed_expert,4988928
backbone.layers.20.mixer.experts.104.act_fn,20,ReLUSquaredActivation,routed_expert,0
backbone.layers.20.mixer.experts.105,20,NemotronHMLP,routed_expert,0
backbone.layers.20.mixer.experts.105.up_proj,20,Linear,routed_expert,4988928
backbone.layers.20.mixer.experts.105.down_proj,20,Linear,routed_expert,4988928
backbone.layers.20.mixer.experts.105.act_fn,20,ReLUSquaredActivation,routed_expert,0
backbone.layers.20.mixer.experts.106,20,NemotronHMLP,routed_expert,0
backbone.layers.20.mixer.experts.106.up_proj,20,Linear,routed_expert,4988928
backbone.layers.20.mixer.experts.106.down_proj,20,Linear,routed_expert,4988928
backbone.layers.20.mixer.experts.106.act_fn,20,ReLUSquaredActivation,routed_expert,0
backbone.layers.20.mixer.experts.107,20,NemotronHMLP,routed_expert,0
backbone.layers.20.mixer.experts.107.up_proj,20,Linear,routed_expert,4988928
backbone.layers.20.mixer.experts.107.down_proj,20,Linear,routed_expert,4988928
backbone.layers.20.mixer.experts.107.act_fn,20,ReLUSquaredActivation,routed_expert,0
backbone.layers.20.mixer.experts.108,20,NemotronHMLP,routed_expert,0
backbone.layers.20.mixer.experts.108.up_proj,20,Linear,routed_expert,4988928
backbone.layers.20.mixer.experts.108.down_proj,20,Linear,routed_expert,4988928
backbone.layers.20.mixer.experts.108.act_fn,20,ReLUSquaredActivation,routed_expert,0
backbone.layers.20.mixer.experts.109,20,NemotronHMLP,routed_expert,0
backbone.layers.20.mixer.experts.109.up_proj,20,Linear,routed_expert,4988928
backbone.layers.20.mixer.experts.109.down_proj,20,Linear,routed_expert,4988928
backbone.layers.20.mixer.experts.109.act_fn,20,ReLUSquaredActivation,routed_expert,0
backbone.layers.20.mixer.experts.110,20,NemotronHMLP,routed_expert,0
backbone.layers.20.mixer.experts.110.up_proj,20,Linear,routed_expert,4988928
backbone.layers.20.mixer.experts.110.down_proj,20,Linear,routed_expert,4988928
backbone.layers.20.mixer.experts.110.act_fn,20,ReLUSquaredActivation,routed_expert,0
backbone.layers.20.mixer.experts.111,20,NemotronHMLP,routed_expert,0
backbone.layers.20.mixer.experts.111.up_proj,20,Linear,routed_expert,4988928
backbone.layers.20.mixer.experts.111.down_proj,20,Linear,routed_expert,4988928
backbone.layers.20.mixer.experts.111.act_fn,20,ReLUSquaredActivation,routed_expert,0
backbone.layers.20.mixer.experts.112,20,NemotronHMLP,routed_expert,0
backbone.layers.20.mixer.experts.112.up_proj,20,Linear,routed_expert,4988928
backbone.layers.20.mixer.experts.112.down_proj,20,Linear,routed_expert,4988928
backbone.layers.20.mixer.experts.112.act_fn,20,ReLUSquaredActivation,routed_expert,0
backbone.layers.20.mixer.experts.113,20,NemotronHMLP,routed_expert,0
backbone.layers.20.mixer.experts.113.up_proj,20,Linear,routed_expert,4988928
backbone.layers.20.mixer.experts.113.down_proj,20,Linear,routed_expert,4988928
backbone.layers.20.mixer.experts.113.act_fn,20,ReLUSquaredActivation,routed_expert,0
backbone.layers.20.mixer.experts.114,20,NemotronHMLP,routed_expert,0
backbone.layers.20.mixer.experts.114.up_proj,20,Linear,routed_expert,4988928
backbone.layers.20.mixer.experts.114.down_proj,20,Linear,routed_expert,4988928
backbone.layers.20.mixer.experts.114.act_fn,20,ReLUSquaredActivation,routed_expert,0
backbone.layers.20.mixer.experts.115,20,NemotronHMLP,routed_expert,0
backbone.layers.20.mixer.experts.115.up_proj,20,Linear,routed_expert,4988928
backbone.layers.20.mixer.experts.115.down_proj,20,Linear,routed_expert,4988928
backbone.layers.20.mixer.experts.115.act_fn,20,ReLUSquaredActivation,routed_expert,0
backbone.layers.20.mixer.experts.116,20,NemotronHMLP,routed_expert,0
backbone.layers.20.mixer.experts.116.up_proj,20,Linear,routed_expert,4988928
backbone.layers.20.mixer.experts.116.down_proj,20,Linear,routed_expert,4988928
backbone.layers.20.mixer.experts.116.act_fn,20,ReLUSquaredActivation,routed_expert,0
backbone.layers.20.mixer.experts.117,20,NemotronHMLP,routed_expert,0
backbone.layers.20.mixer.experts.117.up_proj,20,Linear,routed_expert,4988928
backbone.layers.20.mixer.experts.117.down_proj,20,Linear,routed_expert,4988928
backbone.layers.20.mixer.experts.117.act_fn,20,ReLUSquaredActivation,routed_expert,0
backbone.layers.20.mixer.experts.118,20,NemotronHMLP,routed_expert,0
backbone.layers.20.mixer.experts.118.up_proj,20,Linear,routed_expert,4988928
backbone.layers.20.mixer.experts.118.down_proj,20,Linear,routed_expert,4988928
backbone.layers.20.mixer.experts.118.act_fn,20,ReLUSquaredActivation,routed_expert,0
backbone.layers.20.mixer.experts.119,20,NemotronHMLP,routed_expert,0
backbone.layers.20.mixer.experts.119.up_proj,20,Linear,routed_expert,4988928
backbone.layers.20.mixer.experts.119.down_proj,20,Linear,routed_expert,4988928
backbone.layers.20.mixer.experts.119.act_fn,20,ReLUSquaredActivation,routed_expert,0
backbone.layers.20.mixer.experts.120,20,NemotronHMLP,routed_expert,0
backbone.layers.20.mixer.experts.120.up_proj,20,Linear,routed_expert,4988928
backbone.layers.20.mixer.experts.120.down_proj,20,Linear,routed_expert,4988928
backbone.layers.20.mixer.experts.120.act_fn,20,ReLUSquaredActivation,routed_expert,0
backbone.layers.20.mixer.experts.121,20,NemotronHMLP,routed_expert,0
backbone.layers.20.mixer.experts.121.up_proj,20,Linear,routed_expert,4988928
backbone.layers.20.mixer.experts.121.down_proj,20,Linear,routed_expert,4988928
backbone.layers.20.mixer.experts.121.act_fn,20,ReLUSquaredActivation,routed_expert,0
backbone.layers.20.mixer.experts.122,20,NemotronHMLP,routed_expert,0
backbone.layers.20.mixer.experts.122.up_proj,20,Linear,routed_expert,4988928
backbone.layers.20.mixer.experts.122.down_proj,20,Linear,routed_expert,4988928
backbone.layers.20.mixer.experts.122.act_fn,20,ReLUSquaredActivation,routed_expert,0
backbone.layers.20.mixer.experts.123,20,NemotronHMLP,routed_expert,0
backbone.layers.20.mixer.experts.123.up_proj,20,Linear,routed_expert,4988928
backbone.layers.20.mixer.experts.123.down_proj,20,Linear,routed_expert,4988928
backbone.layers.20.mixer.experts.123.act_fn,20,ReLUSquaredActivation,routed_expert,0
backbone.layers.20.mixer.experts.124,20,NemotronHMLP,routed_expert,0
backbone.layers.20.mixer.experts.124.up_proj,20,Linear,routed_expert,4988928
backbone.layers.20.mixer.experts.124.down_proj,20,Linear,routed_expert,4988928
backbone.layers.20.mixer.experts.124.act_fn,20,ReLUSquaredActivation,routed_expert,0
backbone.layers.20.mixer.experts.125,20,NemotronHMLP,routed_expert,0
backbone.layers.20.mixer.experts.125.up_proj,20,Linear,routed_expert,4988928
backbone.layers.20.mixer.experts.125.down_proj,20,Linear,routed_expert,4988928
backbone.layers.20.mixer.experts.125.act_fn,20,ReLUSquaredActivation,routed_expert,0
backbone.layers.20.mixer.experts.126,20,NemotronHMLP,routed_expert,0
backbone.layers.20.mixer.experts.126.up_proj,20,Linear,routed_expert,4988928
backbone.layers.20.mixer.experts.126.down_proj,20,Linear,routed_expert,4988928
backbone.layers.20.mixer.experts.126.act_fn,20,ReLUSquaredActivation,routed_expert,0
backbone.layers.20.mixer.experts.127,20,NemotronHMLP,routed_expert,0
backbone.layers.20.mixer.experts.127.up_proj,20,Linear,routed_expert,4988928
backbone.layers.20.mixer.experts.127.down_proj,20,Linear,routed_expert,4988928
backbone.layers.20.mixer.experts.127.act_fn,20,ReLUSquaredActivation,routed_expert,0
backbone.layers.20.mixer.gate,20,NemotronHTopkRouter,router,344064
backbone.layers.20.mixer.shared_experts,20,NemotronHMLP,other,0
backbone.layers.20.mixer.shared_experts.up_proj,20,Linear,shared_expert,9977856
backbone.layers.20.mixer.shared_experts.down_proj,20,Linear,shared_expert,9977856
backbone.layers.20.mixer.shared_experts.act_fn,20,ReLUSquaredActivation,shared_expert,0
backbone.layers.21,21,NemotronHBlock,other,0
backbone.layers.21.norm,21,NemotronHRMSNorm,other,2688
backbone.layers.21.mixer,21,NemotronHMamba2Mixer,mamba,192
backbone.layers.21.mixer.act,21,SiLUActivation,other,0
backbone.layers.21.mixer.conv1d,21,Conv1d,other,30720
backbone.layers.21.mixer.in_proj,21,Linear,mamba_projection,27697152
backbone.layers.21.mixer.norm,21,MambaRMSNormGated,mamba,4096
backbone.layers.21.mixer.out_proj,21,Linear,mamba_projection,11010048
backbone.layers.22,22,NemotronHBlock,other,0
backbone.layers.22.norm,22,NemotronHRMSNorm,other,2688
backbone.layers.22.mixer,22,NemotronHMOE,moe,0
backbone.layers.22.mixer.experts,22,ModuleList,other,0
backbone.layers.22.mixer.experts.0,22,NemotronHMLP,routed_expert,0
backbone.layers.22.mixer.experts.0.up_proj,22,Linear,routed_expert,4988928
backbone.layers.22.mixer.experts.0.down_proj,22,Linear,routed_expert,4988928
backbone.layers.22.mixer.experts.0.act_fn,22,ReLUSquaredActivation,routed_expert,0
backbone.layers.22.mixer.experts.1,22,NemotronHMLP,routed_expert,0
backbone.layers.22.mixer.experts.1.up_proj,22,Linear,routed_expert,4988928
backbone.layers.22.mixer.experts.1.down_proj,22,Linear,routed_expert,4988928
backbone.layers.22.mixer.experts.1.act_fn,22,ReLUSquaredActivation,routed_expert,0
backbone.layers.22.mixer.experts.2,22,NemotronHMLP,routed_expert,0
backbone.layers.22.mixer.experts.2.up_proj,22,Linear,routed_expert,4988928
backbone.layers.22.mixer.experts.2.down_proj,22,Linear,routed_expert,4988928
backbone.layers.22.mixer.experts.2.act_fn,22,ReLUSquaredActivation,routed_expert,0
backbone.layers.22.mixer.experts.3,22,NemotronHMLP,routed_expert,0
backbone.layers.22.mixer.experts.3.up_proj,22,Linear,routed_expert,4988928
backbone.layers.22.mixer.experts.3.down_proj,22,Linear,routed_expert,4988928
backbone.layers.22.mixer.experts.3.act_fn,22,ReLUSquaredActivation,routed_expert,0
backbone.layers.22.mixer.experts.4,22,NemotronHMLP,routed_expert,0
backbone.layers.22.mixer.experts.4.up_proj,22,Linear,routed_expert,4988928
backbone.layers.22.mixer.experts.4.down_proj,22,Linear,routed_expert,4988928
backbone.layers.22.mixer.experts.4.act_fn,22,ReLUSquaredActivation,routed_expert,0
backbone.layers.22.mixer.experts.5,22,NemotronHMLP,routed_expert,0
backbone.layers.22.mixer.experts.5.up_proj,22,Linear,routed_expert,4988928
backbone.layers.22.mixer.experts.5.down_proj,22,Linear,routed_expert,4988928
backbone.layers.22.mixer.experts.5.act_fn,22,ReLUSquaredActivation,routed_expert,0
backbone.layers.22.mixer.experts.6,22,NemotronHMLP,routed_expert,0
backbone.layers.22.mixer.experts.6.up_proj,22,Linear,routed_expert,4988928
backbone.layers.22.mixer.experts.6.down_proj,22,Linear,routed_expert,4988928
backbone.layers.22.mixer.experts.6.act_fn,22,ReLUSquaredActivation,routed_expert,0
backbone.layers.22.mixer.experts.7,22,NemotronHMLP,routed_expert,0
backbone.layers.22.mixer.experts.7.up_proj,22,Linear,routed_expert,4988928
backbone.layers.22.mixer.experts.7.down_proj,22,Linear,routed_expert,4988928
backbone.layers.22.mixer.experts.7.act_fn,22,ReLUSquaredActivation,routed_expert,0
backbone.layers.22.mixer.experts.8,22,NemotronHMLP,routed_expert,0
backbone.layers.22.mixer.experts.8.up_proj,22,Linear,routed_expert,4988928
backbone.layers.22.mixer.experts.8.down_proj,22,Linear,routed_expert,4988928
backbone.layers.22.mixer.experts.8.act_fn,22,ReLUSquaredActivation,routed_expert,0
backbone.layers.22.mixer.experts.9,22,NemotronHMLP,routed_expert,0
backbone.layers.22.mixer.experts.9.up_proj,22,Linear,routed_expert,4988928
backbone.layers.22.mixer.experts.9.down_proj,22,Linear,routed_expert,4988928
backbone.layers.22.mixer.experts.9.act_fn,22,ReLUSquaredActivation,routed_expert,0
backbone.layers.22.mixer.experts.10,22,NemotronHMLP,routed_expert,0
backbone.layers.22.mixer.experts.10.up_proj,22,Linear,routed_expert,4988928
backbone.layers.22.mixer.experts.10.down_proj,22,Linear,routed_expert,4988928
backbone.layers.22.mixer.experts.10.act_fn,22,ReLUSquaredActivation,routed_expert,0
backbone.layers.22.mixer.experts.11,22,NemotronHMLP,routed_expert,0
backbone.layers.22.mixer.experts.11.up_proj,22,Linear,routed_expert,4988928
backbone.layers.22.mixer.experts.11.down_proj,22,Linear,routed_expert,4988928
backbone.layers.22.mixer.experts.11.act_fn,22,ReLUSquaredActivation,routed_expert,0
backbone.layers.22.mixer.experts.12,22,NemotronHMLP,routed_expert,0
backbone.layers.22.mixer.experts.12.up_proj,22,Linear,routed_expert,4988928
backbone.layers.22.mixer.experts.12.down_proj,22,Linear,routed_expert,4988928
backbone.layers.22.mixer.experts.12.act_fn,22,ReLUSquaredActivation,routed_expert,0
backbone.layers.22.mixer.experts.13,22,NemotronHMLP,routed_expert,0
backbone.layers.22.mixer.experts.13.up_proj,22,Linear,routed_expert,4988928
backbone.layers.22.mixer.experts.13.down_proj,22,Linear,routed_expert,4988928
backbone.layers.22.mixer.experts.13.act_fn,22,ReLUSquaredActivation,routed_expert,0
backbone.layers.22.mixer.experts.14,22,NemotronHMLP,routed_expert,0
backbone.layers.22.mixer.experts.14.up_proj,22,Linear,routed_expert,4988928
backbone.layers.22.mixer.experts.14.down_proj,22,Linear,routed_expert,4988928
backbone.layers.22.mixer.experts.14.act_fn,22,ReLUSquaredActivation,routed_expert,0
backbone.layers.22.mixer.experts.15,22,NemotronHMLP,routed_expert,0
backbone.layers.22.mixer.experts.15.up_proj,22,Linear,routed_expert,4988928
backbone.layers.22.mixer.experts.15.down_proj,22,Linear,routed_expert,4988928
backbone.layers.22.mixer.experts.15.act_fn,22,ReLUSquaredActivation,routed_expert,0
backbone.layers.22.mixer.experts.16,22,NemotronHMLP,routed_expert,0
backbone.layers.22.mixer.experts.16.up_proj,22,Linear,routed_expert,4988928
backbone.layers.22.mixer.experts.16.down_proj,22,Linear,routed_expert,4988928
backbone.layers.22.mixer.experts.16.act_fn,22,ReLUSquaredActivation,routed_expert,0
backbone.layers.22.mixer.experts.17,22,NemotronHMLP,routed_expert,0
backbone.layers.22.mixer.experts.17.up_proj,22,Linear,routed_expert,4988928
backbone.layers.22.mixer.experts.17.down_proj,22,Linear,routed_expert,4988928
backbone.layers.22.mixer.experts.17.act_fn,22,ReLUSquaredActivation,routed_expert,0
backbone.layers.22.mixer.experts.18,22,NemotronHMLP,routed_expert,0
backbone.layers.22.mixer.experts.18.up_proj,22,Linear,routed_expert,4988928
backbone.layers.22.mixer.experts.18.down_proj,22,Linear,routed_expert,4988928
backbone.layers.22.mixer.experts.18.act_fn,22,ReLUSquaredActivation,routed_expert,0
backbone.layers.22.mixer.experts.19,22,NemotronHMLP,routed_expert,0
backbone.layers.22.mixer.experts.19.up_proj,22,Linear,routed_expert,4988928
backbone.layers.22.mixer.experts.19.down_proj,22,Linear,routed_expert,4988928
backbone.layers.22.mixer.experts.19.act_fn,22,ReLUSquaredActivation,routed_expert,0
backbone.layers.22.mixer.experts.20,22,NemotronHMLP,routed_expert,0
backbone.layers.22.mixer.experts.20.up_proj,22,Linear,routed_expert,4988928
backbone.layers.22.mixer.experts.20.down_proj,22,Linear,routed_expert,4988928
backbone.layers.22.mixer.experts.20.act_fn,22,ReLUSquaredActivation,routed_expert,0
backbone.layers.22.mixer.experts.21,22,NemotronHMLP,routed_expert,0
backbone.layers.22.mixer.experts.21.up_proj,22,Linear,routed_expert,4988928
backbone.layers.22.mixer.experts.21.down_proj,22,Linear,routed_expert,4988928
backbone.layers.22.mixer.experts.21.act_fn,22,ReLUSquaredActivation,routed_expert,0
backbone.layers.22.mixer.experts.22,22,NemotronHMLP,routed_expert,0
backbone.layers.22.mixer.experts.22.up_proj,22,Linear,routed_expert,4988928
backbone.layers.22.mixer.experts.22.down_proj,22,Linear,routed_expert,4988928
backbone.layers.22.mixer.experts.22.act_fn,22,ReLUSquaredActivation,routed_expert,0
backbone.layers.22.mixer.experts.23,22,NemotronHMLP,routed_expert,0
backbone.layers.22.mixer.experts.23.up_proj,22,Linear,routed_expert,4988928
backbone.layers.22.mixer.experts.23.down_proj,22,Linear,routed_expert,4988928
backbone.layers.22.mixer.experts.23.act_fn,22,ReLUSquaredActivation,routed_expert,0
backbone.layers.22.mixer.experts.24,22,NemotronHMLP,routed_expert,0
backbone.layers.22.mixer.experts.24.up_proj,22,Linear,routed_expert,4988928
backbone.layers.22.mixer.experts.24.down_proj,22,Linear,routed_expert,4988928
backbone.layers.22.mixer.experts.24.act_fn,22,ReLUSquaredActivation,routed_expert,0
backbone.layers.22.mixer.experts.25,22,NemotronHMLP,routed_expert,0
backbone.layers.22.mixer.experts.25.up_proj,22,Linear,routed_expert,4988928
backbone.layers.22.mixer.experts.25.down_proj,22,Linear,routed_expert,4988928
backbone.layers.22.mixer.experts.25.act_fn,22,ReLUSquaredActivation,routed_expert,0
backbone.layers.22.mixer.experts.26,22,NemotronHMLP,routed_expert,0
backbone.layers.22.mixer.experts.26.up_proj,22,Linear,routed_expert,4988928
backbone.layers.22.mixer.experts.26.down_proj,22,Linear,routed_expert,4988928
backbone.layers.22.mixer.experts.26.act_fn,22,ReLUSquaredActivation,routed_expert,0
backbone.layers.22.mixer.experts.27,22,NemotronHMLP,routed_expert,0
backbone.layers.22.mixer.experts.27.up_proj,22,Linear,routed_expert,4988928
backbone.layers.22.mixer.experts.27.down_proj,22,Linear,routed_expert,4988928
backbone.layers.22.mixer.experts.27.act_fn,22,ReLUSquaredActivation,routed_expert,0
backbone.layers.22.mixer.experts.28,22,NemotronHMLP,routed_expert,0
backbone.layers.22.mixer.experts.28.up_proj,22,Linear,routed_expert,4988928
backbone.layers.22.mixer.experts.28.down_proj,22,Linear,routed_expert,4988928
backbone.layers.22.mixer.experts.28.act_fn,22,ReLUSquaredActivation,routed_expert,0
backbone.layers.22.mixer.experts.29,22,NemotronHMLP,routed_expert,0
backbone.layers.22.mixer.experts.29.up_proj,22,Linear,routed_expert,4988928
backbone.layers.22.mixer.experts.29.down_proj,22,Linear,routed_expert,4988928
backbone.layers.22.mixer.experts.29.act_fn,22,ReLUSquaredActivation,routed_expert,0
backbone.layers.22.mixer.experts.30,22,NemotronHMLP,routed_expert,0
backbone.layers.22.mixer.experts.30.up_proj,22,Linear,routed_expert,4988928
backbone.layers.22.mixer.experts.30.down_proj,22,Linear,routed_expert,4988928
backbone.layers.22.mixer.experts.30.act_fn,22,ReLUSquaredActivation,routed_expert,0
backbone.layers.22.mixer.experts.31,22,NemotronHMLP,routed_expert,0
backbone.layers.22.mixer.experts.31.up_proj,22,Linear,routed_expert,4988928
backbone.layers.22.mixer.experts.31.down_proj,22,Linear,routed_expert,4988928
backbone.layers.22.mixer.experts.31.act_fn,22,ReLUSquaredActivation,routed_expert,0
backbone.layers.22.mixer.experts.32,22,NemotronHMLP,routed_expert,0
backbone.layers.22.mixer.experts.32.up_proj,22,Linear,routed_expert,4988928
backbone.layers.22.mixer.experts.32.down_proj,22,Linear,routed_expert,4988928
backbone.layers.22.mixer.experts.32.act_fn,22,ReLUSquaredActivation,routed_expert,0
backbone.layers.22.mixer.experts.33,22,NemotronHMLP,routed_expert,0
backbone.layers.22.mixer.experts.33.up_proj,22,Linear,routed_expert,4988928
backbone.layers.22.mixer.experts.33.down_proj,22,Linear,routed_expert,4988928
backbone.layers.22.mixer.experts.33.act_fn,22,ReLUSquaredActivation,routed_expert,0
backbone.layers.22.mixer.experts.34,22,NemotronHMLP,routed_expert,0
backbone.layers.22.mixer.experts.34.up_proj,22,Linear,routed_expert,4988928
backbone.layers.22.mixer.experts.34.down_proj,22,Linear,routed_expert,4988928
backbone.layers.22.mixer.experts.34.act_fn,22,ReLUSquaredActivation,routed_expert,0
backbone.layers.22.mixer.experts.35,22,NemotronHMLP,routed_expert,0
backbone.layers.22.mixer.experts.35.up_proj,22,Linear,routed_expert,4988928
backbone.layers.22.mixer.experts.35.down_proj,22,Linear,routed_expert,4988928
backbone.layers.22.mixer.experts.35.act_fn,22,ReLUSquaredActivation,routed_expert,0
backbone.layers.22.mixer.experts.36,22,NemotronHMLP,routed_expert,0
backbone.layers.22.mixer.experts.36.up_proj,22,Linear,routed_expert,4988928
backbone.layers.22.mixer.experts.36.down_proj,22,Linear,routed_expert,4988928
backbone.layers.22.mixer.experts.36.act_fn,22,ReLUSquaredActivation,routed_expert,0
backbone.layers.22.mixer.experts.37,22,NemotronHMLP,routed_expert,0
backbone.layers.22.mixer.experts.37.up_proj,22,Linear,routed_expert,4988928
backbone.layers.22.mixer.experts.37.down_proj,22,Linear,routed_expert,4988928
backbone.layers.22.mixer.experts.37.act_fn,22,ReLUSquaredActivation,routed_expert,0
backbone.layers.22.mixer.experts.38,22,NemotronHMLP,routed_expert,0
backbone.layers.22.mixer.experts.38.up_proj,22,Linear,routed_expert,4988928
backbone.layers.22.mixer.experts.38.down_proj,22,Linear,routed_expert,4988928
backbone.layers.22.mixer.experts.38.act_fn,22,ReLUSquaredActivation,routed_expert,0
backbone.layers.22.mixer.experts.39,22,NemotronHMLP,routed_expert,0
backbone.layers.22.mixer.experts.39.up_proj,22,Linear,routed_expert,4988928
backbone.layers.22.mixer.experts.39.down_proj,22,Linear,routed_expert,4988928
backbone.layers.22.mixer.experts.39.act_fn,22,ReLUSquaredActivation,routed_expert,0
backbone.layers.22.mixer.experts.40,22,NemotronHMLP,routed_expert,0
backbone.layers.22.mixer.experts.40.up_proj,22,Linear,routed_expert,4988928
backbone.layers.22.mixer.experts.40.down_proj,22,Linear,routed_expert,4988928
backbone.layers.22.mixer.experts.40.act_fn,22,ReLUSquaredActivation,routed_expert,0
backbone.layers.22.mixer.experts.41,22,NemotronHMLP,routed_expert,0
backbone.layers.22.mixer.experts.41.up_proj,22,Linear,routed_expert,4988928
backbone.layers.22.mixer.experts.41.down_proj,22,Linear,routed_expert,4988928
backbone.layers.22.mixer.experts.41.act_fn,22,ReLUSquaredActivation,routed_expert,0
backbone.layers.22.mixer.experts.42,22,NemotronHMLP,routed_expert,0
backbone.layers.22.mixer.experts.42.up_proj,22,Linear,routed_expert,4988928
backbone.layers.22.mixer.experts.42.down_proj,22,Linear,routed_expert,4988928
backbone.layers.22.mixer.experts.42.act_fn,22,ReLUSquaredActivation,routed_expert,0
backbone.layers.22.mixer.experts.43,22,NemotronHMLP,routed_expert,0
backbone.layers.22.mixer.experts.43.up_proj,22,Linear,routed_expert,4988928
backbone.layers.22.mixer.experts.43.down_proj,22,Linear,routed_expert,4988928
backbone.layers.22.mixer.experts.43.act_fn,22,ReLUSquaredActivation,routed_expert,0
backbone.layers.22.mixer.experts.44,22,NemotronHMLP,routed_expert,0
backbone.layers.22.mixer.experts.44.up_proj,22,Linear,routed_expert,4988928
backbone.layers.22.mixer.experts.44.down_proj,22,Linear,routed_expert,4988928
backbone.layers.22.mixer.experts.44.act_fn,22,ReLUSquaredActivation,routed_expert,0
backbone.layers.22.mixer.experts.45,22,NemotronHMLP,routed_expert,0
backbone.layers.22.mixer.experts.45.up_proj,22,Linear,routed_expert,4988928
backbone.layers.22.mixer.experts.45.down_proj,22,Linear,routed_expert,4988928
backbone.layers.22.mixer.experts.45.act_fn,22,ReLUSquaredActivation,routed_expert,0
backbone.layers.22.mixer.experts.46,22,NemotronHMLP,routed_expert,0
backbone.layers.22.mixer.experts.46.up_proj,22,Linear,routed_expert,4988928
backbone.layers.22.mixer.experts.46.down_proj,22,Linear,routed_expert,4988928
backbone.layers.22.mixer.experts.46.act_fn,22,ReLUSquaredActivation,routed_expert,0
backbone.layers.22.mixer.experts.47,22,NemotronHMLP,routed_expert,0
backbone.layers.22.mixer.experts.47.up_proj,22,Linear,routed_expert,4988928
backbone.layers.22.mixer.experts.47.down_proj,22,Linear,routed_expert,4988928
backbone.layers.22.mixer.experts.47.act_fn,22,ReLUSquaredActivation,routed_expert,0
backbone.layers.22.mixer.experts.48,22,NemotronHMLP,routed_expert,0
backbone.layers.22.mixer.experts.48.up_proj,22,Linear,routed_expert,4988928
backbone.layers.22.mixer.experts.48.down_proj,22,Linear,routed_expert,4988928
backbone.layers.22.mixer.experts.48.act_fn,22,ReLUSquaredActivation,routed_expert,0
backbone.layers.22.mixer.experts.49,22,NemotronHMLP,routed_expert,0
backbone.layers.22.mixer.experts.49.up_proj,22,Linear,routed_expert,4988928
backbone.layers.22.mixer.experts.49.down_proj,22,Linear,routed_expert,4988928
backbone.layers.22.mixer.experts.49.act_fn,22,ReLUSquaredActivation,routed_expert,0
backbone.layers.22.mixer.experts.50,22,NemotronHMLP,routed_expert,0
backbone.layers.22.mixer.experts.50.up_proj,22,Linear,routed_expert,4988928
backbone.layers.22.mixer.experts.50.down_proj,22,Linear,routed_expert,4988928
backbone.layers.22.mixer.experts.50.act_fn,22,ReLUSquaredActivation,routed_expert,0
backbone.layers.22.mixer.experts.51,22,NemotronHMLP,routed_expert,0
backbone.layers.22.mixer.experts.51.up_proj,22,Linear,routed_expert,4988928
backbone.layers.22.mixer.experts.51.down_proj,22,Linear,routed_expert,4988928
backbone.layers.22.mixer.experts.51.act_fn,22,ReLUSquaredActivation,routed_expert,0
backbone.layers.22.mixer.experts.52,22,NemotronHMLP,routed_expert,0
backbone.layers.22.mixer.experts.52.up_proj,22,Linear,routed_expert,4988928
backbone.layers.22.mixer.experts.52.down_proj,22,Linear,routed_expert,4988928
backbone.layers.22.mixer.experts.52.act_fn,22,ReLUSquaredActivation,routed_expert,0
backbone.layers.22.mixer.experts.53,22,NemotronHMLP,routed_expert,0
backbone.layers.22.mixer.experts.53.up_proj,22,Linear,routed_expert,4988928
backbone.layers.22.mixer.experts.53.down_proj,22,Linear,routed_expert,4988928
backbone.layers.22.mixer.experts.53.act_fn,22,ReLUSquaredActivation,routed_expert,0
backbone.layers.22.mixer.experts.54,22,NemotronHMLP,routed_expert,0
backbone.layers.22.mixer.experts.54.up_proj,22,Linear,routed_expert,4988928
backbone.layers.22.mixer.experts.54.down_proj,22,Linear,routed_expert,4988928
backbone.layers.22.mixer.experts.54.act_fn,22,ReLUSquaredActivation,routed_expert,0
backbone.layers.22.mixer.experts.55,22,NemotronHMLP,routed_expert,0
backbone.layers.22.mixer.experts.55.up_proj,22,Linear,routed_expert,4988928
backbone.layers.22.mixer.experts.55.down_proj,22,Linear,routed_expert,4988928
backbone.layers.22.mixer.experts.55.act_fn,22,ReLUSquaredActivation,routed_expert,0
backbone.layers.22.mixer.experts.56,22,NemotronHMLP,routed_expert,0
backbone.layers.22.mixer.experts.56.up_proj,22,Linear,routed_expert,4988928
backbone.layers.22.mixer.experts.56.down_proj,22,Linear,routed_expert,4988928
backbone.layers.22.mixer.experts.56.act_fn,22,ReLUSquaredActivation,routed_expert,0
backbone.layers.22.mixer.experts.57,22,NemotronHMLP,routed_expert,0
backbone.layers.22.mixer.experts.57.up_proj,22,Linear,routed_expert,4988928
backbone.layers.22.mixer.experts.57.down_proj,22,Linear,routed_expert,4988928
backbone.layers.22.mixer.experts.57.act_fn,22,ReLUSquaredActivation,routed_expert,0
backbone.layers.22.mixer.experts.58,22,NemotronHMLP,routed_expert,0
backbone.layers.22.mixer.experts.58.up_proj,22,Linear,routed_expert,4988928
backbone.layers.22.mixer.experts.58.down_proj,22,Linear,routed_expert,4988928
backbone.layers.22.mixer.experts.58.act_fn,22,ReLUSquaredActivation,routed_expert,0
backbone.layers.22.mixer.experts.59,22,NemotronHMLP,routed_expert,0
backbone.layers.22.mixer.experts.59.up_proj,22,Linear,routed_expert,4988928
backbone.layers.22.mixer.experts.59.down_proj,22,Linear,routed_expert,4988928
backbone.layers.22.mixer.experts.59.act_fn,22,ReLUSquaredActivation,routed_expert,0
backbone.layers.22.mixer.experts.60,22,NemotronHMLP,routed_expert,0
backbone.layers.22.mixer.experts.60.up_proj,22,Linear,routed_expert,4988928
backbone.layers.22.mixer.experts.60.down_proj,22,Linear,routed_expert,4988928
backbone.layers.22.mixer.experts.60.act_fn,22,ReLUSquaredActivation,routed_expert,0
backbone.layers.22.mixer.experts.61,22,NemotronHMLP,routed_expert,0
backbone.layers.22.mixer.experts.61.up_proj,22,Linear,routed_expert,4988928
backbone.layers.22.mixer.experts.61.down_proj,22,Linear,routed_expert,4988928
backbone.layers.22.mixer.experts.61.act_fn,22,ReLUSquaredActivation,routed_expert,0
backbone.layers.22.mixer.experts.62,22,NemotronHMLP,routed_expert,0
backbone.layers.22.mixer.experts.62.up_proj,22,Linear,routed_expert,4988928
backbone.layers.22.mixer.experts.62.down_proj,22,Linear,routed_expert,4988928
backbone.layers.22.mixer.experts.62.act_fn,22,ReLUSquaredActivation,routed_expert,0
backbone.layers.22.mixer.experts.63,22,NemotronHMLP,routed_expert,0
backbone.layers.22.mixer.experts.63.up_proj,22,Linear,routed_expert,4988928
backbone.layers.22.mixer.experts.63.down_proj,22,Linear,routed_expert,4988928
backbone.layers.22.mixer.experts.63.act_fn,22,ReLUSquaredActivation,routed_expert,0
backbone.layers.22.mixer.experts.64,22,NemotronHMLP,routed_expert,0
backbone.layers.22.mixer.experts.64.up_proj,22,Linear,routed_expert,4988928
backbone.layers.22.mixer.experts.64.down_proj,22,Linear,routed_expert,4988928
backbone.layers.22.mixer.experts.64.act_fn,22,ReLUSquaredActivation,routed_expert,0
backbone.layers.22.mixer.experts.65,22,NemotronHMLP,routed_expert,0
backbone.layers.22.mixer.experts.65.up_proj,22,Linear,routed_expert,4988928
backbone.layers.22.mixer.experts.65.down_proj,22,Linear,routed_expert,4988928
backbone.layers.22.mixer.experts.65.act_fn,22,ReLUSquaredActivation,routed_expert,0
backbone.layers.22.mixer.experts.66,22,NemotronHMLP,routed_expert,0
backbone.layers.22.mixer.experts.66.up_proj,22,Linear,routed_expert,4988928
backbone.layers.22.mixer.experts.66.down_proj,22,Linear,routed_expert,4988928
backbone.layers.22.mixer.experts.66.act_fn,22,ReLUSquaredActivation,routed_expert,0
backbone.layers.22.mixer.experts.67,22,NemotronHMLP,routed_expert,0
backbone.layers.22.mixer.experts.67.up_proj,22,Linear,routed_expert,4988928
backbone.layers.22.mixer.experts.67.down_proj,22,Linear,routed_expert,4988928
backbone.layers.22.mixer.experts.67.act_fn,22,ReLUSquaredActivation,routed_expert,0
backbone.layers.22.mixer.experts.68,22,NemotronHMLP,routed_expert,0
backbone.layers.22.mixer.experts.68.up_proj,22,Linear,routed_expert,4988928
backbone.layers.22.mixer.experts.68.down_proj,22,Linear,routed_expert,4988928
backbone.layers.22.mixer.experts.68.act_fn,22,ReLUSquaredActivation,routed_expert,0
backbone.layers.22.mixer.experts.69,22,NemotronHMLP,routed_expert,0
backbone.layers.22.mixer.experts.69.up_proj,22,Linear,routed_expert,4988928
backbone.layers.22.mixer.experts.69.down_proj,22,Linear,routed_expert,4988928
backbone.layers.22.mixer.experts.69.act_fn,22,ReLUSquaredActivation,routed_expert,0
backbone.layers.22.mixer.experts.70,22,NemotronHMLP,routed_expert,0
backbone.layers.22.mixer.experts.70.up_proj,22,Linear,routed_expert,4988928
backbone.layers.22.mixer.experts.70.down_proj,22,Linear,routed_expert,4988928
backbone.layers.22.mixer.experts.70.act_fn,22,ReLUSquaredActivation,routed_expert,0
backbone.layers.22.mixer.experts.71,22,NemotronHMLP,routed_expert,0
backbone.layers.22.mixer.experts.71.up_proj,22,Linear,routed_expert,4988928
backbone.layers.22.mixer.experts.71.down_proj,22,Linear,routed_expert,4988928
backbone.layers.22.mixer.experts.71.act_fn,22,ReLUSquaredActivation,routed_expert,0
backbone.layers.22.mixer.experts.72,22,NemotronHMLP,routed_expert,0
backbone.layers.22.mixer.experts.72.up_proj,22,Linear,routed_expert,4988928
backbone.layers.22.mixer.experts.72.down_proj,22,Linear,routed_expert,4988928
backbone.layers.22.mixer.experts.72.act_fn,22,ReLUSquaredActivation,routed_expert,0
backbone.layers.22.mixer.experts.73,22,NemotronHMLP,routed_expert,0
backbone.layers.22.mixer.experts.73.up_proj,22,Linear,routed_expert,4988928
backbone.layers.22.mixer.experts.73.down_proj,22,Linear,routed_expert,4988928
backbone.layers.22.mixer.experts.73.act_fn,22,ReLUSquaredActivation,routed_expert,0
backbone.layers.22.mixer.experts.74,22,NemotronHMLP,routed_expert,0
backbone.layers.22.mixer.experts.74.up_proj,22,Linear,routed_expert,4988928
backbone.layers.22.mixer.experts.74.down_proj,22,Linear,routed_expert,4988928
backbone.layers.22.mixer.experts.74.act_fn,22,ReLUSquaredActivation,routed_expert,0
backbone.layers.22.mixer.experts.75,22,NemotronHMLP,routed_expert,0
backbone.layers.22.mixer.experts.75.up_proj,22,Linear,routed_expert,4988928
backbone.layers.22.mixer.experts.75.down_proj,22,Linear,routed_expert,4988928
backbone.layers.22.mixer.experts.75.act_fn,22,ReLUSquaredActivation,routed_expert,0
backbone.layers.22.mixer.experts.76,22,NemotronHMLP,routed_expert,0
backbone.layers.22.mixer.experts.76.up_proj,22,Linear,routed_expert,4988928
backbone.layers.22.mixer.experts.76.down_proj,22,Linear,routed_expert,4988928
backbone.layers.22.mixer.experts.76.act_fn,22,ReLUSquaredActivation,routed_expert,0
backbone.layers.22.mixer.experts.77,22,NemotronHMLP,routed_expert,0
backbone.layers.22.mixer.experts.77.up_proj,22,Linear,routed_expert,4988928
backbone.layers.22.mixer.experts.77.down_proj,22,Linear,routed_expert,4988928
backbone.layers.22.mixer.experts.77.act_fn,22,ReLUSquaredActivation,routed_expert,0
backbone.layers.22.mixer.experts.78,22,NemotronHMLP,routed_expert,0
backbone.layers.22.mixer.experts.78.up_proj,22,Linear,routed_expert,4988928
backbone.layers.22.mixer.experts.78.down_proj,22,Linear,routed_expert,4988928
backbone.layers.22.mixer.experts.78.act_fn,22,ReLUSquaredActivation,routed_expert,0
backbone.layers.22.mixer.experts.79,22,NemotronHMLP,routed_expert,0
backbone.layers.22.mixer.experts.79.up_proj,22,Linear,routed_expert,4988928
backbone.layers.22.mixer.experts.79.down_proj,22,Linear,routed_expert,4988928
backbone.layers.22.mixer.experts.79.act_fn,22,ReLUSquaredActivation,routed_expert,0
backbone.layers.22.mixer.experts.80,22,NemotronHMLP,routed_expert,0
backbone.layers.22.mixer.experts.80.up_proj,22,Linear,routed_expert,4988928
backbone.layers.22.mixer.experts.80.down_proj,22,Linear,routed_expert,4988928
backbone.layers.22.mixer.experts.80.act_fn,22,ReLUSquaredActivation,routed_expert,0
backbone.layers.22.mixer.experts.81,22,NemotronHMLP,routed_expert,0
backbone.layers.22.mixer.experts.81.up_proj,22,Linear,routed_expert,4988928
backbone.layers.22.mixer.experts.81.down_proj,22,Linear,routed_expert,4988928
backbone.layers.22.mixer.experts.81.act_fn,22,ReLUSquaredActivation,routed_expert,0
backbone.layers.22.mixer.experts.82,22,NemotronHMLP,routed_expert,0
backbone.layers.22.mixer.experts.82.up_proj,22,Linear,routed_expert,4988928
backbone.layers.22.mixer.experts.82.down_proj,22,Linear,routed_expert,4988928
backbone.layers.22.mixer.experts.82.act_fn,22,ReLUSquaredActivation,routed_expert,0
backbone.layers.22.mixer.experts.83,22,NemotronHMLP,routed_expert,0
backbone.layers.22.mixer.experts.83.up_proj,22,Linear,routed_expert,4988928
backbone.layers.22.mixer.experts.83.down_proj,22,Linear,routed_expert,4988928
backbone.layers.22.mixer.experts.83.act_fn,22,ReLUSquaredActivation,routed_expert,0
backbone.layers.22.mixer.experts.84,22,NemotronHMLP,routed_expert,0
backbone.layers.22.mixer.experts.84.up_proj,22,Linear,routed_expert,4988928
backbone.layers.22.mixer.experts.84.down_proj,22,Linear,routed_expert,4988928
backbone.layers.22.mixer.experts.84.act_fn,22,ReLUSquaredActivation,routed_expert,0
backbone.layers.22.mixer.experts.85,22,NemotronHMLP,routed_expert,0
backbone.layers.22.mixer.experts.85.up_proj,22,Linear,routed_expert,4988928
backbone.layers.22.mixer.experts.85.down_proj,22,Linear,routed_expert,4988928
backbone.layers.22.mixer.experts.85.act_fn,22,ReLUSquaredActivation,routed_expert,0
backbone.layers.22.mixer.experts.86,22,NemotronHMLP,routed_expert,0
backbone.layers.22.mixer.experts.86.up_proj,22,Linear,routed_expert,4988928
backbone.layers.22.mixer.experts.86.down_proj,22,Linear,routed_expert,4988928
backbone.layers.22.mixer.experts.86.act_fn,22,ReLUSquaredActivation,routed_expert,0
backbone.layers.22.mixer.experts.87,22,NemotronHMLP,routed_expert,0
backbone.layers.22.mixer.experts.87.up_proj,22,Linear,routed_expert,4988928
backbone.layers.22.mixer.experts.87.down_proj,22,Linear,routed_expert,4988928
backbone.layers.22.mixer.experts.87.act_fn,22,ReLUSquaredActivation,routed_expert,0
backbone.layers.22.mixer.experts.88,22,NemotronHMLP,routed_expert,0
backbone.layers.22.mixer.experts.88.up_proj,22,Linear,routed_expert,4988928
backbone.layers.22.mixer.experts.88.down_proj,22,Linear,routed_expert,4988928
backbone.layers.22.mixer.experts.88.act_fn,22,ReLUSquaredActivation,routed_expert,0
backbone.layers.22.mixer.experts.89,22,NemotronHMLP,routed_expert,0
backbone.layers.22.mixer.experts.89.up_proj,22,Linear,routed_expert,4988928
backbone.layers.22.mixer.experts.89.down_proj,22,Linear,routed_expert,4988928
backbone.layers.22.mixer.experts.89.act_fn,22,ReLUSquaredActivation,routed_expert,0
backbone.layers.22.mixer.experts.90,22,NemotronHMLP,routed_expert,0
backbone.layers.22.mixer.experts.90.up_proj,22,Linear,routed_expert,4988928
backbone.layers.22.mixer.experts.90.down_proj,22,Linear,routed_expert,4988928
backbone.layers.22.mixer.experts.90.act_fn,22,ReLUSquaredActivation,routed_expert,0
backbone.layers.22.mixer.experts.91,22,NemotronHMLP,routed_expert,0
backbone.layers.22.mixer.experts.91.up_proj,22,Linear,routed_expert,4988928
backbone.layers.22.mixer.experts.91.down_proj,22,Linear,routed_expert,4988928
backbone.layers.22.mixer.experts.91.act_fn,22,ReLUSquaredActivation,routed_expert,0
backbone.layers.22.mixer.experts.92,22,NemotronHMLP,routed_expert,0
backbone.layers.22.mixer.experts.92.up_proj,22,Linear,routed_expert,4988928
backbone.layers.22.mixer.experts.92.down_proj,22,Linear,routed_expert,4988928
backbone.layers.22.mixer.experts.92.act_fn,22,ReLUSquaredActivation,routed_expert,0
backbone.layers.22.mixer.experts.93,22,NemotronHMLP,routed_expert,0
backbone.layers.22.mixer.experts.93.up_proj,22,Linear,routed_expert,4988928
backbone.layers.22.mixer.experts.93.down_proj,22,Linear,routed_expert,4988928
backbone.layers.22.mixer.experts.93.act_fn,22,ReLUSquaredActivation,routed_expert,0
backbone.layers.22.mixer.experts.94,22,NemotronHMLP,routed_expert,0
backbone.layers.22.mixer.experts.94.up_proj,22,Linear,routed_expert,4988928
backbone.layers.22.mixer.experts.94.down_proj,22,Linear,routed_expert,4988928
backbone.layers.22.mixer.experts.94.act_fn,22,ReLUSquaredActivation,routed_expert,0
backbone.layers.22.mixer.experts.95,22,NemotronHMLP,routed_expert,0
backbone.layers.22.mixer.experts.95.up_proj,22,Linear,routed_expert,4988928
backbone.layers.22.mixer.experts.95.down_proj,22,Linear,routed_expert,4988928
backbone.layers.22.mixer.experts.95.act_fn,22,ReLUSquaredActivation,routed_expert,0
backbone.layers.22.mixer.experts.96,22,NemotronHMLP,routed_expert,0
backbone.layers.22.mixer.experts.96.up_proj,22,Linear,routed_expert,4988928
backbone.layers.22.mixer.experts.96.down_proj,22,Linear,routed_expert,4988928
backbone.layers.22.mixer.experts.96.act_fn,22,ReLUSquaredActivation,routed_expert,0
backbone.layers.22.mixer.experts.97,22,NemotronHMLP,routed_expert,0
backbone.layers.22.mixer.experts.97.up_proj,22,Linear,routed_expert,4988928
backbone.layers.22.mixer.experts.97.down_proj,22,Linear,routed_expert,4988928
backbone.layers.22.mixer.experts.97.act_fn,22,ReLUSquaredActivation,routed_expert,0
backbone.layers.22.mixer.experts.98,22,NemotronHMLP,routed_expert,0
backbone.layers.22.mixer.experts.98.up_proj,22,Linear,routed_expert,4988928
backbone.layers.22.mixer.experts.98.down_proj,22,Linear,routed_expert,4988928
backbone.layers.22.mixer.experts.98.act_fn,22,ReLUSquaredActivation,routed_expert,0
backbone.layers.22.mixer.experts.99,22,NemotronHMLP,routed_expert,0
backbone.layers.22.mixer.experts.99.up_proj,22,Linear,routed_expert,4988928
backbone.layers.22.mixer.experts.99.down_proj,22,Linear,routed_expert,4988928
backbone.layers.22.mixer.experts.99.act_fn,22,ReLUSquaredActivation,routed_expert,0
backbone.layers.22.mixer.experts.100,22,NemotronHMLP,routed_expert,0
backbone.layers.22.mixer.experts.100.up_proj,22,Linear,routed_expert,4988928
backbone.layers.22.mixer.experts.100.down_proj,22,Linear,routed_expert,4988928
backbone.layers.22.mixer.experts.100.act_fn,22,ReLUSquaredActivation,routed_expert,0
backbone.layers.22.mixer.experts.101,22,NemotronHMLP,routed_expert,0
backbone.layers.22.mixer.experts.101.up_proj,22,Linear,routed_expert,4988928
backbone.layers.22.mixer.experts.101.down_proj,22,Linear,routed_expert,4988928
backbone.layers.22.mixer.experts.101.act_fn,22,ReLUSquaredActivation,routed_expert,0
backbone.layers.22.mixer.experts.102,22,NemotronHMLP,routed_expert,0
backbone.layers.22.mixer.experts.102.up_proj,22,Linear,routed_expert,4988928
backbone.layers.22.mixer.experts.102.down_proj,22,Linear,routed_expert,4988928
backbone.layers.22.mixer.experts.102.act_fn,22,ReLUSquaredActivation,routed_expert,0
backbone.layers.22.mixer.experts.103,22,NemotronHMLP,routed_expert,0
backbone.layers.22.mixer.experts.103.up_proj,22,Linear,routed_expert,4988928
backbone.layers.22.mixer.experts.103.down_proj,22,Linear,routed_expert,4988928
backbone.layers.22.mixer.experts.103.act_fn,22,ReLUSquaredActivation,routed_expert,0
backbone.layers.22.mixer.experts.104,22,NemotronHMLP,routed_expert,0
backbone.layers.22.mixer.experts.104.up_proj,22,Linear,routed_expert,4988928
backbone.layers.22.mixer.experts.104.down_proj,22,Linear,routed_expert,4988928
backbone.layers.22.mixer.experts.104.act_fn,22,ReLUSquaredActivation,routed_expert,0
backbone.layers.22.mixer.experts.105,22,NemotronHMLP,routed_expert,0
backbone.layers.22.mixer.experts.105.up_proj,22,Linear,routed_expert,4988928
backbone.layers.22.mixer.experts.105.down_proj,22,Linear,routed_expert,4988928
backbone.layers.22.mixer.experts.105.act_fn,22,ReLUSquaredActivation,routed_expert,0
backbone.layers.22.mixer.experts.106,22,NemotronHMLP,routed_expert,0
backbone.layers.22.mixer.experts.106.up_proj,22,Linear,routed_expert,4988928
backbone.layers.22.mixer.experts.106.down_proj,22,Linear,routed_expert,4988928
backbone.layers.22.mixer.experts.106.act_fn,22,ReLUSquaredActivation,routed_expert,0
backbone.layers.22.mixer.experts.107,22,NemotronHMLP,routed_expert,0
backbone.layers.22.mixer.experts.107.up_proj,22,Linear,routed_expert,4988928
backbone.layers.22.mixer.experts.107.down_proj,22,Linear,routed_expert,4988928
backbone.layers.22.mixer.experts.107.act_fn,22,ReLUSquaredActivation,routed_expert,0
backbone.layers.22.mixer.experts.108,22,NemotronHMLP,routed_expert,0
backbone.layers.22.mixer.experts.108.up_proj,22,Linear,routed_expert,4988928
backbone.layers.22.mixer.experts.108.down_proj,22,Linear,routed_expert,4988928
backbone.layers.22.mixer.experts.108.act_fn,22,ReLUSquaredActivation,routed_expert,0
backbone.layers.22.mixer.experts.109,22,NemotronHMLP,routed_expert,0
backbone.layers.22.mixer.experts.109.up_proj,22,Linear,routed_expert,4988928
backbone.layers.22.mixer.experts.109.down_proj,22,Linear,routed_expert,4988928
backbone.layers.22.mixer.experts.109.act_fn,22,ReLUSquaredActivation,routed_expert,0
backbone.layers.22.mixer.experts.110,22,NemotronHMLP,routed_expert,0
backbone.layers.22.mixer.experts.110.up_proj,22,Linear,routed_expert,4988928
backbone.layers.22.mixer.experts.110.down_proj,22,Linear,routed_expert,4988928
backbone.layers.22.mixer.experts.110.act_fn,22,ReLUSquaredActivation,routed_expert,0
backbone.layers.22.mixer.experts.111,22,NemotronHMLP,routed_expert,0
backbone.layers.22.mixer.experts.111.up_proj,22,Linear,routed_expert,4988928
backbone.layers.22.mixer.experts.111.down_proj,22,Linear,routed_expert,4988928
backbone.layers.22.mixer.experts.111.act_fn,22,ReLUSquaredActivation,routed_expert,0
backbone.layers.22.mixer.experts.112,22,NemotronHMLP,routed_expert,0
backbone.layers.22.mixer.experts.112.up_proj,22,Linear,routed_expert,4988928
backbone.layers.22.mixer.experts.112.down_proj,22,Linear,routed_expert,4988928
backbone.layers.22.mixer.experts.112.act_fn,22,ReLUSquaredActivation,routed_expert,0
backbone.layers.22.mixer.experts.113,22,NemotronHMLP,routed_expert,0
backbone.layers.22.mixer.experts.113.up_proj,22,Linear,routed_expert,4988928
backbone.layers.22.mixer.experts.113.down_proj,22,Linear,routed_expert,4988928
backbone.layers.22.mixer.experts.113.act_fn,22,ReLUSquaredActivation,routed_expert,0
backbone.layers.22.mixer.experts.114,22,NemotronHMLP,routed_expert,0
backbone.layers.22.mixer.experts.114.up_proj,22,Linear,routed_expert,4988928
backbone.layers.22.mixer.experts.114.down_proj,22,Linear,routed_expert,4988928
backbone.layers.22.mixer.experts.114.act_fn,22,ReLUSquaredActivation,routed_expert,0
backbone.layers.22.mixer.experts.115,22,NemotronHMLP,routed_expert,0
backbone.layers.22.mixer.experts.115.up_proj,22,Linear,routed_expert,4988928
backbone.layers.22.mixer.experts.115.down_proj,22,Linear,routed_expert,4988928
backbone.layers.22.mixer.experts.115.act_fn,22,ReLUSquaredActivation,routed_expert,0
backbone.layers.22.mixer.experts.116,22,NemotronHMLP,routed_expert,0
backbone.layers.22.mixer.experts.116.up_proj,22,Linear,routed_expert,4988928
backbone.layers.22.mixer.experts.116.down_proj,22,Linear,routed_expert,4988928
backbone.layers.22.mixer.experts.116.act_fn,22,ReLUSquaredActivation,routed_expert,0
backbone.layers.22.mixer.experts.117,22,NemotronHMLP,routed_expert,0
backbone.layers.22.mixer.experts.117.up_proj,22,Linear,routed_expert,4988928
backbone.layers.22.mixer.experts.117.down_proj,22,Linear,routed_expert,4988928
backbone.layers.22.mixer.experts.117.act_fn,22,ReLUSquaredActivation,routed_expert,0
backbone.layers.22.mixer.experts.118,22,NemotronHMLP,routed_expert,0
backbone.layers.22.mixer.experts.118.up_proj,22,Linear,routed_expert,4988928
backbone.layers.22.mixer.experts.118.down_proj,22,Linear,routed_expert,4988928
backbone.layers.22.mixer.experts.118.act_fn,22,ReLUSquaredActivation,routed_expert,0
backbone.layers.22.mixer.experts.119,22,NemotronHMLP,routed_expert,0
backbone.layers.22.mixer.experts.119.up_proj,22,Linear,routed_expert,4988928
backbone.layers.22.mixer.experts.119.down_proj,22,Linear,routed_expert,4988928
backbone.layers.22.mixer.experts.119.act_fn,22,ReLUSquaredActivation,routed_expert,0
backbone.layers.22.mixer.experts.120,22,NemotronHMLP,routed_expert,0
backbone.layers.22.mixer.experts.120.up_proj,22,Linear,routed_expert,4988928
backbone.layers.22.mixer.experts.120.down_proj,22,Linear,routed_expert,4988928
backbone.layers.22.mixer.experts.120.act_fn,22,ReLUSquaredActivation,routed_expert,0
backbone.layers.22.mixer.experts.121,22,NemotronHMLP,routed_expert,0
backbone.layers.22.mixer.experts.121.up_proj,22,Linear,routed_expert,4988928
backbone.layers.22.mixer.experts.121.down_proj,22,Linear,routed_expert,4988928
backbone.layers.22.mixer.experts.121.act_fn,22,ReLUSquaredActivation,routed_expert,0
backbone.layers.22.mixer.experts.122,22,NemotronHMLP,routed_expert,0
backbone.layers.22.mixer.experts.122.up_proj,22,Linear,routed_expert,4988928
backbone.layers.22.mixer.experts.122.down_proj,22,Linear,routed_expert,4988928
backbone.layers.22.mixer.experts.122.act_fn,22,ReLUSquaredActivation,routed_expert,0
backbone.layers.22.mixer.experts.123,22,NemotronHMLP,routed_expert,0
backbone.layers.22.mixer.experts.123.up_proj,22,Linear,routed_expert,4988928
backbone.layers.22.mixer.experts.123.down_proj,22,Linear,routed_expert,4988928
backbone.layers.22.mixer.experts.123.act_fn,22,ReLUSquaredActivation,routed_expert,0
backbone.layers.22.mixer.experts.124,22,NemotronHMLP,routed_expert,0
backbone.layers.22.mixer.experts.124.up_proj,22,Linear,routed_expert,4988928
backbone.layers.22.mixer.experts.124.down_proj,22,Linear,routed_expert,4988928
backbone.layers.22.mixer.experts.124.act_fn,22,ReLUSquaredActivation,routed_expert,0
backbone.layers.22.mixer.experts.125,22,NemotronHMLP,routed_expert,0
backbone.layers.22.mixer.experts.125.up_proj,22,Linear,routed_expert,4988928
backbone.layers.22.mixer.experts.125.down_proj,22,Linear,routed_expert,4988928
backbone.layers.22.mixer.experts.125.act_fn,22,ReLUSquaredActivation,routed_expert,0
backbone.layers.22.mixer.experts.126,22,NemotronHMLP,routed_expert,0
backbone.layers.22.mixer.experts.126.up_proj,22,Linear,routed_expert,4988928
backbone.layers.22.mixer.experts.126.down_proj,22,Linear,routed_expert,4988928
backbone.layers.22.mixer.experts.126.act_fn,22,ReLUSquaredActivation,routed_expert,0
backbone.layers.22.mixer.experts.127,22,NemotronHMLP,routed_expert,0
backbone.layers.22.mixer.experts.127.up_proj,22,Linear,routed_expert,4988928
backbone.layers.22.mixer.experts.127.down_proj,22,Linear,routed_expert,4988928
backbone.layers.22.mixer.experts.127.act_fn,22,ReLUSquaredActivation,routed_expert,0
backbone.layers.22.mixer.gate,22,NemotronHTopkRouter,router,344064
backbone.layers.22.mixer.shared_experts,22,NemotronHMLP,other,0
backbone.layers.22.mixer.shared_experts.up_proj,22,Linear,shared_expert,9977856
backbone.layers.22.mixer.shared_experts.down_proj,22,Linear,shared_expert,9977856
backbone.layers.22.mixer.shared_experts.act_fn,22,ReLUSquaredActivation,shared_expert,0
backbone.layers.23,23,NemotronHBlock,other,0
backbone.layers.23.norm,23,NemotronHRMSNorm,other,2688
backbone.layers.23.mixer,23,NemotronHMamba2Mixer,mamba,192
backbone.layers.23.mixer.act,23,SiLUActivation,other,0
backbone.layers.23.mixer.conv1d,23,Conv1d,other,30720
backbone.layers.23.mixer.in_proj,23,Linear,mamba_projection,27697152
backbone.layers.23.mixer.norm,23,MambaRMSNormGated,mamba,4096
backbone.layers.23.mixer.out_proj,23,Linear,mamba_projection,11010048
backbone.layers.24,24,NemotronHBlock,other,0
backbone.layers.24.norm,24,NemotronHRMSNorm,other,2688
backbone.layers.24.mixer,24,NemotronHMOE,moe,0
backbone.layers.24.mixer.experts,24,ModuleList,other,0
backbone.layers.24.mixer.experts.0,24,NemotronHMLP,routed_expert,0
backbone.layers.24.mixer.experts.0.up_proj,24,Linear,routed_expert,4988928
backbone.layers.24.mixer.experts.0.down_proj,24,Linear,routed_expert,4988928
backbone.layers.24.mixer.experts.0.act_fn,24,ReLUSquaredActivation,routed_expert,0
backbone.layers.24.mixer.experts.1,24,NemotronHMLP,routed_expert,0
backbone.layers.24.mixer.experts.1.up_proj,24,Linear,routed_expert,4988928
backbone.layers.24.mixer.experts.1.down_proj,24,Linear,routed_expert,4988928
backbone.layers.24.mixer.experts.1.act_fn,24,ReLUSquaredActivation,routed_expert,0
backbone.layers.24.mixer.experts.2,24,NemotronHMLP,routed_expert,0
backbone.layers.24.mixer.experts.2.up_proj,24,Linear,routed_expert,4988928
backbone.layers.24.mixer.experts.2.down_proj,24,Linear,routed_expert,4988928
backbone.layers.24.mixer.experts.2.act_fn,24,ReLUSquaredActivation,routed_expert,0
backbone.layers.24.mixer.experts.3,24,NemotronHMLP,routed_expert,0
backbone.layers.24.mixer.experts.3.up_proj,24,Linear,routed_expert,4988928
backbone.layers.24.mixer.experts.3.down_proj,24,Linear,routed_expert,4988928
backbone.layers.24.mixer.experts.3.act_fn,24,ReLUSquaredActivation,routed_expert,0
backbone.layers.24.mixer.experts.4,24,NemotronHMLP,routed_expert,0
backbone.layers.24.mixer.experts.4.up_proj,24,Linear,routed_expert,4988928
backbone.layers.24.mixer.experts.4.down_proj,24,Linear,routed_expert,4988928
backbone.layers.24.mixer.experts.4.act_fn,24,ReLUSquaredActivation,routed_expert,0
backbone.layers.24.mixer.experts.5,24,NemotronHMLP,routed_expert,0
backbone.layers.24.mixer.experts.5.up_proj,24,Linear,routed_expert,4988928
backbone.layers.24.mixer.experts.5.down_proj,24,Linear,routed_expert,4988928
backbone.layers.24.mixer.experts.5.act_fn,24,ReLUSquaredActivation,routed_expert,0
backbone.layers.24.mixer.experts.6,24,NemotronHMLP,routed_expert,0
backbone.layers.24.mixer.experts.6.up_proj,24,Linear,routed_expert,4988928
backbone.layers.24.mixer.experts.6.down_proj,24,Linear,routed_expert,4988928
backbone.layers.24.mixer.experts.6.act_fn,24,ReLUSquaredActivation,routed_expert,0
backbone.layers.24.mixer.experts.7,24,NemotronHMLP,routed_expert,0
backbone.layers.24.mixer.experts.7.up_proj,24,Linear,routed_expert,4988928
backbone.layers.24.mixer.experts.7.down_proj,24,Linear,routed_expert,4988928
backbone.layers.24.mixer.experts.7.act_fn,24,ReLUSquaredActivation,routed_expert,0
backbone.layers.24.mixer.experts.8,24,NemotronHMLP,routed_expert,0
backbone.layers.24.mixer.experts.8.up_proj,24,Linear,routed_expert,4988928
backbone.layers.24.mixer.experts.8.down_proj,24,Linear,routed_expert,4988928
backbone.layers.24.mixer.experts.8.act_fn,24,ReLUSquaredActivation,routed_expert,0
backbone.layers.24.mixer.experts.9,24,NemotronHMLP,routed_expert,0
backbone.layers.24.mixer.experts.9.up_proj,24,Linear,routed_expert,4988928
backbone.layers.24.mixer.experts.9.down_proj,24,Linear,routed_expert,4988928
backbone.layers.24.mixer.experts.9.act_fn,24,ReLUSquaredActivation,routed_expert,0
backbone.layers.24.mixer.experts.10,24,NemotronHMLP,routed_expert,0
backbone.layers.24.mixer.experts.10.up_proj,24,Linear,routed_expert,4988928
backbone.layers.24.mixer.experts.10.down_proj,24,Linear,routed_expert,4988928
backbone.layers.24.mixer.experts.10.act_fn,24,ReLUSquaredActivation,routed_expert,0
backbone.layers.24.mixer.experts.11,24,NemotronHMLP,routed_expert,0
backbone.layers.24.mixer.experts.11.up_proj,24,Linear,routed_expert,4988928
backbone.layers.24.mixer.experts.11.down_proj,24,Linear,routed_expert,4988928
backbone.layers.24.mixer.experts.11.act_fn,24,ReLUSquaredActivation,routed_expert,0
backbone.layers.24.mixer.experts.12,24,NemotronHMLP,routed_expert,0
backbone.layers.24.mixer.experts.12.up_proj,24,Linear,routed_expert,4988928
backbone.layers.24.mixer.experts.12.down_proj,24,Linear,routed_expert,4988928
backbone.layers.24.mixer.experts.12.act_fn,24,ReLUSquaredActivation,routed_expert,0
backbone.layers.24.mixer.experts.13,24,NemotronHMLP,routed_expert,0
backbone.layers.24.mixer.experts.13.up_proj,24,Linear,routed_expert,4988928
backbone.layers.24.mixer.experts.13.down_proj,24,Linear,routed_expert,4988928
backbone.layers.24.mixer.experts.13.act_fn,24,ReLUSquaredActivation,routed_expert,0
backbone.layers.24.mixer.experts.14,24,NemotronHMLP,routed_expert,0
backbone.layers.24.mixer.experts.14.up_proj,24,Linear,routed_expert,4988928
backbone.layers.24.mixer.experts.14.down_proj,24,Linear,routed_expert,4988928
backbone.layers.24.mixer.experts.14.act_fn,24,ReLUSquaredActivation,routed_expert,0
backbone.layers.24.mixer.experts.15,24,NemotronHMLP,routed_expert,0
backbone.layers.24.mixer.experts.15.up_proj,24,Linear,routed_expert,4988928
backbone.layers.24.mixer.experts.15.down_proj,24,Linear,routed_expert,4988928
backbone.layers.24.mixer.experts.15.act_fn,24,ReLUSquaredActivation,routed_expert,0
backbone.layers.24.mixer.experts.16,24,NemotronHMLP,routed_expert,0
backbone.layers.24.mixer.experts.16.up_proj,24,Linear,routed_expert,4988928
backbone.layers.24.mixer.experts.16.down_proj,24,Linear,routed_expert,4988928
backbone.layers.24.mixer.experts.16.act_fn,24,ReLUSquaredActivation,routed_expert,0
backbone.layers.24.mixer.experts.17,24,NemotronHMLP,routed_expert,0
backbone.layers.24.mixer.experts.17.up_proj,24,Linear,routed_expert,4988928
backbone.layers.24.mixer.experts.17.down_proj,24,Linear,routed_expert,4988928
backbone.layers.24.mixer.experts.17.act_fn,24,ReLUSquaredActivation,routed_expert,0
backbone.layers.24.mixer.experts.18,24,NemotronHMLP,routed_expert,0
backbone.layers.24.mixer.experts.18.up_proj,24,Linear,routed_expert,4988928
backbone.layers.24.mixer.experts.18.down_proj,24,Linear,routed_expert,4988928
backbone.layers.24.mixer.experts.18.act_fn,24,ReLUSquaredActivation,routed_expert,0
backbone.layers.24.mixer.experts.19,24,NemotronHMLP,routed_expert,0
backbone.layers.24.mixer.experts.19.up_proj,24,Linear,routed_expert,4988928
backbone.layers.24.mixer.experts.19.down_proj,24,Linear,routed_expert,4988928
backbone.layers.24.mixer.experts.19.act_fn,24,ReLUSquaredActivation,routed_expert,0
backbone.layers.24.mixer.experts.20,24,NemotronHMLP,routed_expert,0
backbone.layers.24.mixer.experts.20.up_proj,24,Linear,routed_expert,4988928
backbone.layers.24.mixer.experts.20.down_proj,24,Linear,routed_expert,4988928
backbone.layers.24.mixer.experts.20.act_fn,24,ReLUSquaredActivation,routed_expert,0
backbone.layers.24.mixer.experts.21,24,NemotronHMLP,routed_expert,0
backbone.layers.24.mixer.experts.21.up_proj,24,Linear,routed_expert,4988928
backbone.layers.24.mixer.experts.21.down_proj,24,Linear,routed_expert,4988928
backbone.layers.24.mixer.experts.21.act_fn,24,ReLUSquaredActivation,routed_expert,0
backbone.layers.24.mixer.experts.22,24,NemotronHMLP,routed_expert,0
backbone.layers.24.mixer.experts.22.up_proj,24,Linear,routed_expert,4988928
backbone.layers.24.mixer.experts.22.down_proj,24,Linear,routed_expert,4988928
backbone.layers.24.mixer.experts.22.act_fn,24,ReLUSquaredActivation,routed_expert,0
backbone.layers.24.mixer.experts.23,24,NemotronHMLP,routed_expert,0
backbone.layers.24.mixer.experts.23.up_proj,24,Linear,routed_expert,4988928
backbone.layers.24.mixer.experts.23.down_proj,24,Linear,routed_expert,4988928
backbone.layers.24.mixer.experts.23.act_fn,24,ReLUSquaredActivation,routed_expert,0
backbone.layers.24.mixer.experts.24,24,NemotronHMLP,routed_expert,0
backbone.layers.24.mixer.experts.24.up_proj,24,Linear,routed_expert,4988928
backbone.layers.24.mixer.experts.24.down_proj,24,Linear,routed_expert,4988928
backbone.layers.24.mixer.experts.24.act_fn,24,ReLUSquaredActivation,routed_expert,0
backbone.layers.24.mixer.experts.25,24,NemotronHMLP,routed_expert,0
backbone.layers.24.mixer.experts.25.up_proj,24,Linear,routed_expert,4988928
backbone.layers.24.mixer.experts.25.down_proj,24,Linear,routed_expert,4988928
backbone.layers.24.mixer.experts.25.act_fn,24,ReLUSquaredActivation,routed_expert,0
backbone.layers.24.mixer.experts.26,24,NemotronHMLP,routed_expert,0
backbone.layers.24.mixer.experts.26.up_proj,24,Linear,routed_expert,4988928
backbone.layers.24.mixer.experts.26.down_proj,24,Linear,routed_expert,4988928
backbone.layers.24.mixer.experts.26.act_fn,24,ReLUSquaredActivation,routed_expert,0
backbone.layers.24.mixer.experts.27,24,NemotronHMLP,routed_expert,0
backbone.layers.24.mixer.experts.27.up_proj,24,Linear,routed_expert,4988928
backbone.layers.24.mixer.experts.27.down_proj,24,Linear,routed_expert,4988928
backbone.layers.24.mixer.experts.27.act_fn,24,ReLUSquaredActivation,routed_expert,0
backbone.layers.24.mixer.experts.28,24,NemotronHMLP,routed_expert,0
backbone.layers.24.mixer.experts.28.up_proj,24,Linear,routed_expert,4988928
backbone.layers.24.mixer.experts.28.down_proj,24,Linear,routed_expert,4988928
backbone.layers.24.mixer.experts.28.act_fn,24,ReLUSquaredActivation,routed_expert,0
backbone.layers.24.mixer.experts.29,24,NemotronHMLP,routed_expert,0
backbone.layers.24.mixer.experts.29.up_proj,24,Linear,routed_expert,4988928
backbone.layers.24.mixer.experts.29.down_proj,24,Linear,routed_expert,4988928
backbone.layers.24.mixer.experts.29.act_fn,24,ReLUSquaredActivation,routed_expert,0
backbone.layers.24.mixer.experts.30,24,NemotronHMLP,routed_expert,0
backbone.layers.24.mixer.experts.30.up_proj,24,Linear,routed_expert,4988928
backbone.layers.24.mixer.experts.30.down_proj,24,Linear,routed_expert,4988928
backbone.layers.24.mixer.experts.30.act_fn,24,ReLUSquaredActivation,routed_expert,0
backbone.layers.24.mixer.experts.31,24,NemotronHMLP,routed_expert,0
backbone.layers.24.mixer.experts.31.up_proj,24,Linear,routed_expert,4988928
backbone.layers.24.mixer.experts.31.down_proj,24,Linear,routed_expert,4988928
backbone.layers.24.mixer.experts.31.act_fn,24,ReLUSquaredActivation,routed_expert,0
backbone.layers.24.mixer.experts.32,24,NemotronHMLP,routed_expert,0
backbone.layers.24.mixer.experts.32.up_proj,24,Linear,routed_expert,4988928
backbone.layers.24.mixer.experts.32.down_proj,24,Linear,routed_expert,4988928
backbone.layers.24.mixer.experts.32.act_fn,24,ReLUSquaredActivation,routed_expert,0
backbone.layers.24.mixer.experts.33,24,NemotronHMLP,routed_expert,0
backbone.layers.24.mixer.experts.33.up_proj,24,Linear,routed_expert,4988928
backbone.layers.24.mixer.experts.33.down_proj,24,Linear,routed_expert,4988928
backbone.layers.24.mixer.experts.33.act_fn,24,ReLUSquaredActivation,routed_expert,0
backbone.layers.24.mixer.experts.34,24,NemotronHMLP,routed_expert,0
backbone.layers.24.mixer.experts.34.up_proj,24,Linear,routed_expert,4988928
backbone.layers.24.mixer.experts.34.down_proj,24,Linear,routed_expert,4988928
backbone.layers.24.mixer.experts.34.act_fn,24,ReLUSquaredActivation,routed_expert,0
backbone.layers.24.mixer.experts.35,24,NemotronHMLP,routed_expert,0
backbone.layers.24.mixer.experts.35.up_proj,24,Linear,routed_expert,4988928
backbone.layers.24.mixer.experts.35.down_proj,24,Linear,routed_expert,4988928
backbone.layers.24.mixer.experts.35.act_fn,24,ReLUSquaredActivation,routed_expert,0
backbone.layers.24.mixer.experts.36,24,NemotronHMLP,routed_expert,0
backbone.layers.24.mixer.experts.36.up_proj,24,Linear,routed_expert,4988928
backbone.layers.24.mixer.experts.36.down_proj,24,Linear,routed_expert,4988928
backbone.layers.24.mixer.experts.36.act_fn,24,ReLUSquaredActivation,routed_expert,0
backbone.layers.24.mixer.experts.37,24,NemotronHMLP,routed_expert,0
backbone.layers.24.mixer.experts.37.up_proj,24,Linear,routed_expert,4988928
backbone.layers.24.mixer.experts.37.down_proj,24,Linear,routed_expert,4988928
backbone.layers.24.mixer.experts.37.act_fn,24,ReLUSquaredActivation,routed_expert,0
backbone.layers.24.mixer.experts.38,24,NemotronHMLP,routed_expert,0
backbone.layers.24.mixer.experts.38.up_proj,24,Linear,routed_expert,4988928
backbone.layers.24.mixer.experts.38.down_proj,24,Linear,routed_expert,4988928
backbone.layers.24.mixer.experts.38.act_fn,24,ReLUSquaredActivation,routed_expert,0
backbone.layers.24.mixer.experts.39,24,NemotronHMLP,routed_expert,0
backbone.layers.24.mixer.experts.39.up_proj,24,Linear,routed_expert,4988928
backbone.layers.24.mixer.experts.39.down_proj,24,Linear,routed_expert,4988928
backbone.layers.24.mixer.experts.39.act_fn,24,ReLUSquaredActivation,routed_expert,0
backbone.layers.24.mixer.experts.40,24,NemotronHMLP,routed_expert,0
backbone.layers.24.mixer.experts.40.up_proj,24,Linear,routed_expert,4988928
backbone.layers.24.mixer.experts.40.down_proj,24,Linear,routed_expert,4988928
backbone.layers.24.mixer.experts.40.act_fn,24,ReLUSquaredActivation,routed_expert,0
backbone.layers.24.mixer.experts.41,24,NemotronHMLP,routed_expert,0
backbone.layers.24.mixer.experts.41.up_proj,24,Linear,routed_expert,4988928
backbone.layers.24.mixer.experts.41.down_proj,24,Linear,routed_expert,4988928
backbone.layers.24.mixer.experts.41.act_fn,24,ReLUSquaredActivation,routed_expert,0
backbone.layers.24.mixer.experts.42,24,NemotronHMLP,routed_expert,0
backbone.layers.24.mixer.experts.42.up_proj,24,Linear,routed_expert,4988928
backbone.layers.24.mixer.experts.42.down_proj,24,Linear,routed_expert,4988928
backbone.layers.24.mixer.experts.42.act_fn,24,ReLUSquaredActivation,routed_expert,0
backbone.layers.24.mixer.experts.43,24,NemotronHMLP,routed_expert,0
backbone.layers.24.mixer.experts.43.up_proj,24,Linear,routed_expert,4988928
backbone.layers.24.mixer.experts.43.down_proj,24,Linear,routed_expert,4988928
backbone.layers.24.mixer.experts.43.act_fn,24,ReLUSquaredActivation,routed_expert,0
backbone.layers.24.mixer.experts.44,24,NemotronHMLP,routed_expert,0
backbone.layers.24.mixer.experts.44.up_proj,24,Linear,routed_expert,4988928
backbone.layers.24.mixer.experts.44.down_proj,24,Linear,routed_expert,4988928
backbone.layers.24.mixer.experts.44.act_fn,24,ReLUSquaredActivation,routed_expert,0
backbone.layers.24.mixer.experts.45,24,NemotronHMLP,routed_expert,0
backbone.layers.24.mixer.experts.45.up_proj,24,Linear,routed_expert,4988928
backbone.layers.24.mixer.experts.45.down_proj,24,Linear,routed_expert,4988928
backbone.layers.24.mixer.experts.45.act_fn,24,ReLUSquaredActivation,routed_expert,0
backbone.layers.24.mixer.experts.46,24,NemotronHMLP,routed_expert,0
backbone.layers.24.mixer.experts.46.up_proj,24,Linear,routed_expert,4988928
backbone.layers.24.mixer.experts.46.down_proj,24,Linear,routed_expert,4988928
backbone.layers.24.mixer.experts.46.act_fn,24,ReLUSquaredActivation,routed_expert,0
backbone.layers.24.mixer.experts.47,24,NemotronHMLP,routed_expert,0
backbone.layers.24.mixer.experts.47.up_proj,24,Linear,routed_expert,4988928
backbone.layers.24.mixer.experts.47.down_proj,24,Linear,routed_expert,4988928
backbone.layers.24.mixer.experts.47.act_fn,24,ReLUSquaredActivation,routed_expert,0
backbone.layers.24.mixer.experts.48,24,NemotronHMLP,routed_expert,0
backbone.layers.24.mixer.experts.48.up_proj,24,Linear,routed_expert,4988928
backbone.layers.24.mixer.experts.48.down_proj,24,Linear,routed_expert,4988928
backbone.layers.24.mixer.experts.48.act_fn,24,ReLUSquaredActivation,routed_expert,0
backbone.layers.24.mixer.experts.49,24,NemotronHMLP,routed_expert,0
backbone.layers.24.mixer.experts.49.up_proj,24,Linear,routed_expert,4988928
backbone.layers.24.mixer.experts.49.down_proj,24,Linear,routed_expert,4988928
backbone.layers.24.mixer.experts.49.act_fn,24,ReLUSquaredActivation,routed_expert,0
backbone.layers.24.mixer.experts.50,24,NemotronHMLP,routed_expert,0
backbone.layers.24.mixer.experts.50.up_proj,24,Linear,routed_expert,4988928
backbone.layers.24.mixer.experts.50.down_proj,24,Linear,routed_expert,4988928
backbone.layers.24.mixer.experts.50.act_fn,24,ReLUSquaredActivation,routed_expert,0
backbone.layers.24.mixer.experts.51,24,NemotronHMLP,routed_expert,0
backbone.layers.24.mixer.experts.51.up_proj,24,Linear,routed_expert,4988928
backbone.layers.24.mixer.experts.51.down_proj,24,Linear,routed_expert,4988928
backbone.layers.24.mixer.experts.51.act_fn,24,ReLUSquaredActivation,routed_expert,0
backbone.layers.24.mixer.experts.52,24,NemotronHMLP,routed_expert,0
backbone.layers.24.mixer.experts.52.up_proj,24,Linear,routed_expert,4988928
backbone.layers.24.mixer.experts.52.down_proj,24,Linear,routed_expert,4988928
backbone.layers.24.mixer.experts.52.act_fn,24,ReLUSquaredActivation,routed_expert,0
backbone.layers.24.mixer.experts.53,24,NemotronHMLP,routed_expert,0
backbone.layers.24.mixer.experts.53.up_proj,24,Linear,routed_expert,4988928
backbone.layers.24.mixer.experts.53.down_proj,24,Linear,routed_expert,4988928
backbone.layers.24.mixer.experts.53.act_fn,24,ReLUSquaredActivation,routed_expert,0
backbone.layers.24.mixer.experts.54,24,NemotronHMLP,routed_expert,0
backbone.layers.24.mixer.experts.54.up_proj,24,Linear,routed_expert,4988928
backbone.layers.24.mixer.experts.54.down_proj,24,Linear,routed_expert,4988928
backbone.layers.24.mixer.experts.54.act_fn,24,ReLUSquaredActivation,routed_expert,0
backbone.layers.24.mixer.experts.55,24,NemotronHMLP,routed_expert,0
backbone.layers.24.mixer.experts.55.up_proj,24,Linear,routed_expert,4988928
backbone.layers.24.mixer.experts.55.down_proj,24,Linear,routed_expert,4988928
backbone.layers.24.mixer.experts.55.act_fn,24,ReLUSquaredActivation,routed_expert,0
backbone.layers.24.mixer.experts.56,24,NemotronHMLP,routed_expert,0
backbone.layers.24.mixer.experts.56.up_proj,24,Linear,routed_expert,4988928
backbone.layers.24.mixer.experts.56.down_proj,24,Linear,routed_expert,4988928
backbone.layers.24.mixer.experts.56.act_fn,24,ReLUSquaredActivation,routed_expert,0
backbone.layers.24.mixer.experts.57,24,NemotronHMLP,routed_expert,0
backbone.layers.24.mixer.experts.57.up_proj,24,Linear,routed_expert,4988928
backbone.layers.24.mixer.experts.57.down_proj,24,Linear,routed_expert,4988928
backbone.layers.24.mixer.experts.57.act_fn,24,ReLUSquaredActivation,routed_expert,0
backbone.layers.24.mixer.experts.58,24,NemotronHMLP,routed_expert,0
backbone.layers.24.mixer.experts.58.up_proj,24,Linear,routed_expert,4988928
backbone.layers.24.mixer.experts.58.down_proj,24,Linear,routed_expert,4988928
backbone.layers.24.mixer.experts.58.act_fn,24,ReLUSquaredActivation,routed_expert,0
backbone.layers.24.mixer.experts.59,24,NemotronHMLP,routed_expert,0
backbone.layers.24.mixer.experts.59.up_proj,24,Linear,routed_expert,4988928
backbone.layers.24.mixer.experts.59.down_proj,24,Linear,routed_expert,4988928
backbone.layers.24.mixer.experts.59.act_fn,24,ReLUSquaredActivation,routed_expert,0
backbone.layers.24.mixer.experts.60,24,NemotronHMLP,routed_expert,0
backbone.layers.24.mixer.experts.60.up_proj,24,Linear,routed_expert,4988928
backbone.layers.24.mixer.experts.60.down_proj,24,Linear,routed_expert,4988928
backbone.layers.24.mixer.experts.60.act_fn,24,ReLUSquaredActivation,routed_expert,0
backbone.layers.24.mixer.experts.61,24,NemotronHMLP,routed_expert,0
backbone.layers.24.mixer.experts.61.up_proj,24,Linear,routed_expert,4988928
backbone.layers.24.mixer.experts.61.down_proj,24,Linear,routed_expert,4988928
backbone.layers.24.mixer.experts.61.act_fn,24,ReLUSquaredActivation,routed_expert,0
backbone.layers.24.mixer.experts.62,24,NemotronHMLP,routed_expert,0
backbone.layers.24.mixer.experts.62.up_proj,24,Linear,routed_expert,4988928
backbone.layers.24.mixer.experts.62.down_proj,24,Linear,routed_expert,4988928
backbone.layers.24.mixer.experts.62.act_fn,24,ReLUSquaredActivation,routed_expert,0
backbone.layers.24.mixer.experts.63,24,NemotronHMLP,routed_expert,0
backbone.layers.24.mixer.experts.63.up_proj,24,Linear,routed_expert,4988928
backbone.layers.24.mixer.experts.63.down_proj,24,Linear,routed_expert,4988928
backbone.layers.24.mixer.experts.63.act_fn,24,ReLUSquaredActivation,routed_expert,0
backbone.layers.24.mixer.experts.64,24,NemotronHMLP,routed_expert,0
backbone.layers.24.mixer.experts.64.up_proj,24,Linear,routed_expert,4988928
backbone.layers.24.mixer.experts.64.down_proj,24,Linear,routed_expert,4988928
backbone.layers.24.mixer.experts.64.act_fn,24,ReLUSquaredActivation,routed_expert,0
backbone.layers.24.mixer.experts.65,24,NemotronHMLP,routed_expert,0
backbone.layers.24.mixer.experts.65.up_proj,24,Linear,routed_expert,4988928
backbone.layers.24.mixer.experts.65.down_proj,24,Linear,routed_expert,4988928
backbone.layers.24.mixer.experts.65.act_fn,24,ReLUSquaredActivation,routed_expert,0
backbone.layers.24.mixer.experts.66,24,NemotronHMLP,routed_expert,0
backbone.layers.24.mixer.experts.66.up_proj,24,Linear,routed_expert,4988928
backbone.layers.24.mixer.experts.66.down_proj,24,Linear,routed_expert,4988928
backbone.layers.24.mixer.experts.66.act_fn,24,ReLUSquaredActivation,routed_expert,0
backbone.layers.24.mixer.experts.67,24,NemotronHMLP,routed_expert,0
backbone.layers.24.mixer.experts.67.up_proj,24,Linear,routed_expert,4988928
backbone.layers.24.mixer.experts.67.down_proj,24,Linear,routed_expert,4988928
backbone.layers.24.mixer.experts.67.act_fn,24,ReLUSquaredActivation,routed_expert,0
backbone.layers.24.mixer.experts.68,24,NemotronHMLP,routed_expert,0
backbone.layers.24.mixer.experts.68.up_proj,24,Linear,routed_expert,4988928
backbone.layers.24.mixer.experts.68.down_proj,24,Linear,routed_expert,4988928
backbone.layers.24.mixer.experts.68.act_fn,24,ReLUSquaredActivation,routed_expert,0
backbone.layers.24.mixer.experts.69,24,NemotronHMLP,routed_expert,0
backbone.layers.24.mixer.experts.69.up_proj,24,Linear,routed_expert,4988928
backbone.layers.24.mixer.experts.69.down_proj,24,Linear,routed_expert,4988928
backbone.layers.24.mixer.experts.69.act_fn,24,ReLUSquaredActivation,routed_expert,0
backbone.layers.24.mixer.experts.70,24,NemotronHMLP,routed_expert,0
backbone.layers.24.mixer.experts.70.up_proj,24,Linear,routed_expert,4988928
backbone.layers.24.mixer.experts.70.down_proj,24,Linear,routed_expert,4988928
backbone.layers.24.mixer.experts.70.act_fn,24,ReLUSquaredActivation,routed_expert,0
backbone.layers.24.mixer.experts.71,24,NemotronHMLP,routed_expert,0
backbone.layers.24.mixer.experts.71.up_proj,24,Linear,routed_expert,4988928
backbone.layers.24.mixer.experts.71.down_proj,24,Linear,routed_expert,4988928
backbone.layers.24.mixer.experts.71.act_fn,24,ReLUSquaredActivation,routed_expert,0
backbone.layers.24.mixer.experts.72,24,NemotronHMLP,routed_expert,0
backbone.layers.24.mixer.experts.72.up_proj,24,Linear,routed_expert,4988928
backbone.layers.24.mixer.experts.72.down_proj,24,Linear,routed_expert,4988928
backbone.layers.24.mixer.experts.72.act_fn,24,ReLUSquaredActivation,routed_expert,0
backbone.layers.24.mixer.experts.73,24,NemotronHMLP,routed_expert,0
backbone.layers.24.mixer.experts.73.up_proj,24,Linear,routed_expert,4988928
backbone.layers.24.mixer.experts.73.down_proj,24,Linear,routed_expert,4988928
backbone.layers.24.mixer.experts.73.act_fn,24,ReLUSquaredActivation,routed_expert,0
backbone.layers.24.mixer.experts.74,24,NemotronHMLP,routed_expert,0
backbone.layers.24.mixer.experts.74.up_proj,24,Linear,routed_expert,4988928
backbone.layers.24.mixer.experts.74.down_proj,24,Linear,routed_expert,4988928
backbone.layers.24.mixer.experts.74.act_fn,24,ReLUSquaredActivation,routed_expert,0
backbone.layers.24.mixer.experts.75,24,NemotronHMLP,routed_expert,0
backbone.layers.24.mixer.experts.75.up_proj,24,Linear,routed_expert,4988928
backbone.layers.24.mixer.experts.75.down_proj,24,Linear,routed_expert,4988928
backbone.layers.24.mixer.experts.75.act_fn,24,ReLUSquaredActivation,routed_expert,0
backbone.layers.24.mixer.experts.76,24,NemotronHMLP,routed_expert,0
backbone.layers.24.mixer.experts.76.up_proj,24,Linear,routed_expert,4988928
backbone.layers.24.mixer.experts.76.down_proj,24,Linear,routed_expert,4988928
backbone.layers.24.mixer.experts.76.act_fn,24,ReLUSquaredActivation,routed_expert,0
backbone.layers.24.mixer.experts.77,24,NemotronHMLP,routed_expert,0
backbone.layers.24.mixer.experts.77.up_proj,24,Linear,routed_expert,4988928
backbone.layers.24.mixer.experts.77.down_proj,24,Linear,routed_expert,4988928
backbone.layers.24.mixer.experts.77.act_fn,24,ReLUSquaredActivation,routed_expert,0
backbone.layers.24.mixer.experts.78,24,NemotronHMLP,routed_expert,0
backbone.layers.24.mixer.experts.78.up_proj,24,Linear,routed_expert,4988928
backbone.layers.24.mixer.experts.78.down_proj,24,Linear,routed_expert,4988928
backbone.layers.24.mixer.experts.78.act_fn,24,ReLUSquaredActivation,routed_expert,0
backbone.layers.24.mixer.experts.79,24,NemotronHMLP,routed_expert,0
backbone.layers.24.mixer.experts.79.up_proj,24,Linear,routed_expert,4988928
backbone.layers.24.mixer.experts.79.down_proj,24,Linear,routed_expert,4988928
backbone.layers.24.mixer.experts.79.act_fn,24,ReLUSquaredActivation,routed_expert,0
backbone.layers.24.mixer.experts.80,24,NemotronHMLP,routed_expert,0
backbone.layers.24.mixer.experts.80.up_proj,24,Linear,routed_expert,4988928
backbone.layers.24.mixer.experts.80.down_proj,24,Linear,routed_expert,4988928
backbone.layers.24.mixer.experts.80.act_fn,24,ReLUSquaredActivation,routed_expert,0
backbone.layers.24.mixer.experts.81,24,NemotronHMLP,routed_expert,0
backbone.layers.24.mixer.experts.81.up_proj,24,Linear,routed_expert,4988928
backbone.layers.24.mixer.experts.81.down_proj,24,Linear,routed_expert,4988928
backbone.layers.24.mixer.experts.81.act_fn,24,ReLUSquaredActivation,routed_expert,0
backbone.layers.24.mixer.experts.82,24,NemotronHMLP,routed_expert,0
backbone.layers.24.mixer.experts.82.up_proj,24,Linear,routed_expert,4988928
backbone.layers.24.mixer.experts.82.down_proj,24,Linear,routed_expert,4988928
backbone.layers.24.mixer.experts.82.act_fn,24,ReLUSquaredActivation,routed_expert,0
backbone.layers.24.mixer.experts.83,24,NemotronHMLP,routed_expert,0
backbone.layers.24.mixer.experts.83.up_proj,24,Linear,routed_expert,4988928
backbone.layers.24.mixer.experts.83.down_proj,24,Linear,routed_expert,4988928
backbone.layers.24.mixer.experts.83.act_fn,24,ReLUSquaredActivation,routed_expert,0
backbone.layers.24.mixer.experts.84,24,NemotronHMLP,routed_expert,0
backbone.layers.24.mixer.experts.84.up_proj,24,Linear,routed_expert,4988928
backbone.layers.24.mixer.experts.84.down_proj,24,Linear,routed_expert,4988928
backbone.layers.24.mixer.experts.84.act_fn,24,ReLUSquaredActivation,routed_expert,0
backbone.layers.24.mixer.experts.85,24,NemotronHMLP,routed_expert,0
backbone.layers.24.mixer.experts.85.up_proj,24,Linear,routed_expert,4988928
backbone.layers.24.mixer.experts.85.down_proj,24,Linear,routed_expert,4988928
backbone.layers.24.mixer.experts.85.act_fn,24,ReLUSquaredActivation,routed_expert,0
backbone.layers.24.mixer.experts.86,24,NemotronHMLP,routed_expert,0
backbone.layers.24.mixer.experts.86.up_proj,24,Linear,routed_expert,4988928
backbone.layers.24.mixer.experts.86.down_proj,24,Linear,routed_expert,4988928
backbone.layers.24.mixer.experts.86.act_fn,24,ReLUSquaredActivation,routed_expert,0
backbone.layers.24.mixer.experts.87,24,NemotronHMLP,routed_expert,0
backbone.layers.24.mixer.experts.87.up_proj,24,Linear,routed_expert,4988928
backbone.layers.24.mixer.experts.87.down_proj,24,Linear,routed_expert,4988928
backbone.layers.24.mixer.experts.87.act_fn,24,ReLUSquaredActivation,routed_expert,0
backbone.layers.24.mixer.experts.88,24,NemotronHMLP,routed_expert,0
backbone.layers.24.mixer.experts.88.up_proj,24,Linear,routed_expert,4988928
backbone.layers.24.mixer.experts.88.down_proj,24,Linear,routed_expert,4988928
backbone.layers.24.mixer.experts.88.act_fn,24,ReLUSquaredActivation,routed_expert,0
backbone.layers.24.mixer.experts.89,24,NemotronHMLP,routed_expert,0
backbone.layers.24.mixer.experts.89.up_proj,24,Linear,routed_expert,4988928
backbone.layers.24.mixer.experts.89.down_proj,24,Linear,routed_expert,4988928
backbone.layers.24.mixer.experts.89.act_fn,24,ReLUSquaredActivation,routed_expert,0
backbone.layers.24.mixer.experts.90,24,NemotronHMLP,routed_expert,0
backbone.layers.24.mixer.experts.90.up_proj,24,Linear,routed_expert,4988928
backbone.layers.24.mixer.experts.90.down_proj,24,Linear,routed_expert,4988928
backbone.layers.24.mixer.experts.90.act_fn,24,ReLUSquaredActivation,routed_expert,0
backbone.layers.24.mixer.experts.91,24,NemotronHMLP,routed_expert,0
backbone.layers.24.mixer.experts.91.up_proj,24,Linear,routed_expert,4988928
backbone.layers.24.mixer.experts.91.down_proj,24,Linear,routed_expert,4988928
backbone.layers.24.mixer.experts.91.act_fn,24,ReLUSquaredActivation,routed_expert,0
backbone.layers.24.mixer.experts.92,24,NemotronHMLP,routed_expert,0
backbone.layers.24.mixer.experts.92.up_proj,24,Linear,routed_expert,4988928
backbone.layers.24.mixer.experts.92.down_proj,24,Linear,routed_expert,4988928
backbone.layers.24.mixer.experts.92.act_fn,24,ReLUSquaredActivation,routed_expert,0
backbone.layers.24.mixer.experts.93,24,NemotronHMLP,routed_expert,0
backbone.layers.24.mixer.experts.93.up_proj,24,Linear,routed_expert,4988928
backbone.layers.24.mixer.experts.93.down_proj,24,Linear,routed_expert,4988928
backbone.layers.24.mixer.experts.93.act_fn,24,ReLUSquaredActivation,routed_expert,0
backbone.layers.24.mixer.experts.94,24,NemotronHMLP,routed_expert,0
backbone.layers.24.mixer.experts.94.up_proj,24,Linear,routed_expert,4988928
backbone.layers.24.mixer.experts.94.down_proj,24,Linear,routed_expert,4988928
backbone.layers.24.mixer.experts.94.act_fn,24,ReLUSquaredActivation,routed_expert,0
backbone.layers.24.mixer.experts.95,24,NemotronHMLP,routed_expert,0
backbone.layers.24.mixer.experts.95.up_proj,24,Linear,routed_expert,4988928
backbone.layers.24.mixer.experts.95.down_proj,24,Linear,routed_expert,4988928
backbone.layers.24.mixer.experts.95.act_fn,24,ReLUSquaredActivation,routed_expert,0
backbone.layers.24.mixer.experts.96,24,NemotronHMLP,routed_expert,0
backbone.layers.24.mixer.experts.96.up_proj,24,Linear,routed_expert,4988928
backbone.layers.24.mixer.experts.96.down_proj,24,Linear,routed_expert,4988928
backbone.layers.24.mixer.experts.96.act_fn,24,ReLUSquaredActivation,routed_expert,0
backbone.layers.24.mixer.experts.97,24,NemotronHMLP,routed_expert,0
backbone.layers.24.mixer.experts.97.up_proj,24,Linear,routed_expert,4988928
backbone.layers.24.mixer.experts.97.down_proj,24,Linear,routed_expert,4988928
backbone.layers.24.mixer.experts.97.act_fn,24,ReLUSquaredActivation,routed_expert,0
backbone.layers.24.mixer.experts.98,24,NemotronHMLP,routed_expert,0
backbone.layers.24.mixer.experts.98.up_proj,24,Linear,routed_expert,4988928
backbone.layers.24.mixer.experts.98.down_proj,24,Linear,routed_expert,4988928
backbone.layers.24.mixer.experts.98.act_fn,24,ReLUSquaredActivation,routed_expert,0
backbone.layers.24.mixer.experts.99,24,NemotronHMLP,routed_expert,0
backbone.layers.24.mixer.experts.99.up_proj,24,Linear,routed_expert,4988928
backbone.layers.24.mixer.experts.99.down_proj,24,Linear,routed_expert,4988928
backbone.layers.24.mixer.experts.99.act_fn,24,ReLUSquaredActivation,routed_expert,0
backbone.layers.24.mixer.experts.100,24,NemotronHMLP,routed_expert,0
backbone.layers.24.mixer.experts.100.up_proj,24,Linear,routed_expert,4988928
backbone.layers.24.mixer.experts.100.down_proj,24,Linear,routed_expert,4988928
backbone.layers.24.mixer.experts.100.act_fn,24,ReLUSquaredActivation,routed_expert,0
backbone.layers.24.mixer.experts.101,24,NemotronHMLP,routed_expert,0
backbone.layers.24.mixer.experts.101.up_proj,24,Linear,routed_expert,4988928
backbone.layers.24.mixer.experts.101.down_proj,24,Linear,routed_expert,4988928
backbone.layers.24.mixer.experts.101.act_fn,24,ReLUSquaredActivation,routed_expert,0
backbone.layers.24.mixer.experts.102,24,NemotronHMLP,routed_expert,0
backbone.layers.24.mixer.experts.102.up_proj,24,Linear,routed_expert,4988928
backbone.layers.24.mixer.experts.102.down_proj,24,Linear,routed_expert,4988928
backbone.layers.24.mixer.experts.102.act_fn,24,ReLUSquaredActivation,routed_expert,0
backbone.layers.24.mixer.experts.103,24,NemotronHMLP,routed_expert,0
backbone.layers.24.mixer.experts.103.up_proj,24,Linear,routed_expert,4988928
backbone.layers.24.mixer.experts.103.down_proj,24,Linear,routed_expert,4988928
backbone.layers.24.mixer.experts.103.act_fn,24,ReLUSquaredActivation,routed_expert,0
backbone.layers.24.mixer.experts.104,24,NemotronHMLP,routed_expert,0
backbone.layers.24.mixer.experts.104.up_proj,24,Linear,routed_expert,4988928
backbone.layers.24.mixer.experts.104.down_proj,24,Linear,routed_expert,4988928
backbone.layers.24.mixer.experts.104.act_fn,24,ReLUSquaredActivation,routed_expert,0
backbone.layers.24.mixer.experts.105,24,NemotronHMLP,routed_expert,0
backbone.layers.24.mixer.experts.105.up_proj,24,Linear,routed_expert,4988928
backbone.layers.24.mixer.experts.105.down_proj,24,Linear,routed_expert,4988928
backbone.layers.24.mixer.experts.105.act_fn,24,ReLUSquaredActivation,routed_expert,0
backbone.layers.24.mixer.experts.106,24,NemotronHMLP,routed_expert,0
backbone.layers.24.mixer.experts.106.up_proj,24,Linear,routed_expert,4988928
backbone.layers.24.mixer.experts.106.down_proj,24,Linear,routed_expert,4988928
backbone.layers.24.mixer.experts.106.act_fn,24,ReLUSquaredActivation,routed_expert,0
backbone.layers.24.mixer.experts.107,24,NemotronHMLP,routed_expert,0
backbone.layers.24.mixer.experts.107.up_proj,24,Linear,routed_expert,4988928
backbone.layers.24.mixer.experts.107.down_proj,24,Linear,routed_expert,4988928
backbone.layers.24.mixer.experts.107.act_fn,24,ReLUSquaredActivation,routed_expert,0
backbone.layers.24.mixer.experts.108,24,NemotronHMLP,routed_expert,0
backbone.layers.24.mixer.experts.108.up_proj,24,Linear,routed_expert,4988928
backbone.layers.24.mixer.experts.108.down_proj,24,Linear,routed_expert,4988928
backbone.layers.24.mixer.experts.108.act_fn,24,ReLUSquaredActivation,routed_expert,0
backbone.layers.24.mixer.experts.109,24,NemotronHMLP,routed_expert,0
backbone.layers.24.mixer.experts.109.up_proj,24,Linear,routed_expert,4988928
backbone.layers.24.mixer.experts.109.down_proj,24,Linear,routed_expert,4988928
backbone.layers.24.mixer.experts.109.act_fn,24,ReLUSquaredActivation,routed_expert,0
backbone.layers.24.mixer.experts.110,24,NemotronHMLP,routed_expert,0
backbone.layers.24.mixer.experts.110.up_proj,24,Linear,routed_expert,4988928
backbone.layers.24.mixer.experts.110.down_proj,24,Linear,routed_expert,4988928
backbone.layers.24.mixer.experts.110.act_fn,24,ReLUSquaredActivation,routed_expert,0
backbone.layers.24.mixer.experts.111,24,NemotronHMLP,routed_expert,0
backbone.layers.24.mixer.experts.111.up_proj,24,Linear,routed_expert,4988928
backbone.layers.24.mixer.experts.111.down_proj,24,Linear,routed_expert,4988928
backbone.layers.24.mixer.experts.111.act_fn,24,ReLUSquaredActivation,routed_expert,0
backbone.layers.24.mixer.experts.112,24,NemotronHMLP,routed_expert,0
backbone.layers.24.mixer.experts.112.up_proj,24,Linear,routed_expert,4988928
backbone.layers.24.mixer.experts.112.down_proj,24,Linear,routed_expert,4988928
backbone.layers.24.mixer.experts.112.act_fn,24,ReLUSquaredActivation,routed_expert,0
backbone.layers.24.mixer.experts.113,24,NemotronHMLP,routed_expert,0
backbone.layers.24.mixer.experts.113.up_proj,24,Linear,routed_expert,4988928
backbone.layers.24.mixer.experts.113.down_proj,24,Linear,routed_expert,4988928
backbone.layers.24.mixer.experts.113.act_fn,24,ReLUSquaredActivation,routed_expert,0
backbone.layers.24.mixer.experts.114,24,NemotronHMLP,routed_expert,0
backbone.layers.24.mixer.experts.114.up_proj,24,Linear,routed_expert,4988928
backbone.layers.24.mixer.experts.114.down_proj,24,Linear,routed_expert,4988928
backbone.layers.24.mixer.experts.114.act_fn,24,ReLUSquaredActivation,routed_expert,0
backbone.layers.24.mixer.experts.115,24,NemotronHMLP,routed_expert,0
backbone.layers.24.mixer.experts.115.up_proj,24,Linear,routed_expert,4988928
backbone.layers.24.mixer.experts.115.down_proj,24,Linear,routed_expert,4988928
backbone.layers.24.mixer.experts.115.act_fn,24,ReLUSquaredActivation,routed_expert,0
backbone.layers.24.mixer.experts.116,24,NemotronHMLP,routed_expert,0
backbone.layers.24.mixer.experts.116.up_proj,24,Linear,routed_expert,4988928
backbone.layers.24.mixer.experts.116.down_proj,24,Linear,routed_expert,4988928
backbone.layers.24.mixer.experts.116.act_fn,24,ReLUSquaredActivation,routed_expert,0
backbone.layers.24.mixer.experts.117,24,NemotronHMLP,routed_expert,0
backbone.layers.24.mixer.experts.117.up_proj,24,Linear,routed_expert,4988928
backbone.layers.24.mixer.experts.117.down_proj,24,Linear,routed_expert,4988928
backbone.layers.24.mixer.experts.117.act_fn,24,ReLUSquaredActivation,routed_expert,0
backbone.layers.24.mixer.experts.118,24,NemotronHMLP,routed_expert,0
backbone.layers.24.mixer.experts.118.up_proj,24,Linear,routed_expert,4988928
backbone.layers.24.mixer.experts.118.down_proj,24,Linear,routed_expert,4988928
backbone.layers.24.mixer.experts.118.act_fn,24,ReLUSquaredActivation,routed_expert,0
backbone.layers.24.mixer.experts.119,24,NemotronHMLP,routed_expert,0
backbone.layers.24.mixer.experts.119.up_proj,24,Linear,routed_expert,4988928
backbone.layers.24.mixer.experts.119.down_proj,24,Linear,routed_expert,4988928
backbone.layers.24.mixer.experts.119.act_fn,24,ReLUSquaredActivation,routed_expert,0
backbone.layers.24.mixer.experts.120,24,NemotronHMLP,routed_expert,0
backbone.layers.24.mixer.experts.120.up_proj,24,Linear,routed_expert,4988928
backbone.layers.24.mixer.experts.120.down_proj,24,Linear,routed_expert,4988928
backbone.layers.24.mixer.experts.120.act_fn,24,ReLUSquaredActivation,routed_expert,0
backbone.layers.24.mixer.experts.121,24,NemotronHMLP,routed_expert,0
backbone.layers.24.mixer.experts.121.up_proj,24,Linear,routed_expert,4988928
backbone.layers.24.mixer.experts.121.down_proj,24,Linear,routed_expert,4988928
backbone.layers.24.mixer.experts.121.act_fn,24,ReLUSquaredActivation,routed_expert,0
backbone.layers.24.mixer.experts.122,24,NemotronHMLP,routed_expert,0
backbone.layers.24.mixer.experts.122.up_proj,24,Linear,routed_expert,4988928
backbone.layers.24.mixer.experts.122.down_proj,24,Linear,routed_expert,4988928
backbone.layers.24.mixer.experts.122.act_fn,24,ReLUSquaredActivation,routed_expert,0
backbone.layers.24.mixer.experts.123,24,NemotronHMLP,routed_expert,0
backbone.layers.24.mixer.experts.123.up_proj,24,Linear,routed_expert,4988928
backbone.layers.24.mixer.experts.123.down_proj,24,Linear,routed_expert,4988928
backbone.layers.24.mixer.experts.123.act_fn,24,ReLUSquaredActivation,routed_expert,0
backbone.layers.24.mixer.experts.124,24,NemotronHMLP,routed_expert,0
backbone.layers.24.mixer.experts.124.up_proj,24,Linear,routed_expert,4988928
backbone.layers.24.mixer.experts.124.down_proj,24,Linear,routed_expert,4988928
backbone.layers.24.mixer.experts.124.act_fn,24,ReLUSquaredActivation,routed_expert,0
backbone.layers.24.mixer.experts.125,24,NemotronHMLP,routed_expert,0
backbone.layers.24.mixer.experts.125.up_proj,24,Linear,routed_expert,4988928
backbone.layers.24.mixer.experts.125.down_proj,24,Linear,routed_expert,4988928
backbone.layers.24.mixer.experts.125.act_fn,24,ReLUSquaredActivation,routed_expert,0
backbone.layers.24.mixer.experts.126,24,NemotronHMLP,routed_expert,0
backbone.layers.24.mixer.experts.126.up_proj,24,Linear,routed_expert,4988928
backbone.layers.24.mixer.experts.126.down_proj,24,Linear,routed_expert,4988928
backbone.layers.24.mixer.experts.126.act_fn,24,ReLUSquaredActivation,routed_expert,0
backbone.layers.24.mixer.experts.127,24,NemotronHMLP,routed_expert,0
backbone.layers.24.mixer.experts.127.up_proj,24,Linear,routed_expert,4988928
backbone.layers.24.mixer.experts.127.down_proj,24,Linear,routed_expert,4988928
backbone.layers.24.mixer.experts.127.act_fn,24,ReLUSquaredActivation,routed_expert,0
backbone.layers.24.mixer.gate,24,NemotronHTopkRouter,router,344064
backbone.layers.24.mixer.shared_experts,24,NemotronHMLP,other,0
backbone.layers.24.mixer.shared_experts.up_proj,24,Linear,shared_expert,9977856
backbone.layers.24.mixer.shared_experts.down_proj,24,Linear,shared_expert,9977856
backbone.layers.24.mixer.shared_experts.act_fn,24,ReLUSquaredActivation,shared_expert,0
backbone.layers.25,25,NemotronHBlock,other,0
backbone.layers.25.norm,25,NemotronHRMSNorm,other,2688
backbone.layers.25.mixer,25,NemotronHMamba2Mixer,mamba,192
backbone.layers.25.mixer.act,25,SiLUActivation,other,0
backbone.layers.25.mixer.conv1d,25,Conv1d,other,30720
backbone.layers.25.mixer.in_proj,25,Linear,mamba_projection,27697152
backbone.layers.25.mixer.norm,25,MambaRMSNormGated,mamba,4096
backbone.layers.25.mixer.out_proj,25,Linear,mamba_projection,11010048
backbone.layers.26,26,NemotronHBlock,other,0
backbone.layers.26.norm,26,NemotronHRMSNorm,other,2688
backbone.layers.26.mixer,26,NemotronHAttention,attention,0
backbone.layers.26.mixer.q_proj,26,Linear,attention_projection,11010048
backbone.layers.26.mixer.k_proj,26,Linear,attention_projection,688128
backbone.layers.26.mixer.v_proj,26,Linear,attention_projection,688128
backbone.layers.26.mixer.o_proj,26,Linear,attention_projection,11010048
backbone.layers.27,27,NemotronHBlock,other,0
backbone.layers.27.norm,27,NemotronHRMSNorm,other,2688
backbone.layers.27.mixer,27,NemotronHMOE,moe,0
backbone.layers.27.mixer.experts,27,ModuleList,other,0
backbone.layers.27.mixer.experts.0,27,NemotronHMLP,routed_expert,0
backbone.layers.27.mixer.experts.0.up_proj,27,Linear,routed_expert,4988928
backbone.layers.27.mixer.experts.0.down_proj,27,Linear,routed_expert,4988928
backbone.layers.27.mixer.experts.0.act_fn,27,ReLUSquaredActivation,routed_expert,0
backbone.layers.27.mixer.experts.1,27,NemotronHMLP,routed_expert,0
backbone.layers.27.mixer.experts.1.up_proj,27,Linear,routed_expert,4988928
backbone.layers.27.mixer.experts.1.down_proj,27,Linear,routed_expert,4988928
backbone.layers.27.mixer.experts.1.act_fn,27,ReLUSquaredActivation,routed_expert,0
backbone.layers.27.mixer.experts.2,27,NemotronHMLP,routed_expert,0
backbone.layers.27.mixer.experts.2.up_proj,27,Linear,routed_expert,4988928
backbone.layers.27.mixer.experts.2.down_proj,27,Linear,routed_expert,4988928
backbone.layers.27.mixer.experts.2.act_fn,27,ReLUSquaredActivation,routed_expert,0
backbone.layers.27.mixer.experts.3,27,NemotronHMLP,routed_expert,0
backbone.layers.27.mixer.experts.3.up_proj,27,Linear,routed_expert,4988928
backbone.layers.27.mixer.experts.3.down_proj,27,Linear,routed_expert,4988928
backbone.layers.27.mixer.experts.3.act_fn,27,ReLUSquaredActivation,routed_expert,0
backbone.layers.27.mixer.experts.4,27,NemotronHMLP,routed_expert,0
backbone.layers.27.mixer.experts.4.up_proj,27,Linear,routed_expert,4988928
backbone.layers.27.mixer.experts.4.down_proj,27,Linear,routed_expert,4988928
backbone.layers.27.mixer.experts.4.act_fn,27,ReLUSquaredActivation,routed_expert,0
backbone.layers.27.mixer.experts.5,27,NemotronHMLP,routed_expert,0
backbone.layers.27.mixer.experts.5.up_proj,27,Linear,routed_expert,4988928
backbone.layers.27.mixer.experts.5.down_proj,27,Linear,routed_expert,4988928
backbone.layers.27.mixer.experts.5.act_fn,27,ReLUSquaredActivation,routed_expert,0
backbone.layers.27.mixer.experts.6,27,NemotronHMLP,routed_expert,0
backbone.layers.27.mixer.experts.6.up_proj,27,Linear,routed_expert,4988928
backbone.layers.27.mixer.experts.6.down_proj,27,Linear,routed_expert,4988928
backbone.layers.27.mixer.experts.6.act_fn,27,ReLUSquaredActivation,routed_expert,0
backbone.layers.27.mixer.experts.7,27,NemotronHMLP,routed_expert,0
backbone.layers.27.mixer.experts.7.up_proj,27,Linear,routed_expert,4988928
backbone.layers.27.mixer.experts.7.down_proj,27,Linear,routed_expert,4988928
backbone.layers.27.mixer.experts.7.act_fn,27,ReLUSquaredActivation,routed_expert,0
backbone.layers.27.mixer.experts.8,27,NemotronHMLP,routed_expert,0
backbone.layers.27.mixer.experts.8.up_proj,27,Linear,routed_expert,4988928
backbone.layers.27.mixer.experts.8.down_proj,27,Linear,routed_expert,4988928
backbone.layers.27.mixer.experts.8.act_fn,27,ReLUSquaredActivation,routed_expert,0
backbone.layers.27.mixer.experts.9,27,NemotronHMLP,routed_expert,0
backbone.layers.27.mixer.experts.9.up_proj,27,Linear,routed_expert,4988928
backbone.layers.27.mixer.experts.9.down_proj,27,Linear,routed_expert,4988928
backbone.layers.27.mixer.experts.9.act_fn,27,ReLUSquaredActivation,routed_expert,0
backbone.layers.27.mixer.experts.10,27,NemotronHMLP,routed_expert,0
backbone.layers.27.mixer.experts.10.up_proj,27,Linear,routed_expert,4988928
backbone.layers.27.mixer.experts.10.down_proj,27,Linear,routed_expert,4988928
backbone.layers.27.mixer.experts.10.act_fn,27,ReLUSquaredActivation,routed_expert,0
backbone.layers.27.mixer.experts.11,27,NemotronHMLP,routed_expert,0
backbone.layers.27.mixer.experts.11.up_proj,27,Linear,routed_expert,4988928
backbone.layers.27.mixer.experts.11.down_proj,27,Linear,routed_expert,4988928
backbone.layers.27.mixer.experts.11.act_fn,27,ReLUSquaredActivation,routed_expert,0
backbone.layers.27.mixer.experts.12,27,NemotronHMLP,routed_expert,0
backbone.layers.27.mixer.experts.12.up_proj,27,Linear,routed_expert,4988928
backbone.layers.27.mixer.experts.12.down_proj,27,Linear,routed_expert,4988928
backbone.layers.27.mixer.experts.12.act_fn,27,ReLUSquaredActivation,routed_expert,0
backbone.layers.27.mixer.experts.13,27,NemotronHMLP,routed_expert,0
backbone.layers.27.mixer.experts.13.up_proj,27,Linear,routed_expert,4988928
backbone.layers.27.mixer.experts.13.down_proj,27,Linear,routed_expert,4988928
backbone.layers.27.mixer.experts.13.act_fn,27,ReLUSquaredActivation,routed_expert,0
backbone.layers.27.mixer.experts.14,27,NemotronHMLP,routed_expert,0
backbone.layers.27.mixer.experts.14.up_proj,27,Linear,routed_expert,4988928
backbone.layers.27.mixer.experts.14.down_proj,27,Linear,routed_expert,4988928
backbone.layers.27.mixer.experts.14.act_fn,27,ReLUSquaredActivation,routed_expert,0
backbone.layers.27.mixer.experts.15,27,NemotronHMLP,routed_expert,0
backbone.layers.27.mixer.experts.15.up_proj,27,Linear,routed_expert,4988928
backbone.layers.27.mixer.experts.15.down_proj,27,Linear,routed_expert,4988928
backbone.layers.27.mixer.experts.15.act_fn,27,ReLUSquaredActivation,routed_expert,0
backbone.layers.27.mixer.experts.16,27,NemotronHMLP,routed_expert,0
backbone.layers.27.mixer.experts.16.up_proj,27,Linear,routed_expert,4988928
backbone.layers.27.mixer.experts.16.down_proj,27,Linear,routed_expert,4988928
backbone.layers.27.mixer.experts.16.act_fn,27,ReLUSquaredActivation,routed_expert,0
backbone.layers.27.mixer.experts.17,27,NemotronHMLP,routed_expert,0
backbone.layers.27.mixer.experts.17.up_proj,27,Linear,routed_expert,4988928
backbone.layers.27.mixer.experts.17.down_proj,27,Linear,routed_expert,4988928
backbone.layers.27.mixer.experts.17.act_fn,27,ReLUSquaredActivation,routed_expert,0
backbone.layers.27.mixer.experts.18,27,NemotronHMLP,routed_expert,0
backbone.layers.27.mixer.experts.18.up_proj,27,Linear,routed_expert,4988928
backbone.layers.27.mixer.experts.18.down_proj,27,Linear,routed_expert,4988928
backbone.layers.27.mixer.experts.18.act_fn,27,ReLUSquaredActivation,routed_expert,0
backbone.layers.27.mixer.experts.19,27,NemotronHMLP,routed_expert,0
backbone.layers.27.mixer.experts.19.up_proj,27,Linear,routed_expert,4988928
backbone.layers.27.mixer.experts.19.down_proj,27,Linear,routed_expert,4988928
backbone.layers.27.mixer.experts.19.act_fn,27,ReLUSquaredActivation,routed_expert,0
backbone.layers.27.mixer.experts.20,27,NemotronHMLP,routed_expert,0
backbone.layers.27.mixer.experts.20.up_proj,27,Linear,routed_expert,4988928
backbone.layers.27.mixer.experts.20.down_proj,27,Linear,routed_expert,4988928
backbone.layers.27.mixer.experts.20.act_fn,27,ReLUSquaredActivation,routed_expert,0
backbone.layers.27.mixer.experts.21,27,NemotronHMLP,routed_expert,0
backbone.layers.27.mixer.experts.21.up_proj,27,Linear,routed_expert,4988928
backbone.layers.27.mixer.experts.21.down_proj,27,Linear,routed_expert,4988928
backbone.layers.27.mixer.experts.21.act_fn,27,ReLUSquaredActivation,routed_expert,0
backbone.layers.27.mixer.experts.22,27,NemotronHMLP,routed_expert,0
backbone.layers.27.mixer.experts.22.up_proj,27,Linear,routed_expert,4988928
backbone.layers.27.mixer.experts.22.down_proj,27,Linear,routed_expert,4988928
backbone.layers.27.mixer.experts.22.act_fn,27,ReLUSquaredActivation,routed_expert,0
backbone.layers.27.mixer.experts.23,27,NemotronHMLP,routed_expert,0
backbone.layers.27.mixer.experts.23.up_proj,27,Linear,routed_expert,4988928
backbone.layers.27.mixer.experts.23.down_proj,27,Linear,routed_expert,4988928
backbone.layers.27.mixer.experts.23.act_fn,27,ReLUSquaredActivation,routed_expert,0
backbone.layers.27.mixer.experts.24,27,NemotronHMLP,routed_expert,0
backbone.layers.27.mixer.experts.24.up_proj,27,Linear,routed_expert,4988928
backbone.layers.27.mixer.experts.24.down_proj,27,Linear,routed_expert,4988928
backbone.layers.27.mixer.experts.24.act_fn,27,ReLUSquaredActivation,routed_expert,0
backbone.layers.27.mixer.experts.25,27,NemotronHMLP,routed_expert,0
backbone.layers.27.mixer.experts.25.up_proj,27,Linear,routed_expert,4988928
backbone.layers.27.mixer.experts.25.down_proj,27,Linear,routed_expert,4988928
backbone.layers.27.mixer.experts.25.act_fn,27,ReLUSquaredActivation,routed_expert,0
backbone.layers.27.mixer.experts.26,27,NemotronHMLP,routed_expert,0
backbone.layers.27.mixer.experts.26.up_proj,27,Linear,routed_expert,4988928
backbone.layers.27.mixer.experts.26.down_proj,27,Linear,routed_expert,4988928
backbone.layers.27.mixer.experts.26.act_fn,27,ReLUSquaredActivation,routed_expert,0
backbone.layers.27.mixer.experts.27,27,NemotronHMLP,routed_expert,0
backbone.layers.27.mixer.experts.27.up_proj,27,Linear,routed_expert,4988928
backbone.layers.27.mixer.experts.27.down_proj,27,Linear,routed_expert,4988928
backbone.layers.27.mixer.experts.27.act_fn,27,ReLUSquaredActivation,routed_expert,0
backbone.layers.27.mixer.experts.28,27,NemotronHMLP,routed_expert,0
backbone.layers.27.mixer.experts.28.up_proj,27,Linear,routed_expert,4988928
backbone.layers.27.mixer.experts.28.down_proj,27,Linear,routed_expert,4988928
backbone.layers.27.mixer.experts.28.act_fn,27,ReLUSquaredActivation,routed_expert,0
backbone.layers.27.mixer.experts.29,27,NemotronHMLP,routed_expert,0
backbone.layers.27.mixer.experts.29.up_proj,27,Linear,routed_expert,4988928
backbone.layers.27.mixer.experts.29.down_proj,27,Linear,routed_expert,4988928
backbone.layers.27.mixer.experts.29.act_fn,27,ReLUSquaredActivation,routed_expert,0
backbone.layers.27.mixer.experts.30,27,NemotronHMLP,routed_expert,0
backbone.layers.27.mixer.experts.30.up_proj,27,Linear,routed_expert,4988928
backbone.layers.27.mixer.experts.30.down_proj,27,Linear,routed_expert,4988928
backbone.layers.27.mixer.experts.30.act_fn,27,ReLUSquaredActivation,routed_expert,0
backbone.layers.27.mixer.experts.31,27,NemotronHMLP,routed_expert,0
backbone.layers.27.mixer.experts.31.up_proj,27,Linear,routed_expert,4988928
backbone.layers.27.mixer.experts.31.down_proj,27,Linear,routed_expert,4988928
backbone.layers.27.mixer.experts.31.act_fn,27,ReLUSquaredActivation,routed_expert,0
backbone.layers.27.mixer.experts.32,27,NemotronHMLP,routed_expert,0
backbone.layers.27.mixer.experts.32.up_proj,27,Linear,routed_expert,4988928
backbone.layers.27.mixer.experts.32.down_proj,27,Linear,routed_expert,4988928
backbone.layers.27.mixer.experts.32.act_fn,27,ReLUSquaredActivation,routed_expert,0
backbone.layers.27.mixer.experts.33,27,NemotronHMLP,routed_expert,0
backbone.layers.27.mixer.experts.33.up_proj,27,Linear,routed_expert,4988928
backbone.layers.27.mixer.experts.33.down_proj,27,Linear,routed_expert,4988928
backbone.layers.27.mixer.experts.33.act_fn,27,ReLUSquaredActivation,routed_expert,0
backbone.layers.27.mixer.experts.34,27,NemotronHMLP,routed_expert,0
backbone.layers.27.mixer.experts.34.up_proj,27,Linear,routed_expert,4988928
backbone.layers.27.mixer.experts.34.down_proj,27,Linear,routed_expert,4988928
backbone.layers.27.mixer.experts.34.act_fn,27,ReLUSquaredActivation,routed_expert,0
backbone.layers.27.mixer.experts.35,27,NemotronHMLP,routed_expert,0
backbone.layers.27.mixer.experts.35.up_proj,27,Linear,routed_expert,4988928
backbone.layers.27.mixer.experts.35.down_proj,27,Linear,routed_expert,4988928
backbone.layers.27.mixer.experts.35.act_fn,27,ReLUSquaredActivation,routed_expert,0
backbone.layers.27.mixer.experts.36,27,NemotronHMLP,routed_expert,0
backbone.layers.27.mixer.experts.36.up_proj,27,Linear,routed_expert,4988928
backbone.layers.27.mixer.experts.36.down_proj,27,Linear,routed_expert,4988928
backbone.layers.27.mixer.experts.36.act_fn,27,ReLUSquaredActivation,routed_expert,0
backbone.layers.27.mixer.experts.37,27,NemotronHMLP,routed_expert,0
backbone.layers.27.mixer.experts.37.up_proj,27,Linear,routed_expert,4988928
backbone.layers.27.mixer.experts.37.down_proj,27,Linear,routed_expert,4988928
backbone.layers.27.mixer.experts.37.act_fn,27,ReLUSquaredActivation,routed_expert,0
backbone.layers.27.mixer.experts.38,27,NemotronHMLP,routed_expert,0
backbone.layers.27.mixer.experts.38.up_proj,27,Linear,routed_expert,4988928
backbone.layers.27.mixer.experts.38.down_proj,27,Linear,routed_expert,4988928
backbone.layers.27.mixer.experts.38.act_fn,27,ReLUSquaredActivation,routed_expert,0
backbone.layers.27.mixer.experts.39,27,NemotronHMLP,routed_expert,0
backbone.layers.27.mixer.experts.39.up_proj,27,Linear,routed_expert,4988928
backbone.layers.27.mixer.experts.39.down_proj,27,Linear,routed_expert,4988928
backbone.layers.27.mixer.experts.39.act_fn,27,ReLUSquaredActivation,routed_expert,0
backbone.layers.27.mixer.experts.40,27,NemotronHMLP,routed_expert,0
backbone.layers.27.mixer.experts.40.up_proj,27,Linear,routed_expert,4988928
backbone.layers.27.mixer.experts.40.down_proj,27,Linear,routed_expert,4988928
backbone.layers.27.mixer.experts.40.act_fn,27,ReLUSquaredActivation,routed_expert,0
backbone.layers.27.mixer.experts.41,27,NemotronHMLP,routed_expert,0
backbone.layers.27.mixer.experts.41.up_proj,27,Linear,routed_expert,4988928
backbone.layers.27.mixer.experts.41.down_proj,27,Linear,routed_expert,4988928
backbone.layers.27.mixer.experts.41.act_fn,27,ReLUSquaredActivation,routed_expert,0
backbone.layers.27.mixer.experts.42,27,NemotronHMLP,routed_expert,0
backbone.layers.27.mixer.experts.42.up_proj,27,Linear,routed_expert,4988928
backbone.layers.27.mixer.experts.42.down_proj,27,Linear,routed_expert,4988928
backbone.layers.27.mixer.experts.42.act_fn,27,ReLUSquaredActivation,routed_expert,0
backbone.layers.27.mixer.experts.43,27,NemotronHMLP,routed_expert,0
backbone.layers.27.mixer.experts.43.up_proj,27,Linear,routed_expert,4988928
backbone.layers.27.mixer.experts.43.down_proj,27,Linear,routed_expert,4988928
backbone.layers.27.mixer.experts.43.act_fn,27,ReLUSquaredActivation,routed_expert,0
backbone.layers.27.mixer.experts.44,27,NemotronHMLP,routed_expert,0
backbone.layers.27.mixer.experts.44.up_proj,27,Linear,routed_expert,4988928
backbone.layers.27.mixer.experts.44.down_proj,27,Linear,routed_expert,4988928
backbone.layers.27.mixer.experts.44.act_fn,27,ReLUSquaredActivation,routed_expert,0
backbone.layers.27.mixer.experts.45,27,NemotronHMLP,routed_expert,0
backbone.layers.27.mixer.experts.45.up_proj,27,Linear,routed_expert,4988928
backbone.layers.27.mixer.experts.45.down_proj,27,Linear,routed_expert,4988928
backbone.layers.27.mixer.experts.45.act_fn,27,ReLUSquaredActivation,routed_expert,0
backbone.layers.27.mixer.experts.46,27,NemotronHMLP,routed_expert,0
backbone.layers.27.mixer.experts.46.up_proj,27,Linear,routed_expert,4988928
backbone.layers.27.mixer.experts.46.down_proj,27,Linear,routed_expert,4988928
backbone.layers.27.mixer.experts.46.act_fn,27,ReLUSquaredActivation,routed_expert,0
backbone.layers.27.mixer.experts.47,27,NemotronHMLP,routed_expert,0
backbone.layers.27.mixer.experts.47.up_proj,27,Linear,routed_expert,4988928
backbone.layers.27.mixer.experts.47.down_proj,27,Linear,routed_expert,4988928
backbone.layers.27.mixer.experts.47.act_fn,27,ReLUSquaredActivation,routed_expert,0
backbone.layers.27.mixer.experts.48,27,NemotronHMLP,routed_expert,0
backbone.layers.27.mixer.experts.48.up_proj,27,Linear,routed_expert,4988928
backbone.layers.27.mixer.experts.48.down_proj,27,Linear,routed_expert,4988928
backbone.layers.27.mixer.experts.48.act_fn,27,ReLUSquaredActivation,routed_expert,0
backbone.layers.27.mixer.experts.49,27,NemotronHMLP,routed_expert,0
backbone.layers.27.mixer.experts.49.up_proj,27,Linear,routed_expert,4988928
backbone.layers.27.mixer.experts.49.down_proj,27,Linear,routed_expert,4988928
backbone.layers.27.mixer.experts.49.act_fn,27,ReLUSquaredActivation,routed_expert,0
backbone.layers.27.mixer.experts.50,27,NemotronHMLP,routed_expert,0
backbone.layers.27.mixer.experts.50.up_proj,27,Linear,routed_expert,4988928
backbone.layers.27.mixer.experts.50.down_proj,27,Linear,routed_expert,4988928
backbone.layers.27.mixer.experts.50.act_fn,27,ReLUSquaredActivation,routed_expert,0
backbone.layers.27.mixer.experts.51,27,NemotronHMLP,routed_expert,0
backbone.layers.27.mixer.experts.51.up_proj,27,Linear,routed_expert,4988928
backbone.layers.27.mixer.experts.51.down_proj,27,Linear,routed_expert,4988928
backbone.layers.27.mixer.experts.51.act_fn,27,ReLUSquaredActivation,routed_expert,0
backbone.layers.27.mixer.experts.52,27,NemotronHMLP,routed_expert,0
backbone.layers.27.mixer.experts.52.up_proj,27,Linear,routed_expert,4988928
backbone.layers.27.mixer.experts.52.down_proj,27,Linear,routed_expert,4988928
backbone.layers.27.mixer.experts.52.act_fn,27,ReLUSquaredActivation,routed_expert,0
backbone.layers.27.mixer.experts.53,27,NemotronHMLP,routed_expert,0
backbone.layers.27.mixer.experts.53.up_proj,27,Linear,routed_expert,4988928
backbone.layers.27.mixer.experts.53.down_proj,27,Linear,routed_expert,4988928
backbone.layers.27.mixer.experts.53.act_fn,27,ReLUSquaredActivation,routed_expert,0
backbone.layers.27.mixer.experts.54,27,NemotronHMLP,routed_expert,0
backbone.layers.27.mixer.experts.54.up_proj,27,Linear,routed_expert,4988928
backbone.layers.27.mixer.experts.54.down_proj,27,Linear,routed_expert,4988928
backbone.layers.27.mixer.experts.54.act_fn,27,ReLUSquaredActivation,routed_expert,0
backbone.layers.27.mixer.experts.55,27,NemotronHMLP,routed_expert,0
backbone.layers.27.mixer.experts.55.up_proj,27,Linear,routed_expert,4988928
backbone.layers.27.mixer.experts.55.down_proj,27,Linear,routed_expert,4988928
backbone.layers.27.mixer.experts.55.act_fn,27,ReLUSquaredActivation,routed_expert,0
backbone.layers.27.mixer.experts.56,27,NemotronHMLP,routed_expert,0
backbone.layers.27.mixer.experts.56.up_proj,27,Linear,routed_expert,4988928
backbone.layers.27.mixer.experts.56.down_proj,27,Linear,routed_expert,4988928
backbone.layers.27.mixer.experts.56.act_fn,27,ReLUSquaredActivation,routed_expert,0
backbone.layers.27.mixer.experts.57,27,NemotronHMLP,routed_expert,0
backbone.layers.27.mixer.experts.57.up_proj,27,Linear,routed_expert,4988928
backbone.layers.27.mixer.experts.57.down_proj,27,Linear,routed_expert,4988928
backbone.layers.27.mixer.experts.57.act_fn,27,ReLUSquaredActivation,routed_expert,0
backbone.layers.27.mixer.experts.58,27,NemotronHMLP,routed_expert,0
backbone.layers.27.mixer.experts.58.up_proj,27,Linear,routed_expert,4988928
backbone.layers.27.mixer.experts.58.down_proj,27,Linear,routed_expert,4988928
backbone.layers.27.mixer.experts.58.act_fn,27,ReLUSquaredActivation,routed_expert,0
backbone.layers.27.mixer.experts.59,27,NemotronHMLP,routed_expert,0
backbone.layers.27.mixer.experts.59.up_proj,27,Linear,routed_expert,4988928
backbone.layers.27.mixer.experts.59.down_proj,27,Linear,routed_expert,4988928
backbone.layers.27.mixer.experts.59.act_fn,27,ReLUSquaredActivation,routed_expert,0
backbone.layers.27.mixer.experts.60,27,NemotronHMLP,routed_expert,0
backbone.layers.27.mixer.experts.60.up_proj,27,Linear,routed_expert,4988928
backbone.layers.27.mixer.experts.60.down_proj,27,Linear,routed_expert,4988928
backbone.layers.27.mixer.experts.60.act_fn,27,ReLUSquaredActivation,routed_expert,0
backbone.layers.27.mixer.experts.61,27,NemotronHMLP,routed_expert,0
backbone.layers.27.mixer.experts.61.up_proj,27,Linear,routed_expert,4988928
backbone.layers.27.mixer.experts.61.down_proj,27,Linear,routed_expert,4988928
backbone.layers.27.mixer.experts.61.act_fn,27,ReLUSquaredActivation,routed_expert,0
backbone.layers.27.mixer.experts.62,27,NemotronHMLP,routed_expert,0
backbone.layers.27.mixer.experts.62.up_proj,27,Linear,routed_expert,4988928
backbone.layers.27.mixer.experts.62.down_proj,27,Linear,routed_expert,4988928
backbone.layers.27.mixer.experts.62.act_fn,27,ReLUSquaredActivation,routed_expert,0
backbone.layers.27.mixer.experts.63,27,NemotronHMLP,routed_expert,0
backbone.layers.27.mixer.experts.63.up_proj,27,Linear,routed_expert,4988928
backbone.layers.27.mixer.experts.63.down_proj,27,Linear,routed_expert,4988928
backbone.layers.27.mixer.experts.63.act_fn,27,ReLUSquaredActivation,routed_expert,0
backbone.layers.27.mixer.experts.64,27,NemotronHMLP,routed_expert,0
backbone.layers.27.mixer.experts.64.up_proj,27,Linear,routed_expert,4988928
backbone.layers.27.mixer.experts.64.down_proj,27,Linear,routed_expert,4988928
backbone.layers.27.mixer.experts.64.act_fn,27,ReLUSquaredActivation,routed_expert,0
backbone.layers.27.mixer.experts.65,27,NemotronHMLP,routed_expert,0
backbone.layers.27.mixer.experts.65.up_proj,27,Linear,routed_expert,4988928
backbone.layers.27.mixer.experts.65.down_proj,27,Linear,routed_expert,4988928
backbone.layers.27.mixer.experts.65.act_fn,27,ReLUSquaredActivation,routed_expert,0
backbone.layers.27.mixer.experts.66,27,NemotronHMLP,routed_expert,0
backbone.layers.27.mixer.experts.66.up_proj,27,Linear,routed_expert,4988928
backbone.layers.27.mixer.experts.66.down_proj,27,Linear,routed_expert,4988928
backbone.layers.27.mixer.experts.66.act_fn,27,ReLUSquaredActivation,routed_expert,0
backbone.layers.27.mixer.experts.67,27,NemotronHMLP,routed_expert,0
backbone.layers.27.mixer.experts.67.up_proj,27,Linear,routed_expert,4988928
backbone.layers.27.mixer.experts.67.down_proj,27,Linear,routed_expert,4988928
backbone.layers.27.mixer.experts.67.act_fn,27,ReLUSquaredActivation,routed_expert,0
backbone.layers.27.mixer.experts.68,27,NemotronHMLP,routed_expert,0
backbone.layers.27.mixer.experts.68.up_proj,27,Linear,routed_expert,4988928
backbone.layers.27.mixer.experts.68.down_proj,27,Linear,routed_expert,4988928
backbone.layers.27.mixer.experts.68.act_fn,27,ReLUSquaredActivation,routed_expert,0
backbone.layers.27.mixer.experts.69,27,NemotronHMLP,routed_expert,0
backbone.layers.27.mixer.experts.69.up_proj,27,Linear,routed_expert,4988928
backbone.layers.27.mixer.experts.69.down_proj,27,Linear,routed_expert,4988928
backbone.layers.27.mixer.experts.69.act_fn,27,ReLUSquaredActivation,routed_expert,0
backbone.layers.27.mixer.experts.70,27,NemotronHMLP,routed_expert,0
backbone.layers.27.mixer.experts.70.up_proj,27,Linear,routed_expert,4988928
backbone.layers.27.mixer.experts.70.down_proj,27,Linear,routed_expert,4988928
backbone.layers.27.mixer.experts.70.act_fn,27,ReLUSquaredActivation,routed_expert,0
backbone.layers.27.mixer.experts.71,27,NemotronHMLP,routed_expert,0
backbone.layers.27.mixer.experts.71.up_proj,27,Linear,routed_expert,4988928
backbone.layers.27.mixer.experts.71.down_proj,27,Linear,routed_expert,4988928
backbone.layers.27.mixer.experts.71.act_fn,27,ReLUSquaredActivation,routed_expert,0
backbone.layers.27.mixer.experts.72,27,NemotronHMLP,routed_expert,0
backbone.layers.27.mixer.experts.72.up_proj,27,Linear,routed_expert,4988928
backbone.layers.27.mixer.experts.72.down_proj,27,Linear,routed_expert,4988928
backbone.layers.27.mixer.experts.72.act_fn,27,ReLUSquaredActivation,routed_expert,0
backbone.layers.27.mixer.experts.73,27,NemotronHMLP,routed_expert,0
backbone.layers.27.mixer.experts.73.up_proj,27,Linear,routed_expert,4988928
backbone.layers.27.mixer.experts.73.down_proj,27,Linear,routed_expert,4988928
backbone.layers.27.mixer.experts.73.act_fn,27,ReLUSquaredActivation,routed_expert,0
backbone.layers.27.mixer.experts.74,27,NemotronHMLP,routed_expert,0
backbone.layers.27.mixer.experts.74.up_proj,27,Linear,routed_expert,4988928
backbone.layers.27.mixer.experts.74.down_proj,27,Linear,routed_expert,4988928
backbone.layers.27.mixer.experts.74.act_fn,27,ReLUSquaredActivation,routed_expert,0
backbone.layers.27.mixer.experts.75,27,NemotronHMLP,routed_expert,0
backbone.layers.27.mixer.experts.75.up_proj,27,Linear,routed_expert,4988928
backbone.layers.27.mixer.experts.75.down_proj,27,Linear,routed_expert,4988928
backbone.layers.27.mixer.experts.75.act_fn,27,ReLUSquaredActivation,routed_expert,0
backbone.layers.27.mixer.experts.76,27,NemotronHMLP,routed_expert,0
backbone.layers.27.mixer.experts.76.up_proj,27,Linear,routed_expert,4988928
backbone.layers.27.mixer.experts.76.down_proj,27,Linear,routed_expert,4988928
backbone.layers.27.mixer.experts.76.act_fn,27,ReLUSquaredActivation,routed_expert,0
backbone.layers.27.mixer.experts.77,27,NemotronHMLP,routed_expert,0
backbone.layers.27.mixer.experts.77.up_proj,27,Linear,routed_expert,4988928
backbone.layers.27.mixer.experts.77.down_proj,27,Linear,routed_expert,4988928
backbone.layers.27.mixer.experts.77.act_fn,27,ReLUSquaredActivation,routed_expert,0
backbone.layers.27.mixer.experts.78,27,NemotronHMLP,routed_expert,0
backbone.layers.27.mixer.experts.78.up_proj,27,Linear,routed_expert,4988928
backbone.layers.27.mixer.experts.78.down_proj,27,Linear,routed_expert,4988928
backbone.layers.27.mixer.experts.78.act_fn,27,ReLUSquaredActivation,routed_expert,0
backbone.layers.27.mixer.experts.79,27,NemotronHMLP,routed_expert,0
backbone.layers.27.mixer.experts.79.up_proj,27,Linear,routed_expert,4988928
backbone.layers.27.mixer.experts.79.down_proj,27,Linear,routed_expert,4988928
backbone.layers.27.mixer.experts.79.act_fn,27,ReLUSquaredActivation,routed_expert,0
backbone.layers.27.mixer.experts.80,27,NemotronHMLP,routed_expert,0
backbone.layers.27.mixer.experts.80.up_proj,27,Linear,routed_expert,4988928
backbone.layers.27.mixer.experts.80.down_proj,27,Linear,routed_expert,4988928
backbone.layers.27.mixer.experts.80.act_fn,27,ReLUSquaredActivation,routed_expert,0
backbone.layers.27.mixer.experts.81,27,NemotronHMLP,routed_expert,0
backbone.layers.27.mixer.experts.81.up_proj,27,Linear,routed_expert,4988928
backbone.layers.27.mixer.experts.81.down_proj,27,Linear,routed_expert,4988928
backbone.layers.27.mixer.experts.81.act_fn,27,ReLUSquaredActivation,routed_expert,0
backbone.layers.27.mixer.experts.82,27,NemotronHMLP,routed_expert,0
backbone.layers.27.mixer.experts.82.up_proj,27,Linear,routed_expert,4988928
backbone.layers.27.mixer.experts.82.down_proj,27,Linear,routed_expert,4988928
backbone.layers.27.mixer.experts.82.act_fn,27,ReLUSquaredActivation,routed_expert,0
backbone.layers.27.mixer.experts.83,27,NemotronHMLP,routed_expert,0
backbone.layers.27.mixer.experts.83.up_proj,27,Linear,routed_expert,4988928
backbone.layers.27.mixer.experts.83.down_proj,27,Linear,routed_expert,4988928
backbone.layers.27.mixer.experts.83.act_fn,27,ReLUSquaredActivation,routed_expert,0
backbone.layers.27.mixer.experts.84,27,NemotronHMLP,routed_expert,0
backbone.layers.27.mixer.experts.84.up_proj,27,Linear,routed_expert,4988928
backbone.layers.27.mixer.experts.84.down_proj,27,Linear,routed_expert,4988928
backbone.layers.27.mixer.experts.84.act_fn,27,ReLUSquaredActivation,routed_expert,0
backbone.layers.27.mixer.experts.85,27,NemotronHMLP,routed_expert,0
backbone.layers.27.mixer.experts.85.up_proj,27,Linear,routed_expert,4988928
backbone.layers.27.mixer.experts.85.down_proj,27,Linear,routed_expert,4988928
backbone.layers.27.mixer.experts.85.act_fn,27,ReLUSquaredActivation,routed_expert,0
backbone.layers.27.mixer.experts.86,27,NemotronHMLP,routed_expert,0
backbone.layers.27.mixer.experts.86.up_proj,27,Linear,routed_expert,4988928
backbone.layers.27.mixer.experts.86.down_proj,27,Linear,routed_expert,4988928
backbone.layers.27.mixer.experts.86.act_fn,27,ReLUSquaredActivation,routed_expert,0
backbone.layers.27.mixer.experts.87,27,NemotronHMLP,routed_expert,0
backbone.layers.27.mixer.experts.87.up_proj,27,Linear,routed_expert,4988928
backbone.layers.27.mixer.experts.87.down_proj,27,Linear,routed_expert,4988928
backbone.layers.27.mixer.experts.87.act_fn,27,ReLUSquaredActivation,routed_expert,0
backbone.layers.27.mixer.experts.88,27,NemotronHMLP,routed_expert,0
backbone.layers.27.mixer.experts.88.up_proj,27,Linear,routed_expert,4988928
backbone.layers.27.mixer.experts.88.down_proj,27,Linear,routed_expert,4988928
backbone.layers.27.mixer.experts.88.act_fn,27,ReLUSquaredActivation,routed_expert,0
backbone.layers.27.mixer.experts.89,27,NemotronHMLP,routed_expert,0
backbone.layers.27.mixer.experts.89.up_proj,27,Linear,routed_expert,4988928
backbone.layers.27.mixer.experts.89.down_proj,27,Linear,routed_expert,4988928
backbone.layers.27.mixer.experts.89.act_fn,27,ReLUSquaredActivation,routed_expert,0
backbone.layers.27.mixer.experts.90,27,NemotronHMLP,routed_expert,0
backbone.layers.27.mixer.experts.90.up_proj,27,Linear,routed_expert,4988928
backbone.layers.27.mixer.experts.90.down_proj,27,Linear,routed_expert,4988928
backbone.layers.27.mixer.experts.90.act_fn,27,ReLUSquaredActivation,routed_expert,0
backbone.layers.27.mixer.experts.91,27,NemotronHMLP,routed_expert,0
backbone.layers.27.mixer.experts.91.up_proj,27,Linear,routed_expert,4988928
backbone.layers.27.mixer.experts.91.down_proj,27,Linear,routed_expert,4988928
backbone.layers.27.mixer.experts.91.act_fn,27,ReLUSquaredActivation,routed_expert,0
backbone.layers.27.mixer.experts.92,27,NemotronHMLP,routed_expert,0
backbone.layers.27.mixer.experts.92.up_proj,27,Linear,routed_expert,4988928
backbone.layers.27.mixer.experts.92.down_proj,27,Linear,routed_expert,4988928
backbone.layers.27.mixer.experts.92.act_fn,27,ReLUSquaredActivation,routed_expert,0
backbone.layers.27.mixer.experts.93,27,NemotronHMLP,routed_expert,0
backbone.layers.27.mixer.experts.93.up_proj,27,Linear,routed_expert,4988928
backbone.layers.27.mixer.experts.93.down_proj,27,Linear,routed_expert,4988928
backbone.layers.27.mixer.experts.93.act_fn,27,ReLUSquaredActivation,routed_expert,0
backbone.layers.27.mixer.experts.94,27,NemotronHMLP,routed_expert,0
backbone.layers.27.mixer.experts.94.up_proj,27,Linear,routed_expert,4988928
backbone.layers.27.mixer.experts.94.down_proj,27,Linear,routed_expert,4988928
backbone.layers.27.mixer.experts.94.act_fn,27,ReLUSquaredActivation,routed_expert,0
backbone.layers.27.mixer.experts.95,27,NemotronHMLP,routed_expert,0
backbone.layers.27.mixer.experts.95.up_proj,27,Linear,routed_expert,4988928
backbone.layers.27.mixer.experts.95.down_proj,27,Linear,routed_expert,4988928
backbone.layers.27.mixer.experts.95.act_fn,27,ReLUSquaredActivation,routed_expert,0
backbone.layers.27.mixer.experts.96,27,NemotronHMLP,routed_expert,0
backbone.layers.27.mixer.experts.96.up_proj,27,Linear,routed_expert,4988928
backbone.layers.27.mixer.experts.96.down_proj,27,Linear,routed_expert,4988928
backbone.layers.27.mixer.experts.96.act_fn,27,ReLUSquaredActivation,routed_expert,0
backbone.layers.27.mixer.experts.97,27,NemotronHMLP,routed_expert,0
backbone.layers.27.mixer.experts.97.up_proj,27,Linear,routed_expert,4988928
backbone.layers.27.mixer.experts.97.down_proj,27,Linear,routed_expert,4988928
backbone.layers.27.mixer.experts.97.act_fn,27,ReLUSquaredActivation,routed_expert,0
backbone.layers.27.mixer.experts.98,27,NemotronHMLP,routed_expert,0
backbone.layers.27.mixer.experts.98.up_proj,27,Linear,routed_expert,4988928
backbone.layers.27.mixer.experts.98.down_proj,27,Linear,routed_expert,4988928
backbone.layers.27.mixer.experts.98.act_fn,27,ReLUSquaredActivation,routed_expert,0
backbone.layers.27.mixer.experts.99,27,NemotronHMLP,routed_expert,0
backbone.layers.27.mixer.experts.99.up_proj,27,Linear,routed_expert,4988928
backbone.layers.27.mixer.experts.99.down_proj,27,Linear,routed_expert,4988928
backbone.layers.27.mixer.experts.99.act_fn,27,ReLUSquaredActivation,routed_expert,0
backbone.layers.27.mixer.experts.100,27,NemotronHMLP,routed_expert,0
backbone.layers.27.mixer.experts.100.up_proj,27,Linear,routed_expert,4988928
backbone.layers.27.mixer.experts.100.down_proj,27,Linear,routed_expert,4988928
backbone.layers.27.mixer.experts.100.act_fn,27,ReLUSquaredActivation,routed_expert,0
backbone.layers.27.mixer.experts.101,27,NemotronHMLP,routed_expert,0
backbone.layers.27.mixer.experts.101.up_proj,27,Linear,routed_expert,4988928
backbone.layers.27.mixer.experts.101.down_proj,27,Linear,routed_expert,4988928
backbone.layers.27.mixer.experts.101.act_fn,27,ReLUSquaredActivation,routed_expert,0
backbone.layers.27.mixer.experts.102,27,NemotronHMLP,routed_expert,0
backbone.layers.27.mixer.experts.102.up_proj,27,Linear,routed_expert,4988928
backbone.layers.27.mixer.experts.102.down_proj,27,Linear,routed_expert,4988928
backbone.layers.27.mixer.experts.102.act_fn,27,ReLUSquaredActivation,routed_expert,0
backbone.layers.27.mixer.experts.103,27,NemotronHMLP,routed_expert,0
backbone.layers.27.mixer.experts.103.up_proj,27,Linear,routed_expert,4988928
backbone.layers.27.mixer.experts.103.down_proj,27,Linear,routed_expert,4988928
backbone.layers.27.mixer.experts.103.act_fn,27,ReLUSquaredActivation,routed_expert,0
backbone.layers.27.mixer.experts.104,27,NemotronHMLP,routed_expert,0
backbone.layers.27.mixer.experts.104.up_proj,27,Linear,routed_expert,4988928
backbone.layers.27.mixer.experts.104.down_proj,27,Linear,routed_expert,4988928
backbone.layers.27.mixer.experts.104.act_fn,27,ReLUSquaredActivation,routed_expert,0
backbone.layers.27.mixer.experts.105,27,NemotronHMLP,routed_expert,0
backbone.layers.27.mixer.experts.105.up_proj,27,Linear,routed_expert,4988928
backbone.layers.27.mixer.experts.105.down_proj,27,Linear,routed_expert,4988928
backbone.layers.27.mixer.experts.105.act_fn,27,ReLUSquaredActivation,routed_expert,0
backbone.layers.27.mixer.experts.106,27,NemotronHMLP,routed_expert,0
backbone.layers.27.mixer.experts.106.up_proj,27,Linear,routed_expert,4988928
backbone.layers.27.mixer.experts.106.down_proj,27,Linear,routed_expert,4988928
backbone.layers.27.mixer.experts.106.act_fn,27,ReLUSquaredActivation,routed_expert,0
backbone.layers.27.mixer.experts.107,27,NemotronHMLP,routed_expert,0
backbone.layers.27.mixer.experts.107.up_proj,27,Linear,routed_expert,4988928
backbone.layers.27.mixer.experts.107.down_proj,27,Linear,routed_expert,4988928
backbone.layers.27.mixer.experts.107.act_fn,27,ReLUSquaredActivation,routed_expert,0
backbone.layers.27.mixer.experts.108,27,NemotronHMLP,routed_expert,0
backbone.layers.27.mixer.experts.108.up_proj,27,Linear,routed_expert,4988928
backbone.layers.27.mixer.experts.108.down_proj,27,Linear,routed_expert,4988928
backbone.layers.27.mixer.experts.108.act_fn,27,ReLUSquaredActivation,routed_expert,0
backbone.layers.27.mixer.experts.109,27,NemotronHMLP,routed_expert,0
backbone.layers.27.mixer.experts.109.up_proj,27,Linear,routed_expert,4988928
backbone.layers.27.mixer.experts.109.down_proj,27,Linear,routed_expert,4988928
backbone.layers.27.mixer.experts.109.act_fn,27,ReLUSquaredActivation,routed_expert,0
backbone.layers.27.mixer.experts.110,27,NemotronHMLP,routed_expert,0
backbone.layers.27.mixer.experts.110.up_proj,27,Linear,routed_expert,4988928
backbone.layers.27.mixer.experts.110.down_proj,27,Linear,routed_expert,4988928
backbone.layers.27.mixer.experts.110.act_fn,27,ReLUSquaredActivation,routed_expert,0
backbone.layers.27.mixer.experts.111,27,NemotronHMLP,routed_expert,0
backbone.layers.27.mixer.experts.111.up_proj,27,Linear,routed_expert,4988928
backbone.layers.27.mixer.experts.111.down_proj,27,Linear,routed_expert,4988928
backbone.layers.27.mixer.experts.111.act_fn,27,ReLUSquaredActivation,routed_expert,0
backbone.layers.27.mixer.experts.112,27,NemotronHMLP,routed_expert,0
backbone.layers.27.mixer.experts.112.up_proj,27,Linear,routed_expert,4988928
backbone.layers.27.mixer.experts.112.down_proj,27,Linear,routed_expert,4988928
backbone.layers.27.mixer.experts.112.act_fn,27,ReLUSquaredActivation,routed_expert,0
backbone.layers.27.mixer.experts.113,27,NemotronHMLP,routed_expert,0
backbone.layers.27.mixer.experts.113.up_proj,27,Linear,routed_expert,4988928
backbone.layers.27.mixer.experts.113.down_proj,27,Linear,routed_expert,4988928
backbone.layers.27.mixer.experts.113.act_fn,27,ReLUSquaredActivation,routed_expert,0
backbone.layers.27.mixer.experts.114,27,NemotronHMLP,routed_expert,0
backbone.layers.27.mixer.experts.114.up_proj,27,Linear,routed_expert,4988928
backbone.layers.27.mixer.experts.114.down_proj,27,Linear,routed_expert,4988928
backbone.layers.27.mixer.experts.114.act_fn,27,ReLUSquaredActivation,routed_expert,0
backbone.layers.27.mixer.experts.115,27,NemotronHMLP,routed_expert,0
backbone.layers.27.mixer.experts.115.up_proj,27,Linear,routed_expert,4988928
backbone.layers.27.mixer.experts.115.down_proj,27,Linear,routed_expert,4988928
backbone.layers.27.mixer.experts.115.act_fn,27,ReLUSquaredActivation,routed_expert,0
backbone.layers.27.mixer.experts.116,27,NemotronHMLP,routed_expert,0
backbone.layers.27.mixer.experts.116.up_proj,27,Linear,routed_expert,4988928
backbone.layers.27.mixer.experts.116.down_proj,27,Linear,routed_expert,4988928
backbone.layers.27.mixer.experts.116.act_fn,27,ReLUSquaredActivation,routed_expert,0
backbone.layers.27.mixer.experts.117,27,NemotronHMLP,routed_expert,0
backbone.layers.27.mixer.experts.117.up_proj,27,Linear,routed_expert,4988928
backbone.layers.27.mixer.experts.117.down_proj,27,Linear,routed_expert,4988928
backbone.layers.27.mixer.experts.117.act_fn,27,ReLUSquaredActivation,routed_expert,0
backbone.layers.27.mixer.experts.118,27,NemotronHMLP,routed_expert,0
backbone.layers.27.mixer.experts.118.up_proj,27,Linear,routed_expert,4988928
backbone.layers.27.mixer.experts.118.down_proj,27,Linear,routed_expert,4988928
backbone.layers.27.mixer.experts.118.act_fn,27,ReLUSquaredActivation,routed_expert,0
backbone.layers.27.mixer.experts.119,27,NemotronHMLP,routed_expert,0
backbone.layers.27.mixer.experts.119.up_proj,27,Linear,routed_expert,4988928
backbone.layers.27.mixer.experts.119.down_proj,27,Linear,routed_expert,4988928
backbone.layers.27.mixer.experts.119.act_fn,27,ReLUSquaredActivation,routed_expert,0
backbone.layers.27.mixer.experts.120,27,NemotronHMLP,routed_expert,0
backbone.layers.27.mixer.experts.120.up_proj,27,Linear,routed_expert,4988928
backbone.layers.27.mixer.experts.120.down_proj,27,Linear,routed_expert,4988928
backbone.layers.27.mixer.experts.120.act_fn,27,ReLUSquaredActivation,routed_expert,0
backbone.layers.27.mixer.experts.121,27,NemotronHMLP,routed_expert,0
backbone.layers.27.mixer.experts.121.up_proj,27,Linear,routed_expert,4988928
backbone.layers.27.mixer.experts.121.down_proj,27,Linear,routed_expert,4988928
backbone.layers.27.mixer.experts.121.act_fn,27,ReLUSquaredActivation,routed_expert,0
backbone.layers.27.mixer.experts.122,27,NemotronHMLP,routed_expert,0
backbone.layers.27.mixer.experts.122.up_proj,27,Linear,routed_expert,4988928
backbone.layers.27.mixer.experts.122.down_proj,27,Linear,routed_expert,4988928
backbone.layers.27.mixer.experts.122.act_fn,27,ReLUSquaredActivation,routed_expert,0
backbone.layers.27.mixer.experts.123,27,NemotronHMLP,routed_expert,0
backbone.layers.27.mixer.experts.123.up_proj,27,Linear,routed_expert,4988928
backbone.layers.27.mixer.experts.123.down_proj,27,Linear,routed_expert,4988928
backbone.layers.27.mixer.experts.123.act_fn,27,ReLUSquaredActivation,routed_expert,0
backbone.layers.27.mixer.experts.124,27,NemotronHMLP,routed_expert,0
backbone.layers.27.mixer.experts.124.up_proj,27,Linear,routed_expert,4988928
backbone.layers.27.mixer.experts.124.down_proj,27,Linear,routed_expert,4988928
backbone.layers.27.mixer.experts.124.act_fn,27,ReLUSquaredActivation,routed_expert,0
backbone.layers.27.mixer.experts.125,27,NemotronHMLP,routed_expert,0
backbone.layers.27.mixer.experts.125.up_proj,27,Linear,routed_expert,4988928
backbone.layers.27.mixer.experts.125.down_proj,27,Linear,routed_expert,4988928
backbone.layers.27.mixer.experts.125.act_fn,27,ReLUSquaredActivation,routed_expert,0
backbone.layers.27.mixer.experts.126,27,NemotronHMLP,routed_expert,0
backbone.layers.27.mixer.experts.126.up_proj,27,Linear,routed_expert,4988928
backbone.layers.27.mixer.experts.126.down_proj,27,Linear,routed_expert,4988928
backbone.layers.27.mixer.experts.126.act_fn,27,ReLUSquaredActivation,routed_expert,0
backbone.layers.27.mixer.experts.127,27,NemotronHMLP,routed_expert,0
backbone.layers.27.mixer.experts.127.up_proj,27,Linear,routed_expert,4988928
backbone.layers.27.mixer.experts.127.down_proj,27,Linear,routed_expert,4988928
backbone.layers.27.mixer.experts.127.act_fn,27,ReLUSquaredActivation,routed_expert,0
backbone.layers.27.mixer.gate,27,NemotronHTopkRouter,router,344064
backbone.layers.27.mixer.shared_experts,27,NemotronHMLP,other,0
backbone.layers.27.mixer.shared_experts.up_proj,27,Linear,shared_expert,9977856
backbone.layers.27.mixer.shared_experts.down_proj,27,Linear,shared_expert,9977856
backbone.layers.27.mixer.shared_experts.act_fn,27,ReLUSquaredActivation,shared_expert,0
backbone.layers.28,28,NemotronHBlock,other,0
backbone.layers.28.norm,28,NemotronHRMSNorm,other,2688
backbone.layers.28.mixer,28,NemotronHMamba2Mixer,mamba,192
backbone.layers.28.mixer.act,28,SiLUActivation,other,0
backbone.layers.28.mixer.conv1d,28,Conv1d,other,30720
backbone.layers.28.mixer.in_proj,28,Linear,mamba_projection,27697152
backbone.layers.28.mixer.norm,28,MambaRMSNormGated,mamba,4096
backbone.layers.28.mixer.out_proj,28,Linear,mamba_projection,11010048
backbone.layers.29,29,NemotronHBlock,other,0
backbone.layers.29.norm,29,NemotronHRMSNorm,other,2688
backbone.layers.29.mixer,29,NemotronHMOE,moe,0
backbone.layers.29.mixer.experts,29,ModuleList,other,0
backbone.layers.29.mixer.experts.0,29,NemotronHMLP,routed_expert,0
backbone.layers.29.mixer.experts.0.up_proj,29,Linear,routed_expert,4988928
backbone.layers.29.mixer.experts.0.down_proj,29,Linear,routed_expert,4988928
backbone.layers.29.mixer.experts.0.act_fn,29,ReLUSquaredActivation,routed_expert,0
backbone.layers.29.mixer.experts.1,29,NemotronHMLP,routed_expert,0
backbone.layers.29.mixer.experts.1.up_proj,29,Linear,routed_expert,4988928
backbone.layers.29.mixer.experts.1.down_proj,29,Linear,routed_expert,4988928
backbone.layers.29.mixer.experts.1.act_fn,29,ReLUSquaredActivation,routed_expert,0
backbone.layers.29.mixer.experts.2,29,NemotronHMLP,routed_expert,0
backbone.layers.29.mixer.experts.2.up_proj,29,Linear,routed_expert,4988928
backbone.layers.29.mixer.experts.2.down_proj,29,Linear,routed_expert,4988928
backbone.layers.29.mixer.experts.2.act_fn,29,ReLUSquaredActivation,routed_expert,0
backbone.layers.29.mixer.experts.3,29,NemotronHMLP,routed_expert,0
backbone.layers.29.mixer.experts.3.up_proj,29,Linear,routed_expert,4988928
backbone.layers.29.mixer.experts.3.down_proj,29,Linear,routed_expert,4988928
backbone.layers.29.mixer.experts.3.act_fn,29,ReLUSquaredActivation,routed_expert,0
backbone.layers.29.mixer.experts.4,29,NemotronHMLP,routed_expert,0
backbone.layers.29.mixer.experts.4.up_proj,29,Linear,routed_expert,4988928
backbone.layers.29.mixer.experts.4.down_proj,29,Linear,routed_expert,4988928
backbone.layers.29.mixer.experts.4.act_fn,29,ReLUSquaredActivation,routed_expert,0
backbone.layers.29.mixer.experts.5,29,NemotronHMLP,routed_expert,0
backbone.layers.29.mixer.experts.5.up_proj,29,Linear,routed_expert,4988928
backbone.layers.29.mixer.experts.5.down_proj,29,Linear,routed_expert,4988928
backbone.layers.29.mixer.experts.5.act_fn,29,ReLUSquaredActivation,routed_expert,0
backbone.layers.29.mixer.experts.6,29,NemotronHMLP,routed_expert,0
backbone.layers.29.mixer.experts.6.up_proj,29,Linear,routed_expert,4988928
backbone.layers.29.mixer.experts.6.down_proj,29,Linear,routed_expert,4988928
backbone.layers.29.mixer.experts.6.act_fn,29,ReLUSquaredActivation,routed_expert,0
backbone.layers.29.mixer.experts.7,29,NemotronHMLP,routed_expert,0
backbone.layers.29.mixer.experts.7.up_proj,29,Linear,routed_expert,4988928
backbone.layers.29.mixer.experts.7.down_proj,29,Linear,routed_expert,4988928
backbone.layers.29.mixer.experts.7.act_fn,29,ReLUSquaredActivation,routed_expert,0
backbone.layers.29.mixer.experts.8,29,NemotronHMLP,routed_expert,0
backbone.layers.29.mixer.experts.8.up_proj,29,Linear,routed_expert,4988928
backbone.layers.29.mixer.experts.8.down_proj,29,Linear,routed_expert,4988928
backbone.layers.29.mixer.experts.8.act_fn,29,ReLUSquaredActivation,routed_expert,0
backbone.layers.29.mixer.experts.9,29,NemotronHMLP,routed_expert,0
backbone.layers.29.mixer.experts.9.up_proj,29,Linear,routed_expert,4988928
backbone.layers.29.mixer.experts.9.down_proj,29,Linear,routed_expert,4988928
backbone.layers.29.mixer.experts.9.act_fn,29,ReLUSquaredActivation,routed_expert,0
backbone.layers.29.mixer.experts.10,29,NemotronHMLP,routed_expert,0
backbone.layers.29.mixer.experts.10.up_proj,29,Linear,routed_expert,4988928
backbone.layers.29.mixer.experts.10.down_proj,29,Linear,routed_expert,4988928
backbone.layers.29.mixer.experts.10.act_fn,29,ReLUSquaredActivation,routed_expert,0
backbone.layers.29.mixer.experts.11,29,NemotronHMLP,routed_expert,0
backbone.layers.29.mixer.experts.11.up_proj,29,Linear,routed_expert,4988928
backbone.layers.29.mixer.experts.11.down_proj,29,Linear,routed_expert,4988928
backbone.layers.29.mixer.experts.11.act_fn,29,ReLUSquaredActivation,routed_expert,0
backbone.layers.29.mixer.experts.12,29,NemotronHMLP,routed_expert,0
backbone.layers.29.mixer.experts.12.up_proj,29,Linear,routed_expert,4988928
backbone.layers.29.mixer.experts.12.down_proj,29,Linear,routed_expert,4988928
backbone.layers.29.mixer.experts.12.act_fn,29,ReLUSquaredActivation,routed_expert,0
backbone.layers.29.mixer.experts.13,29,NemotronHMLP,routed_expert,0
backbone.layers.29.mixer.experts.13.up_proj,29,Linear,routed_expert,4988928
backbone.layers.29.mixer.experts.13.down_proj,29,Linear,routed_expert,4988928
backbone.layers.29.mixer.experts.13.act_fn,29,ReLUSquaredActivation,routed_expert,0
backbone.layers.29.mixer.experts.14,29,NemotronHMLP,routed_expert,0
backbone.layers.29.mixer.experts.14.up_proj,29,Linear,routed_expert,4988928
backbone.layers.29.mixer.experts.14.down_proj,29,Linear,routed_expert,4988928
backbone.layers.29.mixer.experts.14.act_fn,29,ReLUSquaredActivation,routed_expert,0
backbone.layers.29.mixer.experts.15,29,NemotronHMLP,routed_expert,0
backbone.layers.29.mixer.experts.15.up_proj,29,Linear,routed_expert,4988928
backbone.layers.29.mixer.experts.15.down_proj,29,Linear,routed_expert,4988928
backbone.layers.29.mixer.experts.15.act_fn,29,ReLUSquaredActivation,routed_expert,0
backbone.layers.29.mixer.experts.16,29,NemotronHMLP,routed_expert,0
backbone.layers.29.mixer.experts.16.up_proj,29,Linear,routed_expert,4988928
backbone.layers.29.mixer.experts.16.down_proj,29,Linear,routed_expert,4988928
backbone.layers.29.mixer.experts.16.act_fn,29,ReLUSquaredActivation,routed_expert,0
backbone.layers.29.mixer.experts.17,29,NemotronHMLP,routed_expert,0
backbone.layers.29.mixer.experts.17.up_proj,29,Linear,routed_expert,4988928
backbone.layers.29.mixer.experts.17.down_proj,29,Linear,routed_expert,4988928
backbone.layers.29.mixer.experts.17.act_fn,29,ReLUSquaredActivation,routed_expert,0
backbone.layers.29.mixer.experts.18,29,NemotronHMLP,routed_expert,0
backbone.layers.29.mixer.experts.18.up_proj,29,Linear,routed_expert,4988928
backbone.layers.29.mixer.experts.18.down_proj,29,Linear,routed_expert,4988928
backbone.layers.29.mixer.experts.18.act_fn,29,ReLUSquaredActivation,routed_expert,0
backbone.layers.29.mixer.experts.19,29,NemotronHMLP,routed_expert,0
backbone.layers.29.mixer.experts.19.up_proj,29,Linear,routed_expert,4988928
backbone.layers.29.mixer.experts.19.down_proj,29,Linear,routed_expert,4988928
backbone.layers.29.mixer.experts.19.act_fn,29,ReLUSquaredActivation,routed_expert,0
backbone.layers.29.mixer.experts.20,29,NemotronHMLP,routed_expert,0
backbone.layers.29.mixer.experts.20.up_proj,29,Linear,routed_expert,4988928
backbone.layers.29.mixer.experts.20.down_proj,29,Linear,routed_expert,4988928
backbone.layers.29.mixer.experts.20.act_fn,29,ReLUSquaredActivation,routed_expert,0
backbone.layers.29.mixer.experts.21,29,NemotronHMLP,routed_expert,0
backbone.layers.29.mixer.experts.21.up_proj,29,Linear,routed_expert,4988928
backbone.layers.29.mixer.experts.21.down_proj,29,Linear,routed_expert,4988928
backbone.layers.29.mixer.experts.21.act_fn,29,ReLUSquaredActivation,routed_expert,0
backbone.layers.29.mixer.experts.22,29,NemotronHMLP,routed_expert,0
backbone.layers.29.mixer.experts.22.up_proj,29,Linear,routed_expert,4988928
backbone.layers.29.mixer.experts.22.down_proj,29,Linear,routed_expert,4988928
backbone.layers.29.mixer.experts.22.act_fn,29,ReLUSquaredActivation,routed_expert,0
backbone.layers.29.mixer.experts.23,29,NemotronHMLP,routed_expert,0
backbone.layers.29.mixer.experts.23.up_proj,29,Linear,routed_expert,4988928
backbone.layers.29.mixer.experts.23.down_proj,29,Linear,routed_expert,4988928
backbone.layers.29.mixer.experts.23.act_fn,29,ReLUSquaredActivation,routed_expert,0
backbone.layers.29.mixer.experts.24,29,NemotronHMLP,routed_expert,0
backbone.layers.29.mixer.experts.24.up_proj,29,Linear,routed_expert,4988928
backbone.layers.29.mixer.experts.24.down_proj,29,Linear,routed_expert,4988928
backbone.layers.29.mixer.experts.24.act_fn,29,ReLUSquaredActivation,routed_expert,0
backbone.layers.29.mixer.experts.25,29,NemotronHMLP,routed_expert,0
backbone.layers.29.mixer.experts.25.up_proj,29,Linear,routed_expert,4988928
backbone.layers.29.mixer.experts.25.down_proj,29,Linear,routed_expert,4988928
backbone.layers.29.mixer.experts.25.act_fn,29,ReLUSquaredActivation,routed_expert,0
backbone.layers.29.mixer.experts.26,29,NemotronHMLP,routed_expert,0
backbone.layers.29.mixer.experts.26.up_proj,29,Linear,routed_expert,4988928
backbone.layers.29.mixer.experts.26.down_proj,29,Linear,routed_expert,4988928
backbone.layers.29.mixer.experts.26.act_fn,29,ReLUSquaredActivation,routed_expert,0
backbone.layers.29.mixer.experts.27,29,NemotronHMLP,routed_expert,0
backbone.layers.29.mixer.experts.27.up_proj,29,Linear,routed_expert,4988928
backbone.layers.29.mixer.experts.27.down_proj,29,Linear,routed_expert,4988928
backbone.layers.29.mixer.experts.27.act_fn,29,ReLUSquaredActivation,routed_expert,0
backbone.layers.29.mixer.experts.28,29,NemotronHMLP,routed_expert,0
backbone.layers.29.mixer.experts.28.up_proj,29,Linear,routed_expert,4988928
backbone.layers.29.mixer.experts.28.down_proj,29,Linear,routed_expert,4988928
backbone.layers.29.mixer.experts.28.act_fn,29,ReLUSquaredActivation,routed_expert,0
backbone.layers.29.mixer.experts.29,29,NemotronHMLP,routed_expert,0
backbone.layers.29.mixer.experts.29.up_proj,29,Linear,routed_expert,4988928
backbone.layers.29.mixer.experts.29.down_proj,29,Linear,routed_expert,4988928
backbone.layers.29.mixer.experts.29.act_fn,29,ReLUSquaredActivation,routed_expert,0
backbone.layers.29.mixer.experts.30,29,NemotronHMLP,routed_expert,0
backbone.layers.29.mixer.experts.30.up_proj,29,Linear,routed_expert,4988928
backbone.layers.29.mixer.experts.30.down_proj,29,Linear,routed_expert,4988928
backbone.layers.29.mixer.experts.30.act_fn,29,ReLUSquaredActivation,routed_expert,0
backbone.layers.29.mixer.experts.31,29,NemotronHMLP,routed_expert,0
backbone.layers.29.mixer.experts.31.up_proj,29,Linear,routed_expert,4988928
backbone.layers.29.mixer.experts.31.down_proj,29,Linear,routed_expert,4988928
backbone.layers.29.mixer.experts.31.act_fn,29,ReLUSquaredActivation,routed_expert,0
backbone.layers.29.mixer.experts.32,29,NemotronHMLP,routed_expert,0
backbone.layers.29.mixer.experts.32.up_proj,29,Linear,routed_expert,4988928
backbone.layers.29.mixer.experts.32.down_proj,29,Linear,routed_expert,4988928
backbone.layers.29.mixer.experts.32.act_fn,29,ReLUSquaredActivation,routed_expert,0
backbone.layers.29.mixer.experts.33,29,NemotronHMLP,routed_expert,0
backbone.layers.29.mixer.experts.33.up_proj,29,Linear,routed_expert,4988928
backbone.layers.29.mixer.experts.33.down_proj,29,Linear,routed_expert,4988928
backbone.layers.29.mixer.experts.33.act_fn,29,ReLUSquaredActivation,routed_expert,0
backbone.layers.29.mixer.experts.34,29,NemotronHMLP,routed_expert,0
backbone.layers.29.mixer.experts.34.up_proj,29,Linear,routed_expert,4988928
backbone.layers.29.mixer.experts.34.down_proj,29,Linear,routed_expert,4988928
backbone.layers.29.mixer.experts.34.act_fn,29,ReLUSquaredActivation,routed_expert,0
backbone.layers.29.mixer.experts.35,29,NemotronHMLP,routed_expert,0
backbone.layers.29.mixer.experts.35.up_proj,29,Linear,routed_expert,4988928
backbone.layers.29.mixer.experts.35.down_proj,29,Linear,routed_expert,4988928
backbone.layers.29.mixer.experts.35.act_fn,29,ReLUSquaredActivation,routed_expert,0
backbone.layers.29.mixer.experts.36,29,NemotronHMLP,routed_expert,0
backbone.layers.29.mixer.experts.36.up_proj,29,Linear,routed_expert,4988928
backbone.layers.29.mixer.experts.36.down_proj,29,Linear,routed_expert,4988928
backbone.layers.29.mixer.experts.36.act_fn,29,ReLUSquaredActivation,routed_expert,0
backbone.layers.29.mixer.experts.37,29,NemotronHMLP,routed_expert,0
backbone.layers.29.mixer.experts.37.up_proj,29,Linear,routed_expert,4988928
backbone.layers.29.mixer.experts.37.down_proj,29,Linear,routed_expert,4988928
backbone.layers.29.mixer.experts.37.act_fn,29,ReLUSquaredActivation,routed_expert,0
backbone.layers.29.mixer.experts.38,29,NemotronHMLP,routed_expert,0
backbone.layers.29.mixer.experts.38.up_proj,29,Linear,routed_expert,4988928
backbone.layers.29.mixer.experts.38.down_proj,29,Linear,routed_expert,4988928
backbone.layers.29.mixer.experts.38.act_fn,29,ReLUSquaredActivation,routed_expert,0
backbone.layers.29.mixer.experts.39,29,NemotronHMLP,routed_expert,0
backbone.layers.29.mixer.experts.39.up_proj,29,Linear,routed_expert,4988928
backbone.layers.29.mixer.experts.39.down_proj,29,Linear,routed_expert,4988928
backbone.layers.29.mixer.experts.39.act_fn,29,ReLUSquaredActivation,routed_expert,0
backbone.layers.29.mixer.experts.40,29,NemotronHMLP,routed_expert,0
backbone.layers.29.mixer.experts.40.up_proj,29,Linear,routed_expert,4988928
backbone.layers.29.mixer.experts.40.down_proj,29,Linear,routed_expert,4988928
backbone.layers.29.mixer.experts.40.act_fn,29,ReLUSquaredActivation,routed_expert,0
backbone.layers.29.mixer.experts.41,29,NemotronHMLP,routed_expert,0
backbone.layers.29.mixer.experts.41.up_proj,29,Linear,routed_expert,4988928
backbone.layers.29.mixer.experts.41.down_proj,29,Linear,routed_expert,4988928
backbone.layers.29.mixer.experts.41.act_fn,29,ReLUSquaredActivation,routed_expert,0
backbone.layers.29.mixer.experts.42,29,NemotronHMLP,routed_expert,0
backbone.layers.29.mixer.experts.42.up_proj,29,Linear,routed_expert,4988928
backbone.layers.29.mixer.experts.42.down_proj,29,Linear,routed_expert,4988928
backbone.layers.29.mixer.experts.42.act_fn,29,ReLUSquaredActivation,routed_expert,0
backbone.layers.29.mixer.experts.43,29,NemotronHMLP,routed_expert,0
backbone.layers.29.mixer.experts.43.up_proj,29,Linear,routed_expert,4988928
backbone.layers.29.mixer.experts.43.down_proj,29,Linear,routed_expert,4988928
backbone.layers.29.mixer.experts.43.act_fn,29,ReLUSquaredActivation,routed_expert,0
backbone.layers.29.mixer.experts.44,29,NemotronHMLP,routed_expert,0
backbone.layers.29.mixer.experts.44.up_proj,29,Linear,routed_expert,4988928
backbone.layers.29.mixer.experts.44.down_proj,29,Linear,routed_expert,4988928
backbone.layers.29.mixer.experts.44.act_fn,29,ReLUSquaredActivation,routed_expert,0
backbone.layers.29.mixer.experts.45,29,NemotronHMLP,routed_expert,0
backbone.layers.29.mixer.experts.45.up_proj,29,Linear,routed_expert,4988928
backbone.layers.29.mixer.experts.45.down_proj,29,Linear,routed_expert,4988928
backbone.layers.29.mixer.experts.45.act_fn,29,ReLUSquaredActivation,routed_expert,0
backbone.layers.29.mixer.experts.46,29,NemotronHMLP,routed_expert,0
backbone.layers.29.mixer.experts.46.up_proj,29,Linear,routed_expert,4988928
backbone.layers.29.mixer.experts.46.down_proj,29,Linear,routed_expert,4988928
backbone.layers.29.mixer.experts.46.act_fn,29,ReLUSquaredActivation,routed_expert,0
backbone.layers.29.mixer.experts.47,29,NemotronHMLP,routed_expert,0
backbone.layers.29.mixer.experts.47.up_proj,29,Linear,routed_expert,4988928
backbone.layers.29.mixer.experts.47.down_proj,29,Linear,routed_expert,4988928
backbone.layers.29.mixer.experts.47.act_fn,29,ReLUSquaredActivation,routed_expert,0
backbone.layers.29.mixer.experts.48,29,NemotronHMLP,routed_expert,0
backbone.layers.29.mixer.experts.48.up_proj,29,Linear,routed_expert,4988928
backbone.layers.29.mixer.experts.48.down_proj,29,Linear,routed_expert,4988928
backbone.layers.29.mixer.experts.48.act_fn,29,ReLUSquaredActivation,routed_expert,0
backbone.layers.29.mixer.experts.49,29,NemotronHMLP,routed_expert,0
backbone.layers.29.mixer.experts.49.up_proj,29,Linear,routed_expert,4988928
backbone.layers.29.mixer.experts.49.down_proj,29,Linear,routed_expert,4988928
backbone.layers.29.mixer.experts.49.act_fn,29,ReLUSquaredActivation,routed_expert,0
backbone.layers.29.mixer.experts.50,29,NemotronHMLP,routed_expert,0
backbone.layers.29.mixer.experts.50.up_proj,29,Linear,routed_expert,4988928
backbone.layers.29.mixer.experts.50.down_proj,29,Linear,routed_expert,4988928
backbone.layers.29.mixer.experts.50.act_fn,29,ReLUSquaredActivation,routed_expert,0
backbone.layers.29.mixer.experts.51,29,NemotronHMLP,routed_expert,0
backbone.layers.29.mixer.experts.51.up_proj,29,Linear,routed_expert,4988928
backbone.layers.29.mixer.experts.51.down_proj,29,Linear,routed_expert,4988928
backbone.layers.29.mixer.experts.51.act_fn,29,ReLUSquaredActivation,routed_expert,0
backbone.layers.29.mixer.experts.52,29,NemotronHMLP,routed_expert,0
backbone.layers.29.mixer.experts.52.up_proj,29,Linear,routed_expert,4988928
backbone.layers.29.mixer.experts.52.down_proj,29,Linear,routed_expert,4988928
backbone.layers.29.mixer.experts.52.act_fn,29,ReLUSquaredActivation,routed_expert,0
backbone.layers.29.mixer.experts.53,29,NemotronHMLP,routed_expert,0
backbone.layers.29.mixer.experts.53.up_proj,29,Linear,routed_expert,4988928
backbone.layers.29.mixer.experts.53.down_proj,29,Linear,routed_expert,4988928
backbone.layers.29.mixer.experts.53.act_fn,29,ReLUSquaredActivation,routed_expert,0
backbone.layers.29.mixer.experts.54,29,NemotronHMLP,routed_expert,0
backbone.layers.29.mixer.experts.54.up_proj,29,Linear,routed_expert,4988928
backbone.layers.29.mixer.experts.54.down_proj,29,Linear,routed_expert,4988928
backbone.layers.29.mixer.experts.54.act_fn,29,ReLUSquaredActivation,routed_expert,0
backbone.layers.29.mixer.experts.55,29,NemotronHMLP,routed_expert,0
backbone.layers.29.mixer.experts.55.up_proj,29,Linear,routed_expert,4988928
backbone.layers.29.mixer.experts.55.down_proj,29,Linear,routed_expert,4988928
backbone.layers.29.mixer.experts.55.act_fn,29,ReLUSquaredActivation,routed_expert,0
backbone.layers.29.mixer.experts.56,29,NemotronHMLP,routed_expert,0
backbone.layers.29.mixer.experts.56.up_proj,29,Linear,routed_expert,4988928
backbone.layers.29.mixer.experts.56.down_proj,29,Linear,routed_expert,4988928
backbone.layers.29.mixer.experts.56.act_fn,29,ReLUSquaredActivation,routed_expert,0
backbone.layers.29.mixer.experts.57,29,NemotronHMLP,routed_expert,0
backbone.layers.29.mixer.experts.57.up_proj,29,Linear,routed_expert,4988928
backbone.layers.29.mixer.experts.57.down_proj,29,Linear,routed_expert,4988928
backbone.layers.29.mixer.experts.57.act_fn,29,ReLUSquaredActivation,routed_expert,0
backbone.layers.29.mixer.experts.58,29,NemotronHMLP,routed_expert,0
backbone.layers.29.mixer.experts.58.up_proj,29,Linear,routed_expert,4988928
backbone.layers.29.mixer.experts.58.down_proj,29,Linear,routed_expert,4988928
backbone.layers.29.mixer.experts.58.act_fn,29,ReLUSquaredActivation,routed_expert,0
backbone.layers.29.mixer.experts.59,29,NemotronHMLP,routed_expert,0
backbone.layers.29.mixer.experts.59.up_proj,29,Linear,routed_expert,4988928
backbone.layers.29.mixer.experts.59.down_proj,29,Linear,routed_expert,4988928
backbone.layers.29.mixer.experts.59.act_fn,29,ReLUSquaredActivation,routed_expert,0
backbone.layers.29.mixer.experts.60,29,NemotronHMLP,routed_expert,0
backbone.layers.29.mixer.experts.60.up_proj,29,Linear,routed_expert,4988928
backbone.layers.29.mixer.experts.60.down_proj,29,Linear,routed_expert,4988928
backbone.layers.29.mixer.experts.60.act_fn,29,ReLUSquaredActivation,routed_expert,0
backbone.layers.29.mixer.experts.61,29,NemotronHMLP,routed_expert,0
backbone.layers.29.mixer.experts.61.up_proj,29,Linear,routed_expert,4988928
backbone.layers.29.mixer.experts.61.down_proj,29,Linear,routed_expert,4988928
backbone.layers.29.mixer.experts.61.act_fn,29,ReLUSquaredActivation,routed_expert,0
backbone.layers.29.mixer.experts.62,29,NemotronHMLP,routed_expert,0
backbone.layers.29.mixer.experts.62.up_proj,29,Linear,routed_expert,4988928
backbone.layers.29.mixer.experts.62.down_proj,29,Linear,routed_expert,4988928
backbone.layers.29.mixer.experts.62.act_fn,29,ReLUSquaredActivation,routed_expert,0
backbone.layers.29.mixer.experts.63,29,NemotronHMLP,routed_expert,0
backbone.layers.29.mixer.experts.63.up_proj,29,Linear,routed_expert,4988928
backbone.layers.29.mixer.experts.63.down_proj,29,Linear,routed_expert,4988928
backbone.layers.29.mixer.experts.63.act_fn,29,ReLUSquaredActivation,routed_expert,0
backbone.layers.29.mixer.experts.64,29,NemotronHMLP,routed_expert,0
backbone.layers.29.mixer.experts.64.up_proj,29,Linear,routed_expert,4988928
backbone.layers.29.mixer.experts.64.down_proj,29,Linear,routed_expert,4988928
backbone.layers.29.mixer.experts.64.act_fn,29,ReLUSquaredActivation,routed_expert,0
backbone.layers.29.mixer.experts.65,29,NemotronHMLP,routed_expert,0
backbone.layers.29.mixer.experts.65.up_proj,29,Linear,routed_expert,4988928
backbone.layers.29.mixer.experts.65.down_proj,29,Linear,routed_expert,4988928
backbone.layers.29.mixer.experts.65.act_fn,29,ReLUSquaredActivation,routed_expert,0
backbone.layers.29.mixer.experts.66,29,NemotronHMLP,routed_expert,0
backbone.layers.29.mixer.experts.66.up_proj,29,Linear,routed_expert,4988928
backbone.layers.29.mixer.experts.66.down_proj,29,Linear,routed_expert,4988928
backbone.layers.29.mixer.experts.66.act_fn,29,ReLUSquaredActivation,routed_expert,0
backbone.layers.29.mixer.experts.67,29,NemotronHMLP,routed_expert,0
backbone.layers.29.mixer.experts.67.up_proj,29,Linear,routed_expert,4988928
backbone.layers.29.mixer.experts.67.down_proj,29,Linear,routed_expert,4988928
backbone.layers.29.mixer.experts.67.act_fn,29,ReLUSquaredActivation,routed_expert,0
backbone.layers.29.mixer.experts.68,29,NemotronHMLP,routed_expert,0
backbone.layers.29.mixer.experts.68.up_proj,29,Linear,routed_expert,4988928
backbone.layers.29.mixer.experts.68.down_proj,29,Linear,routed_expert,4988928
backbone.layers.29.mixer.experts.68.act_fn,29,ReLUSquaredActivation,routed_expert,0
backbone.layers.29.mixer.experts.69,29,NemotronHMLP,routed_expert,0
backbone.layers.29.mixer.experts.69.up_proj,29,Linear,routed_expert,4988928
backbone.layers.29.mixer.experts.69.down_proj,29,Linear,routed_expert,4988928
backbone.layers.29.mixer.experts.69.act_fn,29,ReLUSquaredActivation,routed_expert,0
backbone.layers.29.mixer.experts.70,29,NemotronHMLP,routed_expert,0
backbone.layers.29.mixer.experts.70.up_proj,29,Linear,routed_expert,4988928
backbone.layers.29.mixer.experts.70.down_proj,29,Linear,routed_expert,4988928
backbone.layers.29.mixer.experts.70.act_fn,29,ReLUSquaredActivation,routed_expert,0
backbone.layers.29.mixer.experts.71,29,NemotronHMLP,routed_expert,0
backbone.layers.29.mixer.experts.71.up_proj,29,Linear,routed_expert,4988928
backbone.layers.29.mixer.experts.71.down_proj,29,Linear,routed_expert,4988928
backbone.layers.29.mixer.experts.71.act_fn,29,ReLUSquaredActivation,routed_expert,0
backbone.layers.29.mixer.experts.72,29,NemotronHMLP,routed_expert,0
backbone.layers.29.mixer.experts.72.up_proj,29,Linear,routed_expert,4988928
backbone.layers.29.mixer.experts.72.down_proj,29,Linear,routed_expert,4988928
backbone.layers.29.mixer.experts.72.act_fn,29,ReLUSquaredActivation,routed_expert,0
backbone.layers.29.mixer.experts.73,29,NemotronHMLP,routed_expert,0
backbone.layers.29.mixer.experts.73.up_proj,29,Linear,routed_expert,4988928
backbone.layers.29.mixer.experts.73.down_proj,29,Linear,routed_expert,4988928
backbone.layers.29.mixer.experts.73.act_fn,29,ReLUSquaredActivation,routed_expert,0
backbone.layers.29.mixer.experts.74,29,NemotronHMLP,routed_expert,0
backbone.layers.29.mixer.experts.74.up_proj,29,Linear,routed_expert,4988928
backbone.layers.29.mixer.experts.74.down_proj,29,Linear,routed_expert,4988928
backbone.layers.29.mixer.experts.74.act_fn,29,ReLUSquaredActivation,routed_expert,0
backbone.layers.29.mixer.experts.75,29,NemotronHMLP,routed_expert,0
backbone.layers.29.mixer.experts.75.up_proj,29,Linear,routed_expert,4988928
backbone.layers.29.mixer.experts.75.down_proj,29,Linear,routed_expert,4988928
backbone.layers.29.mixer.experts.75.act_fn,29,ReLUSquaredActivation,routed_expert,0
backbone.layers.29.mixer.experts.76,29,NemotronHMLP,routed_expert,0
backbone.layers.29.mixer.experts.76.up_proj,29,Linear,routed_expert,4988928
backbone.layers.29.mixer.experts.76.down_proj,29,Linear,routed_expert,4988928
backbone.layers.29.mixer.experts.76.act_fn,29,ReLUSquaredActivation,routed_expert,0
backbone.layers.29.mixer.experts.77,29,NemotronHMLP,routed_expert,0
backbone.layers.29.mixer.experts.77.up_proj,29,Linear,routed_expert,4988928
backbone.layers.29.mixer.experts.77.down_proj,29,Linear,routed_expert,4988928
backbone.layers.29.mixer.experts.77.act_fn,29,ReLUSquaredActivation,routed_expert,0
backbone.layers.29.mixer.experts.78,29,NemotronHMLP,routed_expert,0
backbone.layers.29.mixer.experts.78.up_proj,29,Linear,routed_expert,4988928
backbone.layers.29.mixer.experts.78.down_proj,29,Linear,routed_expert,4988928
backbone.layers.29.mixer.experts.78.act_fn,29,ReLUSquaredActivation,routed_expert,0
backbone.layers.29.mixer.experts.79,29,NemotronHMLP,routed_expert,0
backbone.layers.29.mixer.experts.79.up_proj,29,Linear,routed_expert,4988928
backbone.layers.29.mixer.experts.79.down_proj,29,Linear,routed_expert,4988928
backbone.layers.29.mixer.experts.79.act_fn,29,ReLUSquaredActivation,routed_expert,0
backbone.layers.29.mixer.experts.80,29,NemotronHMLP,routed_expert,0
backbone.layers.29.mixer.experts.80.up_proj,29,Linear,routed_expert,4988928
backbone.layers.29.mixer.experts.80.down_proj,29,Linear,routed_expert,4988928
backbone.layers.29.mixer.experts.80.act_fn,29,ReLUSquaredActivation,routed_expert,0
backbone.layers.29.mixer.experts.81,29,NemotronHMLP,routed_expert,0
backbone.layers.29.mixer.experts.81.up_proj,29,Linear,routed_expert,4988928
backbone.layers.29.mixer.experts.81.down_proj,29,Linear,routed_expert,4988928
backbone.layers.29.mixer.experts.81.act_fn,29,ReLUSquaredActivation,routed_expert,0
backbone.layers.29.mixer.experts.82,29,NemotronHMLP,routed_expert,0
backbone.layers.29.mixer.experts.82.up_proj,29,Linear,routed_expert,4988928
backbone.layers.29.mixer.experts.82.down_proj,29,Linear,routed_expert,4988928
backbone.layers.29.mixer.experts.82.act_fn,29,ReLUSquaredActivation,routed_expert,0
backbone.layers.29.mixer.experts.83,29,NemotronHMLP,routed_expert,0
backbone.layers.29.mixer.experts.83.up_proj,29,Linear,routed_expert,4988928
backbone.layers.29.mixer.experts.83.down_proj,29,Linear,routed_expert,4988928
backbone.layers.29.mixer.experts.83.act_fn,29,ReLUSquaredActivation,routed_expert,0
backbone.layers.29.mixer.experts.84,29,NemotronHMLP,routed_expert,0
backbone.layers.29.mixer.experts.84.up_proj,29,Linear,routed_expert,4988928
backbone.layers.29.mixer.experts.84.down_proj,29,Linear,routed_expert,4988928
backbone.layers.29.mixer.experts.84.act_fn,29,ReLUSquaredActivation,routed_expert,0
backbone.layers.29.mixer.experts.85,29,NemotronHMLP,routed_expert,0
backbone.layers.29.mixer.experts.85.up_proj,29,Linear,routed_expert,4988928
backbone.layers.29.mixer.experts.85.down_proj,29,Linear,routed_expert,4988928
backbone.layers.29.mixer.experts.85.act_fn,29,ReLUSquaredActivation,routed_expert,0
backbone.layers.29.mixer.experts.86,29,NemotronHMLP,routed_expert,0
backbone.layers.29.mixer.experts.86.up_proj,29,Linear,routed_expert,4988928
backbone.layers.29.mixer.experts.86.down_proj,29,Linear,routed_expert,4988928
backbone.layers.29.mixer.experts.86.act_fn,29,ReLUSquaredActivation,routed_expert,0
backbone.layers.29.mixer.experts.87,29,NemotronHMLP,routed_expert,0
backbone.layers.29.mixer.experts.87.up_proj,29,Linear,routed_expert,4988928
backbone.layers.29.mixer.experts.87.down_proj,29,Linear,routed_expert,4988928
backbone.layers.29.mixer.experts.87.act_fn,29,ReLUSquaredActivation,routed_expert,0
backbone.layers.29.mixer.experts.88,29,NemotronHMLP,routed_expert,0
backbone.layers.29.mixer.experts.88.up_proj,29,Linear,routed_expert,4988928
backbone.layers.29.mixer.experts.88.down_proj,29,Linear,routed_expert,4988928
backbone.layers.29.mixer.experts.88.act_fn,29,ReLUSquaredActivation,routed_expert,0
backbone.layers.29.mixer.experts.89,29,NemotronHMLP,routed_expert,0
backbone.layers.29.mixer.experts.89.up_proj,29,Linear,routed_expert,4988928
backbone.layers.29.mixer.experts.89.down_proj,29,Linear,routed_expert,4988928
backbone.layers.29.mixer.experts.89.act_fn,29,ReLUSquaredActivation,routed_expert,0
backbone.layers.29.mixer.experts.90,29,NemotronHMLP,routed_expert,0
backbone.layers.29.mixer.experts.90.up_proj,29,Linear,routed_expert,4988928
backbone.layers.29.mixer.experts.90.down_proj,29,Linear,routed_expert,4988928
backbone.layers.29.mixer.experts.90.act_fn,29,ReLUSquaredActivation,routed_expert,0
backbone.layers.29.mixer.experts.91,29,NemotronHMLP,routed_expert,0
backbone.layers.29.mixer.experts.91.up_proj,29,Linear,routed_expert,4988928
backbone.layers.29.mixer.experts.91.down_proj,29,Linear,routed_expert,4988928
backbone.layers.29.mixer.experts.91.act_fn,29,ReLUSquaredActivation,routed_expert,0
backbone.layers.29.mixer.experts.92,29,NemotronHMLP,routed_expert,0
backbone.layers.29.mixer.experts.92.up_proj,29,Linear,routed_expert,4988928
backbone.layers.29.mixer.experts.92.down_proj,29,Linear,routed_expert,4988928
backbone.layers.29.mixer.experts.92.act_fn,29,ReLUSquaredActivation,routed_expert,0
backbone.layers.29.mixer.experts.93,29,NemotronHMLP,routed_expert,0
backbone.layers.29.mixer.experts.93.up_proj,29,Linear,routed_expert,4988928
backbone.layers.29.mixer.experts.93.down_proj,29,Linear,routed_expert,4988928
backbone.layers.29.mixer.experts.93.act_fn,29,ReLUSquaredActivation,routed_expert,0
backbone.layers.29.mixer.experts.94,29,NemotronHMLP,routed_expert,0
backbone.layers.29.mixer.experts.94.up_proj,29,Linear,routed_expert,4988928
backbone.layers.29.mixer.experts.94.down_proj,29,Linear,routed_expert,4988928
backbone.layers.29.mixer.experts.94.act_fn,29,ReLUSquaredActivation,routed_expert,0
backbone.layers.29.mixer.experts.95,29,NemotronHMLP,routed_expert,0
backbone.layers.29.mixer.experts.95.up_proj,29,Linear,routed_expert,4988928
backbone.layers.29.mixer.experts.95.down_proj,29,Linear,routed_expert,4988928
backbone.layers.29.mixer.experts.95.act_fn,29,ReLUSquaredActivation,routed_expert,0
backbone.layers.29.mixer.experts.96,29,NemotronHMLP,routed_expert,0
backbone.layers.29.mixer.experts.96.up_proj,29,Linear,routed_expert,4988928
backbone.layers.29.mixer.experts.96.down_proj,29,Linear,routed_expert,4988928
backbone.layers.29.mixer.experts.96.act_fn,29,ReLUSquaredActivation,routed_expert,0
backbone.layers.29.mixer.experts.97,29,NemotronHMLP,routed_expert,0
backbone.layers.29.mixer.experts.97.up_proj,29,Linear,routed_expert,4988928
backbone.layers.29.mixer.experts.97.down_proj,29,Linear,routed_expert,4988928
backbone.layers.29.mixer.experts.97.act_fn,29,ReLUSquaredActivation,routed_expert,0
backbone.layers.29.mixer.experts.98,29,NemotronHMLP,routed_expert,0
backbone.layers.29.mixer.experts.98.up_proj,29,Linear,routed_expert,4988928
backbone.layers.29.mixer.experts.98.down_proj,29,Linear,routed_expert,4988928
backbone.layers.29.mixer.experts.98.act_fn,29,ReLUSquaredActivation,routed_expert,0
backbone.layers.29.mixer.experts.99,29,NemotronHMLP,routed_expert,0
backbone.layers.29.mixer.experts.99.up_proj,29,Linear,routed_expert,4988928
backbone.layers.29.mixer.experts.99.down_proj,29,Linear,routed_expert,4988928
backbone.layers.29.mixer.experts.99.act_fn,29,ReLUSquaredActivation,routed_expert,0
backbone.layers.29.mixer.experts.100,29,NemotronHMLP,routed_expert,0
backbone.layers.29.mixer.experts.100.up_proj,29,Linear,routed_expert,4988928
backbone.layers.29.mixer.experts.100.down_proj,29,Linear,routed_expert,4988928
backbone.layers.29.mixer.experts.100.act_fn,29,ReLUSquaredActivation,routed_expert,0
backbone.layers.29.mixer.experts.101,29,NemotronHMLP,routed_expert,0
backbone.layers.29.mixer.experts.101.up_proj,29,Linear,routed_expert,4988928
backbone.layers.29.mixer.experts.101.down_proj,29,Linear,routed_expert,4988928
backbone.layers.29.mixer.experts.101.act_fn,29,ReLUSquaredActivation,routed_expert,0
backbone.layers.29.mixer.experts.102,29,NemotronHMLP,routed_expert,0
backbone.layers.29.mixer.experts.102.up_proj,29,Linear,routed_expert,4988928
backbone.layers.29.mixer.experts.102.down_proj,29,Linear,routed_expert,4988928
backbone.layers.29.mixer.experts.102.act_fn,29,ReLUSquaredActivation,routed_expert,0
backbone.layers.29.mixer.experts.103,29,NemotronHMLP,routed_expert,0
backbone.layers.29.mixer.experts.103.up_proj,29,Linear,routed_expert,4988928
backbone.layers.29.mixer.experts.103.down_proj,29,Linear,routed_expert,4988928
backbone.layers.29.mixer.experts.103.act_fn,29,ReLUSquaredActivation,routed_expert,0
backbone.layers.29.mixer.experts.104,29,NemotronHMLP,routed_expert,0
backbone.layers.29.mixer.experts.104.up_proj,29,Linear,routed_expert,4988928
backbone.layers.29.mixer.experts.104.down_proj,29,Linear,routed_expert,4988928
backbone.layers.29.mixer.experts.104.act_fn,29,ReLUSquaredActivation,routed_expert,0
backbone.layers.29.mixer.experts.105,29,NemotronHMLP,routed_expert,0
backbone.layers.29.mixer.experts.105.up_proj,29,Linear,routed_expert,4988928
backbone.layers.29.mixer.experts.105.down_proj,29,Linear,routed_expert,4988928
backbone.layers.29.mixer.experts.105.act_fn,29,ReLUSquaredActivation,routed_expert,0
backbone.layers.29.mixer.experts.106,29,NemotronHMLP,routed_expert,0
backbone.layers.29.mixer.experts.106.up_proj,29,Linear,routed_expert,4988928
backbone.layers.29.mixer.experts.106.down_proj,29,Linear,routed_expert,4988928
backbone.layers.29.mixer.experts.106.act_fn,29,ReLUSquaredActivation,routed_expert,0
backbone.layers.29.mixer.experts.107,29,NemotronHMLP,routed_expert,0
backbone.layers.29.mixer.experts.107.up_proj,29,Linear,routed_expert,4988928
backbone.layers.29.mixer.experts.107.down_proj,29,Linear,routed_expert,4988928
backbone.layers.29.mixer.experts.107.act_fn,29,ReLUSquaredActivation,routed_expert,0
backbone.layers.29.mixer.experts.108,29,NemotronHMLP,routed_expert,0
backbone.layers.29.mixer.experts.108.up_proj,29,Linear,routed_expert,4988928
backbone.layers.29.mixer.experts.108.down_proj,29,Linear,routed_expert,4988928
backbone.layers.29.mixer.experts.108.act_fn,29,ReLUSquaredActivation,routed_expert,0
backbone.layers.29.mixer.experts.109,29,NemotronHMLP,routed_expert,0
backbone.layers.29.mixer.experts.109.up_proj,29,Linear,routed_expert,4988928
backbone.layers.29.mixer.experts.109.down_proj,29,Linear,routed_expert,4988928
backbone.layers.29.mixer.experts.109.act_fn,29,ReLUSquaredActivation,routed_expert,0
backbone.layers.29.mixer.experts.110,29,NemotronHMLP,routed_expert,0
backbone.layers.29.mixer.experts.110.up_proj,29,Linear,routed_expert,4988928
backbone.layers.29.mixer.experts.110.down_proj,29,Linear,routed_expert,4988928
backbone.layers.29.mixer.experts.110.act_fn,29,ReLUSquaredActivation,routed_expert,0
backbone.layers.29.mixer.experts.111,29,NemotronHMLP,routed_expert,0
backbone.layers.29.mixer.experts.111.up_proj,29,Linear,routed_expert,4988928
backbone.layers.29.mixer.experts.111.down_proj,29,Linear,routed_expert,4988928
backbone.layers.29.mixer.experts.111.act_fn,29,ReLUSquaredActivation,routed_expert,0
backbone.layers.29.mixer.experts.112,29,NemotronHMLP,routed_expert,0
backbone.layers.29.mixer.experts.112.up_proj,29,Linear,routed_expert,4988928
backbone.layers.29.mixer.experts.112.down_proj,29,Linear,routed_expert,4988928
backbone.layers.29.mixer.experts.112.act_fn,29,ReLUSquaredActivation,routed_expert,0
backbone.layers.29.mixer.experts.113,29,NemotronHMLP,routed_expert,0
backbone.layers.29.mixer.experts.113.up_proj,29,Linear,routed_expert,4988928
backbone.layers.29.mixer.experts.113.down_proj,29,Linear,routed_expert,4988928
backbone.layers.29.mixer.experts.113.act_fn,29,ReLUSquaredActivation,routed_expert,0
backbone.layers.29.mixer.experts.114,29,NemotronHMLP,routed_expert,0
backbone.layers.29.mixer.experts.114.up_proj,29,Linear,routed_expert,4988928
backbone.layers.29.mixer.experts.114.down_proj,29,Linear,routed_expert,4988928
backbone.layers.29.mixer.experts.114.act_fn,29,ReLUSquaredActivation,routed_expert,0
backbone.layers.29.mixer.experts.115,29,NemotronHMLP,routed_expert,0
backbone.layers.29.mixer.experts.115.up_proj,29,Linear,routed_expert,4988928
backbone.layers.29.mixer.experts.115.down_proj,29,Linear,routed_expert,4988928
backbone.layers.29.mixer.experts.115.act_fn,29,ReLUSquaredActivation,routed_expert,0
backbone.layers.29.mixer.experts.116,29,NemotronHMLP,routed_expert,0
backbone.layers.29.mixer.experts.116.up_proj,29,Linear,routed_expert,4988928
backbone.layers.29.mixer.experts.116.down_proj,29,Linear,routed_expert,4988928
backbone.layers.29.mixer.experts.116.act_fn,29,ReLUSquaredActivation,routed_expert,0
backbone.layers.29.mixer.experts.117,29,NemotronHMLP,routed_expert,0
backbone.layers.29.mixer.experts.117.up_proj,29,Linear,routed_expert,4988928
backbone.layers.29.mixer.experts.117.down_proj,29,Linear,routed_expert,4988928
backbone.layers.29.mixer.experts.117.act_fn,29,ReLUSquaredActivation,routed_expert,0
backbone.layers.29.mixer.experts.118,29,NemotronHMLP,routed_expert,0
backbone.layers.29.mixer.experts.118.up_proj,29,Linear,routed_expert,4988928
backbone.layers.29.mixer.experts.118.down_proj,29,Linear,routed_expert,4988928
backbone.layers.29.mixer.experts.118.act_fn,29,ReLUSquaredActivation,routed_expert,0
backbone.layers.29.mixer.experts.119,29,NemotronHMLP,routed_expert,0
backbone.layers.29.mixer.experts.119.up_proj,29,Linear,routed_expert,4988928
backbone.layers.29.mixer.experts.119.down_proj,29,Linear,routed_expert,4988928
backbone.layers.29.mixer.experts.119.act_fn,29,ReLUSquaredActivation,routed_expert,0
backbone.layers.29.mixer.experts.120,29,NemotronHMLP,routed_expert,0
backbone.layers.29.mixer.experts.120.up_proj,29,Linear,routed_expert,4988928
backbone.layers.29.mixer.experts.120.down_proj,29,Linear,routed_expert,4988928
backbone.layers.29.mixer.experts.120.act_fn,29,ReLUSquaredActivation,routed_expert,0
backbone.layers.29.mixer.experts.121,29,NemotronHMLP,routed_expert,0
backbone.layers.29.mixer.experts.121.up_proj,29,Linear,routed_expert,4988928
backbone.layers.29.mixer.experts.121.down_proj,29,Linear,routed_expert,4988928
backbone.layers.29.mixer.experts.121.act_fn,29,ReLUSquaredActivation,routed_expert,0
backbone.layers.29.mixer.experts.122,29,NemotronHMLP,routed_expert,0
backbone.layers.29.mixer.experts.122.up_proj,29,Linear,routed_expert,4988928
backbone.layers.29.mixer.experts.122.down_proj,29,Linear,routed_expert,4988928
backbone.layers.29.mixer.experts.122.act_fn,29,ReLUSquaredActivation,routed_expert,0
backbone.layers.29.mixer.experts.123,29,NemotronHMLP,routed_expert,0
backbone.layers.29.mixer.experts.123.up_proj,29,Linear,routed_expert,4988928
backbone.layers.29.mixer.experts.123.down_proj,29,Linear,routed_expert,4988928
backbone.layers.29.mixer.experts.123.act_fn,29,ReLUSquaredActivation,routed_expert,0
backbone.layers.29.mixer.experts.124,29,NemotronHMLP,routed_expert,0
backbone.layers.29.mixer.experts.124.up_proj,29,Linear,routed_expert,4988928
backbone.layers.29.mixer.experts.124.down_proj,29,Linear,routed_expert,4988928
backbone.layers.29.mixer.experts.124.act_fn,29,ReLUSquaredActivation,routed_expert,0
backbone.layers.29.mixer.experts.125,29,NemotronHMLP,routed_expert,0
backbone.layers.29.mixer.experts.125.up_proj,29,Linear,routed_expert,4988928
backbone.layers.29.mixer.experts.125.down_proj,29,Linear,routed_expert,4988928
backbone.layers.29.mixer.experts.125.act_fn,29,ReLUSquaredActivation,routed_expert,0
backbone.layers.29.mixer.experts.126,29,NemotronHMLP,routed_expert,0
backbone.layers.29.mixer.experts.126.up_proj,29,Linear,routed_expert,4988928
backbone.layers.29.mixer.experts.126.down_proj,29,Linear,routed_expert,4988928
backbone.layers.29.mixer.experts.126.act_fn,29,ReLUSquaredActivation,routed_expert,0
backbone.layers.29.mixer.experts.127,29,NemotronHMLP,routed_expert,0
backbone.layers.29.mixer.experts.127.up_proj,29,Linear,routed_expert,4988928
backbone.layers.29.mixer.experts.127.down_proj,29,Linear,routed_expert,4988928
backbone.layers.29.mixer.experts.127.act_fn,29,ReLUSquaredActivation,routed_expert,0
backbone.layers.29.mixer.gate,29,NemotronHTopkRouter,router,344064
backbone.layers.29.mixer.shared_experts,29,NemotronHMLP,other,0
backbone.layers.29.mixer.shared_experts.up_proj,29,Linear,shared_expert,9977856
backbone.layers.29.mixer.shared_experts.down_proj,29,Linear,shared_expert,9977856
backbone.layers.29.mixer.shared_experts.act_fn,29,ReLUSquaredActivation,shared_expert,0
backbone.layers.30,30,NemotronHBlock,other,0
backbone.layers.30.norm,30,NemotronHRMSNorm,other,2688
backbone.layers.30.mixer,30,NemotronHMamba2Mixer,mamba,192
backbone.layers.30.mixer.act,30,SiLUActivation,other,0
backbone.layers.30.mixer.conv1d,30,Conv1d,other,30720
backbone.layers.30.mixer.in_proj,30,Linear,mamba_projection,27697152
backbone.layers.30.mixer.norm,30,MambaRMSNormGated,mamba,4096
backbone.layers.30.mixer.out_proj,30,Linear,mamba_projection,11010048
backbone.layers.31,31,NemotronHBlock,other,0
backbone.layers.31.norm,31,NemotronHRMSNorm,other,2688
backbone.layers.31.mixer,31,NemotronHMOE,moe,0
backbone.layers.31.mixer.experts,31,ModuleList,other,0
backbone.layers.31.mixer.experts.0,31,NemotronHMLP,routed_expert,0
backbone.layers.31.mixer.experts.0.up_proj,31,Linear,routed_expert,4988928
backbone.layers.31.mixer.experts.0.down_proj,31,Linear,routed_expert,4988928
backbone.layers.31.mixer.experts.0.act_fn,31,ReLUSquaredActivation,routed_expert,0
backbone.layers.31.mixer.experts.1,31,NemotronHMLP,routed_expert,0
backbone.layers.31.mixer.experts.1.up_proj,31,Linear,routed_expert,4988928
backbone.layers.31.mixer.experts.1.down_proj,31,Linear,routed_expert,4988928
backbone.layers.31.mixer.experts.1.act_fn,31,ReLUSquaredActivation,routed_expert,0
backbone.layers.31.mixer.experts.2,31,NemotronHMLP,routed_expert,0
backbone.layers.31.mixer.experts.2.up_proj,31,Linear,routed_expert,4988928
backbone.layers.31.mixer.experts.2.down_proj,31,Linear,routed_expert,4988928
backbone.layers.31.mixer.experts.2.act_fn,31,ReLUSquaredActivation,routed_expert,0
backbone.layers.31.mixer.experts.3,31,NemotronHMLP,routed_expert,0
backbone.layers.31.mixer.experts.3.up_proj,31,Linear,routed_expert,4988928
backbone.layers.31.mixer.experts.3.down_proj,31,Linear,routed_expert,4988928
backbone.layers.31.mixer.experts.3.act_fn,31,ReLUSquaredActivation,routed_expert,0
backbone.layers.31.mixer.experts.4,31,NemotronHMLP,routed_expert,0
backbone.layers.31.mixer.experts.4.up_proj,31,Linear,routed_expert,4988928
backbone.layers.31.mixer.experts.4.down_proj,31,Linear,routed_expert,4988928
backbone.layers.31.mixer.experts.4.act_fn,31,ReLUSquaredActivation,routed_expert,0
backbone.layers.31.mixer.experts.5,31,NemotronHMLP,routed_expert,0
backbone.layers.31.mixer.experts.5.up_proj,31,Linear,routed_expert,4988928
backbone.layers.31.mixer.experts.5.down_proj,31,Linear,routed_expert,4988928
backbone.layers.31.mixer.experts.5.act_fn,31,ReLUSquaredActivation,routed_expert,0
backbone.layers.31.mixer.experts.6,31,NemotronHMLP,routed_expert,0
backbone.layers.31.mixer.experts.6.up_proj,31,Linear,routed_expert,4988928
backbone.layers.31.mixer.experts.6.down_proj,31,Linear,routed_expert,4988928
backbone.layers.31.mixer.experts.6.act_fn,31,ReLUSquaredActivation,routed_expert,0
backbone.layers.31.mixer.experts.7,31,NemotronHMLP,routed_expert,0
backbone.layers.31.mixer.experts.7.up_proj,31,Linear,routed_expert,4988928
backbone.layers.31.mixer.experts.7.down_proj,31,Linear,routed_expert,4988928
backbone.layers.31.mixer.experts.7.act_fn,31,ReLUSquaredActivation,routed_expert,0
backbone.layers.31.mixer.experts.8,31,NemotronHMLP,routed_expert,0
backbone.layers.31.mixer.experts.8.up_proj,31,Linear,routed_expert,4988928
backbone.layers.31.mixer.experts.8.down_proj,31,Linear,routed_expert,4988928
backbone.layers.31.mixer.experts.8.act_fn,31,ReLUSquaredActivation,routed_expert,0
backbone.layers.31.mixer.experts.9,31,NemotronHMLP,routed_expert,0
backbone.layers.31.mixer.experts.9.up_proj,31,Linear,routed_expert,4988928
backbone.layers.31.mixer.experts.9.down_proj,31,Linear,routed_expert,4988928
backbone.layers.31.mixer.experts.9.act_fn,31,ReLUSquaredActivation,routed_expert,0
backbone.layers.31.mixer.experts.10,31,NemotronHMLP,routed_expert,0
backbone.layers.31.mixer.experts.10.up_proj,31,Linear,routed_expert,4988928
backbone.layers.31.mixer.experts.10.down_proj,31,Linear,routed_expert,4988928
backbone.layers.31.mixer.experts.10.act_fn,31,ReLUSquaredActivation,routed_expert,0
backbone.layers.31.mixer.experts.11,31,NemotronHMLP,routed_expert,0
backbone.layers.31.mixer.experts.11.up_proj,31,Linear,routed_expert,4988928
backbone.layers.31.mixer.experts.11.down_proj,31,Linear,routed_expert,4988928
backbone.layers.31.mixer.experts.11.act_fn,31,ReLUSquaredActivation,routed_expert,0
backbone.layers.31.mixer.experts.12,31,NemotronHMLP,routed_expert,0
backbone.layers.31.mixer.experts.12.up_proj,31,Linear,routed_expert,4988928
backbone.layers.31.mixer.experts.12.down_proj,31,Linear,routed_expert,4988928
backbone.layers.31.mixer.experts.12.act_fn,31,ReLUSquaredActivation,routed_expert,0
backbone.layers.31.mixer.experts.13,31,NemotronHMLP,routed_expert,0
backbone.layers.31.mixer.experts.13.up_proj,31,Linear,routed_expert,4988928
backbone.layers.31.mixer.experts.13.down_proj,31,Linear,routed_expert,4988928
backbone.layers.31.mixer.experts.13.act_fn,31,ReLUSquaredActivation,routed_expert,0
backbone.layers.31.mixer.experts.14,31,NemotronHMLP,routed_expert,0
backbone.layers.31.mixer.experts.14.up_proj,31,Linear,routed_expert,4988928
backbone.layers.31.mixer.experts.14.down_proj,31,Linear,routed_expert,4988928
backbone.layers.31.mixer.experts.14.act_fn,31,ReLUSquaredActivation,routed_expert,0
backbone.layers.31.mixer.experts.15,31,NemotronHMLP,routed_expert,0
backbone.layers.31.mixer.experts.15.up_proj,31,Linear,routed_expert,4988928
backbone.layers.31.mixer.experts.15.down_proj,31,Linear,routed_expert,4988928
backbone.layers.31.mixer.experts.15.act_fn,31,ReLUSquaredActivation,routed_expert,0
backbone.layers.31.mixer.experts.16,31,NemotronHMLP,routed_expert,0
backbone.layers.31.mixer.experts.16.up_proj,31,Linear,routed_expert,4988928
backbone.layers.31.mixer.experts.16.down_proj,31,Linear,routed_expert,4988928
backbone.layers.31.mixer.experts.16.act_fn,31,ReLUSquaredActivation,routed_expert,0
backbone.layers.31.mixer.experts.17,31,NemotronHMLP,routed_expert,0
backbone.layers.31.mixer.experts.17.up_proj,31,Linear,routed_expert,4988928
backbone.layers.31.mixer.experts.17.down_proj,31,Linear,routed_expert,4988928
backbone.layers.31.mixer.experts.17.act_fn,31,ReLUSquaredActivation,routed_expert,0
backbone.layers.31.mixer.experts.18,31,NemotronHMLP,routed_expert,0
backbone.layers.31.mixer.experts.18.up_proj,31,Linear,routed_expert,4988928
backbone.layers.31.mixer.experts.18.down_proj,31,Linear,routed_expert,4988928
backbone.layers.31.mixer.experts.18.act_fn,31,ReLUSquaredActivation,routed_expert,0
backbone.layers.31.mixer.experts.19,31,NemotronHMLP,routed_expert,0
backbone.layers.31.mixer.experts.19.up_proj,31,Linear,routed_expert,4988928
backbone.layers.31.mixer.experts.19.down_proj,31,Linear,routed_expert,4988928
backbone.layers.31.mixer.experts.19.act_fn,31,ReLUSquaredActivation,routed_expert,0
backbone.layers.31.mixer.experts.20,31,NemotronHMLP,routed_expert,0
backbone.layers.31.mixer.experts.20.up_proj,31,Linear,routed_expert,4988928
backbone.layers.31.mixer.experts.20.down_proj,31,Linear,routed_expert,4988928
backbone.layers.31.mixer.experts.20.act_fn,31,ReLUSquaredActivation,routed_expert,0
backbone.layers.31.mixer.experts.21,31,NemotronHMLP,routed_expert,0
backbone.layers.31.mixer.experts.21.up_proj,31,Linear,routed_expert,4988928
backbone.layers.31.mixer.experts.21.down_proj,31,Linear,routed_expert,4988928
backbone.layers.31.mixer.experts.21.act_fn,31,ReLUSquaredActivation,routed_expert,0
backbone.layers.31.mixer.experts.22,31,NemotronHMLP,routed_expert,0
backbone.layers.31.mixer.experts.22.up_proj,31,Linear,routed_expert,4988928
backbone.layers.31.mixer.experts.22.down_proj,31,Linear,routed_expert,4988928
backbone.layers.31.mixer.experts.22.act_fn,31,ReLUSquaredActivation,routed_expert,0
backbone.layers.31.mixer.experts.23,31,NemotronHMLP,routed_expert,0
backbone.layers.31.mixer.experts.23.up_proj,31,Linear,routed_expert,4988928
backbone.layers.31.mixer.experts.23.down_proj,31,Linear,routed_expert,4988928
backbone.layers.31.mixer.experts.23.act_fn,31,ReLUSquaredActivation,routed_expert,0
backbone.layers.31.mixer.experts.24,31,NemotronHMLP,routed_expert,0
backbone.layers.31.mixer.experts.24.up_proj,31,Linear,routed_expert,4988928
backbone.layers.31.mixer.experts.24.down_proj,31,Linear,routed_expert,4988928
backbone.layers.31.mixer.experts.24.act_fn,31,ReLUSquaredActivation,routed_expert,0
backbone.layers.31.mixer.experts.25,31,NemotronHMLP,routed_expert,0
backbone.layers.31.mixer.experts.25.up_proj,31,Linear,routed_expert,4988928
backbone.layers.31.mixer.experts.25.down_proj,31,Linear,routed_expert,4988928
backbone.layers.31.mixer.experts.25.act_fn,31,ReLUSquaredActivation,routed_expert,0
backbone.layers.31.mixer.experts.26,31,NemotronHMLP,routed_expert,0
backbone.layers.31.mixer.experts.26.up_proj,31,Linear,routed_expert,4988928
backbone.layers.31.mixer.experts.26.down_proj,31,Linear,routed_expert,4988928
backbone.layers.31.mixer.experts.26.act_fn,31,ReLUSquaredActivation,routed_expert,0
backbone.layers.31.mixer.experts.27,31,NemotronHMLP,routed_expert,0
backbone.layers.31.mixer.experts.27.up_proj,31,Linear,routed_expert,4988928
backbone.layers.31.mixer.experts.27.down_proj,31,Linear,routed_expert,4988928
backbone.layers.31.mixer.experts.27.act_fn,31,ReLUSquaredActivation,routed_expert,0
backbone.layers.31.mixer.experts.28,31,NemotronHMLP,routed_expert,0
backbone.layers.31.mixer.experts.28.up_proj,31,Linear,routed_expert,4988928
backbone.layers.31.mixer.experts.28.down_proj,31,Linear,routed_expert,4988928
backbone.layers.31.mixer.experts.28.act_fn,31,ReLUSquaredActivation,routed_expert,0
backbone.layers.31.mixer.experts.29,31,NemotronHMLP,routed_expert,0
backbone.layers.31.mixer.experts.29.up_proj,31,Linear,routed_expert,4988928
backbone.layers.31.mixer.experts.29.down_proj,31,Linear,routed_expert,4988928
backbone.layers.31.mixer.experts.29.act_fn,31,ReLUSquaredActivation,routed_expert,0
backbone.layers.31.mixer.experts.30,31,NemotronHMLP,routed_expert,0
backbone.layers.31.mixer.experts.30.up_proj,31,Linear,routed_expert,4988928
backbone.layers.31.mixer.experts.30.down_proj,31,Linear,routed_expert,4988928
backbone.layers.31.mixer.experts.30.act_fn,31,ReLUSquaredActivation,routed_expert,0
backbone.layers.31.mixer.experts.31,31,NemotronHMLP,routed_expert,0
backbone.layers.31.mixer.experts.31.up_proj,31,Linear,routed_expert,4988928
backbone.layers.31.mixer.experts.31.down_proj,31,Linear,routed_expert,4988928
backbone.layers.31.mixer.experts.31.act_fn,31,ReLUSquaredActivation,routed_expert,0
backbone.layers.31.mixer.experts.32,31,NemotronHMLP,routed_expert,0
backbone.layers.31.mixer.experts.32.up_proj,31,Linear,routed_expert,4988928
backbone.layers.31.mixer.experts.32.down_proj,31,Linear,routed_expert,4988928
backbone.layers.31.mixer.experts.32.act_fn,31,ReLUSquaredActivation,routed_expert,0
backbone.layers.31.mixer.experts.33,31,NemotronHMLP,routed_expert,0
backbone.layers.31.mixer.experts.33.up_proj,31,Linear,routed_expert,4988928
backbone.layers.31.mixer.experts.33.down_proj,31,Linear,routed_expert,4988928
backbone.layers.31.mixer.experts.33.act_fn,31,ReLUSquaredActivation,routed_expert,0
backbone.layers.31.mixer.experts.34,31,NemotronHMLP,routed_expert,0
backbone.layers.31.mixer.experts.34.up_proj,31,Linear,routed_expert,4988928
backbone.layers.31.mixer.experts.34.down_proj,31,Linear,routed_expert,4988928
backbone.layers.31.mixer.experts.34.act_fn,31,ReLUSquaredActivation,routed_expert,0
backbone.layers.31.mixer.experts.35,31,NemotronHMLP,routed_expert,0
backbone.layers.31.mixer.experts.35.up_proj,31,Linear,routed_expert,4988928
backbone.layers.31.mixer.experts.35.down_proj,31,Linear,routed_expert,4988928
backbone.layers.31.mixer.experts.35.act_fn,31,ReLUSquaredActivation,routed_expert,0
backbone.layers.31.mixer.experts.36,31,NemotronHMLP,routed_expert,0
backbone.layers.31.mixer.experts.36.up_proj,31,Linear,routed_expert,4988928
backbone.layers.31.mixer.experts.36.down_proj,31,Linear,routed_expert,4988928
backbone.layers.31.mixer.experts.36.act_fn,31,ReLUSquaredActivation,routed_expert,0
backbone.layers.31.mixer.experts.37,31,NemotronHMLP,routed_expert,0
backbone.layers.31.mixer.experts.37.up_proj,31,Linear,routed_expert,4988928
backbone.layers.31.mixer.experts.37.down_proj,31,Linear,routed_expert,4988928
backbone.layers.31.mixer.experts.37.act_fn,31,ReLUSquaredActivation,routed_expert,0
backbone.layers.31.mixer.experts.38,31,NemotronHMLP,routed_expert,0
backbone.layers.31.mixer.experts.38.up_proj,31,Linear,routed_expert,4988928
backbone.layers.31.mixer.experts.38.down_proj,31,Linear,routed_expert,4988928
backbone.layers.31.mixer.experts.38.act_fn,31,ReLUSquaredActivation,routed_expert,0
backbone.layers.31.mixer.experts.39,31,NemotronHMLP,routed_expert,0
backbone.layers.31.mixer.experts.39.up_proj,31,Linear,routed_expert,4988928
backbone.layers.31.mixer.experts.39.down_proj,31,Linear,routed_expert,4988928
backbone.layers.31.mixer.experts.39.act_fn,31,ReLUSquaredActivation,routed_expert,0
backbone.layers.31.mixer.experts.40,31,NemotronHMLP,routed_expert,0
backbone.layers.31.mixer.experts.40.up_proj,31,Linear,routed_expert,4988928
backbone.layers.31.mixer.experts.40.down_proj,31,Linear,routed_expert,4988928
backbone.layers.31.mixer.experts.40.act_fn,31,ReLUSquaredActivation,routed_expert,0
backbone.layers.31.mixer.experts.41,31,NemotronHMLP,routed_expert,0
backbone.layers.31.mixer.experts.41.up_proj,31,Linear,routed_expert,4988928
backbone.layers.31.mixer.experts.41.down_proj,31,Linear,routed_expert,4988928
backbone.layers.31.mixer.experts.41.act_fn,31,ReLUSquaredActivation,routed_expert,0
backbone.layers.31.mixer.experts.42,31,NemotronHMLP,routed_expert,0
backbone.layers.31.mixer.experts.42.up_proj,31,Linear,routed_expert,4988928
backbone.layers.31.mixer.experts.42.down_proj,31,Linear,routed_expert,4988928
backbone.layers.31.mixer.experts.42.act_fn,31,ReLUSquaredActivation,routed_expert,0
backbone.layers.31.mixer.experts.43,31,NemotronHMLP,routed_expert,0
backbone.layers.31.mixer.experts.43.up_proj,31,Linear,routed_expert,4988928
backbone.layers.31.mixer.experts.43.down_proj,31,Linear,routed_expert,4988928
backbone.layers.31.mixer.experts.43.act_fn,31,ReLUSquaredActivation,routed_expert,0
backbone.layers.31.mixer.experts.44,31,NemotronHMLP,routed_expert,0
backbone.layers.31.mixer.experts.44.up_proj,31,Linear,routed_expert,4988928
backbone.layers.31.mixer.experts.44.down_proj,31,Linear,routed_expert,4988928
backbone.layers.31.mixer.experts.44.act_fn,31,ReLUSquaredActivation,routed_expert,0
backbone.layers.31.mixer.experts.45,31,NemotronHMLP,routed_expert,0
backbone.layers.31.mixer.experts.45.up_proj,31,Linear,routed_expert,4988928
backbone.layers.31.mixer.experts.45.down_proj,31,Linear,routed_expert,4988928
backbone.layers.31.mixer.experts.45.act_fn,31,ReLUSquaredActivation,routed_expert,0
backbone.layers.31.mixer.experts.46,31,NemotronHMLP,routed_expert,0
backbone.layers.31.mixer.experts.46.up_proj,31,Linear,routed_expert,4988928
backbone.layers.31.mixer.experts.46.down_proj,31,Linear,routed_expert,4988928
backbone.layers.31.mixer.experts.46.act_fn,31,ReLUSquaredActivation,routed_expert,0
backbone.layers.31.mixer.experts.47,31,NemotronHMLP,routed_expert,0
backbone.layers.31.mixer.experts.47.up_proj,31,Linear,routed_expert,4988928
backbone.layers.31.mixer.experts.47.down_proj,31,Linear,routed_expert,4988928
backbone.layers.31.mixer.experts.47.act_fn,31,ReLUSquaredActivation,routed_expert,0
backbone.layers.31.mixer.experts.48,31,NemotronHMLP,routed_expert,0
backbone.layers.31.mixer.experts.48.up_proj,31,Linear,routed_expert,4988928
backbone.layers.31.mixer.experts.48.down_proj,31,Linear,routed_expert,4988928
backbone.layers.31.mixer.experts.48.act_fn,31,ReLUSquaredActivation,routed_expert,0
backbone.layers.31.mixer.experts.49,31,NemotronHMLP,routed_expert,0
backbone.layers.31.mixer.experts.49.up_proj,31,Linear,routed_expert,4988928
backbone.layers.31.mixer.experts.49.down_proj,31,Linear,routed_expert,4988928
backbone.layers.31.mixer.experts.49.act_fn,31,ReLUSquaredActivation,routed_expert,0
backbone.layers.31.mixer.experts.50,31,NemotronHMLP,routed_expert,0
backbone.layers.31.mixer.experts.50.up_proj,31,Linear,routed_expert,4988928
backbone.layers.31.mixer.experts.50.down_proj,31,Linear,routed_expert,4988928
backbone.layers.31.mixer.experts.50.act_fn,31,ReLUSquaredActivation,routed_expert,0
backbone.layers.31.mixer.experts.51,31,NemotronHMLP,routed_expert,0
backbone.layers.31.mixer.experts.51.up_proj,31,Linear,routed_expert,4988928
backbone.layers.31.mixer.experts.51.down_proj,31,Linear,routed_expert,4988928
backbone.layers.31.mixer.experts.51.act_fn,31,ReLUSquaredActivation,routed_expert,0
backbone.layers.31.mixer.experts.52,31,NemotronHMLP,routed_expert,0
backbone.layers.31.mixer.experts.52.up_proj,31,Linear,routed_expert,4988928
backbone.layers.31.mixer.experts.52.down_proj,31,Linear,routed_expert,4988928
backbone.layers.31.mixer.experts.52.act_fn,31,ReLUSquaredActivation,routed_expert,0
backbone.layers.31.mixer.experts.53,31,NemotronHMLP,routed_expert,0
backbone.layers.31.mixer.experts.53.up_proj,31,Linear,routed_expert,4988928
backbone.layers.31.mixer.experts.53.down_proj,31,Linear,routed_expert,4988928
backbone.layers.31.mixer.experts.53.act_fn,31,ReLUSquaredActivation,routed_expert,0
backbone.layers.31.mixer.experts.54,31,NemotronHMLP,routed_expert,0
backbone.layers.31.mixer.experts.54.up_proj,31,Linear,routed_expert,4988928
backbone.layers.31.mixer.experts.54.down_proj,31,Linear,routed_expert,4988928
backbone.layers.31.mixer.experts.54.act_fn,31,ReLUSquaredActivation,routed_expert,0
backbone.layers.31.mixer.experts.55,31,NemotronHMLP,routed_expert,0
backbone.layers.31.mixer.experts.55.up_proj,31,Linear,routed_expert,4988928
backbone.layers.31.mixer.experts.55.down_proj,31,Linear,routed_expert,4988928
backbone.layers.31.mixer.experts.55.act_fn,31,ReLUSquaredActivation,routed_expert,0
backbone.layers.31.mixer.experts.56,31,NemotronHMLP,routed_expert,0
backbone.layers.31.mixer.experts.56.up_proj,31,Linear,routed_expert,4988928
backbone.layers.31.mixer.experts.56.down_proj,31,Linear,routed_expert,4988928
backbone.layers.31.mixer.experts.56.act_fn,31,ReLUSquaredActivation,routed_expert,0
backbone.layers.31.mixer.experts.57,31,NemotronHMLP,routed_expert,0
backbone.layers.31.mixer.experts.57.up_proj,31,Linear,routed_expert,4988928
backbone.layers.31.mixer.experts.57.down_proj,31,Linear,routed_expert,4988928
backbone.layers.31.mixer.experts.57.act_fn,31,ReLUSquaredActivation,routed_expert,0
backbone.layers.31.mixer.experts.58,31,NemotronHMLP,routed_expert,0
backbone.layers.31.mixer.experts.58.up_proj,31,Linear,routed_expert,4988928
backbone.layers.31.mixer.experts.58.down_proj,31,Linear,routed_expert,4988928
backbone.layers.31.mixer.experts.58.act_fn,31,ReLUSquaredActivation,routed_expert,0
backbone.layers.31.mixer.experts.59,31,NemotronHMLP,routed_expert,0
backbone.layers.31.mixer.experts.59.up_proj,31,Linear,routed_expert,4988928
backbone.layers.31.mixer.experts.59.down_proj,31,Linear,routed_expert,4988928
backbone.layers.31.mixer.experts.59.act_fn,31,ReLUSquaredActivation,routed_expert,0
backbone.layers.31.mixer.experts.60,31,NemotronHMLP,routed_expert,0
backbone.layers.31.mixer.experts.60.up_proj,31,Linear,routed_expert,4988928
backbone.layers.31.mixer.experts.60.down_proj,31,Linear,routed_expert,4988928
backbone.layers.31.mixer.experts.60.act_fn,31,ReLUSquaredActivation,routed_expert,0
backbone.layers.31.mixer.experts.61,31,NemotronHMLP,routed_expert,0
backbone.layers.31.mixer.experts.61.up_proj,31,Linear,routed_expert,4988928
backbone.layers.31.mixer.experts.61.down_proj,31,Linear,routed_expert,4988928
backbone.layers.31.mixer.experts.61.act_fn,31,ReLUSquaredActivation,routed_expert,0
backbone.layers.31.mixer.experts.62,31,NemotronHMLP,routed_expert,0
backbone.layers.31.mixer.experts.62.up_proj,31,Linear,routed_expert,4988928
backbone.layers.31.mixer.experts.62.down_proj,31,Linear,routed_expert,4988928
backbone.layers.31.mixer.experts.62.act_fn,31,ReLUSquaredActivation,routed_expert,0
backbone.layers.31.mixer.experts.63,31,NemotronHMLP,routed_expert,0
backbone.layers.31.mixer.experts.63.up_proj,31,Linear,routed_expert,4988928
backbone.layers.31.mixer.experts.63.down_proj,31,Linear,routed_expert,4988928
backbone.layers.31.mixer.experts.63.act_fn,31,ReLUSquaredActivation,routed_expert,0
backbone.layers.31.mixer.experts.64,31,NemotronHMLP,routed_expert,0
backbone.layers.31.mixer.experts.64.up_proj,31,Linear,routed_expert,4988928
backbone.layers.31.mixer.experts.64.down_proj,31,Linear,routed_expert,4988928
backbone.layers.31.mixer.experts.64.act_fn,31,ReLUSquaredActivation,routed_expert,0
backbone.layers.31.mixer.experts.65,31,NemotronHMLP,routed_expert,0
backbone.layers.31.mixer.experts.65.up_proj,31,Linear,routed_expert,4988928
backbone.layers.31.mixer.experts.65.down_proj,31,Linear,routed_expert,4988928
backbone.layers.31.mixer.experts.65.act_fn,31,ReLUSquaredActivation,routed_expert,0
backbone.layers.31.mixer.experts.66,31,NemotronHMLP,routed_expert,0
backbone.layers.31.mixer.experts.66.up_proj,31,Linear,routed_expert,4988928
backbone.layers.31.mixer.experts.66.down_proj,31,Linear,routed_expert,4988928
backbone.layers.31.mixer.experts.66.act_fn,31,ReLUSquaredActivation,routed_expert,0
backbone.layers.31.mixer.experts.67,31,NemotronHMLP,routed_expert,0
backbone.layers.31.mixer.experts.67.up_proj,31,Linear,routed_expert,4988928
backbone.layers.31.mixer.experts.67.down_proj,31,Linear,routed_expert,4988928
backbone.layers.31.mixer.experts.67.act_fn,31,ReLUSquaredActivation,routed_expert,0
backbone.layers.31.mixer.experts.68,31,NemotronHMLP,routed_expert,0
backbone.layers.31.mixer.experts.68.up_proj,31,Linear,routed_expert,4988928
backbone.layers.31.mixer.experts.68.down_proj,31,Linear,routed_expert,4988928
backbone.layers.31.mixer.experts.68.act_fn,31,ReLUSquaredActivation,routed_expert,0
backbone.layers.31.mixer.experts.69,31,NemotronHMLP,routed_expert,0
backbone.layers.31.mixer.experts.69.up_proj,31,Linear,routed_expert,4988928
backbone.layers.31.mixer.experts.69.down_proj,31,Linear,routed_expert,4988928
backbone.layers.31.mixer.experts.69.act_fn,31,ReLUSquaredActivation,routed_expert,0
backbone.layers.31.mixer.experts.70,31,NemotronHMLP,routed_expert,0
backbone.layers.31.mixer.experts.70.up_proj,31,Linear,routed_expert,4988928
backbone.layers.31.mixer.experts.70.down_proj,31,Linear,routed_expert,4988928
backbone.layers.31.mixer.experts.70.act_fn,31,ReLUSquaredActivation,routed_expert,0
backbone.layers.31.mixer.experts.71,31,NemotronHMLP,routed_expert,0
backbone.layers.31.mixer.experts.71.up_proj,31,Linear,routed_expert,4988928
backbone.layers.31.mixer.experts.71.down_proj,31,Linear,routed_expert,4988928
backbone.layers.31.mixer.experts.71.act_fn,31,ReLUSquaredActivation,routed_expert,0
backbone.layers.31.mixer.experts.72,31,NemotronHMLP,routed_expert,0
backbone.layers.31.mixer.experts.72.up_proj,31,Linear,routed_expert,4988928
backbone.layers.31.mixer.experts.72.down_proj,31,Linear,routed_expert,4988928
backbone.layers.31.mixer.experts.72.act_fn,31,ReLUSquaredActivation,routed_expert,0
backbone.layers.31.mixer.experts.73,31,NemotronHMLP,routed_expert,0
backbone.layers.31.mixer.experts.73.up_proj,31,Linear,routed_expert,4988928
backbone.layers.31.mixer.experts.73.down_proj,31,Linear,routed_expert,4988928
backbone.layers.31.mixer.experts.73.act_fn,31,ReLUSquaredActivation,routed_expert,0
backbone.layers.31.mixer.experts.74,31,NemotronHMLP,routed_expert,0
backbone.layers.31.mixer.experts.74.up_proj,31,Linear,routed_expert,4988928
backbone.layers.31.mixer.experts.74.down_proj,31,Linear,routed_expert,4988928
backbone.layers.31.mixer.experts.74.act_fn,31,ReLUSquaredActivation,routed_expert,0
backbone.layers.31.mixer.experts.75,31,NemotronHMLP,routed_expert,0
backbone.layers.31.mixer.experts.75.up_proj,31,Linear,routed_expert,4988928
backbone.layers.31.mixer.experts.75.down_proj,31,Linear,routed_expert,4988928
backbone.layers.31.mixer.experts.75.act_fn,31,ReLUSquaredActivation,routed_expert,0
backbone.layers.31.mixer.experts.76,31,NemotronHMLP,routed_expert,0
backbone.layers.31.mixer.experts.76.up_proj,31,Linear,routed_expert,4988928
backbone.layers.31.mixer.experts.76.down_proj,31,Linear,routed_expert,4988928
backbone.layers.31.mixer.experts.76.act_fn,31,ReLUSquaredActivation,routed_expert,0
backbone.layers.31.mixer.experts.77,31,NemotronHMLP,routed_expert,0
backbone.layers.31.mixer.experts.77.up_proj,31,Linear,routed_expert,4988928
backbone.layers.31.mixer.experts.77.down_proj,31,Linear,routed_expert,4988928
backbone.layers.31.mixer.experts.77.act_fn,31,ReLUSquaredActivation,routed_expert,0
backbone.layers.31.mixer.experts.78,31,NemotronHMLP,routed_expert,0
backbone.layers.31.mixer.experts.78.up_proj,31,Linear,routed_expert,4988928
backbone.layers.31.mixer.experts.78.down_proj,31,Linear,routed_expert,4988928
backbone.layers.31.mixer.experts.78.act_fn,31,ReLUSquaredActivation,routed_expert,0
backbone.layers.31.mixer.experts.79,31,NemotronHMLP,routed_expert,0
backbone.layers.31.mixer.experts.79.up_proj,31,Linear,routed_expert,4988928
backbone.layers.31.mixer.experts.79.down_proj,31,Linear,routed_expert,4988928
backbone.layers.31.mixer.experts.79.act_fn,31,ReLUSquaredActivation,routed_expert,0
backbone.layers.31.mixer.experts.80,31,NemotronHMLP,routed_expert,0
backbone.layers.31.mixer.experts.80.up_proj,31,Linear,routed_expert,4988928
backbone.layers.31.mixer.experts.80.down_proj,31,Linear,routed_expert,4988928
backbone.layers.31.mixer.experts.80.act_fn,31,ReLUSquaredActivation,routed_expert,0
backbone.layers.31.mixer.experts.81,31,NemotronHMLP,routed_expert,0
backbone.layers.31.mixer.experts.81.up_proj,31,Linear,routed_expert,4988928
backbone.layers.31.mixer.experts.81.down_proj,31,Linear,routed_expert,4988928
backbone.layers.31.mixer.experts.81.act_fn,31,ReLUSquaredActivation,routed_expert,0
backbone.layers.31.mixer.experts.82,31,NemotronHMLP,routed_expert,0
backbone.layers.31.mixer.experts.82.up_proj,31,Linear,routed_expert,4988928
backbone.layers.31.mixer.experts.82.down_proj,31,Linear,routed_expert,4988928
backbone.layers.31.mixer.experts.82.act_fn,31,ReLUSquaredActivation,routed_expert,0
backbone.layers.31.mixer.experts.83,31,NemotronHMLP,routed_expert,0
backbone.layers.31.mixer.experts.83.up_proj,31,Linear,routed_expert,4988928
backbone.layers.31.mixer.experts.83.down_proj,31,Linear,routed_expert,4988928
backbone.layers.31.mixer.experts.83.act_fn,31,ReLUSquaredActivation,routed_expert,0
backbone.layers.31.mixer.experts.84,31,NemotronHMLP,routed_expert,0
backbone.layers.31.mixer.experts.84.up_proj,31,Linear,routed_expert,4988928
backbone.layers.31.mixer.experts.84.down_proj,31,Linear,routed_expert,4988928
backbone.layers.31.mixer.experts.84.act_fn,31,ReLUSquaredActivation,routed_expert,0
backbone.layers.31.mixer.experts.85,31,NemotronHMLP,routed_expert,0
backbone.layers.31.mixer.experts.85.up_proj,31,Linear,routed_expert,4988928
backbone.layers.31.mixer.experts.85.down_proj,31,Linear,routed_expert,4988928
backbone.layers.31.mixer.experts.85.act_fn,31,ReLUSquaredActivation,routed_expert,0
backbone.layers.31.mixer.experts.86,31,NemotronHMLP,routed_expert,0
backbone.layers.31.mixer.experts.86.up_proj,31,Linear,routed_expert,4988928
backbone.layers.31.mixer.experts.86.down_proj,31,Linear,routed_expert,4988928
backbone.layers.31.mixer.experts.86.act_fn,31,ReLUSquaredActivation,routed_expert,0
backbone.layers.31.mixer.experts.87,31,NemotronHMLP,routed_expert,0
backbone.layers.31.mixer.experts.87.up_proj,31,Linear,routed_expert,4988928
backbone.layers.31.mixer.experts.87.down_proj,31,Linear,routed_expert,4988928
backbone.layers.31.mixer.experts.87.act_fn,31,ReLUSquaredActivation,routed_expert,0
backbone.layers.31.mixer.experts.88,31,NemotronHMLP,routed_expert,0
backbone.layers.31.mixer.experts.88.up_proj,31,Linear,routed_expert,4988928
backbone.layers.31.mixer.experts.88.down_proj,31,Linear,routed_expert,4988928
backbone.layers.31.mixer.experts.88.act_fn,31,ReLUSquaredActivation,routed_expert,0
backbone.layers.31.mixer.experts.89,31,NemotronHMLP,routed_expert,0
backbone.layers.31.mixer.experts.89.up_proj,31,Linear,routed_expert,4988928
backbone.layers.31.mixer.experts.89.down_proj,31,Linear,routed_expert,4988928
backbone.layers.31.mixer.experts.89.act_fn,31,ReLUSquaredActivation,routed_expert,0
backbone.layers.31.mixer.experts.90,31,NemotronHMLP,routed_expert,0
backbone.layers.31.mixer.experts.90.up_proj,31,Linear,routed_expert,4988928
backbone.layers.31.mixer.experts.90.down_proj,31,Linear,routed_expert,4988928
backbone.layers.31.mixer.experts.90.act_fn,31,ReLUSquaredActivation,routed_expert,0
backbone.layers.31.mixer.experts.91,31,NemotronHMLP,routed_expert,0
backbone.layers.31.mixer.experts.91.up_proj,31,Linear,routed_expert,4988928
backbone.layers.31.mixer.experts.91.down_proj,31,Linear,routed_expert,4988928
backbone.layers.31.mixer.experts.91.act_fn,31,ReLUSquaredActivation,routed_expert,0
backbone.layers.31.mixer.experts.92,31,NemotronHMLP,routed_expert,0
backbone.layers.31.mixer.experts.92.up_proj,31,Linear,routed_expert,4988928
backbone.layers.31.mixer.experts.92.down_proj,31,Linear,routed_expert,4988928
backbone.layers.31.mixer.experts.92.act_fn,31,ReLUSquaredActivation,routed_expert,0
backbone.layers.31.mixer.experts.93,31,NemotronHMLP,routed_expert,0
backbone.layers.31.mixer.experts.93.up_proj,31,Linear,routed_expert,4988928
backbone.layers.31.mixer.experts.93.down_proj,31,Linear,routed_expert,4988928
backbone.layers.31.mixer.experts.93.act_fn,31,ReLUSquaredActivation,routed_expert,0
backbone.layers.31.mixer.experts.94,31,NemotronHMLP,routed_expert,0
backbone.layers.31.mixer.experts.94.up_proj,31,Linear,routed_expert,4988928
backbone.layers.31.mixer.experts.94.down_proj,31,Linear,routed_expert,4988928
backbone.layers.31.mixer.experts.94.act_fn,31,ReLUSquaredActivation,routed_expert,0
backbone.layers.31.mixer.experts.95,31,NemotronHMLP,routed_expert,0
backbone.layers.31.mixer.experts.95.up_proj,31,Linear,routed_expert,4988928
backbone.layers.31.mixer.experts.95.down_proj,31,Linear,routed_expert,4988928
backbone.layers.31.mixer.experts.95.act_fn,31,ReLUSquaredActivation,routed_expert,0
backbone.layers.31.mixer.experts.96,31,NemotronHMLP,routed_expert,0
backbone.layers.31.mixer.experts.96.up_proj,31,Linear,routed_expert,4988928
backbone.layers.31.mixer.experts.96.down_proj,31,Linear,routed_expert,4988928
backbone.layers.31.mixer.experts.96.act_fn,31,ReLUSquaredActivation,routed_expert,0
backbone.layers.31.mixer.experts.97,31,NemotronHMLP,routed_expert,0
backbone.layers.31.mixer.experts.97.up_proj,31,Linear,routed_expert,4988928
backbone.layers.31.mixer.experts.97.down_proj,31,Linear,routed_expert,4988928
backbone.layers.31.mixer.experts.97.act_fn,31,ReLUSquaredActivation,routed_expert,0
backbone.layers.31.mixer.experts.98,31,NemotronHMLP,routed_expert,0
backbone.layers.31.mixer.experts.98.up_proj,31,Linear,routed_expert,4988928
backbone.layers.31.mixer.experts.98.down_proj,31,Linear,routed_expert,4988928
backbone.layers.31.mixer.experts.98.act_fn,31,ReLUSquaredActivation,routed_expert,0
backbone.layers.31.mixer.experts.99,31,NemotronHMLP,routed_expert,0
backbone.layers.31.mixer.experts.99.up_proj,31,Linear,routed_expert,4988928
backbone.layers.31.mixer.experts.99.down_proj,31,Linear,routed_expert,4988928
backbone.layers.31.mixer.experts.99.act_fn,31,ReLUSquaredActivation,routed_expert,0
backbone.layers.31.mixer.experts.100,31,NemotronHMLP,routed_expert,0
backbone.layers.31.mixer.experts.100.up_proj,31,Linear,routed_expert,4988928
backbone.layers.31.mixer.experts.100.down_proj,31,Linear,routed_expert,4988928
backbone.layers.31.mixer.experts.100.act_fn,31,ReLUSquaredActivation,routed_expert,0
backbone.layers.31.mixer.experts.101,31,NemotronHMLP,routed_expert,0
backbone.layers.31.mixer.experts.101.up_proj,31,Linear,routed_expert,4988928
backbone.layers.31.mixer.experts.101.down_proj,31,Linear,routed_expert,4988928
backbone.layers.31.mixer.experts.101.act_fn,31,ReLUSquaredActivation,routed_expert,0
backbone.layers.31.mixer.experts.102,31,NemotronHMLP,routed_expert,0
backbone.layers.31.mixer.experts.102.up_proj,31,Linear,routed_expert,4988928
backbone.layers.31.mixer.experts.102.down_proj,31,Linear,routed_expert,4988928
backbone.layers.31.mixer.experts.102.act_fn,31,ReLUSquaredActivation,routed_expert,0
backbone.layers.31.mixer.experts.103,31,NemotronHMLP,routed_expert,0
backbone.layers.31.mixer.experts.103.up_proj,31,Linear,routed_expert,4988928
backbone.layers.31.mixer.experts.103.down_proj,31,Linear,routed_expert,4988928
backbone.layers.31.mixer.experts.103.act_fn,31,ReLUSquaredActivation,routed_expert,0
backbone.layers.31.mixer.experts.104,31,NemotronHMLP,routed_expert,0
backbone.layers.31.mixer.experts.104.up_proj,31,Linear,routed_expert,4988928
backbone.layers.31.mixer.experts.104.down_proj,31,Linear,routed_expert,4988928
backbone.layers.31.mixer.experts.104.act_fn,31,ReLUSquaredActivation,routed_expert,0
backbone.layers.31.mixer.experts.105,31,NemotronHMLP,routed_expert,0
backbone.layers.31.mixer.experts.105.up_proj,31,Linear,routed_expert,4988928
backbone.layers.31.mixer.experts.105.down_proj,31,Linear,routed_expert,4988928
backbone.layers.31.mixer.experts.105.act_fn,31,ReLUSquaredActivation,routed_expert,0
backbone.layers.31.mixer.experts.106,31,NemotronHMLP,routed_expert,0
backbone.layers.31.mixer.experts.106.up_proj,31,Linear,routed_expert,4988928
backbone.layers.31.mixer.experts.106.down_proj,31,Linear,routed_expert,4988928
backbone.layers.31.mixer.experts.106.act_fn,31,ReLUSquaredActivation,routed_expert,0
backbone.layers.31.mixer.experts.107,31,NemotronHMLP,routed_expert,0
backbone.layers.31.mixer.experts.107.up_proj,31,Linear,routed_expert,4988928
backbone.layers.31.mixer.experts.107.down_proj,31,Linear,routed_expert,4988928
backbone.layers.31.mixer.experts.107.act_fn,31,ReLUSquaredActivation,routed_expert,0
backbone.layers.31.mixer.experts.108,31,NemotronHMLP,routed_expert,0
backbone.layers.31.mixer.experts.108.up_proj,31,Linear,routed_expert,4988928
backbone.layers.31.mixer.experts.108.down_proj,31,Linear,routed_expert,4988928
backbone.layers.31.mixer.experts.108.act_fn,31,ReLUSquaredActivation,routed_expert,0
backbone.layers.31.mixer.experts.109,31,NemotronHMLP,routed_expert,0
backbone.layers.31.mixer.experts.109.up_proj,31,Linear,routed_expert,4988928
backbone.layers.31.mixer.experts.109.down_proj,31,Linear,routed_expert,4988928
backbone.layers.31.mixer.experts.109.act_fn,31,ReLUSquaredActivation,routed_expert,0
backbone.layers.31.mixer.experts.110,31,NemotronHMLP,routed_expert,0
backbone.layers.31.mixer.experts.110.up_proj,31,Linear,routed_expert,4988928
backbone.layers.31.mixer.experts.110.down_proj,31,Linear,routed_expert,4988928
backbone.layers.31.mixer.experts.110.act_fn,31,ReLUSquaredActivation,routed_expert,0
backbone.layers.31.mixer.experts.111,31,NemotronHMLP,routed_expert,0
backbone.layers.31.mixer.experts.111.up_proj,31,Linear,routed_expert,4988928
backbone.layers.31.mixer.experts.111.down_proj,31,Linear,routed_expert,4988928
backbone.layers.31.mixer.experts.111.act_fn,31,ReLUSquaredActivation,routed_expert,0
backbone.layers.31.mixer.experts.112,31,NemotronHMLP,routed_expert,0
backbone.layers.31.mixer.experts.112.up_proj,31,Linear,routed_expert,4988928
backbone.layers.31.mixer.experts.112.down_proj,31,Linear,routed_expert,4988928
backbone.layers.31.mixer.experts.112.act_fn,31,ReLUSquaredActivation,routed_expert,0
backbone.layers.31.mixer.experts.113,31,NemotronHMLP,routed_expert,0
backbone.layers.31.mixer.experts.113.up_proj,31,Linear,routed_expert,4988928
backbone.layers.31.mixer.experts.113.down_proj,31,Linear,routed_expert,4988928
backbone.layers.31.mixer.experts.113.act_fn,31,ReLUSquaredActivation,routed_expert,0
backbone.layers.31.mixer.experts.114,31,NemotronHMLP,routed_expert,0
backbone.layers.31.mixer.experts.114.up_proj,31,Linear,routed_expert,4988928
backbone.layers.31.mixer.experts.114.down_proj,31,Linear,routed_expert,4988928
backbone.layers.31.mixer.experts.114.act_fn,31,ReLUSquaredActivation,routed_expert,0
backbone.layers.31.mixer.experts.115,31,NemotronHMLP,routed_expert,0
backbone.layers.31.mixer.experts.115.up_proj,31,Linear,routed_expert,4988928
backbone.layers.31.mixer.experts.115.down_proj,31,Linear,routed_expert,4988928
backbone.layers.31.mixer.experts.115.act_fn,31,ReLUSquaredActivation,routed_expert,0
backbone.layers.31.mixer.experts.116,31,NemotronHMLP,routed_expert,0
backbone.layers.31.mixer.experts.116.up_proj,31,Linear,routed_expert,4988928
backbone.layers.31.mixer.experts.116.down_proj,31,Linear,routed_expert,4988928
backbone.layers.31.mixer.experts.116.act_fn,31,ReLUSquaredActivation,routed_expert,0
backbone.layers.31.mixer.experts.117,31,NemotronHMLP,routed_expert,0
backbone.layers.31.mixer.experts.117.up_proj,31,Linear,routed_expert,4988928
backbone.layers.31.mixer.experts.117.down_proj,31,Linear,routed_expert,4988928
backbone.layers.31.mixer.experts.117.act_fn,31,ReLUSquaredActivation,routed_expert,0
backbone.layers.31.mixer.experts.118,31,NemotronHMLP,routed_expert,0
backbone.layers.31.mixer.experts.118.up_proj,31,Linear,routed_expert,4988928
backbone.layers.31.mixer.experts.118.down_proj,31,Linear,routed_expert,4988928
backbone.layers.31.mixer.experts.118.act_fn,31,ReLUSquaredActivation,routed_expert,0
backbone.layers.31.mixer.experts.119,31,NemotronHMLP,routed_expert,0
backbone.layers.31.mixer.experts.119.up_proj,31,Linear,routed_expert,4988928
backbone.layers.31.mixer.experts.119.down_proj,31,Linear,routed_expert,4988928
backbone.layers.31.mixer.experts.119.act_fn,31,ReLUSquaredActivation,routed_expert,0
backbone.layers.31.mixer.experts.120,31,NemotronHMLP,routed_expert,0
backbone.layers.31.mixer.experts.120.up_proj,31,Linear,routed_expert,4988928
backbone.layers.31.mixer.experts.120.down_proj,31,Linear,routed_expert,4988928
backbone.layers.31.mixer.experts.120.act_fn,31,ReLUSquaredActivation,routed_expert,0
backbone.layers.31.mixer.experts.121,31,NemotronHMLP,routed_expert,0
backbone.layers.31.mixer.experts.121.up_proj,31,Linear,routed_expert,4988928
backbone.layers.31.mixer.experts.121.down_proj,31,Linear,routed_expert,4988928
backbone.layers.31.mixer.experts.121.act_fn,31,ReLUSquaredActivation,routed_expert,0
backbone.layers.31.mixer.experts.122,31,NemotronHMLP,routed_expert,0
backbone.layers.31.mixer.experts.122.up_proj,31,Linear,routed_expert,4988928
backbone.layers.31.mixer.experts.122.down_proj,31,Linear,routed_expert,4988928
backbone.layers.31.mixer.experts.122.act_fn,31,ReLUSquaredActivation,routed_expert,0
backbone.layers.31.mixer.experts.123,31,NemotronHMLP,routed_expert,0
backbone.layers.31.mixer.experts.123.up_proj,31,Linear,routed_expert,4988928
backbone.layers.31.mixer.experts.123.down_proj,31,Linear,routed_expert,4988928
backbone.layers.31.mixer.experts.123.act_fn,31,ReLUSquaredActivation,routed_expert,0
backbone.layers.31.mixer.experts.124,31,NemotronHMLP,routed_expert,0
backbone.layers.31.mixer.experts.124.up_proj,31,Linear,routed_expert,4988928
backbone.layers.31.mixer.experts.124.down_proj,31,Linear,routed_expert,4988928
backbone.layers.31.mixer.experts.124.act_fn,31,ReLUSquaredActivation,routed_expert,0
backbone.layers.31.mixer.experts.125,31,NemotronHMLP,routed_expert,0
backbone.layers.31.mixer.experts.125.up_proj,31,Linear,routed_expert,4988928
backbone.layers.31.mixer.experts.125.down_proj,31,Linear,routed_expert,4988928
backbone.layers.31.mixer.experts.125.act_fn,31,ReLUSquaredActivation,routed_expert,0
backbone.layers.31.mixer.experts.126,31,NemotronHMLP,routed_expert,0
backbone.layers.31.mixer.experts.126.up_proj,31,Linear,routed_expert,4988928
backbone.layers.31.mixer.experts.126.down_proj,31,Linear,routed_expert,4988928
backbone.layers.31.mixer.experts.126.act_fn,31,ReLUSquaredActivation,routed_expert,0
backbone.layers.31.mixer.experts.127,31,NemotronHMLP,routed_expert,0
backbone.layers.31.mixer.experts.127.up_proj,31,Linear,routed_expert,4988928
backbone.layers.31.mixer.experts.127.down_proj,31,Linear,routed_expert,4988928
backbone.layers.31.mixer.experts.127.act_fn,31,ReLUSquaredActivation,routed_expert,0
backbone.layers.31.mixer.gate,31,NemotronHTopkRouter,router,344064
backbone.layers.31.mixer.shared_experts,31,NemotronHMLP,other,0
backbone.layers.31.mixer.shared_experts.up_proj,31,Linear,shared_expert,9977856
backbone.layers.31.mixer.shared_experts.down_proj,31,Linear,shared_expert,9977856
backbone.layers.31.mixer.shared_experts.act_fn,31,ReLUSquaredActivation,shared_expert,0
backbone.layers.32,32,NemotronHBlock,other,0
backbone.layers.32.norm,32,NemotronHRMSNorm,other,2688
backbone.layers.32.mixer,32,NemotronHMamba2Mixer,mamba,192
backbone.layers.32.mixer.act,32,SiLUActivation,other,0
backbone.layers.32.mixer.conv1d,32,Conv1d,other,30720
backbone.layers.32.mixer.in_proj,32,Linear,mamba_projection,27697152
backbone.layers.32.mixer.norm,32,MambaRMSNormGated,mamba,4096
backbone.layers.32.mixer.out_proj,32,Linear,mamba_projection,11010048
backbone.layers.33,33,NemotronHBlock,other,0
backbone.layers.33.norm,33,NemotronHRMSNorm,other,2688
backbone.layers.33.mixer,33,NemotronHAttention,attention,0
backbone.layers.33.mixer.q_proj,33,Linear,attention_projection,11010048
backbone.layers.33.mixer.k_proj,33,Linear,attention_projection,688128
backbone.layers.33.mixer.v_proj,33,Linear,attention_projection,688128
backbone.layers.33.mixer.o_proj,33,Linear,attention_projection,11010048
backbone.layers.34,34,NemotronHBlock,other,0
backbone.layers.34.norm,34,NemotronHRMSNorm,other,2688
backbone.layers.34.mixer,34,NemotronHMOE,moe,0
backbone.layers.34.mixer.experts,34,ModuleList,other,0
backbone.layers.34.mixer.experts.0,34,NemotronHMLP,routed_expert,0
backbone.layers.34.mixer.experts.0.up_proj,34,Linear,routed_expert,4988928
backbone.layers.34.mixer.experts.0.down_proj,34,Linear,routed_expert,4988928
backbone.layers.34.mixer.experts.0.act_fn,34,ReLUSquaredActivation,routed_expert,0
backbone.layers.34.mixer.experts.1,34,NemotronHMLP,routed_expert,0
backbone.layers.34.mixer.experts.1.up_proj,34,Linear,routed_expert,4988928
backbone.layers.34.mixer.experts.1.down_proj,34,Linear,routed_expert,4988928
backbone.layers.34.mixer.experts.1.act_fn,34,ReLUSquaredActivation,routed_expert,0
backbone.layers.34.mixer.experts.2,34,NemotronHMLP,routed_expert,0
backbone.layers.34.mixer.experts.2.up_proj,34,Linear,routed_expert,4988928
backbone.layers.34.mixer.experts.2.down_proj,34,Linear,routed_expert,4988928
backbone.layers.34.mixer.experts.2.act_fn,34,ReLUSquaredActivation,routed_expert,0
backbone.layers.34.mixer.experts.3,34,NemotronHMLP,routed_expert,0
backbone.layers.34.mixer.experts.3.up_proj,34,Linear,routed_expert,4988928
backbone.layers.34.mixer.experts.3.down_proj,34,Linear,routed_expert,4988928
backbone.layers.34.mixer.experts.3.act_fn,34,ReLUSquaredActivation,routed_expert,0
backbone.layers.34.mixer.experts.4,34,NemotronHMLP,routed_expert,0
backbone.layers.34.mixer.experts.4.up_proj,34,Linear,routed_expert,4988928
backbone.layers.34.mixer.experts.4.down_proj,34,Linear,routed_expert,4988928
backbone.layers.34.mixer.experts.4.act_fn,34,ReLUSquaredActivation,routed_expert,0
backbone.layers.34.mixer.experts.5,34,NemotronHMLP,routed_expert,0
backbone.layers.34.mixer.experts.5.up_proj,34,Linear,routed_expert,4988928
backbone.layers.34.mixer.experts.5.down_proj,34,Linear,routed_expert,4988928
backbone.layers.34.mixer.experts.5.act_fn,34,ReLUSquaredActivation,routed_expert,0
backbone.layers.34.mixer.experts.6,34,NemotronHMLP,routed_expert,0
backbone.layers.34.mixer.experts.6.up_proj,34,Linear,routed_expert,4988928
backbone.layers.34.mixer.experts.6.down_proj,34,Linear,routed_expert,4988928
backbone.layers.34.mixer.experts.6.act_fn,34,ReLUSquaredActivation,routed_expert,0
backbone.layers.34.mixer.experts.7,34,NemotronHMLP,routed_expert,0
backbone.layers.34.mixer.experts.7.up_proj,34,Linear,routed_expert,4988928
backbone.layers.34.mixer.experts.7.down_proj,34,Linear,routed_expert,4988928
backbone.layers.34.mixer.experts.7.act_fn,34,ReLUSquaredActivation,routed_expert,0
backbone.layers.34.mixer.experts.8,34,NemotronHMLP,routed_expert,0
backbone.layers.34.mixer.experts.8.up_proj,34,Linear,routed_expert,4988928
backbone.layers.34.mixer.experts.8.down_proj,34,Linear,routed_expert,4988928
backbone.layers.34.mixer.experts.8.act_fn,34,ReLUSquaredActivation,routed_expert,0
backbone.layers.34.mixer.experts.9,34,NemotronHMLP,routed_expert,0
backbone.layers.34.mixer.experts.9.up_proj,34,Linear,routed_expert,4988928
backbone.layers.34.mixer.experts.9.down_proj,34,Linear,routed_expert,4988928
backbone.layers.34.mixer.experts.9.act_fn,34,ReLUSquaredActivation,routed_expert,0
backbone.layers.34.mixer.experts.10,34,NemotronHMLP,routed_expert,0
backbone.layers.34.mixer.experts.10.up_proj,34,Linear,routed_expert,4988928
backbone.layers.34.mixer.experts.10.down_proj,34,Linear,routed_expert,4988928
backbone.layers.34.mixer.experts.10.act_fn,34,ReLUSquaredActivation,routed_expert,0
backbone.layers.34.mixer.experts.11,34,NemotronHMLP,routed_expert,0
backbone.layers.34.mixer.experts.11.up_proj,34,Linear,routed_expert,4988928
backbone.layers.34.mixer.experts.11.down_proj,34,Linear,routed_expert,4988928
backbone.layers.34.mixer.experts.11.act_fn,34,ReLUSquaredActivation,routed_expert,0
backbone.layers.34.mixer.experts.12,34,NemotronHMLP,routed_expert,0
backbone.layers.34.mixer.experts.12.up_proj,34,Linear,routed_expert,4988928
backbone.layers.34.mixer.experts.12.down_proj,34,Linear,routed_expert,4988928
backbone.layers.34.mixer.experts.12.act_fn,34,ReLUSquaredActivation,routed_expert,0
backbone.layers.34.mixer.experts.13,34,NemotronHMLP,routed_expert,0
backbone.layers.34.mixer.experts.13.up_proj,34,Linear,routed_expert,4988928
backbone.layers.34.mixer.experts.13.down_proj,34,Linear,routed_expert,4988928
backbone.layers.34.mixer.experts.13.act_fn,34,ReLUSquaredActivation,routed_expert,0
backbone.layers.34.mixer.experts.14,34,NemotronHMLP,routed_expert,0
backbone.layers.34.mixer.experts.14.up_proj,34,Linear,routed_expert,4988928
backbone.layers.34.mixer.experts.14.down_proj,34,Linear,routed_expert,4988928
backbone.layers.34.mixer.experts.14.act_fn,34,ReLUSquaredActivation,routed_expert,0
backbone.layers.34.mixer.experts.15,34,NemotronHMLP,routed_expert,0
backbone.layers.34.mixer.experts.15.up_proj,34,Linear,routed_expert,4988928
backbone.layers.34.mixer.experts.15.down_proj,34,Linear,routed_expert,4988928
backbone.layers.34.mixer.experts.15.act_fn,34,ReLUSquaredActivation,routed_expert,0
backbone.layers.34.mixer.experts.16,34,NemotronHMLP,routed_expert,0
backbone.layers.34.mixer.experts.16.up_proj,34,Linear,routed_expert,4988928
backbone.layers.34.mixer.experts.16.down_proj,34,Linear,routed_expert,4988928
backbone.layers.34.mixer.experts.16.act_fn,34,ReLUSquaredActivation,routed_expert,0
backbone.layers.34.mixer.experts.17,34,NemotronHMLP,routed_expert,0
backbone.layers.34.mixer.experts.17.up_proj,34,Linear,routed_expert,4988928
backbone.layers.34.mixer.experts.17.down_proj,34,Linear,routed_expert,4988928
backbone.layers.34.mixer.experts.17.act_fn,34,ReLUSquaredActivation,routed_expert,0
backbone.layers.34.mixer.experts.18,34,NemotronHMLP,routed_expert,0
backbone.layers.34.mixer.experts.18.up_proj,34,Linear,routed_expert,4988928
backbone.layers.34.mixer.experts.18.down_proj,34,Linear,routed_expert,4988928
backbone.layers.34.mixer.experts.18.act_fn,34,ReLUSquaredActivation,routed_expert,0
backbone.layers.34.mixer.experts.19,34,NemotronHMLP,routed_expert,0
backbone.layers.34.mixer.experts.19.up_proj,34,Linear,routed_expert,4988928
backbone.layers.34.mixer.experts.19.down_proj,34,Linear,routed_expert,4988928
backbone.layers.34.mixer.experts.19.act_fn,34,ReLUSquaredActivation,routed_expert,0
backbone.layers.34.mixer.experts.20,34,NemotronHMLP,routed_expert,0
backbone.layers.34.mixer.experts.20.up_proj,34,Linear,routed_expert,4988928
backbone.layers.34.mixer.experts.20.down_proj,34,Linear,routed_expert,4988928
backbone.layers.34.mixer.experts.20.act_fn,34,ReLUSquaredActivation,routed_expert,0
backbone.layers.34.mixer.experts.21,34,NemotronHMLP,routed_expert,0
backbone.layers.34.mixer.experts.21.up_proj,34,Linear,routed_expert,4988928
backbone.layers.34.mixer.experts.21.down_proj,34,Linear,routed_expert,4988928
backbone.layers.34.mixer.experts.21.act_fn,34,ReLUSquaredActivation,routed_expert,0
backbone.layers.34.mixer.experts.22,34,NemotronHMLP,routed_expert,0
backbone.layers.34.mixer.experts.22.up_proj,34,Linear,routed_expert,4988928
backbone.layers.34.mixer.experts.22.down_proj,34,Linear,routed_expert,4988928
backbone.layers.34.mixer.experts.22.act_fn,34,ReLUSquaredActivation,routed_expert,0
backbone.layers.34.mixer.experts.23,34,NemotronHMLP,routed_expert,0
backbone.layers.34.mixer.experts.23.up_proj,34,Linear,routed_expert,4988928
backbone.layers.34.mixer.experts.23.down_proj,34,Linear,routed_expert,4988928
backbone.layers.34.mixer.experts.23.act_fn,34,ReLUSquaredActivation,routed_expert,0
backbone.layers.34.mixer.experts.24,34,NemotronHMLP,routed_expert,0
backbone.layers.34.mixer.experts.24.up_proj,34,Linear,routed_expert,4988928
backbone.layers.34.mixer.experts.24.down_proj,34,Linear,routed_expert,4988928
backbone.layers.34.mixer.experts.24.act_fn,34,ReLUSquaredActivation,routed_expert,0
backbone.layers.34.mixer.experts.25,34,NemotronHMLP,routed_expert,0
backbone.layers.34.mixer.experts.25.up_proj,34,Linear,routed_expert,4988928
backbone.layers.34.mixer.experts.25.down_proj,34,Linear,routed_expert,4988928
backbone.layers.34.mixer.experts.25.act_fn,34,ReLUSquaredActivation,routed_expert,0
backbone.layers.34.mixer.experts.26,34,NemotronHMLP,routed_expert,0
backbone.layers.34.mixer.experts.26.up_proj,34,Linear,routed_expert,4988928
backbone.layers.34.mixer.experts.26.down_proj,34,Linear,routed_expert,4988928
backbone.layers.34.mixer.experts.26.act_fn,34,ReLUSquaredActivation,routed_expert,0
backbone.layers.34.mixer.experts.27,34,NemotronHMLP,routed_expert,0
backbone.layers.34.mixer.experts.27.up_proj,34,Linear,routed_expert,4988928
backbone.layers.34.mixer.experts.27.down_proj,34,Linear,routed_expert,4988928
backbone.layers.34.mixer.experts.27.act_fn,34,ReLUSquaredActivation,routed_expert,0
backbone.layers.34.mixer.experts.28,34,NemotronHMLP,routed_expert,0
backbone.layers.34.mixer.experts.28.up_proj,34,Linear,routed_expert,4988928
backbone.layers.34.mixer.experts.28.down_proj,34,Linear,routed_expert,4988928
backbone.layers.34.mixer.experts.28.act_fn,34,ReLUSquaredActivation,routed_expert,0
backbone.layers.34.mixer.experts.29,34,NemotronHMLP,routed_expert,0
backbone.layers.34.mixer.experts.29.up_proj,34,Linear,routed_expert,4988928
backbone.layers.34.mixer.experts.29.down_proj,34,Linear,routed_expert,4988928
backbone.layers.34.mixer.experts.29.act_fn,34,ReLUSquaredActivation,routed_expert,0
backbone.layers.34.mixer.experts.30,34,NemotronHMLP,routed_expert,0
backbone.layers.34.mixer.experts.30.up_proj,34,Linear,routed_expert,4988928
backbone.layers.34.mixer.experts.30.down_proj,34,Linear,routed_expert,4988928
backbone.layers.34.mixer.experts.30.act_fn,34,ReLUSquaredActivation,routed_expert,0
backbone.layers.34.mixer.experts.31,34,NemotronHMLP,routed_expert,0
backbone.layers.34.mixer.experts.31.up_proj,34,Linear,routed_expert,4988928
backbone.layers.34.mixer.experts.31.down_proj,34,Linear,routed_expert,4988928
backbone.layers.34.mixer.experts.31.act_fn,34,ReLUSquaredActivation,routed_expert,0
backbone.layers.34.mixer.experts.32,34,NemotronHMLP,routed_expert,0
backbone.layers.34.mixer.experts.32.up_proj,34,Linear,routed_expert,4988928
backbone.layers.34.mixer.experts.32.down_proj,34,Linear,routed_expert,4988928
backbone.layers.34.mixer.experts.32.act_fn,34,ReLUSquaredActivation,routed_expert,0
backbone.layers.34.mixer.experts.33,34,NemotronHMLP,routed_expert,0
backbone.layers.34.mixer.experts.33.up_proj,34,Linear,routed_expert,4988928
backbone.layers.34.mixer.experts.33.down_proj,34,Linear,routed_expert,4988928
backbone.layers.34.mixer.experts.33.act_fn,34,ReLUSquaredActivation,routed_expert,0
backbone.layers.34.mixer.experts.34,34,NemotronHMLP,routed_expert,0
backbone.layers.34.mixer.experts.34.up_proj,34,Linear,routed_expert,4988928
backbone.layers.34.mixer.experts.34.down_proj,34,Linear,routed_expert,4988928
backbone.layers.34.mixer.experts.34.act_fn,34,ReLUSquaredActivation,routed_expert,0
backbone.layers.34.mixer.experts.35,34,NemotronHMLP,routed_expert,0
backbone.layers.34.mixer.experts.35.up_proj,34,Linear,routed_expert,4988928
backbone.layers.34.mixer.experts.35.down_proj,34,Linear,routed_expert,4988928
backbone.layers.34.mixer.experts.35.act_fn,34,ReLUSquaredActivation,routed_expert,0
backbone.layers.34.mixer.experts.36,34,NemotronHMLP,routed_expert,0
backbone.layers.34.mixer.experts.36.up_proj,34,Linear,routed_expert,4988928
backbone.layers.34.mixer.experts.36.down_proj,34,Linear,routed_expert,4988928
backbone.layers.34.mixer.experts.36.act_fn,34,ReLUSquaredActivation,routed_expert,0
backbone.layers.34.mixer.experts.37,34,NemotronHMLP,routed_expert,0
backbone.layers.34.mixer.experts.37.up_proj,34,Linear,routed_expert,4988928
backbone.layers.34.mixer.experts.37.down_proj,34,Linear,routed_expert,4988928
backbone.layers.34.mixer.experts.37.act_fn,34,ReLUSquaredActivation,routed_expert,0
backbone.layers.34.mixer.experts.38,34,NemotronHMLP,routed_expert,0
backbone.layers.34.mixer.experts.38.up_proj,34,Linear,routed_expert,4988928
backbone.layers.34.mixer.experts.38.down_proj,34,Linear,routed_expert,4988928
backbone.layers.34.mixer.experts.38.act_fn,34,ReLUSquaredActivation,routed_expert,0
backbone.layers.34.mixer.experts.39,34,NemotronHMLP,routed_expert,0
backbone.layers.34.mixer.experts.39.up_proj,34,Linear,routed_expert,4988928
backbone.layers.34.mixer.experts.39.down_proj,34,Linear,routed_expert,4988928
backbone.layers.34.mixer.experts.39.act_fn,34,ReLUSquaredActivation,routed_expert,0
backbone.layers.34.mixer.experts.40,34,NemotronHMLP,routed_expert,0
backbone.layers.34.mixer.experts.40.up_proj,34,Linear,routed_expert,4988928
backbone.layers.34.mixer.experts.40.down_proj,34,Linear,routed_expert,4988928
backbone.layers.34.mixer.experts.40.act_fn,34,ReLUSquaredActivation,routed_expert,0
backbone.layers.34.mixer.experts.41,34,NemotronHMLP,routed_expert,0
backbone.layers.34.mixer.experts.41.up_proj,34,Linear,routed_expert,4988928
backbone.layers.34.mixer.experts.41.down_proj,34,Linear,routed_expert,4988928
backbone.layers.34.mixer.experts.41.act_fn,34,ReLUSquaredActivation,routed_expert,0
backbone.layers.34.mixer.experts.42,34,NemotronHMLP,routed_expert,0
backbone.layers.34.mixer.experts.42.up_proj,34,Linear,routed_expert,4988928
backbone.layers.34.mixer.experts.42.down_proj,34,Linear,routed_expert,4988928
backbone.layers.34.mixer.experts.42.act_fn,34,ReLUSquaredActivation,routed_expert,0
backbone.layers.34.mixer.experts.43,34,NemotronHMLP,routed_expert,0
backbone.layers.34.mixer.experts.43.up_proj,34,Linear,routed_expert,4988928
backbone.layers.34.mixer.experts.43.down_proj,34,Linear,routed_expert,4988928
backbone.layers.34.mixer.experts.43.act_fn,34,ReLUSquaredActivation,routed_expert,0
backbone.layers.34.mixer.experts.44,34,NemotronHMLP,routed_expert,0
backbone.layers.34.mixer.experts.44.up_proj,34,Linear,routed_expert,4988928
backbone.layers.34.mixer.experts.44.down_proj,34,Linear,routed_expert,4988928
backbone.layers.34.mixer.experts.44.act_fn,34,ReLUSquaredActivation,routed_expert,0
backbone.layers.34.mixer.experts.45,34,NemotronHMLP,routed_expert,0
backbone.layers.34.mixer.experts.45.up_proj,34,Linear,routed_expert,4988928
backbone.layers.34.mixer.experts.45.down_proj,34,Linear,routed_expert,4988928
backbone.layers.34.mixer.experts.45.act_fn,34,ReLUSquaredActivation,routed_expert,0
backbone.layers.34.mixer.experts.46,34,NemotronHMLP,routed_expert,0
backbone.layers.34.mixer.experts.46.up_proj,34,Linear,routed_expert,4988928
backbone.layers.34.mixer.experts.46.down_proj,34,Linear,routed_expert,4988928
backbone.layers.34.mixer.experts.46.act_fn,34,ReLUSquaredActivation,routed_expert,0
backbone.layers.34.mixer.experts.47,34,NemotronHMLP,routed_expert,0
backbone.layers.34.mixer.experts.47.up_proj,34,Linear,routed_expert,4988928
backbone.layers.34.mixer.experts.47.down_proj,34,Linear,routed_expert,4988928
backbone.layers.34.mixer.experts.47.act_fn,34,ReLUSquaredActivation,routed_expert,0
backbone.layers.34.mixer.experts.48,34,NemotronHMLP,routed_expert,0
backbone.layers.34.mixer.experts.48.up_proj,34,Linear,routed_expert,4988928
backbone.layers.34.mixer.experts.48.down_proj,34,Linear,routed_expert,4988928
backbone.layers.34.mixer.experts.48.act_fn,34,ReLUSquaredActivation,routed_expert,0
backbone.layers.34.mixer.experts.49,34,NemotronHMLP,routed_expert,0
backbone.layers.34.mixer.experts.49.up_proj,34,Linear,routed_expert,4988928
backbone.layers.34.mixer.experts.49.down_proj,34,Linear,routed_expert,4988928
backbone.layers.34.mixer.experts.49.act_fn,34,ReLUSquaredActivation,routed_expert,0
backbone.layers.34.mixer.experts.50,34,NemotronHMLP,routed_expert,0
backbone.layers.34.mixer.experts.50.up_proj,34,Linear,routed_expert,4988928
backbone.layers.34.mixer.experts.50.down_proj,34,Linear,routed_expert,4988928
backbone.layers.34.mixer.experts.50.act_fn,34,ReLUSquaredActivation,routed_expert,0
backbone.layers.34.mixer.experts.51,34,NemotronHMLP,routed_expert,0
backbone.layers.34.mixer.experts.51.up_proj,34,Linear,routed_expert,4988928
backbone.layers.34.mixer.experts.51.down_proj,34,Linear,routed_expert,4988928
backbone.layers.34.mixer.experts.51.act_fn,34,ReLUSquaredActivation,routed_expert,0
backbone.layers.34.mixer.experts.52,34,NemotronHMLP,routed_expert,0
backbone.layers.34.mixer.experts.52.up_proj,34,Linear,routed_expert,4988928
backbone.layers.34.mixer.experts.52.down_proj,34,Linear,routed_expert,4988928
backbone.layers.34.mixer.experts.52.act_fn,34,ReLUSquaredActivation,routed_expert,0
backbone.layers.34.mixer.experts.53,34,NemotronHMLP,routed_expert,0
backbone.layers.34.mixer.experts.53.up_proj,34,Linear,routed_expert,4988928
backbone.layers.34.mixer.experts.53.down_proj,34,Linear,routed_expert,4988928
backbone.layers.34.mixer.experts.53.act_fn,34,ReLUSquaredActivation,routed_expert,0
backbone.layers.34.mixer.experts.54,34,NemotronHMLP,routed_expert,0
backbone.layers.34.mixer.experts.54.up_proj,34,Linear,routed_expert,4988928
backbone.layers.34.mixer.experts.54.down_proj,34,Linear,routed_expert,4988928
backbone.layers.34.mixer.experts.54.act_fn,34,ReLUSquaredActivation,routed_expert,0
backbone.layers.34.mixer.experts.55,34,NemotronHMLP,routed_expert,0
backbone.layers.34.mixer.experts.55.up_proj,34,Linear,routed_expert,4988928
backbone.layers.34.mixer.experts.55.down_proj,34,Linear,routed_expert,4988928
backbone.layers.34.mixer.experts.55.act_fn,34,ReLUSquaredActivation,routed_expert,0
backbone.layers.34.mixer.experts.56,34,NemotronHMLP,routed_expert,0
backbone.layers.34.mixer.experts.56.up_proj,34,Linear,routed_expert,4988928
backbone.layers.34.mixer.experts.56.down_proj,34,Linear,routed_expert,4988928
backbone.layers.34.mixer.experts.56.act_fn,34,ReLUSquaredActivation,routed_expert,0
backbone.layers.34.mixer.experts.57,34,NemotronHMLP,routed_expert,0
backbone.layers.34.mixer.experts.57.up_proj,34,Linear,routed_expert,4988928
backbone.layers.34.mixer.experts.57.down_proj,34,Linear,routed_expert,4988928
backbone.layers.34.mixer.experts.57.act_fn,34,ReLUSquaredActivation,routed_expert,0
backbone.layers.34.mixer.experts.58,34,NemotronHMLP,routed_expert,0
backbone.layers.34.mixer.experts.58.up_proj,34,Linear,routed_expert,4988928
backbone.layers.34.mixer.experts.58.down_proj,34,Linear,routed_expert,4988928
backbone.layers.34.mixer.experts.58.act_fn,34,ReLUSquaredActivation,routed_expert,0
backbone.layers.34.mixer.experts.59,34,NemotronHMLP,routed_expert,0
backbone.layers.34.mixer.experts.59.up_proj,34,Linear,routed_expert,4988928
backbone.layers.34.mixer.experts.59.down_proj,34,Linear,routed_expert,4988928
backbone.layers.34.mixer.experts.59.act_fn,34,ReLUSquaredActivation,routed_expert,0
backbone.layers.34.mixer.experts.60,34,NemotronHMLP,routed_expert,0
backbone.layers.34.mixer.experts.60.up_proj,34,Linear,routed_expert,4988928
backbone.layers.34.mixer.experts.60.down_proj,34,Linear,routed_expert,4988928
backbone.layers.34.mixer.experts.60.act_fn,34,ReLUSquaredActivation,routed_expert,0
backbone.layers.34.mixer.experts.61,34,NemotronHMLP,routed_expert,0
backbone.layers.34.mixer.experts.61.up_proj,34,Linear,routed_expert,4988928
backbone.layers.34.mixer.experts.61.down_proj,34,Linear,routed_expert,4988928
backbone.layers.34.mixer.experts.61.act_fn,34,ReLUSquaredActivation,routed_expert,0
backbone.layers.34.mixer.experts.62,34,NemotronHMLP,routed_expert,0
backbone.layers.34.mixer.experts.62.up_proj,34,Linear,routed_expert,4988928
backbone.layers.34.mixer.experts.62.down_proj,34,Linear,routed_expert,4988928
backbone.layers.34.mixer.experts.62.act_fn,34,ReLUSquaredActivation,routed_expert,0
backbone.layers.34.mixer.experts.63,34,NemotronHMLP,routed_expert,0
backbone.layers.34.mixer.experts.63.up_proj,34,Linear,routed_expert,4988928
backbone.layers.34.mixer.experts.63.down_proj,34,Linear,routed_expert,4988928
backbone.layers.34.mixer.experts.63.act_fn,34,ReLUSquaredActivation,routed_expert,0
backbone.layers.34.mixer.experts.64,34,NemotronHMLP,routed_expert,0
backbone.layers.34.mixer.experts.64.up_proj,34,Linear,routed_expert,4988928
backbone.layers.34.mixer.experts.64.down_proj,34,Linear,routed_expert,4988928
backbone.layers.34.mixer.experts.64.act_fn,34,ReLUSquaredActivation,routed_expert,0
backbone.layers.34.mixer.experts.65,34,NemotronHMLP,routed_expert,0
backbone.layers.34.mixer.experts.65.up_proj,34,Linear,routed_expert,4988928
backbone.layers.34.mixer.experts.65.down_proj,34,Linear,routed_expert,4988928
backbone.layers.34.mixer.experts.65.act_fn,34,ReLUSquaredActivation,routed_expert,0
backbone.layers.34.mixer.experts.66,34,NemotronHMLP,routed_expert,0
backbone.layers.34.mixer.experts.66.up_proj,34,Linear,routed_expert,4988928
backbone.layers.34.mixer.experts.66.down_proj,34,Linear,routed_expert,4988928
backbone.layers.34.mixer.experts.66.act_fn,34,ReLUSquaredActivation,routed_expert,0
backbone.layers.34.mixer.experts.67,34,NemotronHMLP,routed_expert,0
backbone.layers.34.mixer.experts.67.up_proj,34,Linear,routed_expert,4988928
backbone.layers.34.mixer.experts.67.down_proj,34,Linear,routed_expert,4988928
backbone.layers.34.mixer.experts.67.act_fn,34,ReLUSquaredActivation,routed_expert,0
backbone.layers.34.mixer.experts.68,34,NemotronHMLP,routed_expert,0
backbone.layers.34.mixer.experts.68.up_proj,34,Linear,routed_expert,4988928
backbone.layers.34.mixer.experts.68.down_proj,34,Linear,routed_expert,4988928
backbone.layers.34.mixer.experts.68.act_fn,34,ReLUSquaredActivation,routed_expert,0
backbone.layers.34.mixer.experts.69,34,NemotronHMLP,routed_expert,0
backbone.layers.34.mixer.experts.69.up_proj,34,Linear,routed_expert,4988928
backbone.layers.34.mixer.experts.69.down_proj,34,Linear,routed_expert,4988928
backbone.layers.34.mixer.experts.69.act_fn,34,ReLUSquaredActivation,routed_expert,0
backbone.layers.34.mixer.experts.70,34,NemotronHMLP,routed_expert,0
backbone.layers.34.mixer.experts.70.up_proj,34,Linear,routed_expert,4988928
backbone.layers.34.mixer.experts.70.down_proj,34,Linear,routed_expert,4988928
backbone.layers.34.mixer.experts.70.act_fn,34,ReLUSquaredActivation,routed_expert,0
backbone.layers.34.mixer.experts.71,34,NemotronHMLP,routed_expert,0
backbone.layers.34.mixer.experts.71.up_proj,34,Linear,routed_expert,4988928
backbone.layers.34.mixer.experts.71.down_proj,34,Linear,routed_expert,4988928
backbone.layers.34.mixer.experts.71.act_fn,34,ReLUSquaredActivation,routed_expert,0
backbone.layers.34.mixer.experts.72,34,NemotronHMLP,routed_expert,0
backbone.layers.34.mixer.experts.72.up_proj,34,Linear,routed_expert,4988928
backbone.layers.34.mixer.experts.72.down_proj,34,Linear,routed_expert,4988928
backbone.layers.34.mixer.experts.72.act_fn,34,ReLUSquaredActivation,routed_expert,0
backbone.layers.34.mixer.experts.73,34,NemotronHMLP,routed_expert,0
backbone.layers.34.mixer.experts.73.up_proj,34,Linear,routed_expert,4988928
backbone.layers.34.mixer.experts.73.down_proj,34,Linear,routed_expert,4988928
backbone.layers.34.mixer.experts.73.act_fn,34,ReLUSquaredActivation,routed_expert,0
backbone.layers.34.mixer.experts.74,34,NemotronHMLP,routed_expert,0
backbone.layers.34.mixer.experts.74.up_proj,34,Linear,routed_expert,4988928
backbone.layers.34.mixer.experts.74.down_proj,34,Linear,routed_expert,4988928
backbone.layers.34.mixer.experts.74.act_fn,34,ReLUSquaredActivation,routed_expert,0
backbone.layers.34.mixer.experts.75,34,NemotronHMLP,routed_expert,0
backbone.layers.34.mixer.experts.75.up_proj,34,Linear,routed_expert,4988928
backbone.layers.34.mixer.experts.75.down_proj,34,Linear,routed_expert,4988928
backbone.layers.34.mixer.experts.75.act_fn,34,ReLUSquaredActivation,routed_expert,0
backbone.layers.34.mixer.experts.76,34,NemotronHMLP,routed_expert,0
backbone.layers.34.mixer.experts.76.up_proj,34,Linear,routed_expert,4988928
backbone.layers.34.mixer.experts.76.down_proj,34,Linear,routed_expert,4988928
backbone.layers.34.mixer.experts.76.act_fn,34,ReLUSquaredActivation,routed_expert,0
backbone.layers.34.mixer.experts.77,34,NemotronHMLP,routed_expert,0
backbone.layers.34.mixer.experts.77.up_proj,34,Linear,routed_expert,4988928
backbone.layers.34.mixer.experts.77.down_proj,34,Linear,routed_expert,4988928
backbone.layers.34.mixer.experts.77.act_fn,34,ReLUSquaredActivation,routed_expert,0
backbone.layers.34.mixer.experts.78,34,NemotronHMLP,routed_expert,0
backbone.layers.34.mixer.experts.78.up_proj,34,Linear,routed_expert,4988928
backbone.layers.34.mixer.experts.78.down_proj,34,Linear,routed_expert,4988928
backbone.layers.34.mixer.experts.78.act_fn,34,ReLUSquaredActivation,routed_expert,0
backbone.layers.34.mixer.experts.79,34,NemotronHMLP,routed_expert,0
backbone.layers.34.mixer.experts.79.up_proj,34,Linear,routed_expert,4988928
backbone.layers.34.mixer.experts.79.down_proj,34,Linear,routed_expert,4988928
backbone.layers.34.mixer.experts.79.act_fn,34,ReLUSquaredActivation,routed_expert,0
backbone.layers.34.mixer.experts.80,34,NemotronHMLP,routed_expert,0
backbone.layers.34.mixer.experts.80.up_proj,34,Linear,routed_expert,4988928
backbone.layers.34.mixer.experts.80.down_proj,34,Linear,routed_expert,4988928
backbone.layers.34.mixer.experts.80.act_fn,34,ReLUSquaredActivation,routed_expert,0
backbone.layers.34.mixer.experts.81,34,NemotronHMLP,routed_expert,0
backbone.layers.34.mixer.experts.81.up_proj,34,Linear,routed_expert,4988928
backbone.layers.34.mixer.experts.81.down_proj,34,Linear,routed_expert,4988928
backbone.layers.34.mixer.experts.81.act_fn,34,ReLUSquaredActivation,routed_expert,0
backbone.layers.34.mixer.experts.82,34,NemotronHMLP,routed_expert,0
backbone.layers.34.mixer.experts.82.up_proj,34,Linear,routed_expert,4988928
backbone.layers.34.mixer.experts.82.down_proj,34,Linear,routed_expert,4988928
backbone.layers.34.mixer.experts.82.act_fn,34,ReLUSquaredActivation,routed_expert,0
backbone.layers.34.mixer.experts.83,34,NemotronHMLP,routed_expert,0
backbone.layers.34.mixer.experts.83.up_proj,34,Linear,routed_expert,4988928
backbone.layers.34.mixer.experts.83.down_proj,34,Linear,routed_expert,4988928
backbone.layers.34.mixer.experts.83.act_fn,34,ReLUSquaredActivation,routed_expert,0
backbone.layers.34.mixer.experts.84,34,NemotronHMLP,routed_expert,0
backbone.layers.34.mixer.experts.84.up_proj,34,Linear,routed_expert,4988928
backbone.layers.34.mixer.experts.84.down_proj,34,Linear,routed_expert,4988928
backbone.layers.34.mixer.experts.84.act_fn,34,ReLUSquaredActivation,routed_expert,0
backbone.layers.34.mixer.experts.85,34,NemotronHMLP,routed_expert,0
backbone.layers.34.mixer.experts.85.up_proj,34,Linear,routed_expert,4988928
backbone.layers.34.mixer.experts.85.down_proj,34,Linear,routed_expert,4988928
backbone.layers.34.mixer.experts.85.act_fn,34,ReLUSquaredActivation,routed_expert,0
backbone.layers.34.mixer.experts.86,34,NemotronHMLP,routed_expert,0
backbone.layers.34.mixer.experts.86.up_proj,34,Linear,routed_expert,4988928
backbone.layers.34.mixer.experts.86.down_proj,34,Linear,routed_expert,4988928
backbone.layers.34.mixer.experts.86.act_fn,34,ReLUSquaredActivation,routed_expert,0
backbone.layers.34.mixer.experts.87,34,NemotronHMLP,routed_expert,0
backbone.layers.34.mixer.experts.87.up_proj,34,Linear,routed_expert,4988928
backbone.layers.34.mixer.experts.87.down_proj,34,Linear,routed_expert,4988928
backbone.layers.34.mixer.experts.87.act_fn,34,ReLUSquaredActivation,routed_expert,0
backbone.layers.34.mixer.experts.88,34,NemotronHMLP,routed_expert,0
backbone.layers.34.mixer.experts.88.up_proj,34,Linear,routed_expert,4988928
backbone.layers.34.mixer.experts.88.down_proj,34,Linear,routed_expert,4988928
backbone.layers.34.mixer.experts.88.act_fn,34,ReLUSquaredActivation,routed_expert,0
backbone.layers.34.mixer.experts.89,34,NemotronHMLP,routed_expert,0
backbone.layers.34.mixer.experts.89.up_proj,34,Linear,routed_expert,4988928
backbone.layers.34.mixer.experts.89.down_proj,34,Linear,routed_expert,4988928
backbone.layers.34.mixer.experts.89.act_fn,34,ReLUSquaredActivation,routed_expert,0
backbone.layers.34.mixer.experts.90,34,NemotronHMLP,routed_expert,0
backbone.layers.34.mixer.experts.90.up_proj,34,Linear,routed_expert,4988928
backbone.layers.34.mixer.experts.90.down_proj,34,Linear,routed_expert,4988928
backbone.layers.34.mixer.experts.90.act_fn,34,ReLUSquaredActivation,routed_expert,0
backbone.layers.34.mixer.experts.91,34,NemotronHMLP,routed_expert,0
backbone.layers.34.mixer.experts.91.up_proj,34,Linear,routed_expert,4988928
backbone.layers.34.mixer.experts.91.down_proj,34,Linear,routed_expert,4988928
backbone.layers.34.mixer.experts.91.act_fn,34,ReLUSquaredActivation,routed_expert,0
backbone.layers.34.mixer.experts.92,34,NemotronHMLP,routed_expert,0
backbone.layers.34.mixer.experts.92.up_proj,34,Linear,routed_expert,4988928
backbone.layers.34.mixer.experts.92.down_proj,34,Linear,routed_expert,4988928
backbone.layers.34.mixer.experts.92.act_fn,34,ReLUSquaredActivation,routed_expert,0
backbone.layers.34.mixer.experts.93,34,NemotronHMLP,routed_expert,0
backbone.layers.34.mixer.experts.93.up_proj,34,Linear,routed_expert,4988928
backbone.layers.34.mixer.experts.93.down_proj,34,Linear,routed_expert,4988928
backbone.layers.34.mixer.experts.93.act_fn,34,ReLUSquaredActivation,routed_expert,0
backbone.layers.34.mixer.experts.94,34,NemotronHMLP,routed_expert,0
backbone.layers.34.mixer.experts.94.up_proj,34,Linear,routed_expert,4988928
backbone.layers.34.mixer.experts.94.down_proj,34,Linear,routed_expert,4988928
backbone.layers.34.mixer.experts.94.act_fn,34,ReLUSquaredActivation,routed_expert,0
backbone.layers.34.mixer.experts.95,34,NemotronHMLP,routed_expert,0
backbone.layers.34.mixer.experts.95.up_proj,34,Linear,routed_expert,4988928
backbone.layers.34.mixer.experts.95.down_proj,34,Linear,routed_expert,4988928
backbone.layers.34.mixer.experts.95.act_fn,34,ReLUSquaredActivation,routed_expert,0
backbone.layers.34.mixer.experts.96,34,NemotronHMLP,routed_expert,0
backbone.layers.34.mixer.experts.96.up_proj,34,Linear,routed_expert,4988928
backbone.layers.34.mixer.experts.96.down_proj,34,Linear,routed_expert,4988928
backbone.layers.34.mixer.experts.96.act_fn,34,ReLUSquaredActivation,routed_expert,0
backbone.layers.34.mixer.experts.97,34,NemotronHMLP,routed_expert,0
backbone.layers.34.mixer.experts.97.up_proj,34,Linear,routed_expert,4988928
backbone.layers.34.mixer.experts.97.down_proj,34,Linear,routed_expert,4988928
backbone.layers.34.mixer.experts.97.act_fn,34,ReLUSquaredActivation,routed_expert,0
backbone.layers.34.mixer.experts.98,34,NemotronHMLP,routed_expert,0
backbone.layers.34.mixer.experts.98.up_proj,34,Linear,routed_expert,4988928
backbone.layers.34.mixer.experts.98.down_proj,34,Linear,routed_expert,4988928
backbone.layers.34.mixer.experts.98.act_fn,34,ReLUSquaredActivation,routed_expert,0
backbone.layers.34.mixer.experts.99,34,NemotronHMLP,routed_expert,0
backbone.layers.34.mixer.experts.99.up_proj,34,Linear,routed_expert,4988928
backbone.layers.34.mixer.experts.99.down_proj,34,Linear,routed_expert,4988928
backbone.layers.34.mixer.experts.99.act_fn,34,ReLUSquaredActivation,routed_expert,0
backbone.layers.34.mixer.experts.100,34,NemotronHMLP,routed_expert,0
backbone.layers.34.mixer.experts.100.up_proj,34,Linear,routed_expert,4988928
backbone.layers.34.mixer.experts.100.down_proj,34,Linear,routed_expert,4988928
backbone.layers.34.mixer.experts.100.act_fn,34,ReLUSquaredActivation,routed_expert,0
backbone.layers.34.mixer.experts.101,34,NemotronHMLP,routed_expert,0
backbone.layers.34.mixer.experts.101.up_proj,34,Linear,routed_expert,4988928
backbone.layers.34.mixer.experts.101.down_proj,34,Linear,routed_expert,4988928
backbone.layers.34.mixer.experts.101.act_fn,34,ReLUSquaredActivation,routed_expert,0
backbone.layers.34.mixer.experts.102,34,NemotronHMLP,routed_expert,0
backbone.layers.34.mixer.experts.102.up_proj,34,Linear,routed_expert,4988928
backbone.layers.34.mixer.experts.102.down_proj,34,Linear,routed_expert,4988928
backbone.layers.34.mixer.experts.102.act_fn,34,ReLUSquaredActivation,routed_expert,0
backbone.layers.34.mixer.experts.103,34,NemotronHMLP,routed_expert,0
backbone.layers.34.mixer.experts.103.up_proj,34,Linear,routed_expert,4988928
backbone.layers.34.mixer.experts.103.down_proj,34,Linear,routed_expert,4988928
backbone.layers.34.mixer.experts.103.act_fn,34,ReLUSquaredActivation,routed_expert,0
backbone.layers.34.mixer.experts.104,34,NemotronHMLP,routed_expert,0
backbone.layers.34.mixer.experts.104.up_proj,34,Linear,routed_expert,4988928
backbone.layers.34.mixer.experts.104.down_proj,34,Linear,routed_expert,4988928
backbone.layers.34.mixer.experts.104.act_fn,34,ReLUSquaredActivation,routed_expert,0
backbone.layers.34.mixer.experts.105,34,NemotronHMLP,routed_expert,0
backbone.layers.34.mixer.experts.105.up_proj,34,Linear,routed_expert,4988928
backbone.layers.34.mixer.experts.105.down_proj,34,Linear,routed_expert,4988928
backbone.layers.34.mixer.experts.105.act_fn,34,ReLUSquaredActivation,routed_expert,0
backbone.layers.34.mixer.experts.106,34,NemotronHMLP,routed_expert,0
backbone.layers.34.mixer.experts.106.up_proj,34,Linear,routed_expert,4988928
backbone.layers.34.mixer.experts.106.down_proj,34,Linear,routed_expert,4988928
backbone.layers.34.mixer.experts.106.act_fn,34,ReLUSquaredActivation,routed_expert,0
backbone.layers.34.mixer.experts.107,34,NemotronHMLP,routed_expert,0
backbone.layers.34.mixer.experts.107.up_proj,34,Linear,routed_expert,4988928
backbone.layers.34.mixer.experts.107.down_proj,34,Linear,routed_expert,4988928
backbone.layers.34.mixer.experts.107.act_fn,34,ReLUSquaredActivation,routed_expert,0
backbone.layers.34.mixer.experts.108,34,NemotronHMLP,routed_expert,0
backbone.layers.34.mixer.experts.108.up_proj,34,Linear,routed_expert,4988928
backbone.layers.34.mixer.experts.108.down_proj,34,Linear,routed_expert,4988928
backbone.layers.34.mixer.experts.108.act_fn,34,ReLUSquaredActivation,routed_expert,0
backbone.layers.34.mixer.experts.109,34,NemotronHMLP,routed_expert,0
backbone.layers.34.mixer.experts.109.up_proj,34,Linear,routed_expert,4988928
backbone.layers.34.mixer.experts.109.down_proj,34,Linear,routed_expert,4988928
backbone.layers.34.mixer.experts.109.act_fn,34,ReLUSquaredActivation,routed_expert,0
backbone.layers.34.mixer.experts.110,34,NemotronHMLP,routed_expert,0
backbone.layers.34.mixer.experts.110.up_proj,34,Linear,routed_expert,4988928
backbone.layers.34.mixer.experts.110.down_proj,34,Linear,routed_expert,4988928
backbone.layers.34.mixer.experts.110.act_fn,34,ReLUSquaredActivation,routed_expert,0
backbone.layers.34.mixer.experts.111,34,NemotronHMLP,routed_expert,0
backbone.layers.34.mixer.experts.111.up_proj,34,Linear,routed_expert,4988928
backbone.layers.34.mixer.experts.111.down_proj,34,Linear,routed_expert,4988928
backbone.layers.34.mixer.experts.111.act_fn,34,ReLUSquaredActivation,routed_expert,0
backbone.layers.34.mixer.experts.112,34,NemotronHMLP,routed_expert,0
backbone.layers.34.mixer.experts.112.up_proj,34,Linear,routed_expert,4988928
backbone.layers.34.mixer.experts.112.down_proj,34,Linear,routed_expert,4988928
backbone.layers.34.mixer.experts.112.act_fn,34,ReLUSquaredActivation,routed_expert,0
backbone.layers.34.mixer.experts.113,34,NemotronHMLP,routed_expert,0
backbone.layers.34.mixer.experts.113.up_proj,34,Linear,routed_expert,4988928
backbone.layers.34.mixer.experts.113.down_proj,34,Linear,routed_expert,4988928
backbone.layers.34.mixer.experts.113.act_fn,34,ReLUSquaredActivation,routed_expert,0
backbone.layers.34.mixer.experts.114,34,NemotronHMLP,routed_expert,0
backbone.layers.34.mixer.experts.114.up_proj,34,Linear,routed_expert,4988928
backbone.layers.34.mixer.experts.114.down_proj,34,Linear,routed_expert,4988928
backbone.layers.34.mixer.experts.114.act_fn,34,ReLUSquaredActivation,routed_expert,0
backbone.layers.34.mixer.experts.115,34,NemotronHMLP,routed_expert,0
backbone.layers.34.mixer.experts.115.up_proj,34,Linear,routed_expert,4988928
backbone.layers.34.mixer.experts.115.down_proj,34,Linear,routed_expert,4988928
backbone.layers.34.mixer.experts.115.act_fn,34,ReLUSquaredActivation,routed_expert,0
backbone.layers.34.mixer.experts.116,34,NemotronHMLP,routed_expert,0
backbone.layers.34.mixer.experts.116.up_proj,34,Linear,routed_expert,4988928
backbone.layers.34.mixer.experts.116.down_proj,34,Linear,routed_expert,4988928
backbone.layers.34.mixer.experts.116.act_fn,34,ReLUSquaredActivation,routed_expert,0
backbone.layers.34.mixer.experts.117,34,NemotronHMLP,routed_expert,0
backbone.layers.34.mixer.experts.117.up_proj,34,Linear,routed_expert,4988928
backbone.layers.34.mixer.experts.117.down_proj,34,Linear,routed_expert,4988928
backbone.layers.34.mixer.experts.117.act_fn,34,ReLUSquaredActivation,routed_expert,0
backbone.layers.34.mixer.experts.118,34,NemotronHMLP,routed_expert,0
backbone.layers.34.mixer.experts.118.up_proj,34,Linear,routed_expert,4988928
backbone.layers.34.mixer.experts.118.down_proj,34,Linear,routed_expert,4988928
backbone.layers.34.mixer.experts.118.act_fn,34,ReLUSquaredActivation,routed_expert,0
backbone.layers.34.mixer.experts.119,34,NemotronHMLP,routed_expert,0
backbone.layers.34.mixer.experts.119.up_proj,34,Linear,routed_expert,4988928
backbone.layers.34.mixer.experts.119.down_proj,34,Linear,routed_expert,4988928
backbone.layers.34.mixer.experts.119.act_fn,34,ReLUSquaredActivation,routed_expert,0
backbone.layers.34.mixer.experts.120,34,NemotronHMLP,routed_expert,0
backbone.layers.34.mixer.experts.120.up_proj,34,Linear,routed_expert,4988928
backbone.layers.34.mixer.experts.120.down_proj,34,Linear,routed_expert,4988928
backbone.layers.34.mixer.experts.120.act_fn,34,ReLUSquaredActivation,routed_expert,0
backbone.layers.34.mixer.experts.121,34,NemotronHMLP,routed_expert,0
backbone.layers.34.mixer.experts.121.up_proj,34,Linear,routed_expert,4988928
backbone.layers.34.mixer.experts.121.down_proj,34,Linear,routed_expert,4988928
backbone.layers.34.mixer.experts.121.act_fn,34,ReLUSquaredActivation,routed_expert,0
backbone.layers.34.mixer.experts.122,34,NemotronHMLP,routed_expert,0
backbone.layers.34.mixer.experts.122.up_proj,34,Linear,routed_expert,4988928
backbone.layers.34.mixer.experts.122.down_proj,34,Linear,routed_expert,4988928
backbone.layers.34.mixer.experts.122.act_fn,34,ReLUSquaredActivation,routed_expert,0
backbone.layers.34.mixer.experts.123,34,NemotronHMLP,routed_expert,0
backbone.layers.34.mixer.experts.123.up_proj,34,Linear,routed_expert,4988928
backbone.layers.34.mixer.experts.123.down_proj,34,Linear,routed_expert,4988928
backbone.layers.34.mixer.experts.123.act_fn,34,ReLUSquaredActivation,routed_expert,0
backbone.layers.34.mixer.experts.124,34,NemotronHMLP,routed_expert,0
backbone.layers.34.mixer.experts.124.up_proj,34,Linear,routed_expert,4988928
backbone.layers.34.mixer.experts.124.down_proj,34,Linear,routed_expert,4988928
backbone.layers.34.mixer.experts.124.act_fn,34,ReLUSquaredActivation,routed_expert,0
backbone.layers.34.mixer.experts.125,34,NemotronHMLP,routed_expert,0
backbone.layers.34.mixer.experts.125.up_proj,34,Linear,routed_expert,4988928
backbone.layers.34.mixer.experts.125.down_proj,34,Linear,routed_expert,4988928
backbone.layers.34.mixer.experts.125.act_fn,34,ReLUSquaredActivation,routed_expert,0
backbone.layers.34.mixer.experts.126,34,NemotronHMLP,routed_expert,0
backbone.layers.34.mixer.experts.126.up_proj,34,Linear,routed_expert,4988928
backbone.layers.34.mixer.experts.126.down_proj,34,Linear,routed_expert,4988928
backbone.layers.34.mixer.experts.126.act_fn,34,ReLUSquaredActivation,routed_expert,0
backbone.layers.34.mixer.experts.127,34,NemotronHMLP,routed_expert,0
backbone.layers.34.mixer.experts.127.up_proj,34,Linear,routed_expert,4988928
backbone.layers.34.mixer.experts.127.down_proj,34,Linear,routed_expert,4988928
backbone.layers.34.mixer.experts.127.act_fn,34,ReLUSquaredActivation,routed_expert,0
backbone.layers.34.mixer.gate,34,NemotronHTopkRouter,router,344064
backbone.layers.34.mixer.shared_experts,34,NemotronHMLP,other,0
backbone.layers.34.mixer.shared_experts.up_proj,34,Linear,shared_expert,9977856
backbone.layers.34.mixer.shared_experts.down_proj,34,Linear,shared_expert,9977856
backbone.layers.34.mixer.shared_experts.act_fn,34,ReLUSquaredActivation,shared_expert,0
backbone.layers.35,35,NemotronHBlock,other,0
backbone.layers.35.norm,35,NemotronHRMSNorm,other,2688
backbone.layers.35.mixer,35,NemotronHMamba2Mixer,mamba,192
backbone.layers.35.mixer.act,35,SiLUActivation,other,0
backbone.layers.35.mixer.conv1d,35,Conv1d,other,30720
backbone.layers.35.mixer.in_proj,35,Linear,mamba_projection,27697152
backbone.layers.35.mixer.norm,35,MambaRMSNormGated,mamba,4096
backbone.layers.35.mixer.out_proj,35,Linear,mamba_projection,11010048
backbone.layers.36,36,NemotronHBlock,other,0
backbone.layers.36.norm,36,NemotronHRMSNorm,other,2688
backbone.layers.36.mixer,36,NemotronHMOE,moe,0
backbone.layers.36.mixer.experts,36,ModuleList,other,0
backbone.layers.36.mixer.experts.0,36,NemotronHMLP,routed_expert,0
backbone.layers.36.mixer.experts.0.up_proj,36,Linear,routed_expert,4988928
backbone.layers.36.mixer.experts.0.down_proj,36,Linear,routed_expert,4988928
backbone.layers.36.mixer.experts.0.act_fn,36,ReLUSquaredActivation,routed_expert,0
backbone.layers.36.mixer.experts.1,36,NemotronHMLP,routed_expert,0
backbone.layers.36.mixer.experts.1.up_proj,36,Linear,routed_expert,4988928
backbone.layers.36.mixer.experts.1.down_proj,36,Linear,routed_expert,4988928
backbone.layers.36.mixer.experts.1.act_fn,36,ReLUSquaredActivation,routed_expert,0
backbone.layers.36.mixer.experts.2,36,NemotronHMLP,routed_expert,0
backbone.layers.36.mixer.experts.2.up_proj,36,Linear,routed_expert,4988928
backbone.layers.36.mixer.experts.2.down_proj,36,Linear,routed_expert,4988928
backbone.layers.36.mixer.experts.2.act_fn,36,ReLUSquaredActivation,routed_expert,0
backbone.layers.36.mixer.experts.3,36,NemotronHMLP,routed_expert,0
backbone.layers.36.mixer.experts.3.up_proj,36,Linear,routed_expert,4988928
backbone.layers.36.mixer.experts.3.down_proj,36,Linear,routed_expert,4988928
backbone.layers.36.mixer.experts.3.act_fn,36,ReLUSquaredActivation,routed_expert,0
backbone.layers.36.mixer.experts.4,36,NemotronHMLP,routed_expert,0
backbone.layers.36.mixer.experts.4.up_proj,36,Linear,routed_expert,4988928
backbone.layers.36.mixer.experts.4.down_proj,36,Linear,routed_expert,4988928
backbone.layers.36.mixer.experts.4.act_fn,36,ReLUSquaredActivation,routed_expert,0
backbone.layers.36.mixer.experts.5,36,NemotronHMLP,routed_expert,0
backbone.layers.36.mixer.experts.5.up_proj,36,Linear,routed_expert,4988928
backbone.layers.36.mixer.experts.5.down_proj,36,Linear,routed_expert,4988928
backbone.layers.36.mixer.experts.5.act_fn,36,ReLUSquaredActivation,routed_expert,0
backbone.layers.36.mixer.experts.6,36,NemotronHMLP,routed_expert,0
backbone.layers.36.mixer.experts.6.up_proj,36,Linear,routed_expert,4988928
backbone.layers.36.mixer.experts.6.down_proj,36,Linear,routed_expert,4988928
backbone.layers.36.mixer.experts.6.act_fn,36,ReLUSquaredActivation,routed_expert,0
backbone.layers.36.mixer.experts.7,36,NemotronHMLP,routed_expert,0
backbone.layers.36.mixer.experts.7.up_proj,36,Linear,routed_expert,4988928
backbone.layers.36.mixer.experts.7.down_proj,36,Linear,routed_expert,4988928
backbone.layers.36.mixer.experts.7.act_fn,36,ReLUSquaredActivation,routed_expert,0
backbone.layers.36.mixer.experts.8,36,NemotronHMLP,routed_expert,0
backbone.layers.36.mixer.experts.8.up_proj,36,Linear,routed_expert,4988928
backbone.layers.36.mixer.experts.8.down_proj,36,Linear,routed_expert,4988928
backbone.layers.36.mixer.experts.8.act_fn,36,ReLUSquaredActivation,routed_expert,0
backbone.layers.36.mixer.experts.9,36,NemotronHMLP,routed_expert,0
backbone.layers.36.mixer.experts.9.up_proj,36,Linear,routed_expert,4988928
backbone.layers.36.mixer.experts.9.down_proj,36,Linear,routed_expert,4988928
backbone.layers.36.mixer.experts.9.act_fn,36,ReLUSquaredActivation,routed_expert,0
backbone.layers.36.mixer.experts.10,36,NemotronHMLP,routed_expert,0
backbone.layers.36.mixer.experts.10.up_proj,36,Linear,routed_expert,4988928
backbone.layers.36.mixer.experts.10.down_proj,36,Linear,routed_expert,4988928
backbone.layers.36.mixer.experts.10.act_fn,36,ReLUSquaredActivation,routed_expert,0
backbone.layers.36.mixer.experts.11,36,NemotronHMLP,routed_expert,0
backbone.layers.36.mixer.experts.11.up_proj,36,Linear,routed_expert,4988928
backbone.layers.36.mixer.experts.11.down_proj,36,Linear,routed_expert,4988928
backbone.layers.36.mixer.experts.11.act_fn,36,ReLUSquaredActivation,routed_expert,0
backbone.layers.36.mixer.experts.12,36,NemotronHMLP,routed_expert,0
backbone.layers.36.mixer.experts.12.up_proj,36,Linear,routed_expert,4988928
backbone.layers.36.mixer.experts.12.down_proj,36,Linear,routed_expert,4988928
backbone.layers.36.mixer.experts.12.act_fn,36,ReLUSquaredActivation,routed_expert,0
backbone.layers.36.mixer.experts.13,36,NemotronHMLP,routed_expert,0
backbone.layers.36.mixer.experts.13.up_proj,36,Linear,routed_expert,4988928
backbone.layers.36.mixer.experts.13.down_proj,36,Linear,routed_expert,4988928
backbone.layers.36.mixer.experts.13.act_fn,36,ReLUSquaredActivation,routed_expert,0
backbone.layers.36.mixer.experts.14,36,NemotronHMLP,routed_expert,0
backbone.layers.36.mixer.experts.14.up_proj,36,Linear,routed_expert,4988928
backbone.layers.36.mixer.experts.14.down_proj,36,Linear,routed_expert,4988928
backbone.layers.36.mixer.experts.14.act_fn,36,ReLUSquaredActivation,routed_expert,0
backbone.layers.36.mixer.experts.15,36,NemotronHMLP,routed_expert,0
backbone.layers.36.mixer.experts.15.up_proj,36,Linear,routed_expert,4988928
backbone.layers.36.mixer.experts.15.down_proj,36,Linear,routed_expert,4988928
backbone.layers.36.mixer.experts.15.act_fn,36,ReLUSquaredActivation,routed_expert,0
backbone.layers.36.mixer.experts.16,36,NemotronHMLP,routed_expert,0
backbone.layers.36.mixer.experts.16.up_proj,36,Linear,routed_expert,4988928
backbone.layers.36.mixer.experts.16.down_proj,36,Linear,routed_expert,4988928
backbone.layers.36.mixer.experts.16.act_fn,36,ReLUSquaredActivation,routed_expert,0
backbone.layers.36.mixer.experts.17,36,NemotronHMLP,routed_expert,0
backbone.layers.36.mixer.experts.17.up_proj,36,Linear,routed_expert,4988928
backbone.layers.36.mixer.experts.17.down_proj,36,Linear,routed_expert,4988928
backbone.layers.36.mixer.experts.17.act_fn,36,ReLUSquaredActivation,routed_expert,0
backbone.layers.36.mixer.experts.18,36,NemotronHMLP,routed_expert,0
backbone.layers.36.mixer.experts.18.up_proj,36,Linear,routed_expert,4988928
backbone.layers.36.mixer.experts.18.down_proj,36,Linear,routed_expert,4988928
backbone.layers.36.mixer.experts.18.act_fn,36,ReLUSquaredActivation,routed_expert,0
backbone.layers.36.mixer.experts.19,36,NemotronHMLP,routed_expert,0
backbone.layers.36.mixer.experts.19.up_proj,36,Linear,routed_expert,4988928
backbone.layers.36.mixer.experts.19.down_proj,36,Linear,routed_expert,4988928
backbone.layers.36.mixer.experts.19.act_fn,36,ReLUSquaredActivation,routed_expert,0
backbone.layers.36.mixer.experts.20,36,NemotronHMLP,routed_expert,0
backbone.layers.36.mixer.experts.20.up_proj,36,Linear,routed_expert,4988928
backbone.layers.36.mixer.experts.20.down_proj,36,Linear,routed_expert,4988928
backbone.layers.36.mixer.experts.20.act_fn,36,ReLUSquaredActivation,routed_expert,0
backbone.layers.36.mixer.experts.21,36,NemotronHMLP,routed_expert,0
backbone.layers.36.mixer.experts.21.up_proj,36,Linear,routed_expert,4988928
backbone.layers.36.mixer.experts.21.down_proj,36,Linear,routed_expert,4988928
backbone.layers.36.mixer.experts.21.act_fn,36,ReLUSquaredActivation,routed_expert,0
backbone.layers.36.mixer.experts.22,36,NemotronHMLP,routed_expert,0
backbone.layers.36.mixer.experts.22.up_proj,36,Linear,routed_expert,4988928
backbone.layers.36.mixer.experts.22.down_proj,36,Linear,routed_expert,4988928
backbone.layers.36.mixer.experts.22.act_fn,36,ReLUSquaredActivation,routed_expert,0
backbone.layers.36.mixer.experts.23,36,NemotronHMLP,routed_expert,0
backbone.layers.36.mixer.experts.23.up_proj,36,Linear,routed_expert,4988928
backbone.layers.36.mixer.experts.23.down_proj,36,Linear,routed_expert,4988928
backbone.layers.36.mixer.experts.23.act_fn,36,ReLUSquaredActivation,routed_expert,0
backbone.layers.36.mixer.experts.24,36,NemotronHMLP,routed_expert,0
backbone.layers.36.mixer.experts.24.up_proj,36,Linear,routed_expert,4988928
backbone.layers.36.mixer.experts.24.down_proj,36,Linear,routed_expert,4988928
backbone.layers.36.mixer.experts.24.act_fn,36,ReLUSquaredActivation,routed_expert,0
backbone.layers.36.mixer.experts.25,36,NemotronHMLP,routed_expert,0
backbone.layers.36.mixer.experts.25.up_proj,36,Linear,routed_expert,4988928
backbone.layers.36.mixer.experts.25.down_proj,36,Linear,routed_expert,4988928
backbone.layers.36.mixer.experts.25.act_fn,36,ReLUSquaredActivation,routed_expert,0
backbone.layers.36.mixer.experts.26,36,NemotronHMLP,routed_expert,0
backbone.layers.36.mixer.experts.26.up_proj,36,Linear,routed_expert,4988928
backbone.layers.36.mixer.experts.26.down_proj,36,Linear,routed_expert,4988928
backbone.layers.36.mixer.experts.26.act_fn,36,ReLUSquaredActivation,routed_expert,0
backbone.layers.36.mixer.experts.27,36,NemotronHMLP,routed_expert,0
backbone.layers.36.mixer.experts.27.up_proj,36,Linear,routed_expert,4988928
backbone.layers.36.mixer.experts.27.down_proj,36,Linear,routed_expert,4988928
backbone.layers.36.mixer.experts.27.act_fn,36,ReLUSquaredActivation,routed_expert,0
backbone.layers.36.mixer.experts.28,36,NemotronHMLP,routed_expert,0
backbone.layers.36.mixer.experts.28.up_proj,36,Linear,routed_expert,4988928
backbone.layers.36.mixer.experts.28.down_proj,36,Linear,routed_expert,4988928
backbone.layers.36.mixer.experts.28.act_fn,36,ReLUSquaredActivation,routed_expert,0
backbone.layers.36.mixer.experts.29,36,NemotronHMLP,routed_expert,0
backbone.layers.36.mixer.experts.29.up_proj,36,Linear,routed_expert,4988928
backbone.layers.36.mixer.experts.29.down_proj,36,Linear,routed_expert,4988928
backbone.layers.36.mixer.experts.29.act_fn,36,ReLUSquaredActivation,routed_expert,0
backbone.layers.36.mixer.experts.30,36,NemotronHMLP,routed_expert,0
backbone.layers.36.mixer.experts.30.up_proj,36,Linear,routed_expert,4988928
backbone.layers.36.mixer.experts.30.down_proj,36,Linear,routed_expert,4988928
backbone.layers.36.mixer.experts.30.act_fn,36,ReLUSquaredActivation,routed_expert,0
backbone.layers.36.mixer.experts.31,36,NemotronHMLP,routed_expert,0
backbone.layers.36.mixer.experts.31.up_proj,36,Linear,routed_expert,4988928
backbone.layers.36.mixer.experts.31.down_proj,36,Linear,routed_expert,4988928
backbone.layers.36.mixer.experts.31.act_fn,36,ReLUSquaredActivation,routed_expert,0
backbone.layers.36.mixer.experts.32,36,NemotronHMLP,routed_expert,0
backbone.layers.36.mixer.experts.32.up_proj,36,Linear,routed_expert,4988928
backbone.layers.36.mixer.experts.32.down_proj,36,Linear,routed_expert,4988928
backbone.layers.36.mixer.experts.32.act_fn,36,ReLUSquaredActivation,routed_expert,0
backbone.layers.36.mixer.experts.33,36,NemotronHMLP,routed_expert,0
backbone.layers.36.mixer.experts.33.up_proj,36,Linear,routed_expert,4988928
backbone.layers.36.mixer.experts.33.down_proj,36,Linear,routed_expert,4988928
backbone.layers.36.mixer.experts.33.act_fn,36,ReLUSquaredActivation,routed_expert,0
backbone.layers.36.mixer.experts.34,36,NemotronHMLP,routed_expert,0
backbone.layers.36.mixer.experts.34.up_proj,36,Linear,routed_expert,4988928
backbone.layers.36.mixer.experts.34.down_proj,36,Linear,routed_expert,4988928
backbone.layers.36.mixer.experts.34.act_fn,36,ReLUSquaredActivation,routed_expert,0
backbone.layers.36.mixer.experts.35,36,NemotronHMLP,routed_expert,0
backbone.layers.36.mixer.experts.35.up_proj,36,Linear,routed_expert,4988928
backbone.layers.36.mixer.experts.35.down_proj,36,Linear,routed_expert,4988928
backbone.layers.36.mixer.experts.35.act_fn,36,ReLUSquaredActivation,routed_expert,0
backbone.layers.36.mixer.experts.36,36,NemotronHMLP,routed_expert,0
backbone.layers.36.mixer.experts.36.up_proj,36,Linear,routed_expert,4988928
backbone.layers.36.mixer.experts.36.down_proj,36,Linear,routed_expert,4988928
backbone.layers.36.mixer.experts.36.act_fn,36,ReLUSquaredActivation,routed_expert,0
backbone.layers.36.mixer.experts.37,36,NemotronHMLP,routed_expert,0
backbone.layers.36.mixer.experts.37.up_proj,36,Linear,routed_expert,4988928
backbone.layers.36.mixer.experts.37.down_proj,36,Linear,routed_expert,4988928
backbone.layers.36.mixer.experts.37.act_fn,36,ReLUSquaredActivation,routed_expert,0
backbone.layers.36.mixer.experts.38,36,NemotronHMLP,routed_expert,0
backbone.layers.36.mixer.experts.38.up_proj,36,Linear,routed_expert,4988928
backbone.layers.36.mixer.experts.38.down_proj,36,Linear,routed_expert,4988928
backbone.layers.36.mixer.experts.38.act_fn,36,ReLUSquaredActivation,routed_expert,0
backbone.layers.36.mixer.experts.39,36,NemotronHMLP,routed_expert,0
backbone.layers.36.mixer.experts.39.up_proj,36,Linear,routed_expert,4988928
backbone.layers.36.mixer.experts.39.down_proj,36,Linear,routed_expert,4988928
backbone.layers.36.mixer.experts.39.act_fn,36,ReLUSquaredActivation,routed_expert,0
backbone.layers.36.mixer.experts.40,36,NemotronHMLP,routed_expert,0
backbone.layers.36.mixer.experts.40.up_proj,36,Linear,routed_expert,4988928
backbone.layers.36.mixer.experts.40.down_proj,36,Linear,routed_expert,4988928
backbone.layers.36.mixer.experts.40.act_fn,36,ReLUSquaredActivation,routed_expert,0
backbone.layers.36.mixer.experts.41,36,NemotronHMLP,routed_expert,0
backbone.layers.36.mixer.experts.41.up_proj,36,Linear,routed_expert,4988928
backbone.layers.36.mixer.experts.41.down_proj,36,Linear,routed_expert,4988928
backbone.layers.36.mixer.experts.41.act_fn,36,ReLUSquaredActivation,routed_expert,0
backbone.layers.36.mixer.experts.42,36,NemotronHMLP,routed_expert,0
backbone.layers.36.mixer.experts.42.up_proj,36,Linear,routed_expert,4988928
backbone.layers.36.mixer.experts.42.down_proj,36,Linear,routed_expert,4988928
backbone.layers.36.mixer.experts.42.act_fn,36,ReLUSquaredActivation,routed_expert,0
backbone.layers.36.mixer.experts.43,36,NemotronHMLP,routed_expert,0
backbone.layers.36.mixer.experts.43.up_proj,36,Linear,routed_expert,4988928
backbone.layers.36.mixer.experts.43.down_proj,36,Linear,routed_expert,4988928
backbone.layers.36.mixer.experts.43.act_fn,36,ReLUSquaredActivation,routed_expert,0
backbone.layers.36.mixer.experts.44,36,NemotronHMLP,routed_expert,0
backbone.layers.36.mixer.experts.44.up_proj,36,Linear,routed_expert,4988928
backbone.layers.36.mixer.experts.44.down_proj,36,Linear,routed_expert,4988928
backbone.layers.36.mixer.experts.44.act_fn,36,ReLUSquaredActivation,routed_expert,0
backbone.layers.36.mixer.experts.45,36,NemotronHMLP,routed_expert,0
backbone.layers.36.mixer.experts.45.up_proj,36,Linear,routed_expert,4988928
backbone.layers.36.mixer.experts.45.down_proj,36,Linear,routed_expert,4988928
backbone.layers.36.mixer.experts.45.act_fn,36,ReLUSquaredActivation,routed_expert,0
backbone.layers.36.mixer.experts.46,36,NemotronHMLP,routed_expert,0
backbone.layers.36.mixer.experts.46.up_proj,36,Linear,routed_expert,4988928
backbone.layers.36.mixer.experts.46.down_proj,36,Linear,routed_expert,4988928
backbone.layers.36.mixer.experts.46.act_fn,36,ReLUSquaredActivation,routed_expert,0
backbone.layers.36.mixer.experts.47,36,NemotronHMLP,routed_expert,0
backbone.layers.36.mixer.experts.47.up_proj,36,Linear,routed_expert,4988928
backbone.layers.36.mixer.experts.47.down_proj,36,Linear,routed_expert,4988928
backbone.layers.36.mixer.experts.47.act_fn,36,ReLUSquaredActivation,routed_expert,0
backbone.layers.36.mixer.experts.48,36,NemotronHMLP,routed_expert,0
backbone.layers.36.mixer.experts.48.up_proj,36,Linear,routed_expert,4988928
backbone.layers.36.mixer.experts.48.down_proj,36,Linear,routed_expert,4988928
backbone.layers.36.mixer.experts.48.act_fn,36,ReLUSquaredActivation,routed_expert,0
backbone.layers.36.mixer.experts.49,36,NemotronHMLP,routed_expert,0
backbone.layers.36.mixer.experts.49.up_proj,36,Linear,routed_expert,4988928
backbone.layers.36.mixer.experts.49.down_proj,36,Linear,routed_expert,4988928
backbone.layers.36.mixer.experts.49.act_fn,36,ReLUSquaredActivation,routed_expert,0
backbone.layers.36.mixer.experts.50,36,NemotronHMLP,routed_expert,0
backbone.layers.36.mixer.experts.50.up_proj,36,Linear,routed_expert,4988928
backbone.layers.36.mixer.experts.50.down_proj,36,Linear,routed_expert,4988928
backbone.layers.36.mixer.experts.50.act_fn,36,ReLUSquaredActivation,routed_expert,0
backbone.layers.36.mixer.experts.51,36,NemotronHMLP,routed_expert,0
backbone.layers.36.mixer.experts.51.up_proj,36,Linear,routed_expert,4988928
backbone.layers.36.mixer.experts.51.down_proj,36,Linear,routed_expert,4988928
backbone.layers.36.mixer.experts.51.act_fn,36,ReLUSquaredActivation,routed_expert,0
backbone.layers.36.mixer.experts.52,36,NemotronHMLP,routed_expert,0
backbone.layers.36.mixer.experts.52.up_proj,36,Linear,routed_expert,4988928
backbone.layers.36.mixer.experts.52.down_proj,36,Linear,routed_expert,4988928
backbone.layers.36.mixer.experts.52.act_fn,36,ReLUSquaredActivation,routed_expert,0
backbone.layers.36.mixer.experts.53,36,NemotronHMLP,routed_expert,0
backbone.layers.36.mixer.experts.53.up_proj,36,Linear,routed_expert,4988928
backbone.layers.36.mixer.experts.53.down_proj,36,Linear,routed_expert,4988928
backbone.layers.36.mixer.experts.53.act_fn,36,ReLUSquaredActivation,routed_expert,0
backbone.layers.36.mixer.experts.54,36,NemotronHMLP,routed_expert,0
backbone.layers.36.mixer.experts.54.up_proj,36,Linear,routed_expert,4988928
backbone.layers.36.mixer.experts.54.down_proj,36,Linear,routed_expert,4988928
backbone.layers.36.mixer.experts.54.act_fn,36,ReLUSquaredActivation,routed_expert,0
backbone.layers.36.mixer.experts.55,36,NemotronHMLP,routed_expert,0
backbone.layers.36.mixer.experts.55.up_proj,36,Linear,routed_expert,4988928
backbone.layers.36.mixer.experts.55.down_proj,36,Linear,routed_expert,4988928
backbone.layers.36.mixer.experts.55.act_fn,36,ReLUSquaredActivation,routed_expert,0
backbone.layers.36.mixer.experts.56,36,NemotronHMLP,routed_expert,0
backbone.layers.36.mixer.experts.56.up_proj,36,Linear,routed_expert,4988928
backbone.layers.36.mixer.experts.56.down_proj,36,Linear,routed_expert,4988928
backbone.layers.36.mixer.experts.56.act_fn,36,ReLUSquaredActivation,routed_expert,0
backbone.layers.36.mixer.experts.57,36,NemotronHMLP,routed_expert,0
backbone.layers.36.mixer.experts.57.up_proj,36,Linear,routed_expert,4988928
backbone.layers.36.mixer.experts.57.down_proj,36,Linear,routed_expert,4988928
backbone.layers.36.mixer.experts.57.act_fn,36,ReLUSquaredActivation,routed_expert,0
backbone.layers.36.mixer.experts.58,36,NemotronHMLP,routed_expert,0
backbone.layers.36.mixer.experts.58.up_proj,36,Linear,routed_expert,4988928
backbone.layers.36.mixer.experts.58.down_proj,36,Linear,routed_expert,4988928
backbone.layers.36.mixer.experts.58.act_fn,36,ReLUSquaredActivation,routed_expert,0
backbone.layers.36.mixer.experts.59,36,NemotronHMLP,routed_expert,0
backbone.layers.36.mixer.experts.59.up_proj,36,Linear,routed_expert,4988928
backbone.layers.36.mixer.experts.59.down_proj,36,Linear,routed_expert,4988928
backbone.layers.36.mixer.experts.59.act_fn,36,ReLUSquaredActivation,routed_expert,0
backbone.layers.36.mixer.experts.60,36,NemotronHMLP,routed_expert,0
backbone.layers.36.mixer.experts.60.up_proj,36,Linear,routed_expert,4988928
backbone.layers.36.mixer.experts.60.down_proj,36,Linear,routed_expert,4988928
backbone.layers.36.mixer.experts.60.act_fn,36,ReLUSquaredActivation,routed_expert,0
backbone.layers.36.mixer.experts.61,36,NemotronHMLP,routed_expert,0
backbone.layers.36.mixer.experts.61.up_proj,36,Linear,routed_expert,4988928
backbone.layers.36.mixer.experts.61.down_proj,36,Linear,routed_expert,4988928
backbone.layers.36.mixer.experts.61.act_fn,36,ReLUSquaredActivation,routed_expert,0
backbone.layers.36.mixer.experts.62,36,NemotronHMLP,routed_expert,0
backbone.layers.36.mixer.experts.62.up_proj,36,Linear,routed_expert,4988928
backbone.layers.36.mixer.experts.62.down_proj,36,Linear,routed_expert,4988928
backbone.layers.36.mixer.experts.62.act_fn,36,ReLUSquaredActivation,routed_expert,0
backbone.layers.36.mixer.experts.63,36,NemotronHMLP,routed_expert,0
backbone.layers.36.mixer.experts.63.up_proj,36,Linear,routed_expert,4988928
backbone.layers.36.mixer.experts.63.down_proj,36,Linear,routed_expert,4988928
backbone.layers.36.mixer.experts.63.act_fn,36,ReLUSquaredActivation,routed_expert,0
backbone.layers.36.mixer.experts.64,36,NemotronHMLP,routed_expert,0
backbone.layers.36.mixer.experts.64.up_proj,36,Linear,routed_expert,4988928
backbone.layers.36.mixer.experts.64.down_proj,36,Linear,routed_expert,4988928
backbone.layers.36.mixer.experts.64.act_fn,36,ReLUSquaredActivation,routed_expert,0
backbone.layers.36.mixer.experts.65,36,NemotronHMLP,routed_expert,0
backbone.layers.36.mixer.experts.65.up_proj,36,Linear,routed_expert,4988928
backbone.layers.36.mixer.experts.65.down_proj,36,Linear,routed_expert,4988928
backbone.layers.36.mixer.experts.65.act_fn,36,ReLUSquaredActivation,routed_expert,0
backbone.layers.36.mixer.experts.66,36,NemotronHMLP,routed_expert,0
backbone.layers.36.mixer.experts.66.up_proj,36,Linear,routed_expert,4988928
backbone.layers.36.mixer.experts.66.down_proj,36,Linear,routed_expert,4988928
backbone.layers.36.mixer.experts.66.act_fn,36,ReLUSquaredActivation,routed_expert,0
backbone.layers.36.mixer.experts.67,36,NemotronHMLP,routed_expert,0
backbone.layers.36.mixer.experts.67.up_proj,36,Linear,routed_expert,4988928
backbone.layers.36.mixer.experts.67.down_proj,36,Linear,routed_expert,4988928
backbone.layers.36.mixer.experts.67.act_fn,36,ReLUSquaredActivation,routed_expert,0
backbone.layers.36.mixer.experts.68,36,NemotronHMLP,routed_expert,0
backbone.layers.36.mixer.experts.68.up_proj,36,Linear,routed_expert,4988928
backbone.layers.36.mixer.experts.68.down_proj,36,Linear,routed_expert,4988928
backbone.layers.36.mixer.experts.68.act_fn,36,ReLUSquaredActivation,routed_expert,0
backbone.layers.36.mixer.experts.69,36,NemotronHMLP,routed_expert,0
backbone.layers.36.mixer.experts.69.up_proj,36,Linear,routed_expert,4988928
backbone.layers.36.mixer.experts.69.down_proj,36,Linear,routed_expert,4988928
backbone.layers.36.mixer.experts.69.act_fn,36,ReLUSquaredActivation,routed_expert,0
backbone.layers.36.mixer.experts.70,36,NemotronHMLP,routed_expert,0
backbone.layers.36.mixer.experts.70.up_proj,36,Linear,routed_expert,4988928
backbone.layers.36.mixer.experts.70.down_proj,36,Linear,routed_expert,4988928
backbone.layers.36.mixer.experts.70.act_fn,36,ReLUSquaredActivation,routed_expert,0
backbone.layers.36.mixer.experts.71,36,NemotronHMLP,routed_expert,0
backbone.layers.36.mixer.experts.71.up_proj,36,Linear,routed_expert,4988928
backbone.layers.36.mixer.experts.71.down_proj,36,Linear,routed_expert,4988928
backbone.layers.36.mixer.experts.71.act_fn,36,ReLUSquaredActivation,routed_expert,0
backbone.layers.36.mixer.experts.72,36,NemotronHMLP,routed_expert,0
backbone.layers.36.mixer.experts.72.up_proj,36,Linear,routed_expert,4988928
backbone.layers.36.mixer.experts.72.down_proj,36,Linear,routed_expert,4988928
backbone.layers.36.mixer.experts.72.act_fn,36,ReLUSquaredActivation,routed_expert,0
backbone.layers.36.mixer.experts.73,36,NemotronHMLP,routed_expert,0
backbone.layers.36.mixer.experts.73.up_proj,36,Linear,routed_expert,4988928
backbone.layers.36.mixer.experts.73.down_proj,36,Linear,routed_expert,4988928
backbone.layers.36.mixer.experts.73.act_fn,36,ReLUSquaredActivation,routed_expert,0
backbone.layers.36.mixer.experts.74,36,NemotronHMLP,routed_expert,0
backbone.layers.36.mixer.experts.74.up_proj,36,Linear,routed_expert,4988928
backbone.layers.36.mixer.experts.74.down_proj,36,Linear,routed_expert,4988928
backbone.layers.36.mixer.experts.74.act_fn,36,ReLUSquaredActivation,routed_expert,0
backbone.layers.36.mixer.experts.75,36,NemotronHMLP,routed_expert,0
backbone.layers.36.mixer.experts.75.up_proj,36,Linear,routed_expert,4988928
backbone.layers.36.mixer.experts.75.down_proj,36,Linear,routed_expert,4988928
backbone.layers.36.mixer.experts.75.act_fn,36,ReLUSquaredActivation,routed_expert,0
backbone.layers.36.mixer.experts.76,36,NemotronHMLP,routed_expert,0
backbone.layers.36.mixer.experts.76.up_proj,36,Linear,routed_expert,4988928
backbone.layers.36.mixer.experts.76.down_proj,36,Linear,routed_expert,4988928
backbone.layers.36.mixer.experts.76.act_fn,36,ReLUSquaredActivation,routed_expert,0
backbone.layers.36.mixer.experts.77,36,NemotronHMLP,routed_expert,0
backbone.layers.36.mixer.experts.77.up_proj,36,Linear,routed_expert,4988928
backbone.layers.36.mixer.experts.77.down_proj,36,Linear,routed_expert,4988928
backbone.layers.36.mixer.experts.77.act_fn,36,ReLUSquaredActivation,routed_expert,0
backbone.layers.36.mixer.experts.78,36,NemotronHMLP,routed_expert,0
backbone.layers.36.mixer.experts.78.up_proj,36,Linear,routed_expert,4988928
backbone.layers.36.mixer.experts.78.down_proj,36,Linear,routed_expert,4988928
backbone.layers.36.mixer.experts.78.act_fn,36,ReLUSquaredActivation,routed_expert,0
backbone.layers.36.mixer.experts.79,36,NemotronHMLP,routed_expert,0
backbone.layers.36.mixer.experts.79.up_proj,36,Linear,routed_expert,4988928
backbone.layers.36.mixer.experts.79.down_proj,36,Linear,routed_expert,4988928
backbone.layers.36.mixer.experts.79.act_fn,36,ReLUSquaredActivation,routed_expert,0
backbone.layers.36.mixer.experts.80,36,NemotronHMLP,routed_expert,0
backbone.layers.36.mixer.experts.80.up_proj,36,Linear,routed_expert,4988928
backbone.layers.36.mixer.experts.80.down_proj,36,Linear,routed_expert,4988928
backbone.layers.36.mixer.experts.80.act_fn,36,ReLUSquaredActivation,routed_expert,0
backbone.layers.36.mixer.experts.81,36,NemotronHMLP,routed_expert,0
backbone.layers.36.mixer.experts.81.up_proj,36,Linear,routed_expert,4988928
backbone.layers.36.mixer.experts.81.down_proj,36,Linear,routed_expert,4988928
backbone.layers.36.mixer.experts.81.act_fn,36,ReLUSquaredActivation,routed_expert,0
backbone.layers.36.mixer.experts.82,36,NemotronHMLP,routed_expert,0
backbone.layers.36.mixer.experts.82.up_proj,36,Linear,routed_expert,4988928
backbone.layers.36.mixer.experts.82.down_proj,36,Linear,routed_expert,4988928
backbone.layers.36.mixer.experts.82.act_fn,36,ReLUSquaredActivation,routed_expert,0
backbone.layers.36.mixer.experts.83,36,NemotronHMLP,routed_expert,0
backbone.layers.36.mixer.experts.83.up_proj,36,Linear,routed_expert,4988928
backbone.layers.36.mixer.experts.83.down_proj,36,Linear,routed_expert,4988928
backbone.layers.36.mixer.experts.83.act_fn,36,ReLUSquaredActivation,routed_expert,0
backbone.layers.36.mixer.experts.84,36,NemotronHMLP,routed_expert,0
backbone.layers.36.mixer.experts.84.up_proj,36,Linear,routed_expert,4988928
backbone.layers.36.mixer.experts.84.down_proj,36,Linear,routed_expert,4988928
backbone.layers.36.mixer.experts.84.act_fn,36,ReLUSquaredActivation,routed_expert,0
backbone.layers.36.mixer.experts.85,36,NemotronHMLP,routed_expert,0
backbone.layers.36.mixer.experts.85.up_proj,36,Linear,routed_expert,4988928
backbone.layers.36.mixer.experts.85.down_proj,36,Linear,routed_expert,4988928
backbone.layers.36.mixer.experts.85.act_fn,36,ReLUSquaredActivation,routed_expert,0
backbone.layers.36.mixer.experts.86,36,NemotronHMLP,routed_expert,0
backbone.layers.36.mixer.experts.86.up_proj,36,Linear,routed_expert,4988928
backbone.layers.36.mixer.experts.86.down_proj,36,Linear,routed_expert,4988928
backbone.layers.36.mixer.experts.86.act_fn,36,ReLUSquaredActivation,routed_expert,0
backbone.layers.36.mixer.experts.87,36,NemotronHMLP,routed_expert,0
backbone.layers.36.mixer.experts.87.up_proj,36,Linear,routed_expert,4988928
backbone.layers.36.mixer.experts.87.down_proj,36,Linear,routed_expert,4988928
backbone.layers.36.mixer.experts.87.act_fn,36,ReLUSquaredActivation,routed_expert,0
backbone.layers.36.mixer.experts.88,36,NemotronHMLP,routed_expert,0
backbone.layers.36.mixer.experts.88.up_proj,36,Linear,routed_expert,4988928
backbone.layers.36.mixer.experts.88.down_proj,36,Linear,routed_expert,4988928
backbone.layers.36.mixer.experts.88.act_fn,36,ReLUSquaredActivation,routed_expert,0
backbone.layers.36.mixer.experts.89,36,NemotronHMLP,routed_expert,0
backbone.layers.36.mixer.experts.89.up_proj,36,Linear,routed_expert,4988928
backbone.layers.36.mixer.experts.89.down_proj,36,Linear,routed_expert,4988928
backbone.layers.36.mixer.experts.89.act_fn,36,ReLUSquaredActivation,routed_expert,0
backbone.layers.36.mixer.experts.90,36,NemotronHMLP,routed_expert,0
backbone.layers.36.mixer.experts.90.up_proj,36,Linear,routed_expert,4988928
backbone.layers.36.mixer.experts.90.down_proj,36,Linear,routed_expert,4988928
backbone.layers.36.mixer.experts.90.act_fn,36,ReLUSquaredActivation,routed_expert,0
backbone.layers.36.mixer.experts.91,36,NemotronHMLP,routed_expert,0
backbone.layers.36.mixer.experts.91.up_proj,36,Linear,routed_expert,4988928
backbone.layers.36.mixer.experts.91.down_proj,36,Linear,routed_expert,4988928
backbone.layers.36.mixer.experts.91.act_fn,36,ReLUSquaredActivation,routed_expert,0
backbone.layers.36.mixer.experts.92,36,NemotronHMLP,routed_expert,0
backbone.layers.36.mixer.experts.92.up_proj,36,Linear,routed_expert,4988928
backbone.layers.36.mixer.experts.92.down_proj,36,Linear,routed_expert,4988928
backbone.layers.36.mixer.experts.92.act_fn,36,ReLUSquaredActivation,routed_expert,0
backbone.layers.36.mixer.experts.93,36,NemotronHMLP,routed_expert,0
backbone.layers.36.mixer.experts.93.up_proj,36,Linear,routed_expert,4988928
backbone.layers.36.mixer.experts.93.down_proj,36,Linear,routed_expert,4988928
backbone.layers.36.mixer.experts.93.act_fn,36,ReLUSquaredActivation,routed_expert,0
backbone.layers.36.mixer.experts.94,36,NemotronHMLP,routed_expert,0
backbone.layers.36.mixer.experts.94.up_proj,36,Linear,routed_expert,4988928
backbone.layers.36.mixer.experts.94.down_proj,36,Linear,routed_expert,4988928
backbone.layers.36.mixer.experts.94.act_fn,36,ReLUSquaredActivation,routed_expert,0
backbone.layers.36.mixer.experts.95,36,NemotronHMLP,routed_expert,0
backbone.layers.36.mixer.experts.95.up_proj,36,Linear,routed_expert,4988928
backbone.layers.36.mixer.experts.95.down_proj,36,Linear,routed_expert,4988928
backbone.layers.36.mixer.experts.95.act_fn,36,ReLUSquaredActivation,routed_expert,0
backbone.layers.36.mixer.experts.96,36,NemotronHMLP,routed_expert,0
backbone.layers.36.mixer.experts.96.up_proj,36,Linear,routed_expert,4988928
backbone.layers.36.mixer.experts.96.down_proj,36,Linear,routed_expert,4988928
backbone.layers.36.mixer.experts.96.act_fn,36,ReLUSquaredActivation,routed_expert,0
backbone.layers.36.mixer.experts.97,36,NemotronHMLP,routed_expert,0
backbone.layers.36.mixer.experts.97.up_proj,36,Linear,routed_expert,4988928
backbone.layers.36.mixer.experts.97.down_proj,36,Linear,routed_expert,4988928
backbone.layers.36.mixer.experts.97.act_fn,36,ReLUSquaredActivation,routed_expert,0
backbone.layers.36.mixer.experts.98,36,NemotronHMLP,routed_expert,0
backbone.layers.36.mixer.experts.98.up_proj,36,Linear,routed_expert,4988928
backbone.layers.36.mixer.experts.98.down_proj,36,Linear,routed_expert,4988928
backbone.layers.36.mixer.experts.98.act_fn,36,ReLUSquaredActivation,routed_expert,0
backbone.layers.36.mixer.experts.99,36,NemotronHMLP,routed_expert,0
backbone.layers.36.mixer.experts.99.up_proj,36,Linear,routed_expert,4988928
backbone.layers.36.mixer.experts.99.down_proj,36,Linear,routed_expert,4988928
backbone.layers.36.mixer.experts.99.act_fn,36,ReLUSquaredActivation,routed_expert,0
backbone.layers.36.mixer.experts.100,36,NemotronHMLP,routed_expert,0
backbone.layers.36.mixer.experts.100.up_proj,36,Linear,routed_expert,4988928
backbone.layers.36.mixer.experts.100.down_proj,36,Linear,routed_expert,4988928
backbone.layers.36.mixer.experts.100.act_fn,36,ReLUSquaredActivation,routed_expert,0
backbone.layers.36.mixer.experts.101,36,NemotronHMLP,routed_expert,0
backbone.layers.36.mixer.experts.101.up_proj,36,Linear,routed_expert,4988928
backbone.layers.36.mixer.experts.101.down_proj,36,Linear,routed_expert,4988928
backbone.layers.36.mixer.experts.101.act_fn,36,ReLUSquaredActivation,routed_expert,0
backbone.layers.36.mixer.experts.102,36,NemotronHMLP,routed_expert,0
backbone.layers.36.mixer.experts.102.up_proj,36,Linear,routed_expert,4988928
backbone.layers.36.mixer.experts.102.down_proj,36,Linear,routed_expert,4988928
backbone.layers.36.mixer.experts.102.act_fn,36,ReLUSquaredActivation,routed_expert,0
backbone.layers.36.mixer.experts.103,36,NemotronHMLP,routed_expert,0
backbone.layers.36.mixer.experts.103.up_proj,36,Linear,routed_expert,4988928
backbone.layers.36.mixer.experts.103.down_proj,36,Linear,routed_expert,4988928
backbone.layers.36.mixer.experts.103.act_fn,36,ReLUSquaredActivation,routed_expert,0
backbone.layers.36.mixer.experts.104,36,NemotronHMLP,routed_expert,0
backbone.layers.36.mixer.experts.104.up_proj,36,Linear,routed_expert,4988928
backbone.layers.36.mixer.experts.104.down_proj,36,Linear,routed_expert,4988928
backbone.layers.36.mixer.experts.104.act_fn,36,ReLUSquaredActivation,routed_expert,0
backbone.layers.36.mixer.experts.105,36,NemotronHMLP,routed_expert,0
backbone.layers.36.mixer.experts.105.up_proj,36,Linear,routed_expert,4988928
backbone.layers.36.mixer.experts.105.down_proj,36,Linear,routed_expert,4988928
backbone.layers.36.mixer.experts.105.act_fn,36,ReLUSquaredActivation,routed_expert,0
backbone.layers.36.mixer.experts.106,36,NemotronHMLP,routed_expert,0
backbone.layers.36.mixer.experts.106.up_proj,36,Linear,routed_expert,4988928
backbone.layers.36.mixer.experts.106.down_proj,36,Linear,routed_expert,4988928
backbone.layers.36.mixer.experts.106.act_fn,36,ReLUSquaredActivation,routed_expert,0
backbone.layers.36.mixer.experts.107,36,NemotronHMLP,routed_expert,0
backbone.layers.36.mixer.experts.107.up_proj,36,Linear,routed_expert,4988928
backbone.layers.36.mixer.experts.107.down_proj,36,Linear,routed_expert,4988928
backbone.layers.36.mixer.experts.107.act_fn,36,ReLUSquaredActivation,routed_expert,0
backbone.layers.36.mixer.experts.108,36,NemotronHMLP,routed_expert,0
backbone.layers.36.mixer.experts.108.up_proj,36,Linear,routed_expert,4988928
backbone.layers.36.mixer.experts.108.down_proj,36,Linear,routed_expert,4988928
backbone.layers.36.mixer.experts.108.act_fn,36,ReLUSquaredActivation,routed_expert,0
backbone.layers.36.mixer.experts.109,36,NemotronHMLP,routed_expert,0
backbone.layers.36.mixer.experts.109.up_proj,36,Linear,routed_expert,4988928
backbone.layers.36.mixer.experts.109.down_proj,36,Linear,routed_expert,4988928
backbone.layers.36.mixer.experts.109.act_fn,36,ReLUSquaredActivation,routed_expert,0
backbone.layers.36.mixer.experts.110,36,NemotronHMLP,routed_expert,0
backbone.layers.36.mixer.experts.110.up_proj,36,Linear,routed_expert,4988928
backbone.layers.36.mixer.experts.110.down_proj,36,Linear,routed_expert,4988928
backbone.layers.36.mixer.experts.110.act_fn,36,ReLUSquaredActivation,routed_expert,0
backbone.layers.36.mixer.experts.111,36,NemotronHMLP,routed_expert,0
backbone.layers.36.mixer.experts.111.up_proj,36,Linear,routed_expert,4988928
backbone.layers.36.mixer.experts.111.down_proj,36,Linear,routed_expert,4988928
backbone.layers.36.mixer.experts.111.act_fn,36,ReLUSquaredActivation,routed_expert,0
backbone.layers.36.mixer.experts.112,36,NemotronHMLP,routed_expert,0
backbone.layers.36.mixer.experts.112.up_proj,36,Linear,routed_expert,4988928
backbone.layers.36.mixer.experts.112.down_proj,36,Linear,routed_expert,4988928
backbone.layers.36.mixer.experts.112.act_fn,36,ReLUSquaredActivation,routed_expert,0
backbone.layers.36.mixer.experts.113,36,NemotronHMLP,routed_expert,0
backbone.layers.36.mixer.experts.113.up_proj,36,Linear,routed_expert,4988928
backbone.layers.36.mixer.experts.113.down_proj,36,Linear,routed_expert,4988928
backbone.layers.36.mixer.experts.113.act_fn,36,ReLUSquaredActivation,routed_expert,0
backbone.layers.36.mixer.experts.114,36,NemotronHMLP,routed_expert,0
backbone.layers.36.mixer.experts.114.up_proj,36,Linear,routed_expert,4988928
backbone.layers.36.mixer.experts.114.down_proj,36,Linear,routed_expert,4988928
backbone.layers.36.mixer.experts.114.act_fn,36,ReLUSquaredActivation,routed_expert,0
backbone.layers.36.mixer.experts.115,36,NemotronHMLP,routed_expert,0
backbone.layers.36.mixer.experts.115.up_proj,36,Linear,routed_expert,4988928
backbone.layers.36.mixer.experts.115.down_proj,36,Linear,routed_expert,4988928
backbone.layers.36.mixer.experts.115.act_fn,36,ReLUSquaredActivation,routed_expert,0
backbone.layers.36.mixer.experts.116,36,NemotronHMLP,routed_expert,0
backbone.layers.36.mixer.experts.116.up_proj,36,Linear,routed_expert,4988928
backbone.layers.36.mixer.experts.116.down_proj,36,Linear,routed_expert,4988928
backbone.layers.36.mixer.experts.116.act_fn,36,ReLUSquaredActivation,routed_expert,0
backbone.layers.36.mixer.experts.117,36,NemotronHMLP,routed_expert,0
backbone.layers.36.mixer.experts.117.up_proj,36,Linear,routed_expert,4988928
backbone.layers.36.mixer.experts.117.down_proj,36,Linear,routed_expert,4988928
backbone.layers.36.mixer.experts.117.act_fn,36,ReLUSquaredActivation,routed_expert,0
backbone.layers.36.mixer.experts.118,36,NemotronHMLP,routed_expert,0
backbone.layers.36.mixer.experts.118.up_proj,36,Linear,routed_expert,4988928
backbone.layers.36.mixer.experts.118.down_proj,36,Linear,routed_expert,4988928
backbone.layers.36.mixer.experts.118.act_fn,36,ReLUSquaredActivation,routed_expert,0
backbone.layers.36.mixer.experts.119,36,NemotronHMLP,routed_expert,0
backbone.layers.36.mixer.experts.119.up_proj,36,Linear,routed_expert,4988928
backbone.layers.36.mixer.experts.119.down_proj,36,Linear,routed_expert,4988928
backbone.layers.36.mixer.experts.119.act_fn,36,ReLUSquaredActivation,routed_expert,0
backbone.layers.36.mixer.experts.120,36,NemotronHMLP,routed_expert,0
backbone.layers.36.mixer.experts.120.up_proj,36,Linear,routed_expert,4988928
backbone.layers.36.mixer.experts.120.down_proj,36,Linear,routed_expert,4988928
backbone.layers.36.mixer.experts.120.act_fn,36,ReLUSquaredActivation,routed_expert,0
backbone.layers.36.mixer.experts.121,36,NemotronHMLP,routed_expert,0
backbone.layers.36.mixer.experts.121.up_proj,36,Linear,routed_expert,4988928
backbone.layers.36.mixer.experts.121.down_proj,36,Linear,routed_expert,4988928
backbone.layers.36.mixer.experts.121.act_fn,36,ReLUSquaredActivation,routed_expert,0
backbone.layers.36.mixer.experts.122,36,NemotronHMLP,routed_expert,0
backbone.layers.36.mixer.experts.122.up_proj,36,Linear,routed_expert,4988928
backbone.layers.36.mixer.experts.122.down_proj,36,Linear,routed_expert,4988928
backbone.layers.36.mixer.experts.122.act_fn,36,ReLUSquaredActivation,routed_expert,0
backbone.layers.36.mixer.experts.123,36,NemotronHMLP,routed_expert,0
backbone.layers.36.mixer.experts.123.up_proj,36,Linear,routed_expert,4988928
backbone.layers.36.mixer.experts.123.down_proj,36,Linear,routed_expert,4988928
backbone.layers.36.mixer.experts.123.act_fn,36,ReLUSquaredActivation,routed_expert,0
backbone.layers.36.mixer.experts.124,36,NemotronHMLP,routed_expert,0
backbone.layers.36.mixer.experts.124.up_proj,36,Linear,routed_expert,4988928
backbone.layers.36.mixer.experts.124.down_proj,36,Linear,routed_expert,4988928
backbone.layers.36.mixer.experts.124.act_fn,36,ReLUSquaredActivation,routed_expert,0
backbone.layers.36.mixer.experts.125,36,NemotronHMLP,routed_expert,0
backbone.layers.36.mixer.experts.125.up_proj,36,Linear,routed_expert,4988928
backbone.layers.36.mixer.experts.125.down_proj,36,Linear,routed_expert,4988928
backbone.layers.36.mixer.experts.125.act_fn,36,ReLUSquaredActivation,routed_expert,0
backbone.layers.36.mixer.experts.126,36,NemotronHMLP,routed_expert,0
backbone.layers.36.mixer.experts.126.up_proj,36,Linear,routed_expert,4988928
backbone.layers.36.mixer.experts.126.down_proj,36,Linear,routed_expert,4988928
backbone.layers.36.mixer.experts.126.act_fn,36,ReLUSquaredActivation,routed_expert,0
backbone.layers.36.mixer.experts.127,36,NemotronHMLP,routed_expert,0
backbone.layers.36.mixer.experts.127.up_proj,36,Linear,routed_expert,4988928
backbone.layers.36.mixer.experts.127.down_proj,36,Linear,routed_expert,4988928
backbone.layers.36.mixer.experts.127.act_fn,36,ReLUSquaredActivation,routed_expert,0
backbone.layers.36.mixer.gate,36,NemotronHTopkRouter,router,344064
backbone.layers.36.mixer.shared_experts,36,NemotronHMLP,other,0
backbone.layers.36.mixer.shared_experts.up_proj,36,Linear,shared_expert,9977856
backbone.layers.36.mixer.shared_experts.down_proj,36,Linear,shared_expert,9977856
backbone.layers.36.mixer.shared_experts.act_fn,36,ReLUSquaredActivation,shared_expert,0
backbone.layers.37,37,NemotronHBlock,other,0
backbone.layers.37.norm,37,NemotronHRMSNorm,other,2688
backbone.layers.37.mixer,37,NemotronHMamba2Mixer,mamba,192
backbone.layers.37.mixer.act,37,SiLUActivation,other,0
backbone.layers.37.mixer.conv1d,37,Conv1d,other,30720
backbone.layers.37.mixer.in_proj,37,Linear,mamba_projection,27697152
backbone.layers.37.mixer.norm,37,MambaRMSNormGated,mamba,4096
backbone.layers.37.mixer.out_proj,37,Linear,mamba_projection,11010048
backbone.layers.38,38,NemotronHBlock,other,0
backbone.layers.38.norm,38,NemotronHRMSNorm,other,2688
backbone.layers.38.mixer,38,NemotronHMOE,moe,0
backbone.layers.38.mixer.experts,38,ModuleList,other,0
backbone.layers.38.mixer.experts.0,38,NemotronHMLP,routed_expert,0
backbone.layers.38.mixer.experts.0.up_proj,38,Linear,routed_expert,4988928
backbone.layers.38.mixer.experts.0.down_proj,38,Linear,routed_expert,4988928
backbone.layers.38.mixer.experts.0.act_fn,38,ReLUSquaredActivation,routed_expert,0
backbone.layers.38.mixer.experts.1,38,NemotronHMLP,routed_expert,0
backbone.layers.38.mixer.experts.1.up_proj,38,Linear,routed_expert,4988928
backbone.layers.38.mixer.experts.1.down_proj,38,Linear,routed_expert,4988928
backbone.layers.38.mixer.experts.1.act_fn,38,ReLUSquaredActivation,routed_expert,0
backbone.layers.38.mixer.experts.2,38,NemotronHMLP,routed_expert,0
backbone.layers.38.mixer.experts.2.up_proj,38,Linear,routed_expert,4988928
backbone.layers.38.mixer.experts.2.down_proj,38,Linear,routed_expert,4988928
backbone.layers.38.mixer.experts.2.act_fn,38,ReLUSquaredActivation,routed_expert,0
backbone.layers.38.mixer.experts.3,38,NemotronHMLP,routed_expert,0
backbone.layers.38.mixer.experts.3.up_proj,38,Linear,routed_expert,4988928
backbone.layers.38.mixer.experts.3.down_proj,38,Linear,routed_expert,4988928
backbone.layers.38.mixer.experts.3.act_fn,38,ReLUSquaredActivation,routed_expert,0
backbone.layers.38.mixer.experts.4,38,NemotronHMLP,routed_expert,0
backbone.layers.38.mixer.experts.4.up_proj,38,Linear,routed_expert,4988928
backbone.layers.38.mixer.experts.4.down_proj,38,Linear,routed_expert,4988928
backbone.layers.38.mixer.experts.4.act_fn,38,ReLUSquaredActivation,routed_expert,0
backbone.layers.38.mixer.experts.5,38,NemotronHMLP,routed_expert,0
backbone.layers.38.mixer.experts.5.up_proj,38,Linear,routed_expert,4988928
backbone.layers.38.mixer.experts.5.down_proj,38,Linear,routed_expert,4988928
backbone.layers.38.mixer.experts.5.act_fn,38,ReLUSquaredActivation,routed_expert,0
backbone.layers.38.mixer.experts.6,38,NemotronHMLP,routed_expert,0
backbone.layers.38.mixer.experts.6.up_proj,38,Linear,routed_expert,4988928
backbone.layers.38.mixer.experts.6.down_proj,38,Linear,routed_expert,4988928
backbone.layers.38.mixer.experts.6.act_fn,38,ReLUSquaredActivation,routed_expert,0
backbone.layers.38.mixer.experts.7,38,NemotronHMLP,routed_expert,0
backbone.layers.38.mixer.experts.7.up_proj,38,Linear,routed_expert,4988928
backbone.layers.38.mixer.experts.7.down_proj,38,Linear,routed_expert,4988928
backbone.layers.38.mixer.experts.7.act_fn,38,ReLUSquaredActivation,routed_expert,0
backbone.layers.38.mixer.experts.8,38,NemotronHMLP,routed_expert,0
backbone.layers.38.mixer.experts.8.up_proj,38,Linear,routed_expert,4988928
backbone.layers.38.mixer.experts.8.down_proj,38,Linear,routed_expert,4988928
backbone.layers.38.mixer.experts.8.act_fn,38,ReLUSquaredActivation,routed_expert,0
backbone.layers.38.mixer.experts.9,38,NemotronHMLP,routed_expert,0
backbone.layers.38.mixer.experts.9.up_proj,38,Linear,routed_expert,4988928
backbone.layers.38.mixer.experts.9.down_proj,38,Linear,routed_expert,4988928
backbone.layers.38.mixer.experts.9.act_fn,38,ReLUSquaredActivation,routed_expert,0
backbone.layers.38.mixer.experts.10,38,NemotronHMLP,routed_expert,0
backbone.layers.38.mixer.experts.10.up_proj,38,Linear,routed_expert,4988928
backbone.layers.38.mixer.experts.10.down_proj,38,Linear,routed_expert,4988928
backbone.layers.38.mixer.experts.10.act_fn,38,ReLUSquaredActivation,routed_expert,0
backbone.layers.38.mixer.experts.11,38,NemotronHMLP,routed_expert,0
backbone.layers.38.mixer.experts.11.up_proj,38,Linear,routed_expert,4988928
backbone.layers.38.mixer.experts.11.down_proj,38,Linear,routed_expert,4988928
backbone.layers.38.mixer.experts.11.act_fn,38,ReLUSquaredActivation,routed_expert,0
backbone.layers.38.mixer.experts.12,38,NemotronHMLP,routed_expert,0
backbone.layers.38.mixer.experts.12.up_proj,38,Linear,routed_expert,4988928
backbone.layers.38.mixer.experts.12.down_proj,38,Linear,routed_expert,4988928
backbone.layers.38.mixer.experts.12.act_fn,38,ReLUSquaredActivation,routed_expert,0
backbone.layers.38.mixer.experts.13,38,NemotronHMLP,routed_expert,0
backbone.layers.38.mixer.experts.13.up_proj,38,Linear,routed_expert,4988928
backbone.layers.38.mixer.experts.13.down_proj,38,Linear,routed_expert,4988928
backbone.layers.38.mixer.experts.13.act_fn,38,ReLUSquaredActivation,routed_expert,0
backbone.layers.38.mixer.experts.14,38,NemotronHMLP,routed_expert,0
backbone.layers.38.mixer.experts.14.up_proj,38,Linear,routed_expert,4988928
backbone.layers.38.mixer.experts.14.down_proj,38,Linear,routed_expert,4988928
backbone.layers.38.mixer.experts.14.act_fn,38,ReLUSquaredActivation,routed_expert,0
backbone.layers.38.mixer.experts.15,38,NemotronHMLP,routed_expert,0
backbone.layers.38.mixer.experts.15.up_proj,38,Linear,routed_expert,4988928
backbone.layers.38.mixer.experts.15.down_proj,38,Linear,routed_expert,4988928
backbone.layers.38.mixer.experts.15.act_fn,38,ReLUSquaredActivation,routed_expert,0
backbone.layers.38.mixer.experts.16,38,NemotronHMLP,routed_expert,0
backbone.layers.38.mixer.experts.16.up_proj,38,Linear,routed_expert,4988928
backbone.layers.38.mixer.experts.16.down_proj,38,Linear,routed_expert,4988928
backbone.layers.38.mixer.experts.16.act_fn,38,ReLUSquaredActivation,routed_expert,0
backbone.layers.38.mixer.experts.17,38,NemotronHMLP,routed_expert,0
backbone.layers.38.mixer.experts.17.up_proj,38,Linear,routed_expert,4988928
backbone.layers.38.mixer.experts.17.down_proj,38,Linear,routed_expert,4988928
backbone.layers.38.mixer.experts.17.act_fn,38,ReLUSquaredActivation,routed_expert,0
backbone.layers.38.mixer.experts.18,38,NemotronHMLP,routed_expert,0
backbone.layers.38.mixer.experts.18.up_proj,38,Linear,routed_expert,4988928
backbone.layers.38.mixer.experts.18.down_proj,38,Linear,routed_expert,4988928
backbone.layers.38.mixer.experts.18.act_fn,38,ReLUSquaredActivation,routed_expert,0
backbone.layers.38.mixer.experts.19,38,NemotronHMLP,routed_expert,0
backbone.layers.38.mixer.experts.19.up_proj,38,Linear,routed_expert,4988928
backbone.layers.38.mixer.experts.19.down_proj,38,Linear,routed_expert,4988928
backbone.layers.38.mixer.experts.19.act_fn,38,ReLUSquaredActivation,routed_expert,0
backbone.layers.38.mixer.experts.20,38,NemotronHMLP,routed_expert,0
backbone.layers.38.mixer.experts.20.up_proj,38,Linear,routed_expert,4988928
backbone.layers.38.mixer.experts.20.down_proj,38,Linear,routed_expert,4988928
backbone.layers.38.mixer.experts.20.act_fn,38,ReLUSquaredActivation,routed_expert,0
backbone.layers.38.mixer.experts.21,38,NemotronHMLP,routed_expert,0
backbone.layers.38.mixer.experts.21.up_proj,38,Linear,routed_expert,4988928
backbone.layers.38.mixer.experts.21.down_proj,38,Linear,routed_expert,4988928
backbone.layers.38.mixer.experts.21.act_fn,38,ReLUSquaredActivation,routed_expert,0
backbone.layers.38.mixer.experts.22,38,NemotronHMLP,routed_expert,0
backbone.layers.38.mixer.experts.22.up_proj,38,Linear,routed_expert,4988928
backbone.layers.38.mixer.experts.22.down_proj,38,Linear,routed_expert,4988928
backbone.layers.38.mixer.experts.22.act_fn,38,ReLUSquaredActivation,routed_expert,0
backbone.layers.38.mixer.experts.23,38,NemotronHMLP,routed_expert,0
backbone.layers.38.mixer.experts.23.up_proj,38,Linear,routed_expert,4988928
backbone.layers.38.mixer.experts.23.down_proj,38,Linear,routed_expert,4988928
backbone.layers.38.mixer.experts.23.act_fn,38,ReLUSquaredActivation,routed_expert,0
backbone.layers.38.mixer.experts.24,38,NemotronHMLP,routed_expert,0
backbone.layers.38.mixer.experts.24.up_proj,38,Linear,routed_expert,4988928
backbone.layers.38.mixer.experts.24.down_proj,38,Linear,routed_expert,4988928
backbone.layers.38.mixer.experts.24.act_fn,38,ReLUSquaredActivation,routed_expert,0
backbone.layers.38.mixer.experts.25,38,NemotronHMLP,routed_expert,0
backbone.layers.38.mixer.experts.25.up_proj,38,Linear,routed_expert,4988928
backbone.layers.38.mixer.experts.25.down_proj,38,Linear,routed_expert,4988928
backbone.layers.38.mixer.experts.25.act_fn,38,ReLUSquaredActivation,routed_expert,0
backbone.layers.38.mixer.experts.26,38,NemotronHMLP,routed_expert,0
backbone.layers.38.mixer.experts.26.up_proj,38,Linear,routed_expert,4988928
backbone.layers.38.mixer.experts.26.down_proj,38,Linear,routed_expert,4988928
backbone.layers.38.mixer.experts.26.act_fn,38,ReLUSquaredActivation,routed_expert,0
backbone.layers.38.mixer.experts.27,38,NemotronHMLP,routed_expert,0
backbone.layers.38.mixer.experts.27.up_proj,38,Linear,routed_expert,4988928
backbone.layers.38.mixer.experts.27.down_proj,38,Linear,routed_expert,4988928
backbone.layers.38.mixer.experts.27.act_fn,38,ReLUSquaredActivation,routed_expert,0
backbone.layers.38.mixer.experts.28,38,NemotronHMLP,routed_expert,0
backbone.layers.38.mixer.experts.28.up_proj,38,Linear,routed_expert,4988928
backbone.layers.38.mixer.experts.28.down_proj,38,Linear,routed_expert,4988928
backbone.layers.38.mixer.experts.28.act_fn,38,ReLUSquaredActivation,routed_expert,0
backbone.layers.38.mixer.experts.29,38,NemotronHMLP,routed_expert,0
backbone.layers.38.mixer.experts.29.up_proj,38,Linear,routed_expert,4988928
backbone.layers.38.mixer.experts.29.down_proj,38,Linear,routed_expert,4988928
backbone.layers.38.mixer.experts.29.act_fn,38,ReLUSquaredActivation,routed_expert,0
backbone.layers.38.mixer.experts.30,38,NemotronHMLP,routed_expert,0
backbone.layers.38.mixer.experts.30.up_proj,38,Linear,routed_expert,4988928
backbone.layers.38.mixer.experts.30.down_proj,38,Linear,routed_expert,4988928
backbone.layers.38.mixer.experts.30.act_fn,38,ReLUSquaredActivation,routed_expert,0
backbone.layers.38.mixer.experts.31,38,NemotronHMLP,routed_expert,0
backbone.layers.38.mixer.experts.31.up_proj,38,Linear,routed_expert,4988928
backbone.layers.38.mixer.experts.31.down_proj,38,Linear,routed_expert,4988928
backbone.layers.38.mixer.experts.31.act_fn,38,ReLUSquaredActivation,routed_expert,0
backbone.layers.38.mixer.experts.32,38,NemotronHMLP,routed_expert,0
backbone.layers.38.mixer.experts.32.up_proj,38,Linear,routed_expert,4988928
backbone.layers.38.mixer.experts.32.down_proj,38,Linear,routed_expert,4988928
backbone.layers.38.mixer.experts.32.act_fn,38,ReLUSquaredActivation,routed_expert,0
backbone.layers.38.mixer.experts.33,38,NemotronHMLP,routed_expert,0
backbone.layers.38.mixer.experts.33.up_proj,38,Linear,routed_expert,4988928
backbone.layers.38.mixer.experts.33.down_proj,38,Linear,routed_expert,4988928
backbone.layers.38.mixer.experts.33.act_fn,38,ReLUSquaredActivation,routed_expert,0
backbone.layers.38.mixer.experts.34,38,NemotronHMLP,routed_expert,0
backbone.layers.38.mixer.experts.34.up_proj,38,Linear,routed_expert,4988928
backbone.layers.38.mixer.experts.34.down_proj,38,Linear,routed_expert,4988928
backbone.layers.38.mixer.experts.34.act_fn,38,ReLUSquaredActivation,routed_expert,0
backbone.layers.38.mixer.experts.35,38,NemotronHMLP,routed_expert,0
backbone.layers.38.mixer.experts.35.up_proj,38,Linear,routed_expert,4988928
backbone.layers.38.mixer.experts.35.down_proj,38,Linear,routed_expert,4988928
backbone.layers.38.mixer.experts.35.act_fn,38,ReLUSquaredActivation,routed_expert,0
backbone.layers.38.mixer.experts.36,38,NemotronHMLP,routed_expert,0
backbone.layers.38.mixer.experts.36.up_proj,38,Linear,routed_expert,4988928
backbone.layers.38.mixer.experts.36.down_proj,38,Linear,routed_expert,4988928
backbone.layers.38.mixer.experts.36.act_fn,38,ReLUSquaredActivation,routed_expert,0
backbone.layers.38.mixer.experts.37,38,NemotronHMLP,routed_expert,0
backbone.layers.38.mixer.experts.37.up_proj,38,Linear,routed_expert,4988928
backbone.layers.38.mixer.experts.37.down_proj,38,Linear,routed_expert,4988928
backbone.layers.38.mixer.experts.37.act_fn,38,ReLUSquaredActivation,routed_expert,0
backbone.layers.38.mixer.experts.38,38,NemotronHMLP,routed_expert,0
backbone.layers.38.mixer.experts.38.up_proj,38,Linear,routed_expert,4988928
backbone.layers.38.mixer.experts.38.down_proj,38,Linear,routed_expert,4988928
backbone.layers.38.mixer.experts.38.act_fn,38,ReLUSquaredActivation,routed_expert,0
backbone.layers.38.mixer.experts.39,38,NemotronHMLP,routed_expert,0
backbone.layers.38.mixer.experts.39.up_proj,38,Linear,routed_expert,4988928
backbone.layers.38.mixer.experts.39.down_proj,38,Linear,routed_expert,4988928
backbone.layers.38.mixer.experts.39.act_fn,38,ReLUSquaredActivation,routed_expert,0
backbone.layers.38.mixer.experts.40,38,NemotronHMLP,routed_expert,0
backbone.layers.38.mixer.experts.40.up_proj,38,Linear,routed_expert,4988928
backbone.layers.38.mixer.experts.40.down_proj,38,Linear,routed_expert,4988928
backbone.layers.38.mixer.experts.40.act_fn,38,ReLUSquaredActivation,routed_expert,0
backbone.layers.38.mixer.experts.41,38,NemotronHMLP,routed_expert,0
backbone.layers.38.mixer.experts.41.up_proj,38,Linear,routed_expert,4988928
backbone.layers.38.mixer.experts.41.down_proj,38,Linear,routed_expert,4988928
backbone.layers.38.mixer.experts.41.act_fn,38,ReLUSquaredActivation,routed_expert,0
backbone.layers.38.mixer.experts.42,38,NemotronHMLP,routed_expert,0
backbone.layers.38.mixer.experts.42.up_proj,38,Linear,routed_expert,4988928
backbone.layers.38.mixer.experts.42.down_proj,38,Linear,routed_expert,4988928
backbone.layers.38.mixer.experts.42.act_fn,38,ReLUSquaredActivation,routed_expert,0
backbone.layers.38.mixer.experts.43,38,NemotronHMLP,routed_expert,0
backbone.layers.38.mixer.experts.43.up_proj,38,Linear,routed_expert,4988928
backbone.layers.38.mixer.experts.43.down_proj,38,Linear,routed_expert,4988928
backbone.layers.38.mixer.experts.43.act_fn,38,ReLUSquaredActivation,routed_expert,0
backbone.layers.38.mixer.experts.44,38,NemotronHMLP,routed_expert,0
backbone.layers.38.mixer.experts.44.up_proj,38,Linear,routed_expert,4988928
backbone.layers.38.mixer.experts.44.down_proj,38,Linear,routed_expert,4988928
backbone.layers.38.mixer.experts.44.act_fn,38,ReLUSquaredActivation,routed_expert,0
backbone.layers.38.mixer.experts.45,38,NemotronHMLP,routed_expert,0
backbone.layers.38.mixer.experts.45.up_proj,38,Linear,routed_expert,4988928
backbone.layers.38.mixer.experts.45.down_proj,38,Linear,routed_expert,4988928
backbone.layers.38.mixer.experts.45.act_fn,38,ReLUSquaredActivation,routed_expert,0
backbone.layers.38.mixer.experts.46,38,NemotronHMLP,routed_expert,0
backbone.layers.38.mixer.experts.46.up_proj,38,Linear,routed_expert,4988928
backbone.layers.38.mixer.experts.46.down_proj,38,Linear,routed_expert,4988928
backbone.layers.38.mixer.experts.46.act_fn,38,ReLUSquaredActivation,routed_expert,0
backbone.layers.38.mixer.experts.47,38,NemotronHMLP,routed_expert,0
backbone.layers.38.mixer.experts.47.up_proj,38,Linear,routed_expert,4988928
backbone.layers.38.mixer.experts.47.down_proj,38,Linear,routed_expert,4988928
backbone.layers.38.mixer.experts.47.act_fn,38,ReLUSquaredActivation,routed_expert,0
backbone.layers.38.mixer.experts.48,38,NemotronHMLP,routed_expert,0
backbone.layers.38.mixer.experts.48.up_proj,38,Linear,routed_expert,4988928
backbone.layers.38.mixer.experts.48.down_proj,38,Linear,routed_expert,4988928
backbone.layers.38.mixer.experts.48.act_fn,38,ReLUSquaredActivation,routed_expert,0
backbone.layers.38.mixer.experts.49,38,NemotronHMLP,routed_expert,0
backbone.layers.38.mixer.experts.49.up_proj,38,Linear,routed_expert,4988928
backbone.layers.38.mixer.experts.49.down_proj,38,Linear,routed_expert,4988928
backbone.layers.38.mixer.experts.49.act_fn,38,ReLUSquaredActivation,routed_expert,0
backbone.layers.38.mixer.experts.50,38,NemotronHMLP,routed_expert,0
backbone.layers.38.mixer.experts.50.up_proj,38,Linear,routed_expert,4988928
backbone.layers.38.mixer.experts.50.down_proj,38,Linear,routed_expert,4988928
backbone.layers.38.mixer.experts.50.act_fn,38,ReLUSquaredActivation,routed_expert,0
backbone.layers.38.mixer.experts.51,38,NemotronHMLP,routed_expert,0
backbone.layers.38.mixer.experts.51.up_proj,38,Linear,routed_expert,4988928
backbone.layers.38.mixer.experts.51.down_proj,38,Linear,routed_expert,4988928
backbone.layers.38.mixer.experts.51.act_fn,38,ReLUSquaredActivation,routed_expert,0
backbone.layers.38.mixer.experts.52,38,NemotronHMLP,routed_expert,0
backbone.layers.38.mixer.experts.52.up_proj,38,Linear,routed_expert,4988928
backbone.layers.38.mixer.experts.52.down_proj,38,Linear,routed_expert,4988928
backbone.layers.38.mixer.experts.52.act_fn,38,ReLUSquaredActivation,routed_expert,0
backbone.layers.38.mixer.experts.53,38,NemotronHMLP,routed_expert,0
backbone.layers.38.mixer.experts.53.up_proj,38,Linear,routed_expert,4988928
backbone.layers.38.mixer.experts.53.down_proj,38,Linear,routed_expert,4988928
backbone.layers.38.mixer.experts.53.act_fn,38,ReLUSquaredActivation,routed_expert,0
backbone.layers.38.mixer.experts.54,38,NemotronHMLP,routed_expert,0
backbone.layers.38.mixer.experts.54.up_proj,38,Linear,routed_expert,4988928
backbone.layers.38.mixer.experts.54.down_proj,38,Linear,routed_expert,4988928
backbone.layers.38.mixer.experts.54.act_fn,38,ReLUSquaredActivation,routed_expert,0
backbone.layers.38.mixer.experts.55,38,NemotronHMLP,routed_expert,0
backbone.layers.38.mixer.experts.55.up_proj,38,Linear,routed_expert,4988928
backbone.layers.38.mixer.experts.55.down_proj,38,Linear,routed_expert,4988928
backbone.layers.38.mixer.experts.55.act_fn,38,ReLUSquaredActivation,routed_expert,0
backbone.layers.38.mixer.experts.56,38,NemotronHMLP,routed_expert,0
backbone.layers.38.mixer.experts.56.up_proj,38,Linear,routed_expert,4988928
backbone.layers.38.mixer.experts.56.down_proj,38,Linear,routed_expert,4988928
backbone.layers.38.mixer.experts.56.act_fn,38,ReLUSquaredActivation,routed_expert,0
backbone.layers.38.mixer.experts.57,38,NemotronHMLP,routed_expert,0
backbone.layers.38.mixer.experts.57.up_proj,38,Linear,routed_expert,4988928
backbone.layers.38.mixer.experts.57.down_proj,38,Linear,routed_expert,4988928
backbone.layers.38.mixer.experts.57.act_fn,38,ReLUSquaredActivation,routed_expert,0
backbone.layers.38.mixer.experts.58,38,NemotronHMLP,routed_expert,0
backbone.layers.38.mixer.experts.58.up_proj,38,Linear,routed_expert,4988928
backbone.layers.38.mixer.experts.58.down_proj,38,Linear,routed_expert,4988928
backbone.layers.38.mixer.experts.58.act_fn,38,ReLUSquaredActivation,routed_expert,0
backbone.layers.38.mixer.experts.59,38,NemotronHMLP,routed_expert,0
backbone.layers.38.mixer.experts.59.up_proj,38,Linear,routed_expert,4988928
backbone.layers.38.mixer.experts.59.down_proj,38,Linear,routed_expert,4988928
backbone.layers.38.mixer.experts.59.act_fn,38,ReLUSquaredActivation,routed_expert,0
backbone.layers.38.mixer.experts.60,38,NemotronHMLP,routed_expert,0
backbone.layers.38.mixer.experts.60.up_proj,38,Linear,routed_expert,4988928
backbone.layers.38.mixer.experts.60.down_proj,38,Linear,routed_expert,4988928
backbone.layers.38.mixer.experts.60.act_fn,38,ReLUSquaredActivation,routed_expert,0
backbone.layers.38.mixer.experts.61,38,NemotronHMLP,routed_expert,0
backbone.layers.38.mixer.experts.61.up_proj,38,Linear,routed_expert,4988928
backbone.layers.38.mixer.experts.61.down_proj,38,Linear,routed_expert,4988928
backbone.layers.38.mixer.experts.61.act_fn,38,ReLUSquaredActivation,routed_expert,0
backbone.layers.38.mixer.experts.62,38,NemotronHMLP,routed_expert,0
backbone.layers.38.mixer.experts.62.up_proj,38,Linear,routed_expert,4988928
backbone.layers.38.mixer.experts.62.down_proj,38,Linear,routed_expert,4988928
backbone.layers.38.mixer.experts.62.act_fn,38,ReLUSquaredActivation,routed_expert,0
backbone.layers.38.mixer.experts.63,38,NemotronHMLP,routed_expert,0
backbone.layers.38.mixer.experts.63.up_proj,38,Linear,routed_expert,4988928
backbone.layers.38.mixer.experts.63.down_proj,38,Linear,routed_expert,4988928
backbone.layers.38.mixer.experts.63.act_fn,38,ReLUSquaredActivation,routed_expert,0
backbone.layers.38.mixer.experts.64,38,NemotronHMLP,routed_expert,0
backbone.layers.38.mixer.experts.64.up_proj,38,Linear,routed_expert,4988928
backbone.layers.38.mixer.experts.64.down_proj,38,Linear,routed_expert,4988928
backbone.layers.38.mixer.experts.64.act_fn,38,ReLUSquaredActivation,routed_expert,0
backbone.layers.38.mixer.experts.65,38,NemotronHMLP,routed_expert,0
backbone.layers.38.mixer.experts.65.up_proj,38,Linear,routed_expert,4988928
backbone.layers.38.mixer.experts.65.down_proj,38,Linear,routed_expert,4988928
backbone.layers.38.mixer.experts.65.act_fn,38,ReLUSquaredActivation,routed_expert,0
backbone.layers.38.mixer.experts.66,38,NemotronHMLP,routed_expert,0
backbone.layers.38.mixer.experts.66.up_proj,38,Linear,routed_expert,4988928
backbone.layers.38.mixer.experts.66.down_proj,38,Linear,routed_expert,4988928
backbone.layers.38.mixer.experts.66.act_fn,38,ReLUSquaredActivation,routed_expert,0
backbone.layers.38.mixer.experts.67,38,NemotronHMLP,routed_expert,0
backbone.layers.38.mixer.experts.67.up_proj,38,Linear,routed_expert,4988928
backbone.layers.38.mixer.experts.67.down_proj,38,Linear,routed_expert,4988928
backbone.layers.38.mixer.experts.67.act_fn,38,ReLUSquaredActivation,routed_expert,0
backbone.layers.38.mixer.experts.68,38,NemotronHMLP,routed_expert,0
backbone.layers.38.mixer.experts.68.up_proj,38,Linear,routed_expert,4988928
backbone.layers.38.mixer.experts.68.down_proj,38,Linear,routed_expert,4988928
backbone.layers.38.mixer.experts.68.act_fn,38,ReLUSquaredActivation,routed_expert,0
backbone.layers.38.mixer.experts.69,38,NemotronHMLP,routed_expert,0
backbone.layers.38.mixer.experts.69.up_proj,38,Linear,routed_expert,4988928
backbone.layers.38.mixer.experts.69.down_proj,38,Linear,routed_expert,4988928
backbone.layers.38.mixer.experts.69.act_fn,38,ReLUSquaredActivation,routed_expert,0
backbone.layers.38.mixer.experts.70,38,NemotronHMLP,routed_expert,0
backbone.layers.38.mixer.experts.70.up_proj,38,Linear,routed_expert,4988928
backbone.layers.38.mixer.experts.70.down_proj,38,Linear,routed_expert,4988928
backbone.layers.38.mixer.experts.70.act_fn,38,ReLUSquaredActivation,routed_expert,0
backbone.layers.38.mixer.experts.71,38,NemotronHMLP,routed_expert,0
backbone.layers.38.mixer.experts.71.up_proj,38,Linear,routed_expert,4988928
backbone.layers.38.mixer.experts.71.down_proj,38,Linear,routed_expert,4988928
backbone.layers.38.mixer.experts.71.act_fn,38,ReLUSquaredActivation,routed_expert,0
backbone.layers.38.mixer.experts.72,38,NemotronHMLP,routed_expert,0
backbone.layers.38.mixer.experts.72.up_proj,38,Linear,routed_expert,4988928
backbone.layers.38.mixer.experts.72.down_proj,38,Linear,routed_expert,4988928
backbone.layers.38.mixer.experts.72.act_fn,38,ReLUSquaredActivation,routed_expert,0
backbone.layers.38.mixer.experts.73,38,NemotronHMLP,routed_expert,0
backbone.layers.38.mixer.experts.73.up_proj,38,Linear,routed_expert,4988928
backbone.layers.38.mixer.experts.73.down_proj,38,Linear,routed_expert,4988928
backbone.layers.38.mixer.experts.73.act_fn,38,ReLUSquaredActivation,routed_expert,0
backbone.layers.38.mixer.experts.74,38,NemotronHMLP,routed_expert,0
backbone.layers.38.mixer.experts.74.up_proj,38,Linear,routed_expert,4988928
backbone.layers.38.mixer.experts.74.down_proj,38,Linear,routed_expert,4988928
backbone.layers.38.mixer.experts.74.act_fn,38,ReLUSquaredActivation,routed_expert,0
backbone.layers.38.mixer.experts.75,38,NemotronHMLP,routed_expert,0
backbone.layers.38.mixer.experts.75.up_proj,38,Linear,routed_expert,4988928
backbone.layers.38.mixer.experts.75.down_proj,38,Linear,routed_expert,4988928
backbone.layers.38.mixer.experts.75.act_fn,38,ReLUSquaredActivation,routed_expert,0
backbone.layers.38.mixer.experts.76,38,NemotronHMLP,routed_expert,0
backbone.layers.38.mixer.experts.76.up_proj,38,Linear,routed_expert,4988928
backbone.layers.38.mixer.experts.76.down_proj,38,Linear,routed_expert,4988928
backbone.layers.38.mixer.experts.76.act_fn,38,ReLUSquaredActivation,routed_expert,0
backbone.layers.38.mixer.experts.77,38,NemotronHMLP,routed_expert,0
backbone.layers.38.mixer.experts.77.up_proj,38,Linear,routed_expert,4988928
backbone.layers.38.mixer.experts.77.down_proj,38,Linear,routed_expert,4988928
backbone.layers.38.mixer.experts.77.act_fn,38,ReLUSquaredActivation,routed_expert,0
backbone.layers.38.mixer.experts.78,38,NemotronHMLP,routed_expert,0
backbone.layers.38.mixer.experts.78.up_proj,38,Linear,routed_expert,4988928
backbone.layers.38.mixer.experts.78.down_proj,38,Linear,routed_expert,4988928
backbone.layers.38.mixer.experts.78.act_fn,38,ReLUSquaredActivation,routed_expert,0
backbone.layers.38.mixer.experts.79,38,NemotronHMLP,routed_expert,0
backbone.layers.38.mixer.experts.79.up_proj,38,Linear,routed_expert,4988928
backbone.layers.38.mixer.experts.79.down_proj,38,Linear,routed_expert,4988928
backbone.layers.38.mixer.experts.79.act_fn,38,ReLUSquaredActivation,routed_expert,0
backbone.layers.38.mixer.experts.80,38,NemotronHMLP,routed_expert,0
backbone.layers.38.mixer.experts.80.up_proj,38,Linear,routed_expert,4988928
backbone.layers.38.mixer.experts.80.down_proj,38,Linear,routed_expert,4988928
backbone.layers.38.mixer.experts.80.act_fn,38,ReLUSquaredActivation,routed_expert,0
backbone.layers.38.mixer.experts.81,38,NemotronHMLP,routed_expert,0
backbone.layers.38.mixer.experts.81.up_proj,38,Linear,routed_expert,4988928
backbone.layers.38.mixer.experts.81.down_proj,38,Linear,routed_expert,4988928
backbone.layers.38.mixer.experts.81.act_fn,38,ReLUSquaredActivation,routed_expert,0
backbone.layers.38.mixer.experts.82,38,NemotronHMLP,routed_expert,0
backbone.layers.38.mixer.experts.82.up_proj,38,Linear,routed_expert,4988928
backbone.layers.38.mixer.experts.82.down_proj,38,Linear,routed_expert,4988928
backbone.layers.38.mixer.experts.82.act_fn,38,ReLUSquaredActivation,routed_expert,0
backbone.layers.38.mixer.experts.83,38,NemotronHMLP,routed_expert,0
backbone.layers.38.mixer.experts.83.up_proj,38,Linear,routed_expert,4988928
backbone.layers.38.mixer.experts.83.down_proj,38,Linear,routed_expert,4988928
backbone.layers.38.mixer.experts.83.act_fn,38,ReLUSquaredActivation,routed_expert,0
backbone.layers.38.mixer.experts.84,38,NemotronHMLP,routed_expert,0
backbone.layers.38.mixer.experts.84.up_proj,38,Linear,routed_expert,4988928
backbone.layers.38.mixer.experts.84.down_proj,38,Linear,routed_expert,4988928
backbone.layers.38.mixer.experts.84.act_fn,38,ReLUSquaredActivation,routed_expert,0
backbone.layers.38.mixer.experts.85,38,NemotronHMLP,routed_expert,0
backbone.layers.38.mixer.experts.85.up_proj,38,Linear,routed_expert,4988928
backbone.layers.38.mixer.experts.85.down_proj,38,Linear,routed_expert,4988928
backbone.layers.38.mixer.experts.85.act_fn,38,ReLUSquaredActivation,routed_expert,0
backbone.layers.38.mixer.experts.86,38,NemotronHMLP,routed_expert,0
backbone.layers.38.mixer.experts.86.up_proj,38,Linear,routed_expert,4988928
backbone.layers.38.mixer.experts.86.down_proj,38,Linear,routed_expert,4988928
backbone.layers.38.mixer.experts.86.act_fn,38,ReLUSquaredActivation,routed_expert,0
backbone.layers.38.mixer.experts.87,38,NemotronHMLP,routed_expert,0
backbone.layers.38.mixer.experts.87.up_proj,38,Linear,routed_expert,4988928
backbone.layers.38.mixer.experts.87.down_proj,38,Linear,routed_expert,4988928
backbone.layers.38.mixer.experts.87.act_fn,38,ReLUSquaredActivation,routed_expert,0
backbone.layers.38.mixer.experts.88,38,NemotronHMLP,routed_expert,0
backbone.layers.38.mixer.experts.88.up_proj,38,Linear,routed_expert,4988928
backbone.layers.38.mixer.experts.88.down_proj,38,Linear,routed_expert,4988928
backbone.layers.38.mixer.experts.88.act_fn,38,ReLUSquaredActivation,routed_expert,0
backbone.layers.38.mixer.experts.89,38,NemotronHMLP,routed_expert,0
backbone.layers.38.mixer.experts.89.up_proj,38,Linear,routed_expert,4988928
backbone.layers.38.mixer.experts.89.down_proj,38,Linear,routed_expert,4988928
backbone.layers.38.mixer.experts.89.act_fn,38,ReLUSquaredActivation,routed_expert,0
backbone.layers.38.mixer.experts.90,38,NemotronHMLP,routed_expert,0
backbone.layers.38.mixer.experts.90.up_proj,38,Linear,routed_expert,4988928
backbone.layers.38.mixer.experts.90.down_proj,38,Linear,routed_expert,4988928
backbone.layers.38.mixer.experts.90.act_fn,38,ReLUSquaredActivation,routed_expert,0
backbone.layers.38.mixer.experts.91,38,NemotronHMLP,routed_expert,0
backbone.layers.38.mixer.experts.91.up_proj,38,Linear,routed_expert,4988928
backbone.layers.38.mixer.experts.91.down_proj,38,Linear,routed_expert,4988928
backbone.layers.38.mixer.experts.91.act_fn,38,ReLUSquaredActivation,routed_expert,0
backbone.layers.38.mixer.experts.92,38,NemotronHMLP,routed_expert,0
backbone.layers.38.mixer.experts.92.up_proj,38,Linear,routed_expert,4988928
backbone.layers.38.mixer.experts.92.down_proj,38,Linear,routed_expert,4988928
backbone.layers.38.mixer.experts.92.act_fn,38,ReLUSquaredActivation,routed_expert,0
backbone.layers.38.mixer.experts.93,38,NemotronHMLP,routed_expert,0
backbone.layers.38.mixer.experts.93.up_proj,38,Linear,routed_expert,4988928
backbone.layers.38.mixer.experts.93.down_proj,38,Linear,routed_expert,4988928
backbone.layers.38.mixer.experts.93.act_fn,38,ReLUSquaredActivation,routed_expert,0
backbone.layers.38.mixer.experts.94,38,NemotronHMLP,routed_expert,0
backbone.layers.38.mixer.experts.94.up_proj,38,Linear,routed_expert,4988928
backbone.layers.38.mixer.experts.94.down_proj,38,Linear,routed_expert,4988928
backbone.layers.38.mixer.experts.94.act_fn,38,ReLUSquaredActivation,routed_expert,0
backbone.layers.38.mixer.experts.95,38,NemotronHMLP,routed_expert,0
backbone.layers.38.mixer.experts.95.up_proj,38,Linear,routed_expert,4988928
backbone.layers.38.mixer.experts.95.down_proj,38,Linear,routed_expert,4988928
backbone.layers.38.mixer.experts.95.act_fn,38,ReLUSquaredActivation,routed_expert,0
backbone.layers.38.mixer.experts.96,38,NemotronHMLP,routed_expert,0
backbone.layers.38.mixer.experts.96.up_proj,38,Linear,routed_expert,4988928
backbone.layers.38.mixer.experts.96.down_proj,38,Linear,routed_expert,4988928
backbone.layers.38.mixer.experts.96.act_fn,38,ReLUSquaredActivation,routed_expert,0
backbone.layers.38.mixer.experts.97,38,NemotronHMLP,routed_expert,0
backbone.layers.38.mixer.experts.97.up_proj,38,Linear,routed_expert,4988928
backbone.layers.38.mixer.experts.97.down_proj,38,Linear,routed_expert,4988928
backbone.layers.38.mixer.experts.97.act_fn,38,ReLUSquaredActivation,routed_expert,0
backbone.layers.38.mixer.experts.98,38,NemotronHMLP,routed_expert,0
backbone.layers.38.mixer.experts.98.up_proj,38,Linear,routed_expert,4988928
backbone.layers.38.mixer.experts.98.down_proj,38,Linear,routed_expert,4988928
backbone.layers.38.mixer.experts.98.act_fn,38,ReLUSquaredActivation,routed_expert,0
backbone.layers.38.mixer.experts.99,38,NemotronHMLP,routed_expert,0
backbone.layers.38.mixer.experts.99.up_proj,38,Linear,routed_expert,4988928
backbone.layers.38.mixer.experts.99.down_proj,38,Linear,routed_expert,4988928
backbone.layers.38.mixer.experts.99.act_fn,38,ReLUSquaredActivation,routed_expert,0
backbone.layers.38.mixer.experts.100,38,NemotronHMLP,routed_expert,0
backbone.layers.38.mixer.experts.100.up_proj,38,Linear,routed_expert,4988928
backbone.layers.38.mixer.experts.100.down_proj,38,Linear,routed_expert,4988928
backbone.layers.38.mixer.experts.100.act_fn,38,ReLUSquaredActivation,routed_expert,0
backbone.layers.38.mixer.experts.101,38,NemotronHMLP,routed_expert,0
backbone.layers.38.mixer.experts.101.up_proj,38,Linear,routed_expert,4988928
backbone.layers.38.mixer.experts.101.down_proj,38,Linear,routed_expert,4988928
backbone.layers.38.mixer.experts.101.act_fn,38,ReLUSquaredActivation,routed_expert,0
backbone.layers.38.mixer.experts.102,38,NemotronHMLP,routed_expert,0
backbone.layers.38.mixer.experts.102.up_proj,38,Linear,routed_expert,4988928
backbone.layers.38.mixer.experts.102.down_proj,38,Linear,routed_expert,4988928
backbone.layers.38.mixer.experts.102.act_fn,38,ReLUSquaredActivation,routed_expert,0
backbone.layers.38.mixer.experts.103,38,NemotronHMLP,routed_expert,0
backbone.layers.38.mixer.experts.103.up_proj,38,Linear,routed_expert,4988928
backbone.layers.38.mixer.experts.103.down_proj,38,Linear,routed_expert,4988928
backbone.layers.38.mixer.experts.103.act_fn,38,ReLUSquaredActivation,routed_expert,0
backbone.layers.38.mixer.experts.104,38,NemotronHMLP,routed_expert,0
backbone.layers.38.mixer.experts.104.up_proj,38,Linear,routed_expert,4988928
backbone.layers.38.mixer.experts.104.down_proj,38,Linear,routed_expert,4988928
backbone.layers.38.mixer.experts.104.act_fn,38,ReLUSquaredActivation,routed_expert,0
backbone.layers.38.mixer.experts.105,38,NemotronHMLP,routed_expert,0
backbone.layers.38.mixer.experts.105.up_proj,38,Linear,routed_expert,4988928
backbone.layers.38.mixer.experts.105.down_proj,38,Linear,routed_expert,4988928
backbone.layers.38.mixer.experts.105.act_fn,38,ReLUSquaredActivation,routed_expert,0
backbone.layers.38.mixer.experts.106,38,NemotronHMLP,routed_expert,0
backbone.layers.38.mixer.experts.106.up_proj,38,Linear,routed_expert,4988928
backbone.layers.38.mixer.experts.106.down_proj,38,Linear,routed_expert,4988928
backbone.layers.38.mixer.experts.106.act_fn,38,ReLUSquaredActivation,routed_expert,0
backbone.layers.38.mixer.experts.107,38,NemotronHMLP,routed_expert,0
backbone.layers.38.mixer.experts.107.up_proj,38,Linear,routed_expert,4988928
backbone.layers.38.mixer.experts.107.down_proj,38,Linear,routed_expert,4988928
backbone.layers.38.mixer.experts.107.act_fn,38,ReLUSquaredActivation,routed_expert,0
backbone.layers.38.mixer.experts.108,38,NemotronHMLP,routed_expert,0
backbone.layers.38.mixer.experts.108.up_proj,38,Linear,routed_expert,4988928
backbone.layers.38.mixer.experts.108.down_proj,38,Linear,routed_expert,4988928
backbone.layers.38.mixer.experts.108.act_fn,38,ReLUSquaredActivation,routed_expert,0
backbone.layers.38.mixer.experts.109,38,NemotronHMLP,routed_expert,0
backbone.layers.38.mixer.experts.109.up_proj,38,Linear,routed_expert,4988928
backbone.layers.38.mixer.experts.109.down_proj,38,Linear,routed_expert,4988928
backbone.layers.38.mixer.experts.109.act_fn,38,ReLUSquaredActivation,routed_expert,0
backbone.layers.38.mixer.experts.110,38,NemotronHMLP,routed_expert,0
backbone.layers.38.mixer.experts.110.up_proj,38,Linear,routed_expert,4988928
backbone.layers.38.mixer.experts.110.down_proj,38,Linear,routed_expert,4988928
backbone.layers.38.mixer.experts.110.act_fn,38,ReLUSquaredActivation,routed_expert,0
backbone.layers.38.mixer.experts.111,38,NemotronHMLP,routed_expert,0
backbone.layers.38.mixer.experts.111.up_proj,38,Linear,routed_expert,4988928
backbone.layers.38.mixer.experts.111.down_proj,38,Linear,routed_expert,4988928
backbone.layers.38.mixer.experts.111.act_fn,38,ReLUSquaredActivation,routed_expert,0
backbone.layers.38.mixer.experts.112,38,NemotronHMLP,routed_expert,0
backbone.layers.38.mixer.experts.112.up_proj,38,Linear,routed_expert,4988928
backbone.layers.38.mixer.experts.112.down_proj,38,Linear,routed_expert,4988928
backbone.layers.38.mixer.experts.112.act_fn,38,ReLUSquaredActivation,routed_expert,0
backbone.layers.38.mixer.experts.113,38,NemotronHMLP,routed_expert,0
backbone.layers.38.mixer.experts.113.up_proj,38,Linear,routed_expert,4988928
backbone.layers.38.mixer.experts.113.down_proj,38,Linear,routed_expert,4988928
backbone.layers.38.mixer.experts.113.act_fn,38,ReLUSquaredActivation,routed_expert,0
backbone.layers.38.mixer.experts.114,38,NemotronHMLP,routed_expert,0
backbone.layers.38.mixer.experts.114.up_proj,38,Linear,routed_expert,4988928
backbone.layers.38.mixer.experts.114.down_proj,38,Linear,routed_expert,4988928
backbone.layers.38.mixer.experts.114.act_fn,38,ReLUSquaredActivation,routed_expert,0
backbone.layers.38.mixer.experts.115,38,NemotronHMLP,routed_expert,0
backbone.layers.38.mixer.experts.115.up_proj,38,Linear,routed_expert,4988928
backbone.layers.38.mixer.experts.115.down_proj,38,Linear,routed_expert,4988928
backbone.layers.38.mixer.experts.115.act_fn,38,ReLUSquaredActivation,routed_expert,0
backbone.layers.38.mixer.experts.116,38,NemotronHMLP,routed_expert,0
backbone.layers.38.mixer.experts.116.up_proj,38,Linear,routed_expert,4988928
backbone.layers.38.mixer.experts.116.down_proj,38,Linear,routed_expert,4988928
backbone.layers.38.mixer.experts.116.act_fn,38,ReLUSquaredActivation,routed_expert,0
backbone.layers.38.mixer.experts.117,38,NemotronHMLP,routed_expert,0
backbone.layers.38.mixer.experts.117.up_proj,38,Linear,routed_expert,4988928
backbone.layers.38.mixer.experts.117.down_proj,38,Linear,routed_expert,4988928
backbone.layers.38.mixer.experts.117.act_fn,38,ReLUSquaredActivation,routed_expert,0
backbone.layers.38.mixer.experts.118,38,NemotronHMLP,routed_expert,0
backbone.layers.38.mixer.experts.118.up_proj,38,Linear,routed_expert,4988928
backbone.layers.38.mixer.experts.118.down_proj,38,Linear,routed_expert,4988928
backbone.layers.38.mixer.experts.118.act_fn,38,ReLUSquaredActivation,routed_expert,0
backbone.layers.38.mixer.experts.119,38,NemotronHMLP,routed_expert,0
backbone.layers.38.mixer.experts.119.up_proj,38,Linear,routed_expert,4988928
backbone.layers.38.mixer.experts.119.down_proj,38,Linear,routed_expert,4988928
backbone.layers.38.mixer.experts.119.act_fn,38,ReLUSquaredActivation,routed_expert,0
backbone.layers.38.mixer.experts.120,38,NemotronHMLP,routed_expert,0
backbone.layers.38.mixer.experts.120.up_proj,38,Linear,routed_expert,4988928
backbone.layers.38.mixer.experts.120.down_proj,38,Linear,routed_expert,4988928
backbone.layers.38.mixer.experts.120.act_fn,38,ReLUSquaredActivation,routed_expert,0
backbone.layers.38.mixer.experts.121,38,NemotronHMLP,routed_expert,0
backbone.layers.38.mixer.experts.121.up_proj,38,Linear,routed_expert,4988928
backbone.layers.38.mixer.experts.121.down_proj,38,Linear,routed_expert,4988928
backbone.layers.38.mixer.experts.121.act_fn,38,ReLUSquaredActivation,routed_expert,0
backbone.layers.38.mixer.experts.122,38,NemotronHMLP,routed_expert,0
backbone.layers.38.mixer.experts.122.up_proj,38,Linear,routed_expert,4988928
backbone.layers.38.mixer.experts.122.down_proj,38,Linear,routed_expert,4988928
backbone.layers.38.mixer.experts.122.act_fn,38,ReLUSquaredActivation,routed_expert,0
backbone.layers.38.mixer.experts.123,38,NemotronHMLP,routed_expert,0
backbone.layers.38.mixer.experts.123.up_proj,38,Linear,routed_expert,4988928
backbone.layers.38.mixer.experts.123.down_proj,38,Linear,routed_expert,4988928
backbone.layers.38.mixer.experts.123.act_fn,38,ReLUSquaredActivation,routed_expert,0
backbone.layers.38.mixer.experts.124,38,NemotronHMLP,routed_expert,0
backbone.layers.38.mixer.experts.124.up_proj,38,Linear,routed_expert,4988928
backbone.layers.38.mixer.experts.124.down_proj,38,Linear,routed_expert,4988928
backbone.layers.38.mixer.experts.124.act_fn,38,ReLUSquaredActivation,routed_expert,0
backbone.layers.38.mixer.experts.125,38,NemotronHMLP,routed_expert,0
backbone.layers.38.mixer.experts.125.up_proj,38,Linear,routed_expert,4988928
backbone.layers.38.mixer.experts.125.down_proj,38,Linear,routed_expert,4988928
backbone.layers.38.mixer.experts.125.act_fn,38,ReLUSquaredActivation,routed_expert,0
backbone.layers.38.mixer.experts.126,38,NemotronHMLP,routed_expert,0
backbone.layers.38.mixer.experts.126.up_proj,38,Linear,routed_expert,4988928
backbone.layers.38.mixer.experts.126.down_proj,38,Linear,routed_expert,4988928
backbone.layers.38.mixer.experts.126.act_fn,38,ReLUSquaredActivation,routed_expert,0
backbone.layers.38.mixer.experts.127,38,NemotronHMLP,routed_expert,0
backbone.layers.38.mixer.experts.127.up_proj,38,Linear,routed_expert,4988928
backbone.layers.38.mixer.experts.127.down_proj,38,Linear,routed_expert,4988928
backbone.layers.38.mixer.experts.127.act_fn,38,ReLUSquaredActivation,routed_expert,0
backbone.layers.38.mixer.gate,38,NemotronHTopkRouter,router,344064
backbone.layers.38.mixer.shared_experts,38,NemotronHMLP,other,0
backbone.layers.38.mixer.shared_experts.up_proj,38,Linear,shared_expert,9977856
backbone.layers.38.mixer.shared_experts.down_proj,38,Linear,shared_expert,9977856
backbone.layers.38.mixer.shared_experts.act_fn,38,ReLUSquaredActivation,shared_expert,0
backbone.layers.39,39,NemotronHBlock,other,0
backbone.layers.39.norm,39,NemotronHRMSNorm,other,2688
backbone.layers.39.mixer,39,NemotronHMamba2Mixer,mamba,192
backbone.layers.39.mixer.act,39,SiLUActivation,other,0
backbone.layers.39.mixer.conv1d,39,Conv1d,other,30720
backbone.layers.39.mixer.in_proj,39,Linear,mamba_projection,27697152
backbone.layers.39.mixer.norm,39,MambaRMSNormGated,mamba,4096
backbone.layers.39.mixer.out_proj,39,Linear,mamba_projection,11010048
backbone.layers.40,40,NemotronHBlock,other,0
backbone.layers.40.norm,40,NemotronHRMSNorm,other,2688
backbone.layers.40.mixer,40,NemotronHMOE,moe,0
backbone.layers.40.mixer.experts,40,ModuleList,other,0
backbone.layers.40.mixer.experts.0,40,NemotronHMLP,routed_expert,0
backbone.layers.40.mixer.experts.0.up_proj,40,Linear,routed_expert,4988928
backbone.layers.40.mixer.experts.0.down_proj,40,Linear,routed_expert,4988928
backbone.layers.40.mixer.experts.0.act_fn,40,ReLUSquaredActivation,routed_expert,0
backbone.layers.40.mixer.experts.1,40,NemotronHMLP,routed_expert,0
backbone.layers.40.mixer.experts.1.up_proj,40,Linear,routed_expert,4988928
backbone.layers.40.mixer.experts.1.down_proj,40,Linear,routed_expert,4988928
backbone.layers.40.mixer.experts.1.act_fn,40,ReLUSquaredActivation,routed_expert,0
backbone.layers.40.mixer.experts.2,40,NemotronHMLP,routed_expert,0
backbone.layers.40.mixer.experts.2.up_proj,40,Linear,routed_expert,4988928
backbone.layers.40.mixer.experts.2.down_proj,40,Linear,routed_expert,4988928
backbone.layers.40.mixer.experts.2.act_fn,40,ReLUSquaredActivation,routed_expert,0
backbone.layers.40.mixer.experts.3,40,NemotronHMLP,routed_expert,0
backbone.layers.40.mixer.experts.3.up_proj,40,Linear,routed_expert,4988928
backbone.layers.40.mixer.experts.3.down_proj,40,Linear,routed_expert,4988928
backbone.layers.40.mixer.experts.3.act_fn,40,ReLUSquaredActivation,routed_expert,0
backbone.layers.40.mixer.experts.4,40,NemotronHMLP,routed_expert,0
backbone.layers.40.mixer.experts.4.up_proj,40,Linear,routed_expert,4988928
backbone.layers.40.mixer.experts.4.down_proj,40,Linear,routed_expert,4988928
backbone.layers.40.mixer.experts.4.act_fn,40,ReLUSquaredActivation,routed_expert,0
backbone.layers.40.mixer.experts.5,40,NemotronHMLP,routed_expert,0
backbone.layers.40.mixer.experts.5.up_proj,40,Linear,routed_expert,4988928
backbone.layers.40.mixer.experts.5.down_proj,40,Linear,routed_expert,4988928
backbone.layers.40.mixer.experts.5.act_fn,40,ReLUSquaredActivation,routed_expert,0
backbone.layers.40.mixer.experts.6,40,NemotronHMLP,routed_expert,0
backbone.layers.40.mixer.experts.6.up_proj,40,Linear,routed_expert,4988928
backbone.layers.40.mixer.experts.6.down_proj,40,Linear,routed_expert,4988928
backbone.layers.40.mixer.experts.6.act_fn,40,ReLUSquaredActivation,routed_expert,0
backbone.layers.40.mixer.experts.7,40,NemotronHMLP,routed_expert,0
backbone.layers.40.mixer.experts.7.up_proj,40,Linear,routed_expert,4988928
backbone.layers.40.mixer.experts.7.down_proj,40,Linear,routed_expert,4988928
backbone.layers.40.mixer.experts.7.act_fn,40,ReLUSquaredActivation,routed_expert,0
backbone.layers.40.mixer.experts.8,40,NemotronHMLP,routed_expert,0
backbone.layers.40.mixer.experts.8.up_proj,40,Linear,routed_expert,4988928
backbone.layers.40.mixer.experts.8.down_proj,40,Linear,routed_expert,4988928
backbone.layers.40.mixer.experts.8.act_fn,40,ReLUSquaredActivation,routed_expert,0
backbone.layers.40.mixer.experts.9,40,NemotronHMLP,routed_expert,0
backbone.layers.40.mixer.experts.9.up_proj,40,Linear,routed_expert,4988928
backbone.layers.40.mixer.experts.9.down_proj,40,Linear,routed_expert,4988928
backbone.layers.40.mixer.experts.9.act_fn,40,ReLUSquaredActivation,routed_expert,0
backbone.layers.40.mixer.experts.10,40,NemotronHMLP,routed_expert,0
backbone.layers.40.mixer.experts.10.up_proj,40,Linear,routed_expert,4988928
backbone.layers.40.mixer.experts.10.down_proj,40,Linear,routed_expert,4988928
backbone.layers.40.mixer.experts.10.act_fn,40,ReLUSquaredActivation,routed_expert,0
backbone.layers.40.mixer.experts.11,40,NemotronHMLP,routed_expert,0
backbone.layers.40.mixer.experts.11.up_proj,40,Linear,routed_expert,4988928
backbone.layers.40.mixer.experts.11.down_proj,40,Linear,routed_expert,4988928
backbone.layers.40.mixer.experts.11.act_fn,40,ReLUSquaredActivation,routed_expert,0
backbone.layers.40.mixer.experts.12,40,NemotronHMLP,routed_expert,0
backbone.layers.40.mixer.experts.12.up_proj,40,Linear,routed_expert,4988928
backbone.layers.40.mixer.experts.12.down_proj,40,Linear,routed_expert,4988928
backbone.layers.40.mixer.experts.12.act_fn,40,ReLUSquaredActivation,routed_expert,0
backbone.layers.40.mixer.experts.13,40,NemotronHMLP,routed_expert,0
backbone.layers.40.mixer.experts.13.up_proj,40,Linear,routed_expert,4988928
backbone.layers.40.mixer.experts.13.down_proj,40,Linear,routed_expert,4988928
backbone.layers.40.mixer.experts.13.act_fn,40,ReLUSquaredActivation,routed_expert,0
backbone.layers.40.mixer.experts.14,40,NemotronHMLP,routed_expert,0
backbone.layers.40.mixer.experts.14.up_proj,40,Linear,routed_expert,4988928
backbone.layers.40.mixer.experts.14.down_proj,40,Linear,routed_expert,4988928
backbone.layers.40.mixer.experts.14.act_fn,40,ReLUSquaredActivation,routed_expert,0
backbone.layers.40.mixer.experts.15,40,NemotronHMLP,routed_expert,0
backbone.layers.40.mixer.experts.15.up_proj,40,Linear,routed_expert,4988928
backbone.layers.40.mixer.experts.15.down_proj,40,Linear,routed_expert,4988928
backbone.layers.40.mixer.experts.15.act_fn,40,ReLUSquaredActivation,routed_expert,0
backbone.layers.40.mixer.experts.16,40,NemotronHMLP,routed_expert,0
backbone.layers.40.mixer.experts.16.up_proj,40,Linear,routed_expert,4988928
backbone.layers.40.mixer.experts.16.down_proj,40,Linear,routed_expert,4988928
backbone.layers.40.mixer.experts.16.act_fn,40,ReLUSquaredActivation,routed_expert,0
backbone.layers.40.mixer.experts.17,40,NemotronHMLP,routed_expert,0
backbone.layers.40.mixer.experts.17.up_proj,40,Linear,routed_expert,4988928
backbone.layers.40.mixer.experts.17.down_proj,40,Linear,routed_expert,4988928
backbone.layers.40.mixer.experts.17.act_fn,40,ReLUSquaredActivation,routed_expert,0
backbone.layers.40.mixer.experts.18,40,NemotronHMLP,routed_expert,0
backbone.layers.40.mixer.experts.18.up_proj,40,Linear,routed_expert,4988928
backbone.layers.40.mixer.experts.18.down_proj,40,Linear,routed_expert,4988928
backbone.layers.40.mixer.experts.18.act_fn,40,ReLUSquaredActivation,routed_expert,0
backbone.layers.40.mixer.experts.19,40,NemotronHMLP,routed_expert,0
backbone.layers.40.mixer.experts.19.up_proj,40,Linear,routed_expert,4988928
backbone.layers.40.mixer.experts.19.down_proj,40,Linear,routed_expert,4988928
backbone.layers.40.mixer.experts.19.act_fn,40,ReLUSquaredActivation,routed_expert,0
backbone.layers.40.mixer.experts.20,40,NemotronHMLP,routed_expert,0
backbone.layers.40.mixer.experts.20.up_proj,40,Linear,routed_expert,4988928
backbone.layers.40.mixer.experts.20.down_proj,40,Linear,routed_expert,4988928
backbone.layers.40.mixer.experts.20.act_fn,40,ReLUSquaredActivation,routed_expert,0
backbone.layers.40.mixer.experts.21,40,NemotronHMLP,routed_expert,0
backbone.layers.40.mixer.experts.21.up_proj,40,Linear,routed_expert,4988928
backbone.layers.40.mixer.experts.21.down_proj,40,Linear,routed_expert,4988928
backbone.layers.40.mixer.experts.21.act_fn,40,ReLUSquaredActivation,routed_expert,0
backbone.layers.40.mixer.experts.22,40,NemotronHMLP,routed_expert,0
backbone.layers.40.mixer.experts.22.up_proj,40,Linear,routed_expert,4988928
backbone.layers.40.mixer.experts.22.down_proj,40,Linear,routed_expert,4988928
backbone.layers.40.mixer.experts.22.act_fn,40,ReLUSquaredActivation,routed_expert,0
backbone.layers.40.mixer.experts.23,40,NemotronHMLP,routed_expert,0
backbone.layers.40.mixer.experts.23.up_proj,40,Linear,routed_expert,4988928
backbone.layers.40.mixer.experts.23.down_proj,40,Linear,routed_expert,4988928
backbone.layers.40.mixer.experts.23.act_fn,40,ReLUSquaredActivation,routed_expert,0
backbone.layers.40.mixer.experts.24,40,NemotronHMLP,routed_expert,0
backbone.layers.40.mixer.experts.24.up_proj,40,Linear,routed_expert,4988928
backbone.layers.40.mixer.experts.24.down_proj,40,Linear,routed_expert,4988928
backbone.layers.40.mixer.experts.24.act_fn,40,ReLUSquaredActivation,routed_expert,0
backbone.layers.40.mixer.experts.25,40,NemotronHMLP,routed_expert,0
backbone.layers.40.mixer.experts.25.up_proj,40,Linear,routed_expert,4988928
backbone.layers.40.mixer.experts.25.down_proj,40,Linear,routed_expert,4988928
backbone.layers.40.mixer.experts.25.act_fn,40,ReLUSquaredActivation,routed_expert,0
backbone.layers.40.mixer.experts.26,40,NemotronHMLP,routed_expert,0
backbone.layers.40.mixer.experts.26.up_proj,40,Linear,routed_expert,4988928
backbone.layers.40.mixer.experts.26.down_proj,40,Linear,routed_expert,4988928
backbone.layers.40.mixer.experts.26.act_fn,40,ReLUSquaredActivation,routed_expert,0
backbone.layers.40.mixer.experts.27,40,NemotronHMLP,routed_expert,0
backbone.layers.40.mixer.experts.27.up_proj,40,Linear,routed_expert,4988928
backbone.layers.40.mixer.experts.27.down_proj,40,Linear,routed_expert,4988928
backbone.layers.40.mixer.experts.27.act_fn,40,ReLUSquaredActivation,routed_expert,0
backbone.layers.40.mixer.experts.28,40,NemotronHMLP,routed_expert,0
backbone.layers.40.mixer.experts.28.up_proj,40,Linear,routed_expert,4988928
backbone.layers.40.mixer.experts.28.down_proj,40,Linear,routed_expert,4988928
backbone.layers.40.mixer.experts.28.act_fn,40,ReLUSquaredActivation,routed_expert,0
backbone.layers.40.mixer.experts.29,40,NemotronHMLP,routed_expert,0
backbone.layers.40.mixer.experts.29.up_proj,40,Linear,routed_expert,4988928
backbone.layers.40.mixer.experts.29.down_proj,40,Linear,routed_expert,4988928
backbone.layers.40.mixer.experts.29.act_fn,40,ReLUSquaredActivation,routed_expert,0
backbone.layers.40.mixer.experts.30,40,NemotronHMLP,routed_expert,0
backbone.layers.40.mixer.experts.30.up_proj,40,Linear,routed_expert,4988928
backbone.layers.40.mixer.experts.30.down_proj,40,Linear,routed_expert,4988928
backbone.layers.40.mixer.experts.30.act_fn,40,ReLUSquaredActivation,routed_expert,0
backbone.layers.40.mixer.experts.31,40,NemotronHMLP,routed_expert,0
backbone.layers.40.mixer.experts.31.up_proj,40,Linear,routed_expert,4988928
backbone.layers.40.mixer.experts.31.down_proj,40,Linear,routed_expert,4988928
backbone.layers.40.mixer.experts.31.act_fn,40,ReLUSquaredActivation,routed_expert,0
backbone.layers.40.mixer.experts.32,40,NemotronHMLP,routed_expert,0
backbone.layers.40.mixer.experts.32.up_proj,40,Linear,routed_expert,4988928
backbone.layers.40.mixer.experts.32.down_proj,40,Linear,routed_expert,4988928
backbone.layers.40.mixer.experts.32.act_fn,40,ReLUSquaredActivation,routed_expert,0
backbone.layers.40.mixer.experts.33,40,NemotronHMLP,routed_expert,0
backbone.layers.40.mixer.experts.33.up_proj,40,Linear,routed_expert,4988928
backbone.layers.40.mixer.experts.33.down_proj,40,Linear,routed_expert,4988928
backbone.layers.40.mixer.experts.33.act_fn,40,ReLUSquaredActivation,routed_expert,0
backbone.layers.40.mixer.experts.34,40,NemotronHMLP,routed_expert,0
backbone.layers.40.mixer.experts.34.up_proj,40,Linear,routed_expert,4988928
backbone.layers.40.mixer.experts.34.down_proj,40,Linear,routed_expert,4988928
backbone.layers.40.mixer.experts.34.act_fn,40,ReLUSquaredActivation,routed_expert,0
backbone.layers.40.mixer.experts.35,40,NemotronHMLP,routed_expert,0
backbone.layers.40.mixer.experts.35.up_proj,40,Linear,routed_expert,4988928
backbone.layers.40.mixer.experts.35.down_proj,40,Linear,routed_expert,4988928
backbone.layers.40.mixer.experts.35.act_fn,40,ReLUSquaredActivation,routed_expert,0
backbone.layers.40.mixer.experts.36,40,NemotronHMLP,routed_expert,0
backbone.layers.40.mixer.experts.36.up_proj,40,Linear,routed_expert,4988928
backbone.layers.40.mixer.experts.36.down_proj,40,Linear,routed_expert,4988928
backbone.layers.40.mixer.experts.36.act_fn,40,ReLUSquaredActivation,routed_expert,0
backbone.layers.40.mixer.experts.37,40,NemotronHMLP,routed_expert,0
backbone.layers.40.mixer.experts.37.up_proj,40,Linear,routed_expert,4988928
backbone.layers.40.mixer.experts.37.down_proj,40,Linear,routed_expert,4988928
backbone.layers.40.mixer.experts.37.act_fn,40,ReLUSquaredActivation,routed_expert,0
backbone.layers.40.mixer.experts.38,40,NemotronHMLP,routed_expert,0
backbone.layers.40.mixer.experts.38.up_proj,40,Linear,routed_expert,4988928
backbone.layers.40.mixer.experts.38.down_proj,40,Linear,routed_expert,4988928
backbone.layers.40.mixer.experts.38.act_fn,40,ReLUSquaredActivation,routed_expert,0
backbone.layers.40.mixer.experts.39,40,NemotronHMLP,routed_expert,0
backbone.layers.40.mixer.experts.39.up_proj,40,Linear,routed_expert,4988928
backbone.layers.40.mixer.experts.39.down_proj,40,Linear,routed_expert,4988928
backbone.layers.40.mixer.experts.39.act_fn,40,ReLUSquaredActivation,routed_expert,0
backbone.layers.40.mixer.experts.40,40,NemotronHMLP,routed_expert,0
backbone.layers.40.mixer.experts.40.up_proj,40,Linear,routed_expert,4988928
backbone.layers.40.mixer.experts.40.down_proj,40,Linear,routed_expert,4988928
backbone.layers.40.mixer.experts.40.act_fn,40,ReLUSquaredActivation,routed_expert,0
backbone.layers.40.mixer.experts.41,40,NemotronHMLP,routed_expert,0
backbone.layers.40.mixer.experts.41.up_proj,40,Linear,routed_expert,4988928
backbone.layers.40.mixer.experts.41.down_proj,40,Linear,routed_expert,4988928
backbone.layers.40.mixer.experts.41.act_fn,40,ReLUSquaredActivation,routed_expert,0
backbone.layers.40.mixer.experts.42,40,NemotronHMLP,routed_expert,0
backbone.layers.40.mixer.experts.42.up_proj,40,Linear,routed_expert,4988928
backbone.layers.40.mixer.experts.42.down_proj,40,Linear,routed_expert,4988928
backbone.layers.40.mixer.experts.42.act_fn,40,ReLUSquaredActivation,routed_expert,0
backbone.layers.40.mixer.experts.43,40,NemotronHMLP,routed_expert,0
backbone.layers.40.mixer.experts.43.up_proj,40,Linear,routed_expert,4988928
backbone.layers.40.mixer.experts.43.down_proj,40,Linear,routed_expert,4988928
backbone.layers.40.mixer.experts.43.act_fn,40,ReLUSquaredActivation,routed_expert,0
backbone.layers.40.mixer.experts.44,40,NemotronHMLP,routed_expert,0
backbone.layers.40.mixer.experts.44.up_proj,40,Linear,routed_expert,4988928
backbone.layers.40.mixer.experts.44.down_proj,40,Linear,routed_expert,4988928
backbone.layers.40.mixer.experts.44.act_fn,40,ReLUSquaredActivation,routed_expert,0
backbone.layers.40.mixer.experts.45,40,NemotronHMLP,routed_expert,0
backbone.layers.40.mixer.experts.45.up_proj,40,Linear,routed_expert,4988928
backbone.layers.40.mixer.experts.45.down_proj,40,Linear,routed_expert,4988928
backbone.layers.40.mixer.experts.45.act_fn,40,ReLUSquaredActivation,routed_expert,0
backbone.layers.40.mixer.experts.46,40,NemotronHMLP,routed_expert,0
backbone.layers.40.mixer.experts.46.up_proj,40,Linear,routed_expert,4988928
backbone.layers.40.mixer.experts.46.down_proj,40,Linear,routed_expert,4988928
backbone.layers.40.mixer.experts.46.act_fn,40,ReLUSquaredActivation,routed_expert,0
backbone.layers.40.mixer.experts.47,40,NemotronHMLP,routed_expert,0
backbone.layers.40.mixer.experts.47.up_proj,40,Linear,routed_expert,4988928
backbone.layers.40.mixer.experts.47.down_proj,40,Linear,routed_expert,4988928
backbone.layers.40.mixer.experts.47.act_fn,40,ReLUSquaredActivation,routed_expert,0
backbone.layers.40.mixer.experts.48,40,NemotronHMLP,routed_expert,0
backbone.layers.40.mixer.experts.48.up_proj,40,Linear,routed_expert,4988928
backbone.layers.40.mixer.experts.48.down_proj,40,Linear,routed_expert,4988928
backbone.layers.40.mixer.experts.48.act_fn,40,ReLUSquaredActivation,routed_expert,0
backbone.layers.40.mixer.experts.49,40,NemotronHMLP,routed_expert,0
backbone.layers.40.mixer.experts.49.up_proj,40,Linear,routed_expert,4988928
backbone.layers.40.mixer.experts.49.down_proj,40,Linear,routed_expert,4988928
backbone.layers.40.mixer.experts.49.act_fn,40,ReLUSquaredActivation,routed_expert,0
backbone.layers.40.mixer.experts.50,40,NemotronHMLP,routed_expert,0
backbone.layers.40.mixer.experts.50.up_proj,40,Linear,routed_expert,4988928
backbone.layers.40.mixer.experts.50.down_proj,40,Linear,routed_expert,4988928
backbone.layers.40.mixer.experts.50.act_fn,40,ReLUSquaredActivation,routed_expert,0
backbone.layers.40.mixer.experts.51,40,NemotronHMLP,routed_expert,0
backbone.layers.40.mixer.experts.51.up_proj,40,Linear,routed_expert,4988928
backbone.layers.40.mixer.experts.51.down_proj,40,Linear,routed_expert,4988928
backbone.layers.40.mixer.experts.51.act_fn,40,ReLUSquaredActivation,routed_expert,0
backbone.layers.40.mixer.experts.52,40,NemotronHMLP,routed_expert,0
backbone.layers.40.mixer.experts.52.up_proj,40,Linear,routed_expert,4988928
backbone.layers.40.mixer.experts.52.down_proj,40,Linear,routed_expert,4988928
backbone.layers.40.mixer.experts.52.act_fn,40,ReLUSquaredActivation,routed_expert,0
backbone.layers.40.mixer.experts.53,40,NemotronHMLP,routed_expert,0
backbone.layers.40.mixer.experts.53.up_proj,40,Linear,routed_expert,4988928
backbone.layers.40.mixer.experts.53.down_proj,40,Linear,routed_expert,4988928
backbone.layers.40.mixer.experts.53.act_fn,40,ReLUSquaredActivation,routed_expert,0
backbone.layers.40.mixer.experts.54,40,NemotronHMLP,routed_expert,0
backbone.layers.40.mixer.experts.54.up_proj,40,Linear,routed_expert,4988928
backbone.layers.40.mixer.experts.54.down_proj,40,Linear,routed_expert,4988928
backbone.layers.40.mixer.experts.54.act_fn,40,ReLUSquaredActivation,routed_expert,0
backbone.layers.40.mixer.experts.55,40,NemotronHMLP,routed_expert,0
backbone.layers.40.mixer.experts.55.up_proj,40,Linear,routed_expert,4988928
backbone.layers.40.mixer.experts.55.down_proj,40,Linear,routed_expert,4988928
backbone.layers.40.mixer.experts.55.act_fn,40,ReLUSquaredActivation,routed_expert,0
backbone.layers.40.mixer.experts.56,40,NemotronHMLP,routed_expert,0
backbone.layers.40.mixer.experts.56.up_proj,40,Linear,routed_expert,4988928
backbone.layers.40.mixer.experts.56.down_proj,40,Linear,routed_expert,4988928
backbone.layers.40.mixer.experts.56.act_fn,40,ReLUSquaredActivation,routed_expert,0
backbone.layers.40.mixer.experts.57,40,NemotronHMLP,routed_expert,0
backbone.layers.40.mixer.experts.57.up_proj,40,Linear,routed_expert,4988928
backbone.layers.40.mixer.experts.57.down_proj,40,Linear,routed_expert,4988928
backbone.layers.40.mixer.experts.57.act_fn,40,ReLUSquaredActivation,routed_expert,0
backbone.layers.40.mixer.experts.58,40,NemotronHMLP,routed_expert,0
backbone.layers.40.mixer.experts.58.up_proj,40,Linear,routed_expert,4988928
backbone.layers.40.mixer.experts.58.down_proj,40,Linear,routed_expert,4988928
backbone.layers.40.mixer.experts.58.act_fn,40,ReLUSquaredActivation,routed_expert,0
backbone.layers.40.mixer.experts.59,40,NemotronHMLP,routed_expert,0
backbone.layers.40.mixer.experts.59.up_proj,40,Linear,routed_expert,4988928
backbone.layers.40.mixer.experts.59.down_proj,40,Linear,routed_expert,4988928
backbone.layers.40.mixer.experts.59.act_fn,40,ReLUSquaredActivation,routed_expert,0
backbone.layers.40.mixer.experts.60,40,NemotronHMLP,routed_expert,0
backbone.layers.40.mixer.experts.60.up_proj,40,Linear,routed_expert,4988928
backbone.layers.40.mixer.experts.60.down_proj,40,Linear,routed_expert,4988928
backbone.layers.40.mixer.experts.60.act_fn,40,ReLUSquaredActivation,routed_expert,0
backbone.layers.40.mixer.experts.61,40,NemotronHMLP,routed_expert,0
backbone.layers.40.mixer.experts.61.up_proj,40,Linear,routed_expert,4988928
backbone.layers.40.mixer.experts.61.down_proj,40,Linear,routed_expert,4988928
backbone.layers.40.mixer.experts.61.act_fn,40,ReLUSquaredActivation,routed_expert,0
backbone.layers.40.mixer.experts.62,40,NemotronHMLP,routed_expert,0
backbone.layers.40.mixer.experts.62.up_proj,40,Linear,routed_expert,4988928
backbone.layers.40.mixer.experts.62.down_proj,40,Linear,routed_expert,4988928
backbone.layers.40.mixer.experts.62.act_fn,40,ReLUSquaredActivation,routed_expert,0
backbone.layers.40.mixer.experts.63,40,NemotronHMLP,routed_expert,0
backbone.layers.40.mixer.experts.63.up_proj,40,Linear,routed_expert,4988928
backbone.layers.40.mixer.experts.63.down_proj,40,Linear,routed_expert,4988928
backbone.layers.40.mixer.experts.63.act_fn,40,ReLUSquaredActivation,routed_expert,0
backbone.layers.40.mixer.experts.64,40,NemotronHMLP,routed_expert,0
backbone.layers.40.mixer.experts.64.up_proj,40,Linear,routed_expert,4988928
backbone.layers.40.mixer.experts.64.down_proj,40,Linear,routed_expert,4988928
backbone.layers.40.mixer.experts.64.act_fn,40,ReLUSquaredActivation,routed_expert,0
backbone.layers.40.mixer.experts.65,40,NemotronHMLP,routed_expert,0
backbone.layers.40.mixer.experts.65.up_proj,40,Linear,routed_expert,4988928
backbone.layers.40.mixer.experts.65.down_proj,40,Linear,routed_expert,4988928
backbone.layers.40.mixer.experts.65.act_fn,40,ReLUSquaredActivation,routed_expert,0
backbone.layers.40.mixer.experts.66,40,NemotronHMLP,routed_expert,0
backbone.layers.40.mixer.experts.66.up_proj,40,Linear,routed_expert,4988928
backbone.layers.40.mixer.experts.66.down_proj,40,Linear,routed_expert,4988928
backbone.layers.40.mixer.experts.66.act_fn,40,ReLUSquaredActivation,routed_expert,0
backbone.layers.40.mixer.experts.67,40,NemotronHMLP,routed_expert,0
backbone.layers.40.mixer.experts.67.up_proj,40,Linear,routed_expert,4988928
backbone.layers.40.mixer.experts.67.down_proj,40,Linear,routed_expert,4988928
backbone.layers.40.mixer.experts.67.act_fn,40,ReLUSquaredActivation,routed_expert,0
backbone.layers.40.mixer.experts.68,40,NemotronHMLP,routed_expert,0
backbone.layers.40.mixer.experts.68.up_proj,40,Linear,routed_expert,4988928
backbone.layers.40.mixer.experts.68.down_proj,40,Linear,routed_expert,4988928
backbone.layers.40.mixer.experts.68.act_fn,40,ReLUSquaredActivation,routed_expert,0
backbone.layers.40.mixer.experts.69,40,NemotronHMLP,routed_expert,0
backbone.layers.40.mixer.experts.69.up_proj,40,Linear,routed_expert,4988928
backbone.layers.40.mixer.experts.69.down_proj,40,Linear,routed_expert,4988928
backbone.layers.40.mixer.experts.69.act_fn,40,ReLUSquaredActivation,routed_expert,0
backbone.layers.40.mixer.experts.70,40,NemotronHMLP,routed_expert,0
backbone.layers.40.mixer.experts.70.up_proj,40,Linear,routed_expert,4988928
backbone.layers.40.mixer.experts.70.down_proj,40,Linear,routed_expert,4988928
backbone.layers.40.mixer.experts.70.act_fn,40,ReLUSquaredActivation,routed_expert,0
backbone.layers.40.mixer.experts.71,40,NemotronHMLP,routed_expert,0
backbone.layers.40.mixer.experts.71.up_proj,40,Linear,routed_expert,4988928
backbone.layers.40.mixer.experts.71.down_proj,40,Linear,routed_expert,4988928
backbone.layers.40.mixer.experts.71.act_fn,40,ReLUSquaredActivation,routed_expert,0
backbone.layers.40.mixer.experts.72,40,NemotronHMLP,routed_expert,0
backbone.layers.40.mixer.experts.72.up_proj,40,Linear,routed_expert,4988928
backbone.layers.40.mixer.experts.72.down_proj,40,Linear,routed_expert,4988928
backbone.layers.40.mixer.experts.72.act_fn,40,ReLUSquaredActivation,routed_expert,0
backbone.layers.40.mixer.experts.73,40,NemotronHMLP,routed_expert,0
backbone.layers.40.mixer.experts.73.up_proj,40,Linear,routed_expert,4988928
backbone.layers.40.mixer.experts.73.down_proj,40,Linear,routed_expert,4988928
backbone.layers.40.mixer.experts.73.act_fn,40,ReLUSquaredActivation,routed_expert,0
backbone.layers.40.mixer.experts.74,40,NemotronHMLP,routed_expert,0
backbone.layers.40.mixer.experts.74.up_proj,40,Linear,routed_expert,4988928
backbone.layers.40.mixer.experts.74.down_proj,40,Linear,routed_expert,4988928
backbone.layers.40.mixer.experts.74.act_fn,40,ReLUSquaredActivation,routed_expert,0
backbone.layers.40.mixer.experts.75,40,NemotronHMLP,routed_expert,0
backbone.layers.40.mixer.experts.75.up_proj,40,Linear,routed_expert,4988928
backbone.layers.40.mixer.experts.75.down_proj,40,Linear,routed_expert,4988928
backbone.layers.40.mixer.experts.75.act_fn,40,ReLUSquaredActivation,routed_expert,0
backbone.layers.40.mixer.experts.76,40,NemotronHMLP,routed_expert,0
backbone.layers.40.mixer.experts.76.up_proj,40,Linear,routed_expert,4988928
backbone.layers.40.mixer.experts.76.down_proj,40,Linear,routed_expert,4988928
backbone.layers.40.mixer.experts.76.act_fn,40,ReLUSquaredActivation,routed_expert,0
backbone.layers.40.mixer.experts.77,40,NemotronHMLP,routed_expert,0
backbone.layers.40.mixer.experts.77.up_proj,40,Linear,routed_expert,4988928
backbone.layers.40.mixer.experts.77.down_proj,40,Linear,routed_expert,4988928
backbone.layers.40.mixer.experts.77.act_fn,40,ReLUSquaredActivation,routed_expert,0
backbone.layers.40.mixer.experts.78,40,NemotronHMLP,routed_expert,0
backbone.layers.40.mixer.experts.78.up_proj,40,Linear,routed_expert,4988928
backbone.layers.40.mixer.experts.78.down_proj,40,Linear,routed_expert,4988928
backbone.layers.40.mixer.experts.78.act_fn,40,ReLUSquaredActivation,routed_expert,0
backbone.layers.40.mixer.experts.79,40,NemotronHMLP,routed_expert,0
backbone.layers.40.mixer.experts.79.up_proj,40,Linear,routed_expert,4988928
backbone.layers.40.mixer.experts.79.down_proj,40,Linear,routed_expert,4988928
backbone.layers.40.mixer.experts.79.act_fn,40,ReLUSquaredActivation,routed_expert,0
backbone.layers.40.mixer.experts.80,40,NemotronHMLP,routed_expert,0
backbone.layers.40.mixer.experts.80.up_proj,40,Linear,routed_expert,4988928
backbone.layers.40.mixer.experts.80.down_proj,40,Linear,routed_expert,4988928
backbone.layers.40.mixer.experts.80.act_fn,40,ReLUSquaredActivation,routed_expert,0
backbone.layers.40.mixer.experts.81,40,NemotronHMLP,routed_expert,0
backbone.layers.40.mixer.experts.81.up_proj,40,Linear,routed_expert,4988928
backbone.layers.40.mixer.experts.81.down_proj,40,Linear,routed_expert,4988928
backbone.layers.40.mixer.experts.81.act_fn,40,ReLUSquaredActivation,routed_expert,0
backbone.layers.40.mixer.experts.82,40,NemotronHMLP,routed_expert,0
backbone.layers.40.mixer.experts.82.up_proj,40,Linear,routed_expert,4988928
backbone.layers.40.mixer.experts.82.down_proj,40,Linear,routed_expert,4988928
backbone.layers.40.mixer.experts.82.act_fn,40,ReLUSquaredActivation,routed_expert,0
backbone.layers.40.mixer.experts.83,40,NemotronHMLP,routed_expert,0
backbone.layers.40.mixer.experts.83.up_proj,40,Linear,routed_expert,4988928
backbone.layers.40.mixer.experts.83.down_proj,40,Linear,routed_expert,4988928
backbone.layers.40.mixer.experts.83.act_fn,40,ReLUSquaredActivation,routed_expert,0
backbone.layers.40.mixer.experts.84,40,NemotronHMLP,routed_expert,0
backbone.layers.40.mixer.experts.84.up_proj,40,Linear,routed_expert,4988928
backbone.layers.40.mixer.experts.84.down_proj,40,Linear,routed_expert,4988928
backbone.layers.40.mixer.experts.84.act_fn,40,ReLUSquaredActivation,routed_expert,0
backbone.layers.40.mixer.experts.85,40,NemotronHMLP,routed_expert,0
backbone.layers.40.mixer.experts.85.up_proj,40,Linear,routed_expert,4988928
backbone.layers.40.mixer.experts.85.down_proj,40,Linear,routed_expert,4988928
backbone.layers.40.mixer.experts.85.act_fn,40,ReLUSquaredActivation,routed_expert,0
backbone.layers.40.mixer.experts.86,40,NemotronHMLP,routed_expert,0
backbone.layers.40.mixer.experts.86.up_proj,40,Linear,routed_expert,4988928
backbone.layers.40.mixer.experts.86.down_proj,40,Linear,routed_expert,4988928
backbone.layers.40.mixer.experts.86.act_fn,40,ReLUSquaredActivation,routed_expert,0
backbone.layers.40.mixer.experts.87,40,NemotronHMLP,routed_expert,0
backbone.layers.40.mixer.experts.87.up_proj,40,Linear,routed_expert,4988928
backbone.layers.40.mixer.experts.87.down_proj,40,Linear,routed_expert,4988928
backbone.layers.40.mixer.experts.87.act_fn,40,ReLUSquaredActivation,routed_expert,0
backbone.layers.40.mixer.experts.88,40,NemotronHMLP,routed_expert,0
backbone.layers.40.mixer.experts.88.up_proj,40,Linear,routed_expert,4988928
backbone.layers.40.mixer.experts.88.down_proj,40,Linear,routed_expert,4988928
backbone.layers.40.mixer.experts.88.act_fn,40,ReLUSquaredActivation,routed_expert,0
backbone.layers.40.mixer.experts.89,40,NemotronHMLP,routed_expert,0
backbone.layers.40.mixer.experts.89.up_proj,40,Linear,routed_expert,4988928
backbone.layers.40.mixer.experts.89.down_proj,40,Linear,routed_expert,4988928
backbone.layers.40.mixer.experts.89.act_fn,40,ReLUSquaredActivation,routed_expert,0
backbone.layers.40.mixer.experts.90,40,NemotronHMLP,routed_expert,0
backbone.layers.40.mixer.experts.90.up_proj,40,Linear,routed_expert,4988928
backbone.layers.40.mixer.experts.90.down_proj,40,Linear,routed_expert,4988928
backbone.layers.40.mixer.experts.90.act_fn,40,ReLUSquaredActivation,routed_expert,0
backbone.layers.40.mixer.experts.91,40,NemotronHMLP,routed_expert,0
backbone.layers.40.mixer.experts.91.up_proj,40,Linear,routed_expert,4988928
backbone.layers.40.mixer.experts.91.down_proj,40,Linear,routed_expert,4988928
backbone.layers.40.mixer.experts.91.act_fn,40,ReLUSquaredActivation,routed_expert,0
backbone.layers.40.mixer.experts.92,40,NemotronHMLP,routed_expert,0
backbone.layers.40.mixer.experts.92.up_proj,40,Linear,routed_expert,4988928
backbone.layers.40.mixer.experts.92.down_proj,40,Linear,routed_expert,4988928
backbone.layers.40.mixer.experts.92.act_fn,40,ReLUSquaredActivation,routed_expert,0
backbone.layers.40.mixer.experts.93,40,NemotronHMLP,routed_expert,0
backbone.layers.40.mixer.experts.93.up_proj,40,Linear,routed_expert,4988928
backbone.layers.40.mixer.experts.93.down_proj,40,Linear,routed_expert,4988928
backbone.layers.40.mixer.experts.93.act_fn,40,ReLUSquaredActivation,routed_expert,0
backbone.layers.40.mixer.experts.94,40,NemotronHMLP,routed_expert,0
backbone.layers.40.mixer.experts.94.up_proj,40,Linear,routed_expert,4988928
backbone.layers.40.mixer.experts.94.down_proj,40,Linear,routed_expert,4988928
backbone.layers.40.mixer.experts.94.act_fn,40,ReLUSquaredActivation,routed_expert,0
backbone.layers.40.mixer.experts.95,40,NemotronHMLP,routed_expert,0
backbone.layers.40.mixer.experts.95.up_proj,40,Linear,routed_expert,4988928
backbone.layers.40.mixer.experts.95.down_proj,40,Linear,routed_expert,4988928
backbone.layers.40.mixer.experts.95.act_fn,40,ReLUSquaredActivation,routed_expert,0
backbone.layers.40.mixer.experts.96,40,NemotronHMLP,routed_expert,0
backbone.layers.40.mixer.experts.96.up_proj,40,Linear,routed_expert,4988928
backbone.layers.40.mixer.experts.96.down_proj,40,Linear,routed_expert,4988928
backbone.layers.40.mixer.experts.96.act_fn,40,ReLUSquaredActivation,routed_expert,0
backbone.layers.40.mixer.experts.97,40,NemotronHMLP,routed_expert,0
backbone.layers.40.mixer.experts.97.up_proj,40,Linear,routed_expert,4988928
backbone.layers.40.mixer.experts.97.down_proj,40,Linear,routed_expert,4988928
backbone.layers.40.mixer.experts.97.act_fn,40,ReLUSquaredActivation,routed_expert,0
backbone.layers.40.mixer.experts.98,40,NemotronHMLP,routed_expert,0
backbone.layers.40.mixer.experts.98.up_proj,40,Linear,routed_expert,4988928
backbone.layers.40.mixer.experts.98.down_proj,40,Linear,routed_expert,4988928
backbone.layers.40.mixer.experts.98.act_fn,40,ReLUSquaredActivation,routed_expert,0
backbone.layers.40.mixer.experts.99,40,NemotronHMLP,routed_expert,0
backbone.layers.40.mixer.experts.99.up_proj,40,Linear,routed_expert,4988928
backbone.layers.40.mixer.experts.99.down_proj,40,Linear,routed_expert,4988928
backbone.layers.40.mixer.experts.99.act_fn,40,ReLUSquaredActivation,routed_expert,0
backbone.layers.40.mixer.experts.100,40,NemotronHMLP,routed_expert,0
backbone.layers.40.mixer.experts.100.up_proj,40,Linear,routed_expert,4988928
backbone.layers.40.mixer.experts.100.down_proj,40,Linear,routed_expert,4988928
backbone.layers.40.mixer.experts.100.act_fn,40,ReLUSquaredActivation,routed_expert,0
backbone.layers.40.mixer.experts.101,40,NemotronHMLP,routed_expert,0
backbone.layers.40.mixer.experts.101.up_proj,40,Linear,routed_expert,4988928
backbone.layers.40.mixer.experts.101.down_proj,40,Linear,routed_expert,4988928
backbone.layers.40.mixer.experts.101.act_fn,40,ReLUSquaredActivation,routed_expert,0
backbone.layers.40.mixer.experts.102,40,NemotronHMLP,routed_expert,0
backbone.layers.40.mixer.experts.102.up_proj,40,Linear,routed_expert,4988928
backbone.layers.40.mixer.experts.102.down_proj,40,Linear,routed_expert,4988928
backbone.layers.40.mixer.experts.102.act_fn,40,ReLUSquaredActivation,routed_expert,0
backbone.layers.40.mixer.experts.103,40,NemotronHMLP,routed_expert,0
backbone.layers.40.mixer.experts.103.up_proj,40,Linear,routed_expert,4988928
backbone.layers.40.mixer.experts.103.down_proj,40,Linear,routed_expert,4988928
backbone.layers.40.mixer.experts.103.act_fn,40,ReLUSquaredActivation,routed_expert,0
backbone.layers.40.mixer.experts.104,40,NemotronHMLP,routed_expert,0
backbone.layers.40.mixer.experts.104.up_proj,40,Linear,routed_expert,4988928
backbone.layers.40.mixer.experts.104.down_proj,40,Linear,routed_expert,4988928
backbone.layers.40.mixer.experts.104.act_fn,40,ReLUSquaredActivation,routed_expert,0
backbone.layers.40.mixer.experts.105,40,NemotronHMLP,routed_expert,0
backbone.layers.40.mixer.experts.105.up_proj,40,Linear,routed_expert,4988928
backbone.layers.40.mixer.experts.105.down_proj,40,Linear,routed_expert,4988928
backbone.layers.40.mixer.experts.105.act_fn,40,ReLUSquaredActivation,routed_expert,0
backbone.layers.40.mixer.experts.106,40,NemotronHMLP,routed_expert,0
backbone.layers.40.mixer.experts.106.up_proj,40,Linear,routed_expert,4988928
backbone.layers.40.mixer.experts.106.down_proj,40,Linear,routed_expert,4988928
backbone.layers.40.mixer.experts.106.act_fn,40,ReLUSquaredActivation,routed_expert,0
backbone.layers.40.mixer.experts.107,40,NemotronHMLP,routed_expert,0
backbone.layers.40.mixer.experts.107.up_proj,40,Linear,routed_expert,4988928
backbone.layers.40.mixer.experts.107.down_proj,40,Linear,routed_expert,4988928
backbone.layers.40.mixer.experts.107.act_fn,40,ReLUSquaredActivation,routed_expert,0
backbone.layers.40.mixer.experts.108,40,NemotronHMLP,routed_expert,0
backbone.layers.40.mixer.experts.108.up_proj,40,Linear,routed_expert,4988928
backbone.layers.40.mixer.experts.108.down_proj,40,Linear,routed_expert,4988928
backbone.layers.40.mixer.experts.108.act_fn,40,ReLUSquaredActivation,routed_expert,0
backbone.layers.40.mixer.experts.109,40,NemotronHMLP,routed_expert,0
backbone.layers.40.mixer.experts.109.up_proj,40,Linear,routed_expert,4988928
backbone.layers.40.mixer.experts.109.down_proj,40,Linear,routed_expert,4988928
backbone.layers.40.mixer.experts.109.act_fn,40,ReLUSquaredActivation,routed_expert,0
backbone.layers.40.mixer.experts.110,40,NemotronHMLP,routed_expert,0
backbone.layers.40.mixer.experts.110.up_proj,40,Linear,routed_expert,4988928
backbone.layers.40.mixer.experts.110.down_proj,40,Linear,routed_expert,4988928
backbone.layers.40.mixer.experts.110.act_fn,40,ReLUSquaredActivation,routed_expert,0
backbone.layers.40.mixer.experts.111,40,NemotronHMLP,routed_expert,0
backbone.layers.40.mixer.experts.111.up_proj,40,Linear,routed_expert,4988928
backbone.layers.40.mixer.experts.111.down_proj,40,Linear,routed_expert,4988928
backbone.layers.40.mixer.experts.111.act_fn,40,ReLUSquaredActivation,routed_expert,0
backbone.layers.40.mixer.experts.112,40,NemotronHMLP,routed_expert,0
backbone.layers.40.mixer.experts.112.up_proj,40,Linear,routed_expert,4988928
backbone.layers.40.mixer.experts.112.down_proj,40,Linear,routed_expert,4988928
backbone.layers.40.mixer.experts.112.act_fn,40,ReLUSquaredActivation,routed_expert,0
backbone.layers.40.mixer.experts.113,40,NemotronHMLP,routed_expert,0
backbone.layers.40.mixer.experts.113.up_proj,40,Linear,routed_expert,4988928
backbone.layers.40.mixer.experts.113.down_proj,40,Linear,routed_expert,4988928
backbone.layers.40.mixer.experts.113.act_fn,40,ReLUSquaredActivation,routed_expert,0
backbone.layers.40.mixer.experts.114,40,NemotronHMLP,routed_expert,0
backbone.layers.40.mixer.experts.114.up_proj,40,Linear,routed_expert,4988928
backbone.layers.40.mixer.experts.114.down_proj,40,Linear,routed_expert,4988928
backbone.layers.40.mixer.experts.114.act_fn,40,ReLUSquaredActivation,routed_expert,0
backbone.layers.40.mixer.experts.115,40,NemotronHMLP,routed_expert,0
backbone.layers.40.mixer.experts.115.up_proj,40,Linear,routed_expert,4988928
backbone.layers.40.mixer.experts.115.down_proj,40,Linear,routed_expert,4988928
backbone.layers.40.mixer.experts.115.act_fn,40,ReLUSquaredActivation,routed_expert,0
backbone.layers.40.mixer.experts.116,40,NemotronHMLP,routed_expert,0
backbone.layers.40.mixer.experts.116.up_proj,40,Linear,routed_expert,4988928
backbone.layers.40.mixer.experts.116.down_proj,40,Linear,routed_expert,4988928
backbone.layers.40.mixer.experts.116.act_fn,40,ReLUSquaredActivation,routed_expert,0
backbone.layers.40.mixer.experts.117,40,NemotronHMLP,routed_expert,0
backbone.layers.40.mixer.experts.117.up_proj,40,Linear,routed_expert,4988928
backbone.layers.40.mixer.experts.117.down_proj,40,Linear,routed_expert,4988928
backbone.layers.40.mixer.experts.117.act_fn,40,ReLUSquaredActivation,routed_expert,0
backbone.layers.40.mixer.experts.118,40,NemotronHMLP,routed_expert,0
backbone.layers.40.mixer.experts.118.up_proj,40,Linear,routed_expert,4988928
backbone.layers.40.mixer.experts.118.down_proj,40,Linear,routed_expert,4988928
backbone.layers.40.mixer.experts.118.act_fn,40,ReLUSquaredActivation,routed_expert,0
backbone.layers.40.mixer.experts.119,40,NemotronHMLP,routed_expert,0
backbone.layers.40.mixer.experts.119.up_proj,40,Linear,routed_expert,4988928
backbone.layers.40.mixer.experts.119.down_proj,40,Linear,routed_expert,4988928
backbone.layers.40.mixer.experts.119.act_fn,40,ReLUSquaredActivation,routed_expert,0
backbone.layers.40.mixer.experts.120,40,NemotronHMLP,routed_expert,0
backbone.layers.40.mixer.experts.120.up_proj,40,Linear,routed_expert,4988928
backbone.layers.40.mixer.experts.120.down_proj,40,Linear,routed_expert,4988928
backbone.layers.40.mixer.experts.120.act_fn,40,ReLUSquaredActivation,routed_expert,0
backbone.layers.40.mixer.experts.121,40,NemotronHMLP,routed_expert,0
backbone.layers.40.mixer.experts.121.up_proj,40,Linear,routed_expert,4988928
backbone.layers.40.mixer.experts.121.down_proj,40,Linear,routed_expert,4988928
backbone.layers.40.mixer.experts.121.act_fn,40,ReLUSquaredActivation,routed_expert,0
backbone.layers.40.mixer.experts.122,40,NemotronHMLP,routed_expert,0
backbone.layers.40.mixer.experts.122.up_proj,40,Linear,routed_expert,4988928
backbone.layers.40.mixer.experts.122.down_proj,40,Linear,routed_expert,4988928
backbone.layers.40.mixer.experts.122.act_fn,40,ReLUSquaredActivation,routed_expert,0
backbone.layers.40.mixer.experts.123,40,NemotronHMLP,routed_expert,0
backbone.layers.40.mixer.experts.123.up_proj,40,Linear,routed_expert,4988928
backbone.layers.40.mixer.experts.123.down_proj,40,Linear,routed_expert,4988928
backbone.layers.40.mixer.experts.123.act_fn,40,ReLUSquaredActivation,routed_expert,0
backbone.layers.40.mixer.experts.124,40,NemotronHMLP,routed_expert,0
backbone.layers.40.mixer.experts.124.up_proj,40,Linear,routed_expert,4988928
backbone.layers.40.mixer.experts.124.down_proj,40,Linear,routed_expert,4988928
backbone.layers.40.mixer.experts.124.act_fn,40,ReLUSquaredActivation,routed_expert,0
backbone.layers.40.mixer.experts.125,40,NemotronHMLP,routed_expert,0
backbone.layers.40.mixer.experts.125.up_proj,40,Linear,routed_expert,4988928
backbone.layers.40.mixer.experts.125.down_proj,40,Linear,routed_expert,4988928
backbone.layers.40.mixer.experts.125.act_fn,40,ReLUSquaredActivation,routed_expert,0
backbone.layers.40.mixer.experts.126,40,NemotronHMLP,routed_expert,0
backbone.layers.40.mixer.experts.126.up_proj,40,Linear,routed_expert,4988928
backbone.layers.40.mixer.experts.126.down_proj,40,Linear,routed_expert,4988928
backbone.layers.40.mixer.experts.126.act_fn,40,ReLUSquaredActivation,routed_expert,0
backbone.layers.40.mixer.experts.127,40,NemotronHMLP,routed_expert,0
backbone.layers.40.mixer.experts.127.up_proj,40,Linear,routed_expert,4988928
backbone.layers.40.mixer.experts.127.down_proj,40,Linear,routed_expert,4988928
backbone.layers.40.mixer.experts.127.act_fn,40,ReLUSquaredActivation,routed_expert,0
backbone.layers.40.mixer.gate,40,NemotronHTopkRouter,router,344064
backbone.layers.40.mixer.shared_experts,40,NemotronHMLP,other,0
backbone.layers.40.mixer.shared_experts.up_proj,40,Linear,shared_expert,9977856
backbone.layers.40.mixer.shared_experts.down_proj,40,Linear,shared_expert,9977856
backbone.layers.40.mixer.shared_experts.act_fn,40,ReLUSquaredActivation,shared_expert,0
backbone.layers.41,41,NemotronHBlock,other,0
backbone.layers.41.norm,41,NemotronHRMSNorm,other,2688
backbone.layers.41.mixer,41,NemotronHMamba2Mixer,mamba,192
backbone.layers.41.mixer.act,41,SiLUActivation,other,0
backbone.layers.41.mixer.conv1d,41,Conv1d,other,30720
backbone.layers.41.mixer.in_proj,41,Linear,mamba_projection,27697152
backbone.layers.41.mixer.norm,41,MambaRMSNormGated,mamba,4096
backbone.layers.41.mixer.out_proj,41,Linear,mamba_projection,11010048
backbone.layers.42,42,NemotronHBlock,other,0
backbone.layers.42.norm,42,NemotronHRMSNorm,other,2688
backbone.layers.42.mixer,42,NemotronHAttention,attention,0
backbone.layers.42.mixer.q_proj,42,Linear,attention_projection,11010048
backbone.layers.42.mixer.k_proj,42,Linear,attention_projection,688128
backbone.layers.42.mixer.v_proj,42,Linear,attention_projection,688128
backbone.layers.42.mixer.o_proj,42,Linear,attention_projection,11010048
backbone.layers.43,43,NemotronHBlock,other,0
backbone.layers.43.norm,43,NemotronHRMSNorm,other,2688
backbone.layers.43.mixer,43,NemotronHMOE,moe,0
backbone.layers.43.mixer.experts,43,ModuleList,other,0
backbone.layers.43.mixer.experts.0,43,NemotronHMLP,routed_expert,0
backbone.layers.43.mixer.experts.0.up_proj,43,Linear,routed_expert,4988928
backbone.layers.43.mixer.experts.0.down_proj,43,Linear,routed_expert,4988928
backbone.layers.43.mixer.experts.0.act_fn,43,ReLUSquaredActivation,routed_expert,0
backbone.layers.43.mixer.experts.1,43,NemotronHMLP,routed_expert,0
backbone.layers.43.mixer.experts.1.up_proj,43,Linear,routed_expert,4988928
backbone.layers.43.mixer.experts.1.down_proj,43,Linear,routed_expert,4988928
backbone.layers.43.mixer.experts.1.act_fn,43,ReLUSquaredActivation,routed_expert,0
backbone.layers.43.mixer.experts.2,43,NemotronHMLP,routed_expert,0
backbone.layers.43.mixer.experts.2.up_proj,43,Linear,routed_expert,4988928
backbone.layers.43.mixer.experts.2.down_proj,43,Linear,routed_expert,4988928
backbone.layers.43.mixer.experts.2.act_fn,43,ReLUSquaredActivation,routed_expert,0
backbone.layers.43.mixer.experts.3,43,NemotronHMLP,routed_expert,0
backbone.layers.43.mixer.experts.3.up_proj,43,Linear,routed_expert,4988928
backbone.layers.43.mixer.experts.3.down_proj,43,Linear,routed_expert,4988928
backbone.layers.43.mixer.experts.3.act_fn,43,ReLUSquaredActivation,routed_expert,0
backbone.layers.43.mixer.experts.4,43,NemotronHMLP,routed_expert,0
backbone.layers.43.mixer.experts.4.up_proj,43,Linear,routed_expert,4988928
backbone.layers.43.mixer.experts.4.down_proj,43,Linear,routed_expert,4988928
backbone.layers.43.mixer.experts.4.act_fn,43,ReLUSquaredActivation,routed_expert,0
backbone.layers.43.mixer.experts.5,43,NemotronHMLP,routed_expert,0
backbone.layers.43.mixer.experts.5.up_proj,43,Linear,routed_expert,4988928
backbone.layers.43.mixer.experts.5.down_proj,43,Linear,routed_expert,4988928
backbone.layers.43.mixer.experts.5.act_fn,43,ReLUSquaredActivation,routed_expert,0
backbone.layers.43.mixer.experts.6,43,NemotronHMLP,routed_expert,0
backbone.layers.43.mixer.experts.6.up_proj,43,Linear,routed_expert,4988928
backbone.layers.43.mixer.experts.6.down_proj,43,Linear,routed_expert,4988928
backbone.layers.43.mixer.experts.6.act_fn,43,ReLUSquaredActivation,routed_expert,0
backbone.layers.43.mixer.experts.7,43,NemotronHMLP,routed_expert,0
backbone.layers.43.mixer.experts.7.up_proj,43,Linear,routed_expert,4988928
backbone.layers.43.mixer.experts.7.down_proj,43,Linear,routed_expert,4988928
backbone.layers.43.mixer.experts.7.act_fn,43,ReLUSquaredActivation,routed_expert,0
backbone.layers.43.mixer.experts.8,43,NemotronHMLP,routed_expert,0
backbone.layers.43.mixer.experts.8.up_proj,43,Linear,routed_expert,4988928
backbone.layers.43.mixer.experts.8.down_proj,43,Linear,routed_expert,4988928
backbone.layers.43.mixer.experts.8.act_fn,43,ReLUSquaredActivation,routed_expert,0
backbone.layers.43.mixer.experts.9,43,NemotronHMLP,routed_expert,0
backbone.layers.43.mixer.experts.9.up_proj,43,Linear,routed_expert,4988928
backbone.layers.43.mixer.experts.9.down_proj,43,Linear,routed_expert,4988928
backbone.layers.43.mixer.experts.9.act_fn,43,ReLUSquaredActivation,routed_expert,0
backbone.layers.43.mixer.experts.10,43,NemotronHMLP,routed_expert,0
backbone.layers.43.mixer.experts.10.up_proj,43,Linear,routed_expert,4988928
backbone.layers.43.mixer.experts.10.down_proj,43,Linear,routed_expert,4988928
backbone.layers.43.mixer.experts.10.act_fn,43,ReLUSquaredActivation,routed_expert,0
backbone.layers.43.mixer.experts.11,43,NemotronHMLP,routed_expert,0
backbone.layers.43.mixer.experts.11.up_proj,43,Linear,routed_expert,4988928
backbone.layers.43.mixer.experts.11.down_proj,43,Linear,routed_expert,4988928
backbone.layers.43.mixer.experts.11.act_fn,43,ReLUSquaredActivation,routed_expert,0
backbone.layers.43.mixer.experts.12,43,NemotronHMLP,routed_expert,0
backbone.layers.43.mixer.experts.12.up_proj,43,Linear,routed_expert,4988928
backbone.layers.43.mixer.experts.12.down_proj,43,Linear,routed_expert,4988928
backbone.layers.43.mixer.experts.12.act_fn,43,ReLUSquaredActivation,routed_expert,0
backbone.layers.43.mixer.experts.13,43,NemotronHMLP,routed_expert,0
backbone.layers.43.mixer.experts.13.up_proj,43,Linear,routed_expert,4988928
backbone.layers.43.mixer.experts.13.down_proj,43,Linear,routed_expert,4988928
backbone.layers.43.mixer.experts.13.act_fn,43,ReLUSquaredActivation,routed_expert,0
backbone.layers.43.mixer.experts.14,43,NemotronHMLP,routed_expert,0
backbone.layers.43.mixer.experts.14.up_proj,43,Linear,routed_expert,4988928
backbone.layers.43.mixer.experts.14.down_proj,43,Linear,routed_expert,4988928
backbone.layers.43.mixer.experts.14.act_fn,43,ReLUSquaredActivation,routed_expert,0
backbone.layers.43.mixer.experts.15,43,NemotronHMLP,routed_expert,0
backbone.layers.43.mixer.experts.15.up_proj,43,Linear,routed_expert,4988928
backbone.layers.43.mixer.experts.15.down_proj,43,Linear,routed_expert,4988928
backbone.layers.43.mixer.experts.15.act_fn,43,ReLUSquaredActivation,routed_expert,0
backbone.layers.43.mixer.experts.16,43,NemotronHMLP,routed_expert,0
backbone.layers.43.mixer.experts.16.up_proj,43,Linear,routed_expert,4988928
backbone.layers.43.mixer.experts.16.down_proj,43,Linear,routed_expert,4988928
backbone.layers.43.mixer.experts.16.act_fn,43,ReLUSquaredActivation,routed_expert,0
backbone.layers.43.mixer.experts.17,43,NemotronHMLP,routed_expert,0
backbone.layers.43.mixer.experts.17.up_proj,43,Linear,routed_expert,4988928
backbone.layers.43.mixer.experts.17.down_proj,43,Linear,routed_expert,4988928
backbone.layers.43.mixer.experts.17.act_fn,43,ReLUSquaredActivation,routed_expert,0
backbone.layers.43.mixer.experts.18,43,NemotronHMLP,routed_expert,0
backbone.layers.43.mixer.experts.18.up_proj,43,Linear,routed_expert,4988928
backbone.layers.43.mixer.experts.18.down_proj,43,Linear,routed_expert,4988928
backbone.layers.43.mixer.experts.18.act_fn,43,ReLUSquaredActivation,routed_expert,0
backbone.layers.43.mixer.experts.19,43,NemotronHMLP,routed_expert,0
backbone.layers.43.mixer.experts.19.up_proj,43,Linear,routed_expert,4988928
backbone.layers.43.mixer.experts.19.down_proj,43,Linear,routed_expert,4988928
backbone.layers.43.mixer.experts.19.act_fn,43,ReLUSquaredActivation,routed_expert,0
backbone.layers.43.mixer.experts.20,43,NemotronHMLP,routed_expert,0
backbone.layers.43.mixer.experts.20.up_proj,43,Linear,routed_expert,4988928
backbone.layers.43.mixer.experts.20.down_proj,43,Linear,routed_expert,4988928
backbone.layers.43.mixer.experts.20.act_fn,43,ReLUSquaredActivation,routed_expert,0
backbone.layers.43.mixer.experts.21,43,NemotronHMLP,routed_expert,0
backbone.layers.43.mixer.experts.21.up_proj,43,Linear,routed_expert,4988928
backbone.layers.43.mixer.experts.21.down_proj,43,Linear,routed_expert,4988928
backbone.layers.43.mixer.experts.21.act_fn,43,ReLUSquaredActivation,routed_expert,0
backbone.layers.43.mixer.experts.22,43,NemotronHMLP,routed_expert,0
backbone.layers.43.mixer.experts.22.up_proj,43,Linear,routed_expert,4988928
backbone.layers.43.mixer.experts.22.down_proj,43,Linear,routed_expert,4988928
backbone.layers.43.mixer.experts.22.act_fn,43,ReLUSquaredActivation,routed_expert,0
backbone.layers.43.mixer.experts.23,43,NemotronHMLP,routed_expert,0
backbone.layers.43.mixer.experts.23.up_proj,43,Linear,routed_expert,4988928
backbone.layers.43.mixer.experts.23.down_proj,43,Linear,routed_expert,4988928
backbone.layers.43.mixer.experts.23.act_fn,43,ReLUSquaredActivation,routed_expert,0
backbone.layers.43.mixer.experts.24,43,NemotronHMLP,routed_expert,0
backbone.layers.43.mixer.experts.24.up_proj,43,Linear,routed_expert,4988928
backbone.layers.43.mixer.experts.24.down_proj,43,Linear,routed_expert,4988928
backbone.layers.43.mixer.experts.24.act_fn,43,ReLUSquaredActivation,routed_expert,0
backbone.layers.43.mixer.experts.25,43,NemotronHMLP,routed_expert,0
backbone.layers.43.mixer.experts.25.up_proj,43,Linear,routed_expert,4988928
backbone.layers.43.mixer.experts.25.down_proj,43,Linear,routed_expert,4988928
backbone.layers.43.mixer.experts.25.act_fn,43,ReLUSquaredActivation,routed_expert,0
backbone.layers.43.mixer.experts.26,43,NemotronHMLP,routed_expert,0
backbone.layers.43.mixer.experts.26.up_proj,43,Linear,routed_expert,4988928
backbone.layers.43.mixer.experts.26.down_proj,43,Linear,routed_expert,4988928
backbone.layers.43.mixer.experts.26.act_fn,43,ReLUSquaredActivation,routed_expert,0
backbone.layers.43.mixer.experts.27,43,NemotronHMLP,routed_expert,0
backbone.layers.43.mixer.experts.27.up_proj,43,Linear,routed_expert,4988928
backbone.layers.43.mixer.experts.27.down_proj,43,Linear,routed_expert,4988928
backbone.layers.43.mixer.experts.27.act_fn,43,ReLUSquaredActivation,routed_expert,0
backbone.layers.43.mixer.experts.28,43,NemotronHMLP,routed_expert,0
backbone.layers.43.mixer.experts.28.up_proj,43,Linear,routed_expert,4988928
backbone.layers.43.mixer.experts.28.down_proj,43,Linear,routed_expert,4988928
backbone.layers.43.mixer.experts.28.act_fn,43,ReLUSquaredActivation,routed_expert,0
backbone.layers.43.mixer.experts.29,43,NemotronHMLP,routed_expert,0
backbone.layers.43.mixer.experts.29.up_proj,43,Linear,routed_expert,4988928
backbone.layers.43.mixer.experts.29.down_proj,43,Linear,routed_expert,4988928
backbone.layers.43.mixer.experts.29.act_fn,43,ReLUSquaredActivation,routed_expert,0
backbone.layers.43.mixer.experts.30,43,NemotronHMLP,routed_expert,0
backbone.layers.43.mixer.experts.30.up_proj,43,Linear,routed_expert,4988928
backbone.layers.43.mixer.experts.30.down_proj,43,Linear,routed_expert,4988928
backbone.layers.43.mixer.experts.30.act_fn,43,ReLUSquaredActivation,routed_expert,0
backbone.layers.43.mixer.experts.31,43,NemotronHMLP,routed_expert,0
backbone.layers.43.mixer.experts.31.up_proj,43,Linear,routed_expert,4988928
backbone.layers.43.mixer.experts.31.down_proj,43,Linear,routed_expert,4988928
backbone.layers.43.mixer.experts.31.act_fn,43,ReLUSquaredActivation,routed_expert,0
backbone.layers.43.mixer.experts.32,43,NemotronHMLP,routed_expert,0
backbone.layers.43.mixer.experts.32.up_proj,43,Linear,routed_expert,4988928
backbone.layers.43.mixer.experts.32.down_proj,43,Linear,routed_expert,4988928
backbone.layers.43.mixer.experts.32.act_fn,43,ReLUSquaredActivation,routed_expert,0
backbone.layers.43.mixer.experts.33,43,NemotronHMLP,routed_expert,0
backbone.layers.43.mixer.experts.33.up_proj,43,Linear,routed_expert,4988928
backbone.layers.43.mixer.experts.33.down_proj,43,Linear,routed_expert,4988928
backbone.layers.43.mixer.experts.33.act_fn,43,ReLUSquaredActivation,routed_expert,0
backbone.layers.43.mixer.experts.34,43,NemotronHMLP,routed_expert,0
backbone.layers.43.mixer.experts.34.up_proj,43,Linear,routed_expert,4988928
backbone.layers.43.mixer.experts.34.down_proj,43,Linear,routed_expert,4988928
backbone.layers.43.mixer.experts.34.act_fn,43,ReLUSquaredActivation,routed_expert,0
backbone.layers.43.mixer.experts.35,43,NemotronHMLP,routed_expert,0
backbone.layers.43.mixer.experts.35.up_proj,43,Linear,routed_expert,4988928
backbone.layers.43.mixer.experts.35.down_proj,43,Linear,routed_expert,4988928
backbone.layers.43.mixer.experts.35.act_fn,43,ReLUSquaredActivation,routed_expert,0
backbone.layers.43.mixer.experts.36,43,NemotronHMLP,routed_expert,0
backbone.layers.43.mixer.experts.36.up_proj,43,Linear,routed_expert,4988928
backbone.layers.43.mixer.experts.36.down_proj,43,Linear,routed_expert,4988928
backbone.layers.43.mixer.experts.36.act_fn,43,ReLUSquaredActivation,routed_expert,0
backbone.layers.43.mixer.experts.37,43,NemotronHMLP,routed_expert,0
backbone.layers.43.mixer.experts.37.up_proj,43,Linear,routed_expert,4988928
backbone.layers.43.mixer.experts.37.down_proj,43,Linear,routed_expert,4988928
backbone.layers.43.mixer.experts.37.act_fn,43,ReLUSquaredActivation,routed_expert,0
backbone.layers.43.mixer.experts.38,43,NemotronHMLP,routed_expert,0
backbone.layers.43.mixer.experts.38.up_proj,43,Linear,routed_expert,4988928
backbone.layers.43.mixer.experts.38.down_proj,43,Linear,routed_expert,4988928
backbone.layers.43.mixer.experts.38.act_fn,43,ReLUSquaredActivation,routed_expert,0
backbone.layers.43.mixer.experts.39,43,NemotronHMLP,routed_expert,0
backbone.layers.43.mixer.experts.39.up_proj,43,Linear,routed_expert,4988928
backbone.layers.43.mixer.experts.39.down_proj,43,Linear,routed_expert,4988928
backbone.layers.43.mixer.experts.39.act_fn,43,ReLUSquaredActivation,routed_expert,0
backbone.layers.43.mixer.experts.40,43,NemotronHMLP,routed_expert,0
backbone.layers.43.mixer.experts.40.up_proj,43,Linear,routed_expert,4988928
backbone.layers.43.mixer.experts.40.down_proj,43,Linear,routed_expert,4988928
backbone.layers.43.mixer.experts.40.act_fn,43,ReLUSquaredActivation,routed_expert,0
backbone.layers.43.mixer.experts.41,43,NemotronHMLP,routed_expert,0
backbone.layers.43.mixer.experts.41.up_proj,43,Linear,routed_expert,4988928
backbone.layers.43.mixer.experts.41.down_proj,43,Linear,routed_expert,4988928
backbone.layers.43.mixer.experts.41.act_fn,43,ReLUSquaredActivation,routed_expert,0
backbone.layers.43.mixer.experts.42,43,NemotronHMLP,routed_expert,0
backbone.layers.43.mixer.experts.42.up_proj,43,Linear,routed_expert,4988928
backbone.layers.43.mixer.experts.42.down_proj,43,Linear,routed_expert,4988928
backbone.layers.43.mixer.experts.42.act_fn,43,ReLUSquaredActivation,routed_expert,0
backbone.layers.43.mixer.experts.43,43,NemotronHMLP,routed_expert,0
backbone.layers.43.mixer.experts.43.up_proj,43,Linear,routed_expert,4988928
backbone.layers.43.mixer.experts.43.down_proj,43,Linear,routed_expert,4988928
backbone.layers.43.mixer.experts.43.act_fn,43,ReLUSquaredActivation,routed_expert,0
backbone.layers.43.mixer.experts.44,43,NemotronHMLP,routed_expert,0
backbone.layers.43.mixer.experts.44.up_proj,43,Linear,routed_expert,4988928
backbone.layers.43.mixer.experts.44.down_proj,43,Linear,routed_expert,4988928
backbone.layers.43.mixer.experts.44.act_fn,43,ReLUSquaredActivation,routed_expert,0
backbone.layers.43.mixer.experts.45,43,NemotronHMLP,routed_expert,0
backbone.layers.43.mixer.experts.45.up_proj,43,Linear,routed_expert,4988928
backbone.layers.43.mixer.experts.45.down_proj,43,Linear,routed_expert,4988928
backbone.layers.43.mixer.experts.45.act_fn,43,ReLUSquaredActivation,routed_expert,0
backbone.layers.43.mixer.experts.46,43,NemotronHMLP,routed_expert,0
backbone.layers.43.mixer.experts.46.up_proj,43,Linear,routed_expert,4988928
backbone.layers.43.mixer.experts.46.down_proj,43,Linear,routed_expert,4988928
backbone.layers.43.mixer.experts.46.act_fn,43,ReLUSquaredActivation,routed_expert,0
backbone.layers.43.mixer.experts.47,43,NemotronHMLP,routed_expert,0
backbone.layers.43.mixer.experts.47.up_proj,43,Linear,routed_expert,4988928
backbone.layers.43.mixer.experts.47.down_proj,43,Linear,routed_expert,4988928
backbone.layers.43.mixer.experts.47.act_fn,43,ReLUSquaredActivation,routed_expert,0
backbone.layers.43.mixer.experts.48,43,NemotronHMLP,routed_expert,0
backbone.layers.43.mixer.experts.48.up_proj,43,Linear,routed_expert,4988928
backbone.layers.43.mixer.experts.48.down_proj,43,Linear,routed_expert,4988928
backbone.layers.43.mixer.experts.48.act_fn,43,ReLUSquaredActivation,routed_expert,0
backbone.layers.43.mixer.experts.49,43,NemotronHMLP,routed_expert,0
backbone.layers.43.mixer.experts.49.up_proj,43,Linear,routed_expert,4988928
backbone.layers.43.mixer.experts.49.down_proj,43,Linear,routed_expert,4988928
backbone.layers.43.mixer.experts.49.act_fn,43,ReLUSquaredActivation,routed_expert,0
backbone.layers.43.mixer.experts.50,43,NemotronHMLP,routed_expert,0
backbone.layers.43.mixer.experts.50.up_proj,43,Linear,routed_expert,4988928
backbone.layers.43.mixer.experts.50.down_proj,43,Linear,routed_expert,4988928
backbone.layers.43.mixer.experts.50.act_fn,43,ReLUSquaredActivation,routed_expert,0
backbone.layers.43.mixer.experts.51,43,NemotronHMLP,routed_expert,0
backbone.layers.43.mixer.experts.51.up_proj,43,Linear,routed_expert,4988928
backbone.layers.43.mixer.experts.51.down_proj,43,Linear,routed_expert,4988928
backbone.layers.43.mixer.experts.51.act_fn,43,ReLUSquaredActivation,routed_expert,0
backbone.layers.43.mixer.experts.52,43,NemotronHMLP,routed_expert,0
backbone.layers.43.mixer.experts.52.up_proj,43,Linear,routed_expert,4988928
backbone.layers.43.mixer.experts.52.down_proj,43,Linear,routed_expert,4988928
backbone.layers.43.mixer.experts.52.act_fn,43,ReLUSquaredActivation,routed_expert,0
backbone.layers.43.mixer.experts.53,43,NemotronHMLP,routed_expert,0
backbone.layers.43.mixer.experts.53.up_proj,43,Linear,routed_expert,4988928
backbone.layers.43.mixer.experts.53.down_proj,43,Linear,routed_expert,4988928
backbone.layers.43.mixer.experts.53.act_fn,43,ReLUSquaredActivation,routed_expert,0
backbone.layers.43.mixer.experts.54,43,NemotronHMLP,routed_expert,0
backbone.layers.43.mixer.experts.54.up_proj,43,Linear,routed_expert,4988928
backbone.layers.43.mixer.experts.54.down_proj,43,Linear,routed_expert,4988928
backbone.layers.43.mixer.experts.54.act_fn,43,ReLUSquaredActivation,routed_expert,0
backbone.layers.43.mixer.experts.55,43,NemotronHMLP,routed_expert,0
backbone.layers.43.mixer.experts.55.up_proj,43,Linear,routed_expert,4988928
backbone.layers.43.mixer.experts.55.down_proj,43,Linear,routed_expert,4988928
backbone.layers.43.mixer.experts.55.act_fn,43,ReLUSquaredActivation,routed_expert,0
backbone.layers.43.mixer.experts.56,43,NemotronHMLP,routed_expert,0
backbone.layers.43.mixer.experts.56.up_proj,43,Linear,routed_expert,4988928
backbone.layers.43.mixer.experts.56.down_proj,43,Linear,routed_expert,4988928
backbone.layers.43.mixer.experts.56.act_fn,43,ReLUSquaredActivation,routed_expert,0
backbone.layers.43.mixer.experts.57,43,NemotronHMLP,routed_expert,0
backbone.layers.43.mixer.experts.57.up_proj,43,Linear,routed_expert,4988928
backbone.layers.43.mixer.experts.57.down_proj,43,Linear,routed_expert,4988928
backbone.layers.43.mixer.experts.57.act_fn,43,ReLUSquaredActivation,routed_expert,0
backbone.layers.43.mixer.experts.58,43,NemotronHMLP,routed_expert,0
backbone.layers.43.mixer.experts.58.up_proj,43,Linear,routed_expert,4988928
backbone.layers.43.mixer.experts.58.down_proj,43,Linear,routed_expert,4988928
backbone.layers.43.mixer.experts.58.act_fn,43,ReLUSquaredActivation,routed_expert,0
backbone.layers.43.mixer.experts.59,43,NemotronHMLP,routed_expert,0
backbone.layers.43.mixer.experts.59.up_proj,43,Linear,routed_expert,4988928
backbone.layers.43.mixer.experts.59.down_proj,43,Linear,routed_expert,4988928
backbone.layers.43.mixer.experts.59.act_fn,43,ReLUSquaredActivation,routed_expert,0
backbone.layers.43.mixer.experts.60,43,NemotronHMLP,routed_expert,0
backbone.layers.43.mixer.experts.60.up_proj,43,Linear,routed_expert,4988928
backbone.layers.43.mixer.experts.60.down_proj,43,Linear,routed_expert,4988928
backbone.layers.43.mixer.experts.60.act_fn,43,ReLUSquaredActivation,routed_expert,0
backbone.layers.43.mixer.experts.61,43,NemotronHMLP,routed_expert,0
backbone.layers.43.mixer.experts.61.up_proj,43,Linear,routed_expert,4988928
backbone.layers.43.mixer.experts.61.down_proj,43,Linear,routed_expert,4988928
backbone.layers.43.mixer.experts.61.act_fn,43,ReLUSquaredActivation,routed_expert,0
backbone.layers.43.mixer.experts.62,43,NemotronHMLP,routed_expert,0
backbone.layers.43.mixer.experts.62.up_proj,43,Linear,routed_expert,4988928
backbone.layers.43.mixer.experts.62.down_proj,43,Linear,routed_expert,4988928
backbone.layers.43.mixer.experts.62.act_fn,43,ReLUSquaredActivation,routed_expert,0
backbone.layers.43.mixer.experts.63,43,NemotronHMLP,routed_expert,0
backbone.layers.43.mixer.experts.63.up_proj,43,Linear,routed_expert,4988928
backbone.layers.43.mixer.experts.63.down_proj,43,Linear,routed_expert,4988928
backbone.layers.43.mixer.experts.63.act_fn,43,ReLUSquaredActivation,routed_expert,0
backbone.layers.43.mixer.experts.64,43,NemotronHMLP,routed_expert,0
backbone.layers.43.mixer.experts.64.up_proj,43,Linear,routed_expert,4988928
backbone.layers.43.mixer.experts.64.down_proj,43,Linear,routed_expert,4988928
backbone.layers.43.mixer.experts.64.act_fn,43,ReLUSquaredActivation,routed_expert,0
backbone.layers.43.mixer.experts.65,43,NemotronHMLP,routed_expert,0
backbone.layers.43.mixer.experts.65.up_proj,43,Linear,routed_expert,4988928
backbone.layers.43.mixer.experts.65.down_proj,43,Linear,routed_expert,4988928
backbone.layers.43.mixer.experts.65.act_fn,43,ReLUSquaredActivation,routed_expert,0
backbone.layers.43.mixer.experts.66,43,NemotronHMLP,routed_expert,0
backbone.layers.43.mixer.experts.66.up_proj,43,Linear,routed_expert,4988928
backbone.layers.43.mixer.experts.66.down_proj,43,Linear,routed_expert,4988928
backbone.layers.43.mixer.experts.66.act_fn,43,ReLUSquaredActivation,routed_expert,0
backbone.layers.43.mixer.experts.67,43,NemotronHMLP,routed_expert,0
backbone.layers.43.mixer.experts.67.up_proj,43,Linear,routed_expert,4988928
backbone.layers.43.mixer.experts.67.down_proj,43,Linear,routed_expert,4988928
backbone.layers.43.mixer.experts.67.act_fn,43,ReLUSquaredActivation,routed_expert,0
backbone.layers.43.mixer.experts.68,43,NemotronHMLP,routed_expert,0
backbone.layers.43.mixer.experts.68.up_proj,43,Linear,routed_expert,4988928
backbone.layers.43.mixer.experts.68.down_proj,43,Linear,routed_expert,4988928
backbone.layers.43.mixer.experts.68.act_fn,43,ReLUSquaredActivation,routed_expert,0
backbone.layers.43.mixer.experts.69,43,NemotronHMLP,routed_expert,0
backbone.layers.43.mixer.experts.69.up_proj,43,Linear,routed_expert,4988928
backbone.layers.43.mixer.experts.69.down_proj,43,Linear,routed_expert,4988928
backbone.layers.43.mixer.experts.69.act_fn,43,ReLUSquaredActivation,routed_expert,0
backbone.layers.43.mixer.experts.70,43,NemotronHMLP,routed_expert,0
backbone.layers.43.mixer.experts.70.up_proj,43,Linear,routed_expert,4988928
backbone.layers.43.mixer.experts.70.down_proj,43,Linear,routed_expert,4988928
backbone.layers.43.mixer.experts.70.act_fn,43,ReLUSquaredActivation,routed_expert,0
backbone.layers.43.mixer.experts.71,43,NemotronHMLP,routed_expert,0
backbone.layers.43.mixer.experts.71.up_proj,43,Linear,routed_expert,4988928
backbone.layers.43.mixer.experts.71.down_proj,43,Linear,routed_expert,4988928
backbone.layers.43.mixer.experts.71.act_fn,43,ReLUSquaredActivation,routed_expert,0
backbone.layers.43.mixer.experts.72,43,NemotronHMLP,routed_expert,0
backbone.layers.43.mixer.experts.72.up_proj,43,Linear,routed_expert,4988928
backbone.layers.43.mixer.experts.72.down_proj,43,Linear,routed_expert,4988928
backbone.layers.43.mixer.experts.72.act_fn,43,ReLUSquaredActivation,routed_expert,0
backbone.layers.43.mixer.experts.73,43,NemotronHMLP,routed_expert,0
backbone.layers.43.mixer.experts.73.up_proj,43,Linear,routed_expert,4988928
backbone.layers.43.mixer.experts.73.down_proj,43,Linear,routed_expert,4988928
backbone.layers.43.mixer.experts.73.act_fn,43,ReLUSquaredActivation,routed_expert,0
backbone.layers.43.mixer.experts.74,43,NemotronHMLP,routed_expert,0
backbone.layers.43.mixer.experts.74.up_proj,43,Linear,routed_expert,4988928
backbone.layers.43.mixer.experts.74.down_proj,43,Linear,routed_expert,4988928
backbone.layers.43.mixer.experts.74.act_fn,43,ReLUSquaredActivation,routed_expert,0
backbone.layers.43.mixer.experts.75,43,NemotronHMLP,routed_expert,0
backbone.layers.43.mixer.experts.75.up_proj,43,Linear,routed_expert,4988928
backbone.layers.43.mixer.experts.75.down_proj,43,Linear,routed_expert,4988928
backbone.layers.43.mixer.experts.75.act_fn,43,ReLUSquaredActivation,routed_expert,0
backbone.layers.43.mixer.experts.76,43,NemotronHMLP,routed_expert,0
backbone.layers.43.mixer.experts.76.up_proj,43,Linear,routed_expert,4988928
backbone.layers.43.mixer.experts.76.down_proj,43,Linear,routed_expert,4988928
backbone.layers.43.mixer.experts.76.act_fn,43,ReLUSquaredActivation,routed_expert,0
backbone.layers.43.mixer.experts.77,43,NemotronHMLP,routed_expert,0
backbone.layers.43.mixer.experts.77.up_proj,43,Linear,routed_expert,4988928
backbone.layers.43.mixer.experts.77.down_proj,43,Linear,routed_expert,4988928
backbone.layers.43.mixer.experts.77.act_fn,43,ReLUSquaredActivation,routed_expert,0
backbone.layers.43.mixer.experts.78,43,NemotronHMLP,routed_expert,0
backbone.layers.43.mixer.experts.78.up_proj,43,Linear,routed_expert,4988928
backbone.layers.43.mixer.experts.78.down_proj,43,Linear,routed_expert,4988928
backbone.layers.43.mixer.experts.78.act_fn,43,ReLUSquaredActivation,routed_expert,0
backbone.layers.43.mixer.experts.79,43,NemotronHMLP,routed_expert,0
backbone.layers.43.mixer.experts.79.up_proj,43,Linear,routed_expert,4988928
backbone.layers.43.mixer.experts.79.down_proj,43,Linear,routed_expert,4988928
backbone.layers.43.mixer.experts.79.act_fn,43,ReLUSquaredActivation,routed_expert,0
backbone.layers.43.mixer.experts.80,43,NemotronHMLP,routed_expert,0
backbone.layers.43.mixer.experts.80.up_proj,43,Linear,routed_expert,4988928
backbone.layers.43.mixer.experts.80.down_proj,43,Linear,routed_expert,4988928
backbone.layers.43.mixer.experts.80.act_fn,43,ReLUSquaredActivation,routed_expert,0
backbone.layers.43.mixer.experts.81,43,NemotronHMLP,routed_expert,0
backbone.layers.43.mixer.experts.81.up_proj,43,Linear,routed_expert,4988928
backbone.layers.43.mixer.experts.81.down_proj,43,Linear,routed_expert,4988928
backbone.layers.43.mixer.experts.81.act_fn,43,ReLUSquaredActivation,routed_expert,0
backbone.layers.43.mixer.experts.82,43,NemotronHMLP,routed_expert,0
backbone.layers.43.mixer.experts.82.up_proj,43,Linear,routed_expert,4988928
backbone.layers.43.mixer.experts.82.down_proj,43,Linear,routed_expert,4988928
backbone.layers.43.mixer.experts.82.act_fn,43,ReLUSquaredActivation,routed_expert,0
backbone.layers.43.mixer.experts.83,43,NemotronHMLP,routed_expert,0
backbone.layers.43.mixer.experts.83.up_proj,43,Linear,routed_expert,4988928
backbone.layers.43.mixer.experts.83.down_proj,43,Linear,routed_expert,4988928
backbone.layers.43.mixer.experts.83.act_fn,43,ReLUSquaredActivation,routed_expert,0
backbone.layers.43.mixer.experts.84,43,NemotronHMLP,routed_expert,0
backbone.layers.43.mixer.experts.84.up_proj,43,Linear,routed_expert,4988928
backbone.layers.43.mixer.experts.84.down_proj,43,Linear,routed_expert,4988928
backbone.layers.43.mixer.experts.84.act_fn,43,ReLUSquaredActivation,routed_expert,0
backbone.layers.43.mixer.experts.85,43,NemotronHMLP,routed_expert,0
backbone.layers.43.mixer.experts.85.up_proj,43,Linear,routed_expert,4988928
backbone.layers.43.mixer.experts.85.down_proj,43,Linear,routed_expert,4988928
backbone.layers.43.mixer.experts.85.act_fn,43,ReLUSquaredActivation,routed_expert,0
backbone.layers.43.mixer.experts.86,43,NemotronHMLP,routed_expert,0
backbone.layers.43.mixer.experts.86.up_proj,43,Linear,routed_expert,4988928
backbone.layers.43.mixer.experts.86.down_proj,43,Linear,routed_expert,4988928
backbone.layers.43.mixer.experts.86.act_fn,43,ReLUSquaredActivation,routed_expert,0
backbone.layers.43.mixer.experts.87,43,NemotronHMLP,routed_expert,0
backbone.layers.43.mixer.experts.87.up_proj,43,Linear,routed_expert,4988928
backbone.layers.43.mixer.experts.87.down_proj,43,Linear,routed_expert,4988928
backbone.layers.43.mixer.experts.87.act_fn,43,ReLUSquaredActivation,routed_expert,0
backbone.layers.43.mixer.experts.88,43,NemotronHMLP,routed_expert,0
backbone.layers.43.mixer.experts.88.up_proj,43,Linear,routed_expert,4988928
backbone.layers.43.mixer.experts.88.down_proj,43,Linear,routed_expert,4988928
backbone.layers.43.mixer.experts.88.act_fn,43,ReLUSquaredActivation,routed_expert,0
backbone.layers.43.mixer.experts.89,43,NemotronHMLP,routed_expert,0
backbone.layers.43.mixer.experts.89.up_proj,43,Linear,routed_expert,4988928
backbone.layers.43.mixer.experts.89.down_proj,43,Linear,routed_expert,4988928
backbone.layers.43.mixer.experts.89.act_fn,43,ReLUSquaredActivation,routed_expert,0
backbone.layers.43.mixer.experts.90,43,NemotronHMLP,routed_expert,0
backbone.layers.43.mixer.experts.90.up_proj,43,Linear,routed_expert,4988928
backbone.layers.43.mixer.experts.90.down_proj,43,Linear,routed_expert,4988928
backbone.layers.43.mixer.experts.90.act_fn,43,ReLUSquaredActivation,routed_expert,0
backbone.layers.43.mixer.experts.91,43,NemotronHMLP,routed_expert,0
backbone.layers.43.mixer.experts.91.up_proj,43,Linear,routed_expert,4988928
backbone.layers.43.mixer.experts.91.down_proj,43,Linear,routed_expert,4988928
backbone.layers.43.mixer.experts.91.act_fn,43,ReLUSquaredActivation,routed_expert,0
backbone.layers.43.mixer.experts.92,43,NemotronHMLP,routed_expert,0
backbone.layers.43.mixer.experts.92.up_proj,43,Linear,routed_expert,4988928
backbone.layers.43.mixer.experts.92.down_proj,43,Linear,routed_expert,4988928
backbone.layers.43.mixer.experts.92.act_fn,43,ReLUSquaredActivation,routed_expert,0
backbone.layers.43.mixer.experts.93,43,NemotronHMLP,routed_expert,0
backbone.layers.43.mixer.experts.93.up_proj,43,Linear,routed_expert,4988928
backbone.layers.43.mixer.experts.93.down_proj,43,Linear,routed_expert,4988928
backbone.layers.43.mixer.experts.93.act_fn,43,ReLUSquaredActivation,routed_expert,0
backbone.layers.43.mixer.experts.94,43,NemotronHMLP,routed_expert,0
backbone.layers.43.mixer.experts.94.up_proj,43,Linear,routed_expert,4988928
backbone.layers.43.mixer.experts.94.down_proj,43,Linear,routed_expert,4988928
backbone.layers.43.mixer.experts.94.act_fn,43,ReLUSquaredActivation,routed_expert,0
backbone.layers.43.mixer.experts.95,43,NemotronHMLP,routed_expert,0
backbone.layers.43.mixer.experts.95.up_proj,43,Linear,routed_expert,4988928
backbone.layers.43.mixer.experts.95.down_proj,43,Linear,routed_expert,4988928
backbone.layers.43.mixer.experts.95.act_fn,43,ReLUSquaredActivation,routed_expert,0
backbone.layers.43.mixer.experts.96,43,NemotronHMLP,routed_expert,0
backbone.layers.43.mixer.experts.96.up_proj,43,Linear,routed_expert,4988928
backbone.layers.43.mixer.experts.96.down_proj,43,Linear,routed_expert,4988928
backbone.layers.43.mixer.experts.96.act_fn,43,ReLUSquaredActivation,routed_expert,0
backbone.layers.43.mixer.experts.97,43,NemotronHMLP,routed_expert,0
backbone.layers.43.mixer.experts.97.up_proj,43,Linear,routed_expert,4988928
backbone.layers.43.mixer.experts.97.down_proj,43,Linear,routed_expert,4988928
backbone.layers.43.mixer.experts.97.act_fn,43,ReLUSquaredActivation,routed_expert,0
backbone.layers.43.mixer.experts.98,43,NemotronHMLP,routed_expert,0
backbone.layers.43.mixer.experts.98.up_proj,43,Linear,routed_expert,4988928
backbone.layers.43.mixer.experts.98.down_proj,43,Linear,routed_expert,4988928
backbone.layers.43.mixer.experts.98.act_fn,43,ReLUSquaredActivation,routed_expert,0
backbone.layers.43.mixer.experts.99,43,NemotronHMLP,routed_expert,0
backbone.layers.43.mixer.experts.99.up_proj,43,Linear,routed_expert,4988928
backbone.layers.43.mixer.experts.99.down_proj,43,Linear,routed_expert,4988928
backbone.layers.43.mixer.experts.99.act_fn,43,ReLUSquaredActivation,routed_expert,0
backbone.layers.43.mixer.experts.100,43,NemotronHMLP,routed_expert,0
backbone.layers.43.mixer.experts.100.up_proj,43,Linear,routed_expert,4988928
backbone.layers.43.mixer.experts.100.down_proj,43,Linear,routed_expert,4988928
backbone.layers.43.mixer.experts.100.act_fn,43,ReLUSquaredActivation,routed_expert,0
backbone.layers.43.mixer.experts.101,43,NemotronHMLP,routed_expert,0
backbone.layers.43.mixer.experts.101.up_proj,43,Linear,routed_expert,4988928
backbone.layers.43.mixer.experts.101.down_proj,43,Linear,routed_expert,4988928
backbone.layers.43.mixer.experts.101.act_fn,43,ReLUSquaredActivation,routed_expert,0
backbone.layers.43.mixer.experts.102,43,NemotronHMLP,routed_expert,0
backbone.layers.43.mixer.experts.102.up_proj,43,Linear,routed_expert,4988928
backbone.layers.43.mixer.experts.102.down_proj,43,Linear,routed_expert,4988928
backbone.layers.43.mixer.experts.102.act_fn,43,ReLUSquaredActivation,routed_expert,0
backbone.layers.43.mixer.experts.103,43,NemotronHMLP,routed_expert,0
backbone.layers.43.mixer.experts.103.up_proj,43,Linear,routed_expert,4988928
backbone.layers.43.mixer.experts.103.down_proj,43,Linear,routed_expert,4988928
backbone.layers.43.mixer.experts.103.act_fn,43,ReLUSquaredActivation,routed_expert,0
backbone.layers.43.mixer.experts.104,43,NemotronHMLP,routed_expert,0
backbone.layers.43.mixer.experts.104.up_proj,43,Linear,routed_expert,4988928
backbone.layers.43.mixer.experts.104.down_proj,43,Linear,routed_expert,4988928
backbone.layers.43.mixer.experts.104.act_fn,43,ReLUSquaredActivation,routed_expert,0
backbone.layers.43.mixer.experts.105,43,NemotronHMLP,routed_expert,0
backbone.layers.43.mixer.experts.105.up_proj,43,Linear,routed_expert,4988928
backbone.layers.43.mixer.experts.105.down_proj,43,Linear,routed_expert,4988928
backbone.layers.43.mixer.experts.105.act_fn,43,ReLUSquaredActivation,routed_expert,0
backbone.layers.43.mixer.experts.106,43,NemotronHMLP,routed_expert,0
backbone.layers.43.mixer.experts.106.up_proj,43,Linear,routed_expert,4988928
backbone.layers.43.mixer.experts.106.down_proj,43,Linear,routed_expert,4988928
backbone.layers.43.mixer.experts.106.act_fn,43,ReLUSquaredActivation,routed_expert,0
backbone.layers.43.mixer.experts.107,43,NemotronHMLP,routed_expert,0
backbone.layers.43.mixer.experts.107.up_proj,43,Linear,routed_expert,4988928
backbone.layers.43.mixer.experts.107.down_proj,43,Linear,routed_expert,4988928
backbone.layers.43.mixer.experts.107.act_fn,43,ReLUSquaredActivation,routed_expert,0
backbone.layers.43.mixer.experts.108,43,NemotronHMLP,routed_expert,0
backbone.layers.43.mixer.experts.108.up_proj,43,Linear,routed_expert,4988928
backbone.layers.43.mixer.experts.108.down_proj,43,Linear,routed_expert,4988928
backbone.layers.43.mixer.experts.108.act_fn,43,ReLUSquaredActivation,routed_expert,0
backbone.layers.43.mixer.experts.109,43,NemotronHMLP,routed_expert,0
backbone.layers.43.mixer.experts.109.up_proj,43,Linear,routed_expert,4988928
backbone.layers.43.mixer.experts.109.down_proj,43,Linear,routed_expert,4988928
backbone.layers.43.mixer.experts.109.act_fn,43,ReLUSquaredActivation,routed_expert,0
backbone.layers.43.mixer.experts.110,43,NemotronHMLP,routed_expert,0
backbone.layers.43.mixer.experts.110.up_proj,43,Linear,routed_expert,4988928
backbone.layers.43.mixer.experts.110.down_proj,43,Linear,routed_expert,4988928
backbone.layers.43.mixer.experts.110.act_fn,43,ReLUSquaredActivation,routed_expert,0
backbone.layers.43.mixer.experts.111,43,NemotronHMLP,routed_expert,0
backbone.layers.43.mixer.experts.111.up_proj,43,Linear,routed_expert,4988928
backbone.layers.43.mixer.experts.111.down_proj,43,Linear,routed_expert,4988928
backbone.layers.43.mixer.experts.111.act_fn,43,ReLUSquaredActivation,routed_expert,0
backbone.layers.43.mixer.experts.112,43,NemotronHMLP,routed_expert,0
backbone.layers.43.mixer.experts.112.up_proj,43,Linear,routed_expert,4988928
backbone.layers.43.mixer.experts.112.down_proj,43,Linear,routed_expert,4988928
backbone.layers.43.mixer.experts.112.act_fn,43,ReLUSquaredActivation,routed_expert,0
backbone.layers.43.mixer.experts.113,43,NemotronHMLP,routed_expert,0
backbone.layers.43.mixer.experts.113.up_proj,43,Linear,routed_expert,4988928
backbone.layers.43.mixer.experts.113.down_proj,43,Linear,routed_expert,4988928
backbone.layers.43.mixer.experts.113.act_fn,43,ReLUSquaredActivation,routed_expert,0
backbone.layers.43.mixer.experts.114,43,NemotronHMLP,routed_expert,0
backbone.layers.43.mixer.experts.114.up_proj,43,Linear,routed_expert,4988928
backbone.layers.43.mixer.experts.114.down_proj,43,Linear,routed_expert,4988928
backbone.layers.43.mixer.experts.114.act_fn,43,ReLUSquaredActivation,routed_expert,0
backbone.layers.43.mixer.experts.115,43,NemotronHMLP,routed_expert,0
backbone.layers.43.mixer.experts.115.up_proj,43,Linear,routed_expert,4988928
backbone.layers.43.mixer.experts.115.down_proj,43,Linear,routed_expert,4988928
backbone.layers.43.mixer.experts.115.act_fn,43,ReLUSquaredActivation,routed_expert,0
backbone.layers.43.mixer.experts.116,43,NemotronHMLP,routed_expert,0
backbone.layers.43.mixer.experts.116.up_proj,43,Linear,routed_expert,4988928
backbone.layers.43.mixer.experts.116.down_proj,43,Linear,routed_expert,4988928
backbone.layers.43.mixer.experts.116.act_fn,43,ReLUSquaredActivation,routed_expert,0
backbone.layers.43.mixer.experts.117,43,NemotronHMLP,routed_expert,0
backbone.layers.43.mixer.experts.117.up_proj,43,Linear,routed_expert,4988928
backbone.layers.43.mixer.experts.117.down_proj,43,Linear,routed_expert,4988928
backbone.layers.43.mixer.experts.117.act_fn,43,ReLUSquaredActivation,routed_expert,0
backbone.layers.43.mixer.experts.118,43,NemotronHMLP,routed_expert,0
backbone.layers.43.mixer.experts.118.up_proj,43,Linear,routed_expert,4988928
backbone.layers.43.mixer.experts.118.down_proj,43,Linear,routed_expert,4988928
backbone.layers.43.mixer.experts.118.act_fn,43,ReLUSquaredActivation,routed_expert,0
backbone.layers.43.mixer.experts.119,43,NemotronHMLP,routed_expert,0
backbone.layers.43.mixer.experts.119.up_proj,43,Linear,routed_expert,4988928
backbone.layers.43.mixer.experts.119.down_proj,43,Linear,routed_expert,4988928
backbone.layers.43.mixer.experts.119.act_fn,43,ReLUSquaredActivation,routed_expert,0
backbone.layers.43.mixer.experts.120,43,NemotronHMLP,routed_expert,0
backbone.layers.43.mixer.experts.120.up_proj,43,Linear,routed_expert,4988928
backbone.layers.43.mixer.experts.120.down_proj,43,Linear,routed_expert,4988928
backbone.layers.43.mixer.experts.120.act_fn,43,ReLUSquaredActivation,routed_expert,0
backbone.layers.43.mixer.experts.121,43,NemotronHMLP,routed_expert,0
backbone.layers.43.mixer.experts.121.up_proj,43,Linear,routed_expert,4988928
backbone.layers.43.mixer.experts.121.down_proj,43,Linear,routed_expert,4988928
backbone.layers.43.mixer.experts.121.act_fn,43,ReLUSquaredActivation,routed_expert,0
backbone.layers.43.mixer.experts.122,43,NemotronHMLP,routed_expert,0
backbone.layers.43.mixer.experts.122.up_proj,43,Linear,routed_expert,4988928
backbone.layers.43.mixer.experts.122.down_proj,43,Linear,routed_expert,4988928
backbone.layers.43.mixer.experts.122.act_fn,43,ReLUSquaredActivation,routed_expert,0
backbone.layers.43.mixer.experts.123,43,NemotronHMLP,routed_expert,0
backbone.layers.43.mixer.experts.123.up_proj,43,Linear,routed_expert,4988928
backbone.layers.43.mixer.experts.123.down_proj,43,Linear,routed_expert,4988928
backbone.layers.43.mixer.experts.123.act_fn,43,ReLUSquaredActivation,routed_expert,0
backbone.layers.43.mixer.experts.124,43,NemotronHMLP,routed_expert,0
backbone.layers.43.mixer.experts.124.up_proj,43,Linear,routed_expert,4988928
backbone.layers.43.mixer.experts.124.down_proj,43,Linear,routed_expert,4988928
backbone.layers.43.mixer.experts.124.act_fn,43,ReLUSquaredActivation,routed_expert,0
backbone.layers.43.mixer.experts.125,43,NemotronHMLP,routed_expert,0
backbone.layers.43.mixer.experts.125.up_proj,43,Linear,routed_expert,4988928
backbone.layers.43.mixer.experts.125.down_proj,43,Linear,routed_expert,4988928
backbone.layers.43.mixer.experts.125.act_fn,43,ReLUSquaredActivation,routed_expert,0
backbone.layers.43.mixer.experts.126,43,NemotronHMLP,routed_expert,0
backbone.layers.43.mixer.experts.126.up_proj,43,Linear,routed_expert,4988928
backbone.layers.43.mixer.experts.126.down_proj,43,Linear,routed_expert,4988928
backbone.layers.43.mixer.experts.126.act_fn,43,ReLUSquaredActivation,routed_expert,0
backbone.layers.43.mixer.experts.127,43,NemotronHMLP,routed_expert,0
backbone.layers.43.mixer.experts.127.up_proj,43,Linear,routed_expert,4988928
backbone.layers.43.mixer.experts.127.down_proj,43,Linear,routed_expert,4988928
backbone.layers.43.mixer.experts.127.act_fn,43,ReLUSquaredActivation,routed_expert,0
backbone.layers.43.mixer.gate,43,NemotronHTopkRouter,router,344064
backbone.layers.43.mixer.shared_experts,43,NemotronHMLP,other,0
backbone.layers.43.mixer.shared_experts.up_proj,43,Linear,shared_expert,9977856
backbone.layers.43.mixer.shared_experts.down_proj,43,Linear,shared_expert,9977856
backbone.layers.43.mixer.shared_experts.act_fn,43,ReLUSquaredActivation,shared_expert,0
backbone.layers.44,44,NemotronHBlock,other,0
backbone.layers.44.norm,44,NemotronHRMSNorm,other,2688
backbone.layers.44.mixer,44,NemotronHMamba2Mixer,mamba,192
backbone.layers.44.mixer.act,44,SiLUActivation,other,0
backbone.layers.44.mixer.conv1d,44,Conv1d,other,30720
backbone.layers.44.mixer.in_proj,44,Linear,mamba_projection,27697152
backbone.layers.44.mixer.norm,44,MambaRMSNormGated,mamba,4096
backbone.layers.44.mixer.out_proj,44,Linear,mamba_projection,11010048
backbone.layers.45,45,NemotronHBlock,other,0
backbone.layers.45.norm,45,NemotronHRMSNorm,other,2688
backbone.layers.45.mixer,45,NemotronHMOE,moe,0
backbone.layers.45.mixer.experts,45,ModuleList,other,0
backbone.layers.45.mixer.experts.0,45,NemotronHMLP,routed_expert,0
backbone.layers.45.mixer.experts.0.up_proj,45,Linear,routed_expert,4988928
backbone.layers.45.mixer.experts.0.down_proj,45,Linear,routed_expert,4988928
backbone.layers.45.mixer.experts.0.act_fn,45,ReLUSquaredActivation,routed_expert,0
backbone.layers.45.mixer.experts.1,45,NemotronHMLP,routed_expert,0
backbone.layers.45.mixer.experts.1.up_proj,45,Linear,routed_expert,4988928
backbone.layers.45.mixer.experts.1.down_proj,45,Linear,routed_expert,4988928
backbone.layers.45.mixer.experts.1.act_fn,45,ReLUSquaredActivation,routed_expert,0
backbone.layers.45.mixer.experts.2,45,NemotronHMLP,routed_expert,0
backbone.layers.45.mixer.experts.2.up_proj,45,Linear,routed_expert,4988928
backbone.layers.45.mixer.experts.2.down_proj,45,Linear,routed_expert,4988928
backbone.layers.45.mixer.experts.2.act_fn,45,ReLUSquaredActivation,routed_expert,0
backbone.layers.45.mixer.experts.3,45,NemotronHMLP,routed_expert,0
backbone.layers.45.mixer.experts.3.up_proj,45,Linear,routed_expert,4988928
backbone.layers.45.mixer.experts.3.down_proj,45,Linear,routed_expert,4988928
backbone.layers.45.mixer.experts.3.act_fn,45,ReLUSquaredActivation,routed_expert,0
backbone.layers.45.mixer.experts.4,45,NemotronHMLP,routed_expert,0
backbone.layers.45.mixer.experts.4.up_proj,45,Linear,routed_expert,4988928
backbone.layers.45.mixer.experts.4.down_proj,45,Linear,routed_expert,4988928
backbone.layers.45.mixer.experts.4.act_fn,45,ReLUSquaredActivation,routed_expert,0
backbone.layers.45.mixer.experts.5,45,NemotronHMLP,routed_expert,0
backbone.layers.45.mixer.experts.5.up_proj,45,Linear,routed_expert,4988928
backbone.layers.45.mixer.experts.5.down_proj,45,Linear,routed_expert,4988928
backbone.layers.45.mixer.experts.5.act_fn,45,ReLUSquaredActivation,routed_expert,0
backbone.layers.45.mixer.experts.6,45,NemotronHMLP,routed_expert,0
backbone.layers.45.mixer.experts.6.up_proj,45,Linear,routed_expert,4988928
backbone.layers.45.mixer.experts.6.down_proj,45,Linear,routed_expert,4988928
backbone.layers.45.mixer.experts.6.act_fn,45,ReLUSquaredActivation,routed_expert,0
backbone.layers.45.mixer.experts.7,45,NemotronHMLP,routed_expert,0
backbone.layers.45.mixer.experts.7.up_proj,45,Linear,routed_expert,4988928
backbone.layers.45.mixer.experts.7.down_proj,45,Linear,routed_expert,4988928
backbone.layers.45.mixer.experts.7.act_fn,45,ReLUSquaredActivation,routed_expert,0
backbone.layers.45.mixer.experts.8,45,NemotronHMLP,routed_expert,0
backbone.layers.45.mixer.experts.8.up_proj,45,Linear,routed_expert,4988928
backbone.layers.45.mixer.experts.8.down_proj,45,Linear,routed_expert,4988928
backbone.layers.45.mixer.experts.8.act_fn,45,ReLUSquaredActivation,routed_expert,0
backbone.layers.45.mixer.experts.9,45,NemotronHMLP,routed_expert,0
backbone.layers.45.mixer.experts.9.up_proj,45,Linear,routed_expert,4988928
backbone.layers.45.mixer.experts.9.down_proj,45,Linear,routed_expert,4988928
backbone.layers.45.mixer.experts.9.act_fn,45,ReLUSquaredActivation,routed_expert,0
backbone.layers.45.mixer.experts.10,45,NemotronHMLP,routed_expert,0
backbone.layers.45.mixer.experts.10.up_proj,45,Linear,routed_expert,4988928
backbone.layers.45.mixer.experts.10.down_proj,45,Linear,routed_expert,4988928
backbone.layers.45.mixer.experts.10.act_fn,45,ReLUSquaredActivation,routed_expert,0
backbone.layers.45.mixer.experts.11,45,NemotronHMLP,routed_expert,0
backbone.layers.45.mixer.experts.11.up_proj,45,Linear,routed_expert,4988928
backbone.layers.45.mixer.experts.11.down_proj,45,Linear,routed_expert,4988928
backbone.layers.45.mixer.experts.11.act_fn,45,ReLUSquaredActivation,routed_expert,0
backbone.layers.45.mixer.experts.12,45,NemotronHMLP,routed_expert,0
backbone.layers.45.mixer.experts.12.up_proj,45,Linear,routed_expert,4988928
backbone.layers.45.mixer.experts.12.down_proj,45,Linear,routed_expert,4988928
backbone.layers.45.mixer.experts.12.act_fn,45,ReLUSquaredActivation,routed_expert,0
backbone.layers.45.mixer.experts.13,45,NemotronHMLP,routed_expert,0
backbone.layers.45.mixer.experts.13.up_proj,45,Linear,routed_expert,4988928
backbone.layers.45.mixer.experts.13.down_proj,45,Linear,routed_expert,4988928
backbone.layers.45.mixer.experts.13.act_fn,45,ReLUSquaredActivation,routed_expert,0
backbone.layers.45.mixer.experts.14,45,NemotronHMLP,routed_expert,0
backbone.layers.45.mixer.experts.14.up_proj,45,Linear,routed_expert,4988928
backbone.layers.45.mixer.experts.14.down_proj,45,Linear,routed_expert,4988928
backbone.layers.45.mixer.experts.14.act_fn,45,ReLUSquaredActivation,routed_expert,0
backbone.layers.45.mixer.experts.15,45,NemotronHMLP,routed_expert,0
backbone.layers.45.mixer.experts.15.up_proj,45,Linear,routed_expert,4988928
backbone.layers.45.mixer.experts.15.down_proj,45,Linear,routed_expert,4988928
backbone.layers.45.mixer.experts.15.act_fn,45,ReLUSquaredActivation,routed_expert,0
backbone.layers.45.mixer.experts.16,45,NemotronHMLP,routed_expert,0
backbone.layers.45.mixer.experts.16.up_proj,45,Linear,routed_expert,4988928
backbone.layers.45.mixer.experts.16.down_proj,45,Linear,routed_expert,4988928
backbone.layers.45.mixer.experts.16.act_fn,45,ReLUSquaredActivation,routed_expert,0
backbone.layers.45.mixer.experts.17,45,NemotronHMLP,routed_expert,0
backbone.layers.45.mixer.experts.17.up_proj,45,Linear,routed_expert,4988928
backbone.layers.45.mixer.experts.17.down_proj,45,Linear,routed_expert,4988928
backbone.layers.45.mixer.experts.17.act_fn,45,ReLUSquaredActivation,routed_expert,0
backbone.layers.45.mixer.experts.18,45,NemotronHMLP,routed_expert,0
backbone.layers.45.mixer.experts.18.up_proj,45,Linear,routed_expert,4988928
backbone.layers.45.mixer.experts.18.down_proj,45,Linear,routed_expert,4988928
backbone.layers.45.mixer.experts.18.act_fn,45,ReLUSquaredActivation,routed_expert,0
backbone.layers.45.mixer.experts.19,45,NemotronHMLP,routed_expert,0
backbone.layers.45.mixer.experts.19.up_proj,45,Linear,routed_expert,4988928
backbone.layers.45.mixer.experts.19.down_proj,45,Linear,routed_expert,4988928
backbone.layers.45.mixer.experts.19.act_fn,45,ReLUSquaredActivation,routed_expert,0
backbone.layers.45.mixer.experts.20,45,NemotronHMLP,routed_expert,0
backbone.layers.45.mixer.experts.20.up_proj,45,Linear,routed_expert,4988928
backbone.layers.45.mixer.experts.20.down_proj,45,Linear,routed_expert,4988928
backbone.layers.45.mixer.experts.20.act_fn,45,ReLUSquaredActivation,routed_expert,0
backbone.layers.45.mixer.experts.21,45,NemotronHMLP,routed_expert,0
backbone.layers.45.mixer.experts.21.up_proj,45,Linear,routed_expert,4988928
backbone.layers.45.mixer.experts.21.down_proj,45,Linear,routed_expert,4988928
backbone.layers.45.mixer.experts.21.act_fn,45,ReLUSquaredActivation,routed_expert,0
backbone.layers.45.mixer.experts.22,45,NemotronHMLP,routed_expert,0
backbone.layers.45.mixer.experts.22.up_proj,45,Linear,routed_expert,4988928
backbone.layers.45.mixer.experts.22.down_proj,45,Linear,routed_expert,4988928
backbone.layers.45.mixer.experts.22.act_fn,45,ReLUSquaredActivation,routed_expert,0
backbone.layers.45.mixer.experts.23,45,NemotronHMLP,routed_expert,0
backbone.layers.45.mixer.experts.23.up_proj,45,Linear,routed_expert,4988928
backbone.layers.45.mixer.experts.23.down_proj,45,Linear,routed_expert,4988928
backbone.layers.45.mixer.experts.23.act_fn,45,ReLUSquaredActivation,routed_expert,0
backbone.layers.45.mixer.experts.24,45,NemotronHMLP,routed_expert,0
backbone.layers.45.mixer.experts.24.up_proj,45,Linear,routed_expert,4988928
backbone.layers.45.mixer.experts.24.down_proj,45,Linear,routed_expert,4988928
backbone.layers.45.mixer.experts.24.act_fn,45,ReLUSquaredActivation,routed_expert,0
backbone.layers.45.mixer.experts.25,45,NemotronHMLP,routed_expert,0
backbone.layers.45.mixer.experts.25.up_proj,45,Linear,routed_expert,4988928
backbone.layers.45.mixer.experts.25.down_proj,45,Linear,routed_expert,4988928
backbone.layers.45.mixer.experts.25.act_fn,45,ReLUSquaredActivation,routed_expert,0
backbone.layers.45.mixer.experts.26,45,NemotronHMLP,routed_expert,0
backbone.layers.45.mixer.experts.26.up_proj,45,Linear,routed_expert,4988928
backbone.layers.45.mixer.experts.26.down_proj,45,Linear,routed_expert,4988928
backbone.layers.45.mixer.experts.26.act_fn,45,ReLUSquaredActivation,routed_expert,0
backbone.layers.45.mixer.experts.27,45,NemotronHMLP,routed_expert,0
backbone.layers.45.mixer.experts.27.up_proj,45,Linear,routed_expert,4988928
backbone.layers.45.mixer.experts.27.down_proj,45,Linear,routed_expert,4988928
backbone.layers.45.mixer.experts.27.act_fn,45,ReLUSquaredActivation,routed_expert,0
backbone.layers.45.mixer.experts.28,45,NemotronHMLP,routed_expert,0
backbone.layers.45.mixer.experts.28.up_proj,45,Linear,routed_expert,4988928
backbone.layers.45.mixer.experts.28.down_proj,45,Linear,routed_expert,4988928
backbone.layers.45.mixer.experts.28.act_fn,45,ReLUSquaredActivation,routed_expert,0
backbone.layers.45.mixer.experts.29,45,NemotronHMLP,routed_expert,0
backbone.layers.45.mixer.experts.29.up_proj,45,Linear,routed_expert,4988928
backbone.layers.45.mixer.experts.29.down_proj,45,Linear,routed_expert,4988928
backbone.layers.45.mixer.experts.29.act_fn,45,ReLUSquaredActivation,routed_expert,0
backbone.layers.45.mixer.experts.30,45,NemotronHMLP,routed_expert,0
backbone.layers.45.mixer.experts.30.up_proj,45,Linear,routed_expert,4988928
backbone.layers.45.mixer.experts.30.down_proj,45,Linear,routed_expert,4988928
backbone.layers.45.mixer.experts.30.act_fn,45,ReLUSquaredActivation,routed_expert,0
backbone.layers.45.mixer.experts.31,45,NemotronHMLP,routed_expert,0
backbone.layers.45.mixer.experts.31.up_proj,45,Linear,routed_expert,4988928
backbone.layers.45.mixer.experts.31.down_proj,45,Linear,routed_expert,4988928
backbone.layers.45.mixer.experts.31.act_fn,45,ReLUSquaredActivation,routed_expert,0
backbone.layers.45.mixer.experts.32,45,NemotronHMLP,routed_expert,0
backbone.layers.45.mixer.experts.32.up_proj,45,Linear,routed_expert,4988928
backbone.layers.45.mixer.experts.32.down_proj,45,Linear,routed_expert,4988928
backbone.layers.45.mixer.experts.32.act_fn,45,ReLUSquaredActivation,routed_expert,0
backbone.layers.45.mixer.experts.33,45,NemotronHMLP,routed_expert,0
backbone.layers.45.mixer.experts.33.up_proj,45,Linear,routed_expert,4988928
backbone.layers.45.mixer.experts.33.down_proj,45,Linear,routed_expert,4988928
backbone.layers.45.mixer.experts.33.act_fn,45,ReLUSquaredActivation,routed_expert,0
backbone.layers.45.mixer.experts.34,45,NemotronHMLP,routed_expert,0
backbone.layers.45.mixer.experts.34.up_proj,45,Linear,routed_expert,4988928
backbone.layers.45.mixer.experts.34.down_proj,45,Linear,routed_expert,4988928
backbone.layers.45.mixer.experts.34.act_fn,45,ReLUSquaredActivation,routed_expert,0
backbone.layers.45.mixer.experts.35,45,NemotronHMLP,routed_expert,0
backbone.layers.45.mixer.experts.35.up_proj,45,Linear,routed_expert,4988928
backbone.layers.45.mixer.experts.35.down_proj,45,Linear,routed_expert,4988928
backbone.layers.45.mixer.experts.35.act_fn,45,ReLUSquaredActivation,routed_expert,0
backbone.layers.45.mixer.experts.36,45,NemotronHMLP,routed_expert,0
backbone.layers.45.mixer.experts.36.up_proj,45,Linear,routed_expert,4988928
backbone.layers.45.mixer.experts.36.down_proj,45,Linear,routed_expert,4988928
backbone.layers.45.mixer.experts.36.act_fn,45,ReLUSquaredActivation,routed_expert,0
backbone.layers.45.mixer.experts.37,45,NemotronHMLP,routed_expert,0
backbone.layers.45.mixer.experts.37.up_proj,45,Linear,routed_expert,4988928
backbone.layers.45.mixer.experts.37.down_proj,45,Linear,routed_expert,4988928
backbone.layers.45.mixer.experts.37.act_fn,45,ReLUSquaredActivation,routed_expert,0
backbone.layers.45.mixer.experts.38,45,NemotronHMLP,routed_expert,0
backbone.layers.45.mixer.experts.38.up_proj,45,Linear,routed_expert,4988928
backbone.layers.45.mixer.experts.38.down_proj,45,Linear,routed_expert,4988928
backbone.layers.45.mixer.experts.38.act_fn,45,ReLUSquaredActivation,routed_expert,0
backbone.layers.45.mixer.experts.39,45,NemotronHMLP,routed_expert,0
backbone.layers.45.mixer.experts.39.up_proj,45,Linear,routed_expert,4988928
backbone.layers.45.mixer.experts.39.down_proj,45,Linear,routed_expert,4988928
backbone.layers.45.mixer.experts.39.act_fn,45,ReLUSquaredActivation,routed_expert,0
backbone.layers.45.mixer.experts.40,45,NemotronHMLP,routed_expert,0
backbone.layers.45.mixer.experts.40.up_proj,45,Linear,routed_expert,4988928
backbone.layers.45.mixer.experts.40.down_proj,45,Linear,routed_expert,4988928
backbone.layers.45.mixer.experts.40.act_fn,45,ReLUSquaredActivation,routed_expert,0
backbone.layers.45.mixer.experts.41,45,NemotronHMLP,routed_expert,0
backbone.layers.45.mixer.experts.41.up_proj,45,Linear,routed_expert,4988928
backbone.layers.45.mixer.experts.41.down_proj,45,Linear,routed_expert,4988928
backbone.layers.45.mixer.experts.41.act_fn,45,ReLUSquaredActivation,routed_expert,0
backbone.layers.45.mixer.experts.42,45,NemotronHMLP,routed_expert,0
backbone.layers.45.mixer.experts.42.up_proj,45,Linear,routed_expert,4988928
backbone.layers.45.mixer.experts.42.down_proj,45,Linear,routed_expert,4988928
backbone.layers.45.mixer.experts.42.act_fn,45,ReLUSquaredActivation,routed_expert,0
backbone.layers.45.mixer.experts.43,45,NemotronHMLP,routed_expert,0
backbone.layers.45.mixer.experts.43.up_proj,45,Linear,routed_expert,4988928
backbone.layers.45.mixer.experts.43.down_proj,45,Linear,routed_expert,4988928
backbone.layers.45.mixer.experts.43.act_fn,45,ReLUSquaredActivation,routed_expert,0
backbone.layers.45.mixer.experts.44,45,NemotronHMLP,routed_expert,0
backbone.layers.45.mixer.experts.44.up_proj,45,Linear,routed_expert,4988928
backbone.layers.45.mixer.experts.44.down_proj,45,Linear,routed_expert,4988928
backbone.layers.45.mixer.experts.44.act_fn,45,ReLUSquaredActivation,routed_expert,0
backbone.layers.45.mixer.experts.45,45,NemotronHMLP,routed_expert,0
backbone.layers.45.mixer.experts.45.up_proj,45,Linear,routed_expert,4988928
backbone.layers.45.mixer.experts.45.down_proj,45,Linear,routed_expert,4988928
backbone.layers.45.mixer.experts.45.act_fn,45,ReLUSquaredActivation,routed_expert,0
backbone.layers.45.mixer.experts.46,45,NemotronHMLP,routed_expert,0
backbone.layers.45.mixer.experts.46.up_proj,45,Linear,routed_expert,4988928
backbone.layers.45.mixer.experts.46.down_proj,45,Linear,routed_expert,4988928
backbone.layers.45.mixer.experts.46.act_fn,45,ReLUSquaredActivation,routed_expert,0
backbone.layers.45.mixer.experts.47,45,NemotronHMLP,routed_expert,0
backbone.layers.45.mixer.experts.47.up_proj,45,Linear,routed_expert,4988928
backbone.layers.45.mixer.experts.47.down_proj,45,Linear,routed_expert,4988928
backbone.layers.45.mixer.experts.47.act_fn,45,ReLUSquaredActivation,routed_expert,0
backbone.layers.45.mixer.experts.48,45,NemotronHMLP,routed_expert,0
backbone.layers.45.mixer.experts.48.up_proj,45,Linear,routed_expert,4988928
backbone.layers.45.mixer.experts.48.down_proj,45,Linear,routed_expert,4988928
backbone.layers.45.mixer.experts.48.act_fn,45,ReLUSquaredActivation,routed_expert,0
backbone.layers.45.mixer.experts.49,45,NemotronHMLP,routed_expert,0
backbone.layers.45.mixer.experts.49.up_proj,45,Linear,routed_expert,4988928
backbone.layers.45.mixer.experts.49.down_proj,45,Linear,routed_expert,4988928
backbone.layers.45.mixer.experts.49.act_fn,45,ReLUSquaredActivation,routed_expert,0
backbone.layers.45.mixer.experts.50,45,NemotronHMLP,routed_expert,0
backbone.layers.45.mixer.experts.50.up_proj,45,Linear,routed_expert,4988928
backbone.layers.45.mixer.experts.50.down_proj,45,Linear,routed_expert,4988928
backbone.layers.45.mixer.experts.50.act_fn,45,ReLUSquaredActivation,routed_expert,0
backbone.layers.45.mixer.experts.51,45,NemotronHMLP,routed_expert,0
backbone.layers.45.mixer.experts.51.up_proj,45,Linear,routed_expert,4988928
backbone.layers.45.mixer.experts.51.down_proj,45,Linear,routed_expert,4988928
backbone.layers.45.mixer.experts.51.act_fn,45,ReLUSquaredActivation,routed_expert,0
backbone.layers.45.mixer.experts.52,45,NemotronHMLP,routed_expert,0
backbone.layers.45.mixer.experts.52.up_proj,45,Linear,routed_expert,4988928
backbone.layers.45.mixer.experts.52.down_proj,45,Linear,routed_expert,4988928
backbone.layers.45.mixer.experts.52.act_fn,45,ReLUSquaredActivation,routed_expert,0
backbone.layers.45.mixer.experts.53,45,NemotronHMLP,routed_expert,0
backbone.layers.45.mixer.experts.53.up_proj,45,Linear,routed_expert,4988928
backbone.layers.45.mixer.experts.53.down_proj,45,Linear,routed_expert,4988928
backbone.layers.45.mixer.experts.53.act_fn,45,ReLUSquaredActivation,routed_expert,0
backbone.layers.45.mixer.experts.54,45,NemotronHMLP,routed_expert,0
backbone.layers.45.mixer.experts.54.up_proj,45,Linear,routed_expert,4988928
backbone.layers.45.mixer.experts.54.down_proj,45,Linear,routed_expert,4988928
backbone.layers.45.mixer.experts.54.act_fn,45,ReLUSquaredActivation,routed_expert,0
backbone.layers.45.mixer.experts.55,45,NemotronHMLP,routed_expert,0
backbone.layers.45.mixer.experts.55.up_proj,45,Linear,routed_expert,4988928
backbone.layers.45.mixer.experts.55.down_proj,45,Linear,routed_expert,4988928
backbone.layers.45.mixer.experts.55.act_fn,45,ReLUSquaredActivation,routed_expert,0
backbone.layers.45.mixer.experts.56,45,NemotronHMLP,routed_expert,0
backbone.layers.45.mixer.experts.56.up_proj,45,Linear,routed_expert,4988928
backbone.layers.45.mixer.experts.56.down_proj,45,Linear,routed_expert,4988928
backbone.layers.45.mixer.experts.56.act_fn,45,ReLUSquaredActivation,routed_expert,0
backbone.layers.45.mixer.experts.57,45,NemotronHMLP,routed_expert,0
backbone.layers.45.mixer.experts.57.up_proj,45,Linear,routed_expert,4988928
backbone.layers.45.mixer.experts.57.down_proj,45,Linear,routed_expert,4988928
backbone.layers.45.mixer.experts.57.act_fn,45,ReLUSquaredActivation,routed_expert,0
backbone.layers.45.mixer.experts.58,45,NemotronHMLP,routed_expert,0
backbone.layers.45.mixer.experts.58.up_proj,45,Linear,routed_expert,4988928
backbone.layers.45.mixer.experts.58.down_proj,45,Linear,routed_expert,4988928
backbone.layers.45.mixer.experts.58.act_fn,45,ReLUSquaredActivation,routed_expert,0
backbone.layers.45.mixer.experts.59,45,NemotronHMLP,routed_expert,0
backbone.layers.45.mixer.experts.59.up_proj,45,Linear,routed_expert,4988928
backbone.layers.45.mixer.experts.59.down_proj,45,Linear,routed_expert,4988928
backbone.layers.45.mixer.experts.59.act_fn,45,ReLUSquaredActivation,routed_expert,0
backbone.layers.45.mixer.experts.60,45,NemotronHMLP,routed_expert,0
backbone.layers.45.mixer.experts.60.up_proj,45,Linear,routed_expert,4988928
backbone.layers.45.mixer.experts.60.down_proj,45,Linear,routed_expert,4988928
backbone.layers.45.mixer.experts.60.act_fn,45,ReLUSquaredActivation,routed_expert,0
backbone.layers.45.mixer.experts.61,45,NemotronHMLP,routed_expert,0
backbone.layers.45.mixer.experts.61.up_proj,45,Linear,routed_expert,4988928
backbone.layers.45.mixer.experts.61.down_proj,45,Linear,routed_expert,4988928
backbone.layers.45.mixer.experts.61.act_fn,45,ReLUSquaredActivation,routed_expert,0
backbone.layers.45.mixer.experts.62,45,NemotronHMLP,routed_expert,0
backbone.layers.45.mixer.experts.62.up_proj,45,Linear,routed_expert,4988928
backbone.layers.45.mixer.experts.62.down_proj,45,Linear,routed_expert,4988928
backbone.layers.45.mixer.experts.62.act_fn,45,ReLUSquaredActivation,routed_expert,0
backbone.layers.45.mixer.experts.63,45,NemotronHMLP,routed_expert,0
backbone.layers.45.mixer.experts.63.up_proj,45,Linear,routed_expert,4988928
backbone.layers.45.mixer.experts.63.down_proj,45,Linear,routed_expert,4988928
backbone.layers.45.mixer.experts.63.act_fn,45,ReLUSquaredActivation,routed_expert,0
backbone.layers.45.mixer.experts.64,45,NemotronHMLP,routed_expert,0
backbone.layers.45.mixer.experts.64.up_proj,45,Linear,routed_expert,4988928
backbone.layers.45.mixer.experts.64.down_proj,45,Linear,routed_expert,4988928
backbone.layers.45.mixer.experts.64.act_fn,45,ReLUSquaredActivation,routed_expert,0
backbone.layers.45.mixer.experts.65,45,NemotronHMLP,routed_expert,0
backbone.layers.45.mixer.experts.65.up_proj,45,Linear,routed_expert,4988928
backbone.layers.45.mixer.experts.65.down_proj,45,Linear,routed_expert,4988928
backbone.layers.45.mixer.experts.65.act_fn,45,ReLUSquaredActivation,routed_expert,0
backbone.layers.45.mixer.experts.66,45,NemotronHMLP,routed_expert,0
backbone.layers.45.mixer.experts.66.up_proj,45,Linear,routed_expert,4988928
backbone.layers.45.mixer.experts.66.down_proj,45,Linear,routed_expert,4988928
backbone.layers.45.mixer.experts.66.act_fn,45,ReLUSquaredActivation,routed_expert,0
backbone.layers.45.mixer.experts.67,45,NemotronHMLP,routed_expert,0
backbone.layers.45.mixer.experts.67.up_proj,45,Linear,routed_expert,4988928
backbone.layers.45.mixer.experts.67.down_proj,45,Linear,routed_expert,4988928
backbone.layers.45.mixer.experts.67.act_fn,45,ReLUSquaredActivation,routed_expert,0
backbone.layers.45.mixer.experts.68,45,NemotronHMLP,routed_expert,0
backbone.layers.45.mixer.experts.68.up_proj,45,Linear,routed_expert,4988928
backbone.layers.45.mixer.experts.68.down_proj,45,Linear,routed_expert,4988928
backbone.layers.45.mixer.experts.68.act_fn,45,ReLUSquaredActivation,routed_expert,0
backbone.layers.45.mixer.experts.69,45,NemotronHMLP,routed_expert,0
backbone.layers.45.mixer.experts.69.up_proj,45,Linear,routed_expert,4988928
backbone.layers.45.mixer.experts.69.down_proj,45,Linear,routed_expert,4988928
backbone.layers.45.mixer.experts.69.act_fn,45,ReLUSquaredActivation,routed_expert,0
backbone.layers.45.mixer.experts.70,45,NemotronHMLP,routed_expert,0
backbone.layers.45.mixer.experts.70.up_proj,45,Linear,routed_expert,4988928
backbone.layers.45.mixer.experts.70.down_proj,45,Linear,routed_expert,4988928
backbone.layers.45.mixer.experts.70.act_fn,45,ReLUSquaredActivation,routed_expert,0
backbone.layers.45.mixer.experts.71,45,NemotronHMLP,routed_expert,0
backbone.layers.45.mixer.experts.71.up_proj,45,Linear,routed_expert,4988928
backbone.layers.45.mixer.experts.71.down_proj,45,Linear,routed_expert,4988928
backbone.layers.45.mixer.experts.71.act_fn,45,ReLUSquaredActivation,routed_expert,0
backbone.layers.45.mixer.experts.72,45,NemotronHMLP,routed_expert,0
backbone.layers.45.mixer.experts.72.up_proj,45,Linear,routed_expert,4988928
backbone.layers.45.mixer.experts.72.down_proj,45,Linear,routed_expert,4988928
backbone.layers.45.mixer.experts.72.act_fn,45,ReLUSquaredActivation,routed_expert,0
backbone.layers.45.mixer.experts.73,45,NemotronHMLP,routed_expert,0
backbone.layers.45.mixer.experts.73.up_proj,45,Linear,routed_expert,4988928
backbone.layers.45.mixer.experts.73.down_proj,45,Linear,routed_expert,4988928
backbone.layers.45.mixer.experts.73.act_fn,45,ReLUSquaredActivation,routed_expert,0
backbone.layers.45.mixer.experts.74,45,NemotronHMLP,routed_expert,0
backbone.layers.45.mixer.experts.74.up_proj,45,Linear,routed_expert,4988928
backbone.layers.45.mixer.experts.74.down_proj,45,Linear,routed_expert,4988928
backbone.layers.45.mixer.experts.74.act_fn,45,ReLUSquaredActivation,routed_expert,0
backbone.layers.45.mixer.experts.75,45,NemotronHMLP,routed_expert,0
backbone.layers.45.mixer.experts.75.up_proj,45,Linear,routed_expert,4988928
backbone.layers.45.mixer.experts.75.down_proj,45,Linear,routed_expert,4988928
backbone.layers.45.mixer.experts.75.act_fn,45,ReLUSquaredActivation,routed_expert,0
backbone.layers.45.mixer.experts.76,45,NemotronHMLP,routed_expert,0
backbone.layers.45.mixer.experts.76.up_proj,45,Linear,routed_expert,4988928
backbone.layers.45.mixer.experts.76.down_proj,45,Linear,routed_expert,4988928
backbone.layers.45.mixer.experts.76.act_fn,45,ReLUSquaredActivation,routed_expert,0
backbone.layers.45.mixer.experts.77,45,NemotronHMLP,routed_expert,0
backbone.layers.45.mixer.experts.77.up_proj,45,Linear,routed_expert,4988928
backbone.layers.45.mixer.experts.77.down_proj,45,Linear,routed_expert,4988928
backbone.layers.45.mixer.experts.77.act_fn,45,ReLUSquaredActivation,routed_expert,0
backbone.layers.45.mixer.experts.78,45,NemotronHMLP,routed_expert,0
backbone.layers.45.mixer.experts.78.up_proj,45,Linear,routed_expert,4988928
backbone.layers.45.mixer.experts.78.down_proj,45,Linear,routed_expert,4988928
backbone.layers.45.mixer.experts.78.act_fn,45,ReLUSquaredActivation,routed_expert,0
backbone.layers.45.mixer.experts.79,45,NemotronHMLP,routed_expert,0
backbone.layers.45.mixer.experts.79.up_proj,45,Linear,routed_expert,4988928
backbone.layers.45.mixer.experts.79.down_proj,45,Linear,routed_expert,4988928
backbone.layers.45.mixer.experts.79.act_fn,45,ReLUSquaredActivation,routed_expert,0
backbone.layers.45.mixer.experts.80,45,NemotronHMLP,routed_expert,0
backbone.layers.45.mixer.experts.80.up_proj,45,Linear,routed_expert,4988928
backbone.layers.45.mixer.experts.80.down_proj,45,Linear,routed_expert,4988928
backbone.layers.45.mixer.experts.80.act_fn,45,ReLUSquaredActivation,routed_expert,0
backbone.layers.45.mixer.experts.81,45,NemotronHMLP,routed_expert,0
backbone.layers.45.mixer.experts.81.up_proj,45,Linear,routed_expert,4988928
backbone.layers.45.mixer.experts.81.down_proj,45,Linear,routed_expert,4988928
backbone.layers.45.mixer.experts.81.act_fn,45,ReLUSquaredActivation,routed_expert,0
backbone.layers.45.mixer.experts.82,45,NemotronHMLP,routed_expert,0
backbone.layers.45.mixer.experts.82.up_proj,45,Linear,routed_expert,4988928
backbone.layers.45.mixer.experts.82.down_proj,45,Linear,routed_expert,4988928
backbone.layers.45.mixer.experts.82.act_fn,45,ReLUSquaredActivation,routed_expert,0
backbone.layers.45.mixer.experts.83,45,NemotronHMLP,routed_expert,0
backbone.layers.45.mixer.experts.83.up_proj,45,Linear,routed_expert,4988928
backbone.layers.45.mixer.experts.83.down_proj,45,Linear,routed_expert,4988928
backbone.layers.45.mixer.experts.83.act_fn,45,ReLUSquaredActivation,routed_expert,0
backbone.layers.45.mixer.experts.84,45,NemotronHMLP,routed_expert,0
backbone.layers.45.mixer.experts.84.up_proj,45,Linear,routed_expert,4988928
backbone.layers.45.mixer.experts.84.down_proj,45,Linear,routed_expert,4988928
backbone.layers.45.mixer.experts.84.act_fn,45,ReLUSquaredActivation,routed_expert,0
backbone.layers.45.mixer.experts.85,45,NemotronHMLP,routed_expert,0
backbone.layers.45.mixer.experts.85.up_proj,45,Linear,routed_expert,4988928
backbone.layers.45.mixer.experts.85.down_proj,45,Linear,routed_expert,4988928
backbone.layers.45.mixer.experts.85.act_fn,45,ReLUSquaredActivation,routed_expert,0
backbone.layers.45.mixer.experts.86,45,NemotronHMLP,routed_expert,0
backbone.layers.45.mixer.experts.86.up_proj,45,Linear,routed_expert,4988928
backbone.layers.45.mixer.experts.86.down_proj,45,Linear,routed_expert,4988928
backbone.layers.45.mixer.experts.86.act_fn,45,ReLUSquaredActivation,routed_expert,0
backbone.layers.45.mixer.experts.87,45,NemotronHMLP,routed_expert,0
backbone.layers.45.mixer.experts.87.up_proj,45,Linear,routed_expert,4988928
backbone.layers.45.mixer.experts.87.down_proj,45,Linear,routed_expert,4988928
backbone.layers.45.mixer.experts.87.act_fn,45,ReLUSquaredActivation,routed_expert,0
backbone.layers.45.mixer.experts.88,45,NemotronHMLP,routed_expert,0
backbone.layers.45.mixer.experts.88.up_proj,45,Linear,routed_expert,4988928
backbone.layers.45.mixer.experts.88.down_proj,45,Linear,routed_expert,4988928
backbone.layers.45.mixer.experts.88.act_fn,45,ReLUSquaredActivation,routed_expert,0
backbone.layers.45.mixer.experts.89,45,NemotronHMLP,routed_expert,0
backbone.layers.45.mixer.experts.89.up_proj,45,Linear,routed_expert,4988928
backbone.layers.45.mixer.experts.89.down_proj,45,Linear,routed_expert,4988928
backbone.layers.45.mixer.experts.89.act_fn,45,ReLUSquaredActivation,routed_expert,0
backbone.layers.45.mixer.experts.90,45,NemotronHMLP,routed_expert,0
backbone.layers.45.mixer.experts.90.up_proj,45,Linear,routed_expert,4988928
backbone.layers.45.mixer.experts.90.down_proj,45,Linear,routed_expert,4988928
backbone.layers.45.mixer.experts.90.act_fn,45,ReLUSquaredActivation,routed_expert,0
backbone.layers.45.mixer.experts.91,45,NemotronHMLP,routed_expert,0
backbone.layers.45.mixer.experts.91.up_proj,45,Linear,routed_expert,4988928
backbone.layers.45.mixer.experts.91.down_proj,45,Linear,routed_expert,4988928
backbone.layers.45.mixer.experts.91.act_fn,45,ReLUSquaredActivation,routed_expert,0
backbone.layers.45.mixer.experts.92,45,NemotronHMLP,routed_expert,0
backbone.layers.45.mixer.experts.92.up_proj,45,Linear,routed_expert,4988928
backbone.layers.45.mixer.experts.92.down_proj,45,Linear,routed_expert,4988928
backbone.layers.45.mixer.experts.92.act_fn,45,ReLUSquaredActivation,routed_expert,0
backbone.layers.45.mixer.experts.93,45,NemotronHMLP,routed_expert,0
backbone.layers.45.mixer.experts.93.up_proj,45,Linear,routed_expert,4988928
backbone.layers.45.mixer.experts.93.down_proj,45,Linear,routed_expert,4988928
backbone.layers.45.mixer.experts.93.act_fn,45,ReLUSquaredActivation,routed_expert,0
backbone.layers.45.mixer.experts.94,45,NemotronHMLP,routed_expert,0
backbone.layers.45.mixer.experts.94.up_proj,45,Linear,routed_expert,4988928
backbone.layers.45.mixer.experts.94.down_proj,45,Linear,routed_expert,4988928
backbone.layers.45.mixer.experts.94.act_fn,45,ReLUSquaredActivation,routed_expert,0
backbone.layers.45.mixer.experts.95,45,NemotronHMLP,routed_expert,0
backbone.layers.45.mixer.experts.95.up_proj,45,Linear,routed_expert,4988928
backbone.layers.45.mixer.experts.95.down_proj,45,Linear,routed_expert,4988928
backbone.layers.45.mixer.experts.95.act_fn,45,ReLUSquaredActivation,routed_expert,0
backbone.layers.45.mixer.experts.96,45,NemotronHMLP,routed_expert,0
backbone.layers.45.mixer.experts.96.up_proj,45,Linear,routed_expert,4988928
backbone.layers.45.mixer.experts.96.down_proj,45,Linear,routed_expert,4988928
backbone.layers.45.mixer.experts.96.act_fn,45,ReLUSquaredActivation,routed_expert,0
backbone.layers.45.mixer.experts.97,45,NemotronHMLP,routed_expert,0
backbone.layers.45.mixer.experts.97.up_proj,45,Linear,routed_expert,4988928
backbone.layers.45.mixer.experts.97.down_proj,45,Linear,routed_expert,4988928
backbone.layers.45.mixer.experts.97.act_fn,45,ReLUSquaredActivation,routed_expert,0
backbone.layers.45.mixer.experts.98,45,NemotronHMLP,routed_expert,0
backbone.layers.45.mixer.experts.98.up_proj,45,Linear,routed_expert,4988928
backbone.layers.45.mixer.experts.98.down_proj,45,Linear,routed_expert,4988928
backbone.layers.45.mixer.experts.98.act_fn,45,ReLUSquaredActivation,routed_expert,0
backbone.layers.45.mixer.experts.99,45,NemotronHMLP,routed_expert,0
backbone.layers.45.mixer.experts.99.up_proj,45,Linear,routed_expert,4988928
backbone.layers.45.mixer.experts.99.down_proj,45,Linear,routed_expert,4988928
backbone.layers.45.mixer.experts.99.act_fn,45,ReLUSquaredActivation,routed_expert,0
backbone.layers.45.mixer.experts.100,45,NemotronHMLP,routed_expert,0
backbone.layers.45.mixer.experts.100.up_proj,45,Linear,routed_expert,4988928
backbone.layers.45.mixer.experts.100.down_proj,45,Linear,routed_expert,4988928
backbone.layers.45.mixer.experts.100.act_fn,45,ReLUSquaredActivation,routed_expert,0
backbone.layers.45.mixer.experts.101,45,NemotronHMLP,routed_expert,0
backbone.layers.45.mixer.experts.101.up_proj,45,Linear,routed_expert,4988928
backbone.layers.45.mixer.experts.101.down_proj,45,Linear,routed_expert,4988928
backbone.layers.45.mixer.experts.101.act_fn,45,ReLUSquaredActivation,routed_expert,0
backbone.layers.45.mixer.experts.102,45,NemotronHMLP,routed_expert,0
backbone.layers.45.mixer.experts.102.up_proj,45,Linear,routed_expert,4988928
backbone.layers.45.mixer.experts.102.down_proj,45,Linear,routed_expert,4988928
backbone.layers.45.mixer.experts.102.act_fn,45,ReLUSquaredActivation,routed_expert,0
backbone.layers.45.mixer.experts.103,45,NemotronHMLP,routed_expert,0
backbone.layers.45.mixer.experts.103.up_proj,45,Linear,routed_expert,4988928
backbone.layers.45.mixer.experts.103.down_proj,45,Linear,routed_expert,4988928
backbone.layers.45.mixer.experts.103.act_fn,45,ReLUSquaredActivation,routed_expert,0
backbone.layers.45.mixer.experts.104,45,NemotronHMLP,routed_expert,0
backbone.layers.45.mixer.experts.104.up_proj,45,Linear,routed_expert,4988928
backbone.layers.45.mixer.experts.104.down_proj,45,Linear,routed_expert,4988928
backbone.layers.45.mixer.experts.104.act_fn,45,ReLUSquaredActivation,routed_expert,0
backbone.layers.45.mixer.experts.105,45,NemotronHMLP,routed_expert,0
backbone.layers.45.mixer.experts.105.up_proj,45,Linear,routed_expert,4988928
backbone.layers.45.mixer.experts.105.down_proj,45,Linear,routed_expert,4988928
backbone.layers.45.mixer.experts.105.act_fn,45,ReLUSquaredActivation,routed_expert,0
backbone.layers.45.mixer.experts.106,45,NemotronHMLP,routed_expert,0
backbone.layers.45.mixer.experts.106.up_proj,45,Linear,routed_expert,4988928
backbone.layers.45.mixer.experts.106.down_proj,45,Linear,routed_expert,4988928
backbone.layers.45.mixer.experts.106.act_fn,45,ReLUSquaredActivation,routed_expert,0
backbone.layers.45.mixer.experts.107,45,NemotronHMLP,routed_expert,0
backbone.layers.45.mixer.experts.107.up_proj,45,Linear,routed_expert,4988928
backbone.layers.45.mixer.experts.107.down_proj,45,Linear,routed_expert,4988928
backbone.layers.45.mixer.experts.107.act_fn,45,ReLUSquaredActivation,routed_expert,0
backbone.layers.45.mixer.experts.108,45,NemotronHMLP,routed_expert,0
backbone.layers.45.mixer.experts.108.up_proj,45,Linear,routed_expert,4988928
backbone.layers.45.mixer.experts.108.down_proj,45,Linear,routed_expert,4988928
backbone.layers.45.mixer.experts.108.act_fn,45,ReLUSquaredActivation,routed_expert,0
backbone.layers.45.mixer.experts.109,45,NemotronHMLP,routed_expert,0
backbone.layers.45.mixer.experts.109.up_proj,45,Linear,routed_expert,4988928
backbone.layers.45.mixer.experts.109.down_proj,45,Linear,routed_expert,4988928
backbone.layers.45.mixer.experts.109.act_fn,45,ReLUSquaredActivation,routed_expert,0
backbone.layers.45.mixer.experts.110,45,NemotronHMLP,routed_expert,0
backbone.layers.45.mixer.experts.110.up_proj,45,Linear,routed_expert,4988928
backbone.layers.45.mixer.experts.110.down_proj,45,Linear,routed_expert,4988928
backbone.layers.45.mixer.experts.110.act_fn,45,ReLUSquaredActivation,routed_expert,0
backbone.layers.45.mixer.experts.111,45,NemotronHMLP,routed_expert,0
backbone.layers.45.mixer.experts.111.up_proj,45,Linear,routed_expert,4988928
backbone.layers.45.mixer.experts.111.down_proj,45,Linear,routed_expert,4988928
backbone.layers.45.mixer.experts.111.act_fn,45,ReLUSquaredActivation,routed_expert,0
backbone.layers.45.mixer.experts.112,45,NemotronHMLP,routed_expert,0
backbone.layers.45.mixer.experts.112.up_proj,45,Linear,routed_expert,4988928
backbone.layers.45.mixer.experts.112.down_proj,45,Linear,routed_expert,4988928
backbone.layers.45.mixer.experts.112.act_fn,45,ReLUSquaredActivation,routed_expert,0
backbone.layers.45.mixer.experts.113,45,NemotronHMLP,routed_expert,0
backbone.layers.45.mixer.experts.113.up_proj,45,Linear,routed_expert,4988928
backbone.layers.45.mixer.experts.113.down_proj,45,Linear,routed_expert,4988928
backbone.layers.45.mixer.experts.113.act_fn,45,ReLUSquaredActivation,routed_expert,0
backbone.layers.45.mixer.experts.114,45,NemotronHMLP,routed_expert,0
backbone.layers.45.mixer.experts.114.up_proj,45,Linear,routed_expert,4988928
backbone.layers.45.mixer.experts.114.down_proj,45,Linear,routed_expert,4988928
backbone.layers.45.mixer.experts.114.act_fn,45,ReLUSquaredActivation,routed_expert,0
backbone.layers.45.mixer.experts.115,45,NemotronHMLP,routed_expert,0
backbone.layers.45.mixer.experts.115.up_proj,45,Linear,routed_expert,4988928
backbone.layers.45.mixer.experts.115.down_proj,45,Linear,routed_expert,4988928
backbone.layers.45.mixer.experts.115.act_fn,45,ReLUSquaredActivation,routed_expert,0
backbone.layers.45.mixer.experts.116,45,NemotronHMLP,routed_expert,0
backbone.layers.45.mixer.experts.116.up_proj,45,Linear,routed_expert,4988928
backbone.layers.45.mixer.experts.116.down_proj,45,Linear,routed_expert,4988928
backbone.layers.45.mixer.experts.116.act_fn,45,ReLUSquaredActivation,routed_expert,0
backbone.layers.45.mixer.experts.117,45,NemotronHMLP,routed_expert,0
backbone.layers.45.mixer.experts.117.up_proj,45,Linear,routed_expert,4988928
backbone.layers.45.mixer.experts.117.down_proj,45,Linear,routed_expert,4988928
backbone.layers.45.mixer.experts.117.act_fn,45,ReLUSquaredActivation,routed_expert,0
backbone.layers.45.mixer.experts.118,45,NemotronHMLP,routed_expert,0
backbone.layers.45.mixer.experts.118.up_proj,45,Linear,routed_expert,4988928
backbone.layers.45.mixer.experts.118.down_proj,45,Linear,routed_expert,4988928
backbone.layers.45.mixer.experts.118.act_fn,45,ReLUSquaredActivation,routed_expert,0
backbone.layers.45.mixer.experts.119,45,NemotronHMLP,routed_expert,0
backbone.layers.45.mixer.experts.119.up_proj,45,Linear,routed_expert,4988928
backbone.layers.45.mixer.experts.119.down_proj,45,Linear,routed_expert,4988928
backbone.layers.45.mixer.experts.119.act_fn,45,ReLUSquaredActivation,routed_expert,0
backbone.layers.45.mixer.experts.120,45,NemotronHMLP,routed_expert,0
backbone.layers.45.mixer.experts.120.up_proj,45,Linear,routed_expert,4988928
backbone.layers.45.mixer.experts.120.down_proj,45,Linear,routed_expert,4988928
backbone.layers.45.mixer.experts.120.act_fn,45,ReLUSquaredActivation,routed_expert,0
backbone.layers.45.mixer.experts.121,45,NemotronHMLP,routed_expert,0
backbone.layers.45.mixer.experts.121.up_proj,45,Linear,routed_expert,4988928
backbone.layers.45.mixer.experts.121.down_proj,45,Linear,routed_expert,4988928
backbone.layers.45.mixer.experts.121.act_fn,45,ReLUSquaredActivation,routed_expert,0
backbone.layers.45.mixer.experts.122,45,NemotronHMLP,routed_expert,0
backbone.layers.45.mixer.experts.122.up_proj,45,Linear,routed_expert,4988928
backbone.layers.45.mixer.experts.122.down_proj,45,Linear,routed_expert,4988928
backbone.layers.45.mixer.experts.122.act_fn,45,ReLUSquaredActivation,routed_expert,0
backbone.layers.45.mixer.experts.123,45,NemotronHMLP,routed_expert,0
backbone.layers.45.mixer.experts.123.up_proj,45,Linear,routed_expert,4988928
backbone.layers.45.mixer.experts.123.down_proj,45,Linear,routed_expert,4988928
backbone.layers.45.mixer.experts.123.act_fn,45,ReLUSquaredActivation,routed_expert,0
backbone.layers.45.mixer.experts.124,45,NemotronHMLP,routed_expert,0
backbone.layers.45.mixer.experts.124.up_proj,45,Linear,routed_expert,4988928
backbone.layers.45.mixer.experts.124.down_proj,45,Linear,routed_expert,4988928
backbone.layers.45.mixer.experts.124.act_fn,45,ReLUSquaredActivation,routed_expert,0
backbone.layers.45.mixer.experts.125,45,NemotronHMLP,routed_expert,0
backbone.layers.45.mixer.experts.125.up_proj,45,Linear,routed_expert,4988928
backbone.layers.45.mixer.experts.125.down_proj,45,Linear,routed_expert,4988928
backbone.layers.45.mixer.experts.125.act_fn,45,ReLUSquaredActivation,routed_expert,0
backbone.layers.45.mixer.experts.126,45,NemotronHMLP,routed_expert,0
backbone.layers.45.mixer.experts.126.up_proj,45,Linear,routed_expert,4988928
backbone.layers.45.mixer.experts.126.down_proj,45,Linear,routed_expert,4988928
backbone.layers.45.mixer.experts.126.act_fn,45,ReLUSquaredActivation,routed_expert,0
backbone.layers.45.mixer.experts.127,45,NemotronHMLP,routed_expert,0
backbone.layers.45.mixer.experts.127.up_proj,45,Linear,routed_expert,4988928
backbone.layers.45.mixer.experts.127.down_proj,45,Linear,routed_expert,4988928
backbone.layers.45.mixer.experts.127.act_fn,45,ReLUSquaredActivation,routed_expert,0
backbone.layers.45.mixer.gate,45,NemotronHTopkRouter,router,344064
backbone.layers.45.mixer.shared_experts,45,NemotronHMLP,other,0
backbone.layers.45.mixer.shared_experts.up_proj,45,Linear,shared_expert,9977856
backbone.layers.45.mixer.shared_experts.down_proj,45,Linear,shared_expert,9977856
backbone.layers.45.mixer.shared_experts.act_fn,45,ReLUSquaredActivation,shared_expert,0
backbone.layers.46,46,NemotronHBlock,other,0
backbone.layers.46.norm,46,NemotronHRMSNorm,other,2688
backbone.layers.46.mixer,46,NemotronHMamba2Mixer,mamba,192
backbone.layers.46.mixer.act,46,SiLUActivation,other,0
backbone.layers.46.mixer.conv1d,46,Conv1d,other,30720
backbone.layers.46.mixer.in_proj,46,Linear,mamba_projection,27697152
backbone.layers.46.mixer.norm,46,MambaRMSNormGated,mamba,4096
backbone.layers.46.mixer.out_proj,46,Linear,mamba_projection,11010048
backbone.layers.47,47,NemotronHBlock,other,0
backbone.layers.47.norm,47,NemotronHRMSNorm,other,2688
backbone.layers.47.mixer,47,NemotronHMOE,moe,0
backbone.layers.47.mixer.experts,47,ModuleList,other,0
backbone.layers.47.mixer.experts.0,47,NemotronHMLP,routed_expert,0
backbone.layers.47.mixer.experts.0.up_proj,47,Linear,routed_expert,4988928
backbone.layers.47.mixer.experts.0.down_proj,47,Linear,routed_expert,4988928
backbone.layers.47.mixer.experts.0.act_fn,47,ReLUSquaredActivation,routed_expert,0
backbone.layers.47.mixer.experts.1,47,NemotronHMLP,routed_expert,0
backbone.layers.47.mixer.experts.1.up_proj,47,Linear,routed_expert,4988928
backbone.layers.47.mixer.experts.1.down_proj,47,Linear,routed_expert,4988928
backbone.layers.47.mixer.experts.1.act_fn,47,ReLUSquaredActivation,routed_expert,0
backbone.layers.47.mixer.experts.2,47,NemotronHMLP,routed_expert,0
backbone.layers.47.mixer.experts.2.up_proj,47,Linear,routed_expert,4988928
backbone.layers.47.mixer.experts.2.down_proj,47,Linear,routed_expert,4988928
backbone.layers.47.mixer.experts.2.act_fn,47,ReLUSquaredActivation,routed_expert,0
backbone.layers.47.mixer.experts.3,47,NemotronHMLP,routed_expert,0
backbone.layers.47.mixer.experts.3.up_proj,47,Linear,routed_expert,4988928
backbone.layers.47.mixer.experts.3.down_proj,47,Linear,routed_expert,4988928
backbone.layers.47.mixer.experts.3.act_fn,47,ReLUSquaredActivation,routed_expert,0
backbone.layers.47.mixer.experts.4,47,NemotronHMLP,routed_expert,0
backbone.layers.47.mixer.experts.4.up_proj,47,Linear,routed_expert,4988928
backbone.layers.47.mixer.experts.4.down_proj,47,Linear,routed_expert,4988928
backbone.layers.47.mixer.experts.4.act_fn,47,ReLUSquaredActivation,routed_expert,0
backbone.layers.47.mixer.experts.5,47,NemotronHMLP,routed_expert,0
backbone.layers.47.mixer.experts.5.up_proj,47,Linear,routed_expert,4988928
backbone.layers.47.mixer.experts.5.down_proj,47,Linear,routed_expert,4988928
backbone.layers.47.mixer.experts.5.act_fn,47,ReLUSquaredActivation,routed_expert,0
backbone.layers.47.mixer.experts.6,47,NemotronHMLP,routed_expert,0
backbone.layers.47.mixer.experts.6.up_proj,47,Linear,routed_expert,4988928
backbone.layers.47.mixer.experts.6.down_proj,47,Linear,routed_expert,4988928
backbone.layers.47.mixer.experts.6.act_fn,47,ReLUSquaredActivation,routed_expert,0
backbone.layers.47.mixer.experts.7,47,NemotronHMLP,routed_expert,0
backbone.layers.47.mixer.experts.7.up_proj,47,Linear,routed_expert,4988928
backbone.layers.47.mixer.experts.7.down_proj,47,Linear,routed_expert,4988928
backbone.layers.47.mixer.experts.7.act_fn,47,ReLUSquaredActivation,routed_expert,0
backbone.layers.47.mixer.experts.8,47,NemotronHMLP,routed_expert,0
backbone.layers.47.mixer.experts.8.up_proj,47,Linear,routed_expert,4988928
backbone.layers.47.mixer.experts.8.down_proj,47,Linear,routed_expert,4988928
backbone.layers.47.mixer.experts.8.act_fn,47,ReLUSquaredActivation,routed_expert,0
backbone.layers.47.mixer.experts.9,47,NemotronHMLP,routed_expert,0
backbone.layers.47.mixer.experts.9.up_proj,47,Linear,routed_expert,4988928
backbone.layers.47.mixer.experts.9.down_proj,47,Linear,routed_expert,4988928
backbone.layers.47.mixer.experts.9.act_fn,47,ReLUSquaredActivation,routed_expert,0
backbone.layers.47.mixer.experts.10,47,NemotronHMLP,routed_expert,0
backbone.layers.47.mixer.experts.10.up_proj,47,Linear,routed_expert,4988928
backbone.layers.47.mixer.experts.10.down_proj,47,Linear,routed_expert,4988928
backbone.layers.47.mixer.experts.10.act_fn,47,ReLUSquaredActivation,routed_expert,0
backbone.layers.47.mixer.experts.11,47,NemotronHMLP,routed_expert,0
backbone.layers.47.mixer.experts.11.up_proj,47,Linear,routed_expert,4988928
backbone.layers.47.mixer.experts.11.down_proj,47,Linear,routed_expert,4988928
backbone.layers.47.mixer.experts.11.act_fn,47,ReLUSquaredActivation,routed_expert,0
backbone.layers.47.mixer.experts.12,47,NemotronHMLP,routed_expert,0
backbone.layers.47.mixer.experts.12.up_proj,47,Linear,routed_expert,4988928
backbone.layers.47.mixer.experts.12.down_proj,47,Linear,routed_expert,4988928
backbone.layers.47.mixer.experts.12.act_fn,47,ReLUSquaredActivation,routed_expert,0
backbone.layers.47.mixer.experts.13,47,NemotronHMLP,routed_expert,0
backbone.layers.47.mixer.experts.13.up_proj,47,Linear,routed_expert,4988928
backbone.layers.47.mixer.experts.13.down_proj,47,Linear,routed_expert,4988928
backbone.layers.47.mixer.experts.13.act_fn,47,ReLUSquaredActivation,routed_expert,0
backbone.layers.47.mixer.experts.14,47,NemotronHMLP,routed_expert,0
backbone.layers.47.mixer.experts.14.up_proj,47,Linear,routed_expert,4988928
backbone.layers.47.mixer.experts.14.down_proj,47,Linear,routed_expert,4988928
backbone.layers.47.mixer.experts.14.act_fn,47,ReLUSquaredActivation,routed_expert,0
backbone.layers.47.mixer.experts.15,47,NemotronHMLP,routed_expert,0
backbone.layers.47.mixer.experts.15.up_proj,47,Linear,routed_expert,4988928
backbone.layers.47.mixer.experts.15.down_proj,47,Linear,routed_expert,4988928
backbone.layers.47.mixer.experts.15.act_fn,47,ReLUSquaredActivation,routed_expert,0
backbone.layers.47.mixer.experts.16,47,NemotronHMLP,routed_expert,0
backbone.layers.47.mixer.experts.16.up_proj,47,Linear,routed_expert,4988928
backbone.layers.47.mixer.experts.16.down_proj,47,Linear,routed_expert,4988928
backbone.layers.47.mixer.experts.16.act_fn,47,ReLUSquaredActivation,routed_expert,0
backbone.layers.47.mixer.experts.17,47,NemotronHMLP,routed_expert,0
backbone.layers.47.mixer.experts.17.up_proj,47,Linear,routed_expert,4988928
backbone.layers.47.mixer.experts.17.down_proj,47,Linear,routed_expert,4988928
backbone.layers.47.mixer.experts.17.act_fn,47,ReLUSquaredActivation,routed_expert,0
backbone.layers.47.mixer.experts.18,47,NemotronHMLP,routed_expert,0
backbone.layers.47.mixer.experts.18.up_proj,47,Linear,routed_expert,4988928
backbone.layers.47.mixer.experts.18.down_proj,47,Linear,routed_expert,4988928
backbone.layers.47.mixer.experts.18.act_fn,47,ReLUSquaredActivation,routed_expert,0
backbone.layers.47.mixer.experts.19,47,NemotronHMLP,routed_expert,0
backbone.layers.47.mixer.experts.19.up_proj,47,Linear,routed_expert,4988928
backbone.layers.47.mixer.experts.19.down_proj,47,Linear,routed_expert,4988928
backbone.layers.47.mixer.experts.19.act_fn,47,ReLUSquaredActivation,routed_expert,0
backbone.layers.47.mixer.experts.20,47,NemotronHMLP,routed_expert,0
backbone.layers.47.mixer.experts.20.up_proj,47,Linear,routed_expert,4988928
backbone.layers.47.mixer.experts.20.down_proj,47,Linear,routed_expert,4988928
backbone.layers.47.mixer.experts.20.act_fn,47,ReLUSquaredActivation,routed_expert,0
backbone.layers.47.mixer.experts.21,47,NemotronHMLP,routed_expert,0
backbone.layers.47.mixer.experts.21.up_proj,47,Linear,routed_expert,4988928
backbone.layers.47.mixer.experts.21.down_proj,47,Linear,routed_expert,4988928
backbone.layers.47.mixer.experts.21.act_fn,47,ReLUSquaredActivation,routed_expert,0
backbone.layers.47.mixer.experts.22,47,NemotronHMLP,routed_expert,0
backbone.layers.47.mixer.experts.22.up_proj,47,Linear,routed_expert,4988928
backbone.layers.47.mixer.experts.22.down_proj,47,Linear,routed_expert,4988928
backbone.layers.47.mixer.experts.22.act_fn,47,ReLUSquaredActivation,routed_expert,0
backbone.layers.47.mixer.experts.23,47,NemotronHMLP,routed_expert,0
backbone.layers.47.mixer.experts.23.up_proj,47,Linear,routed_expert,4988928
backbone.layers.47.mixer.experts.23.down_proj,47,Linear,routed_expert,4988928
backbone.layers.47.mixer.experts.23.act_fn,47,ReLUSquaredActivation,routed_expert,0
backbone.layers.47.mixer.experts.24,47,NemotronHMLP,routed_expert,0
backbone.layers.47.mixer.experts.24.up_proj,47,Linear,routed_expert,4988928
backbone.layers.47.mixer.experts.24.down_proj,47,Linear,routed_expert,4988928
backbone.layers.47.mixer.experts.24.act_fn,47,ReLUSquaredActivation,routed_expert,0
backbone.layers.47.mixer.experts.25,47,NemotronHMLP,routed_expert,0
backbone.layers.47.mixer.experts.25.up_proj,47,Linear,routed_expert,4988928
backbone.layers.47.mixer.experts.25.down_proj,47,Linear,routed_expert,4988928
backbone.layers.47.mixer.experts.25.act_fn,47,ReLUSquaredActivation,routed_expert,0
backbone.layers.47.mixer.experts.26,47,NemotronHMLP,routed_expert,0
backbone.layers.47.mixer.experts.26.up_proj,47,Linear,routed_expert,4988928
backbone.layers.47.mixer.experts.26.down_proj,47,Linear,routed_expert,4988928
backbone.layers.47.mixer.experts.26.act_fn,47,ReLUSquaredActivation,routed_expert,0
backbone.layers.47.mixer.experts.27,47,NemotronHMLP,routed_expert,0
backbone.layers.47.mixer.experts.27.up_proj,47,Linear,routed_expert,4988928
backbone.layers.47.mixer.experts.27.down_proj,47,Linear,routed_expert,4988928
backbone.layers.47.mixer.experts.27.act_fn,47,ReLUSquaredActivation,routed_expert,0
backbone.layers.47.mixer.experts.28,47,NemotronHMLP,routed_expert,0
backbone.layers.47.mixer.experts.28.up_proj,47,Linear,routed_expert,4988928
backbone.layers.47.mixer.experts.28.down_proj,47,Linear,routed_expert,4988928
backbone.layers.47.mixer.experts.28.act_fn,47,ReLUSquaredActivation,routed_expert,0
backbone.layers.47.mixer.experts.29,47,NemotronHMLP,routed_expert,0
backbone.layers.47.mixer.experts.29.up_proj,47,Linear,routed_expert,4988928
backbone.layers.47.mixer.experts.29.down_proj,47,Linear,routed_expert,4988928
backbone.layers.47.mixer.experts.29.act_fn,47,ReLUSquaredActivation,routed_expert,0
backbone.layers.47.mixer.experts.30,47,NemotronHMLP,routed_expert,0
backbone.layers.47.mixer.experts.30.up_proj,47,Linear,routed_expert,4988928
backbone.layers.47.mixer.experts.30.down_proj,47,Linear,routed_expert,4988928
backbone.layers.47.mixer.experts.30.act_fn,47,ReLUSquaredActivation,routed_expert,0
backbone.layers.47.mixer.experts.31,47,NemotronHMLP,routed_expert,0
backbone.layers.47.mixer.experts.31.up_proj,47,Linear,routed_expert,4988928
backbone.layers.47.mixer.experts.31.down_proj,47,Linear,routed_expert,4988928
backbone.layers.47.mixer.experts.31.act_fn,47,ReLUSquaredActivation,routed_expert,0
backbone.layers.47.mixer.experts.32,47,NemotronHMLP,routed_expert,0
backbone.layers.47.mixer.experts.32.up_proj,47,Linear,routed_expert,4988928
backbone.layers.47.mixer.experts.32.down_proj,47,Linear,routed_expert,4988928
backbone.layers.47.mixer.experts.32.act_fn,47,ReLUSquaredActivation,routed_expert,0
backbone.layers.47.mixer.experts.33,47,NemotronHMLP,routed_expert,0
backbone.layers.47.mixer.experts.33.up_proj,47,Linear,routed_expert,4988928
backbone.layers.47.mixer.experts.33.down_proj,47,Linear,routed_expert,4988928
backbone.layers.47.mixer.experts.33.act_fn,47,ReLUSquaredActivation,routed_expert,0
backbone.layers.47.mixer.experts.34,47,NemotronHMLP,routed_expert,0
backbone.layers.47.mixer.experts.34.up_proj,47,Linear,routed_expert,4988928
backbone.layers.47.mixer.experts.34.down_proj,47,Linear,routed_expert,4988928
backbone.layers.47.mixer.experts.34.act_fn,47,ReLUSquaredActivation,routed_expert,0
backbone.layers.47.mixer.experts.35,47,NemotronHMLP,routed_expert,0
backbone.layers.47.mixer.experts.35.up_proj,47,Linear,routed_expert,4988928
backbone.layers.47.mixer.experts.35.down_proj,47,Linear,routed_expert,4988928
backbone.layers.47.mixer.experts.35.act_fn,47,ReLUSquaredActivation,routed_expert,0
backbone.layers.47.mixer.experts.36,47,NemotronHMLP,routed_expert,0
backbone.layers.47.mixer.experts.36.up_proj,47,Linear,routed_expert,4988928
backbone.layers.47.mixer.experts.36.down_proj,47,Linear,routed_expert,4988928
backbone.layers.47.mixer.experts.36.act_fn,47,ReLUSquaredActivation,routed_expert,0
backbone.layers.47.mixer.experts.37,47,NemotronHMLP,routed_expert,0
backbone.layers.47.mixer.experts.37.up_proj,47,Linear,routed_expert,4988928
backbone.layers.47.mixer.experts.37.down_proj,47,Linear,routed_expert,4988928
backbone.layers.47.mixer.experts.37.act_fn,47,ReLUSquaredActivation,routed_expert,0
backbone.layers.47.mixer.experts.38,47,NemotronHMLP,routed_expert,0
backbone.layers.47.mixer.experts.38.up_proj,47,Linear,routed_expert,4988928
backbone.layers.47.mixer.experts.38.down_proj,47,Linear,routed_expert,4988928
backbone.layers.47.mixer.experts.38.act_fn,47,ReLUSquaredActivation,routed_expert,0
backbone.layers.47.mixer.experts.39,47,NemotronHMLP,routed_expert,0
backbone.layers.47.mixer.experts.39.up_proj,47,Linear,routed_expert,4988928
backbone.layers.47.mixer.experts.39.down_proj,47,Linear,routed_expert,4988928
backbone.layers.47.mixer.experts.39.act_fn,47,ReLUSquaredActivation,routed_expert,0
backbone.layers.47.mixer.experts.40,47,NemotronHMLP,routed_expert,0
backbone.layers.47.mixer.experts.40.up_proj,47,Linear,routed_expert,4988928
backbone.layers.47.mixer.experts.40.down_proj,47,Linear,routed_expert,4988928
backbone.layers.47.mixer.experts.40.act_fn,47,ReLUSquaredActivation,routed_expert,0
backbone.layers.47.mixer.experts.41,47,NemotronHMLP,routed_expert,0
backbone.layers.47.mixer.experts.41.up_proj,47,Linear,routed_expert,4988928
backbone.layers.47.mixer.experts.41.down_proj,47,Linear,routed_expert,4988928
backbone.layers.47.mixer.experts.41.act_fn,47,ReLUSquaredActivation,routed_expert,0
backbone.layers.47.mixer.experts.42,47,NemotronHMLP,routed_expert,0
backbone.layers.47.mixer.experts.42.up_proj,47,Linear,routed_expert,4988928
backbone.layers.47.mixer.experts.42.down_proj,47,Linear,routed_expert,4988928
backbone.layers.47.mixer.experts.42.act_fn,47,ReLUSquaredActivation,routed_expert,0
backbone.layers.47.mixer.experts.43,47,NemotronHMLP,routed_expert,0
backbone.layers.47.mixer.experts.43.up_proj,47,Linear,routed_expert,4988928
backbone.layers.47.mixer.experts.43.down_proj,47,Linear,routed_expert,4988928
backbone.layers.47.mixer.experts.43.act_fn,47,ReLUSquaredActivation,routed_expert,0
backbone.layers.47.mixer.experts.44,47,NemotronHMLP,routed_expert,0
backbone.layers.47.mixer.experts.44.up_proj,47,Linear,routed_expert,4988928
backbone.layers.47.mixer.experts.44.down_proj,47,Linear,routed_expert,4988928
backbone.layers.47.mixer.experts.44.act_fn,47,ReLUSquaredActivation,routed_expert,0
backbone.layers.47.mixer.experts.45,47,NemotronHMLP,routed_expert,0
backbone.layers.47.mixer.experts.45.up_proj,47,Linear,routed_expert,4988928
backbone.layers.47.mixer.experts.45.down_proj,47,Linear,routed_expert,4988928
backbone.layers.47.mixer.experts.45.act_fn,47,ReLUSquaredActivation,routed_expert,0
backbone.layers.47.mixer.experts.46,47,NemotronHMLP,routed_expert,0
backbone.layers.47.mixer.experts.46.up_proj,47,Linear,routed_expert,4988928
backbone.layers.47.mixer.experts.46.down_proj,47,Linear,routed_expert,4988928
backbone.layers.47.mixer.experts.46.act_fn,47,ReLUSquaredActivation,routed_expert,0
backbone.layers.47.mixer.experts.47,47,NemotronHMLP,routed_expert,0
backbone.layers.47.mixer.experts.47.up_proj,47,Linear,routed_expert,4988928
backbone.layers.47.mixer.experts.47.down_proj,47,Linear,routed_expert,4988928
backbone.layers.47.mixer.experts.47.act_fn,47,ReLUSquaredActivation,routed_expert,0
backbone.layers.47.mixer.experts.48,47,NemotronHMLP,routed_expert,0
backbone.layers.47.mixer.experts.48.up_proj,47,Linear,routed_expert,4988928
backbone.layers.47.mixer.experts.48.down_proj,47,Linear,routed_expert,4988928
backbone.layers.47.mixer.experts.48.act_fn,47,ReLUSquaredActivation,routed_expert,0
backbone.layers.47.mixer.experts.49,47,NemotronHMLP,routed_expert,0
backbone.layers.47.mixer.experts.49.up_proj,47,Linear,routed_expert,4988928
backbone.layers.47.mixer.experts.49.down_proj,47,Linear,routed_expert,4988928
backbone.layers.47.mixer.experts.49.act_fn,47,ReLUSquaredActivation,routed_expert,0
backbone.layers.47.mixer.experts.50,47,NemotronHMLP,routed_expert,0
backbone.layers.47.mixer.experts.50.up_proj,47,Linear,routed_expert,4988928
backbone.layers.47.mixer.experts.50.down_proj,47,Linear,routed_expert,4988928
backbone.layers.47.mixer.experts.50.act_fn,47,ReLUSquaredActivation,routed_expert,0
backbone.layers.47.mixer.experts.51,47,NemotronHMLP,routed_expert,0
backbone.layers.47.mixer.experts.51.up_proj,47,Linear,routed_expert,4988928
backbone.layers.47.mixer.experts.51.down_proj,47,Linear,routed_expert,4988928
backbone.layers.47.mixer.experts.51.act_fn,47,ReLUSquaredActivation,routed_expert,0
backbone.layers.47.mixer.experts.52,47,NemotronHMLP,routed_expert,0
backbone.layers.47.mixer.experts.52.up_proj,47,Linear,routed_expert,4988928
backbone.layers.47.mixer.experts.52.down_proj,47,Linear,routed_expert,4988928
backbone.layers.47.mixer.experts.52.act_fn,47,ReLUSquaredActivation,routed_expert,0
backbone.layers.47.mixer.experts.53,47,NemotronHMLP,routed_expert,0
backbone.layers.47.mixer.experts.53.up_proj,47,Linear,routed_expert,4988928
backbone.layers.47.mixer.experts.53.down_proj,47,Linear,routed_expert,4988928
backbone.layers.47.mixer.experts.53.act_fn,47,ReLUSquaredActivation,routed_expert,0
backbone.layers.47.mixer.experts.54,47,NemotronHMLP,routed_expert,0
backbone.layers.47.mixer.experts.54.up_proj,47,Linear,routed_expert,4988928
backbone.layers.47.mixer.experts.54.down_proj,47,Linear,routed_expert,4988928
backbone.layers.47.mixer.experts.54.act_fn,47,ReLUSquaredActivation,routed_expert,0
backbone.layers.47.mixer.experts.55,47,NemotronHMLP,routed_expert,0
backbone.layers.47.mixer.experts.55.up_proj,47,Linear,routed_expert,4988928
backbone.layers.47.mixer.experts.55.down_proj,47,Linear,routed_expert,4988928
backbone.layers.47.mixer.experts.55.act_fn,47,ReLUSquaredActivation,routed_expert,0
backbone.layers.47.mixer.experts.56,47,NemotronHMLP,routed_expert,0
backbone.layers.47.mixer.experts.56.up_proj,47,Linear,routed_expert,4988928
backbone.layers.47.mixer.experts.56.down_proj,47,Linear,routed_expert,4988928
backbone.layers.47.mixer.experts.56.act_fn,47,ReLUSquaredActivation,routed_expert,0
backbone.layers.47.mixer.experts.57,47,NemotronHMLP,routed_expert,0
backbone.layers.47.mixer.experts.57.up_proj,47,Linear,routed_expert,4988928
backbone.layers.47.mixer.experts.57.down_proj,47,Linear,routed_expert,4988928
backbone.layers.47.mixer.experts.57.act_fn,47,ReLUSquaredActivation,routed_expert,0
backbone.layers.47.mixer.experts.58,47,NemotronHMLP,routed_expert,0
backbone.layers.47.mixer.experts.58.up_proj,47,Linear,routed_expert,4988928
backbone.layers.47.mixer.experts.58.down_proj,47,Linear,routed_expert,4988928
backbone.layers.47.mixer.experts.58.act_fn,47,ReLUSquaredActivation,routed_expert,0
backbone.layers.47.mixer.experts.59,47,NemotronHMLP,routed_expert,0
backbone.layers.47.mixer.experts.59.up_proj,47,Linear,routed_expert,4988928
backbone.layers.47.mixer.experts.59.down_proj,47,Linear,routed_expert,4988928
backbone.layers.47.mixer.experts.59.act_fn,47,ReLUSquaredActivation,routed_expert,0
backbone.layers.47.mixer.experts.60,47,NemotronHMLP,routed_expert,0
backbone.layers.47.mixer.experts.60.up_proj,47,Linear,routed_expert,4988928
backbone.layers.47.mixer.experts.60.down_proj,47,Linear,routed_expert,4988928
backbone.layers.47.mixer.experts.60.act_fn,47,ReLUSquaredActivation,routed_expert,0
backbone.layers.47.mixer.experts.61,47,NemotronHMLP,routed_expert,0
backbone.layers.47.mixer.experts.61.up_proj,47,Linear,routed_expert,4988928
backbone.layers.47.mixer.experts.61.down_proj,47,Linear,routed_expert,4988928
backbone.layers.47.mixer.experts.61.act_fn,47,ReLUSquaredActivation,routed_expert,0
backbone.layers.47.mixer.experts.62,47,NemotronHMLP,routed_expert,0
backbone.layers.47.mixer.experts.62.up_proj,47,Linear,routed_expert,4988928
backbone.layers.47.mixer.experts.62.down_proj,47,Linear,routed_expert,4988928
backbone.layers.47.mixer.experts.62.act_fn,47,ReLUSquaredActivation,routed_expert,0
backbone.layers.47.mixer.experts.63,47,NemotronHMLP,routed_expert,0
backbone.layers.47.mixer.experts.63.up_proj,47,Linear,routed_expert,4988928
backbone.layers.47.mixer.experts.63.down_proj,47,Linear,routed_expert,4988928
backbone.layers.47.mixer.experts.63.act_fn,47,ReLUSquaredActivation,routed_expert,0
backbone.layers.47.mixer.experts.64,47,NemotronHMLP,routed_expert,0
backbone.layers.47.mixer.experts.64.up_proj,47,Linear,routed_expert,4988928
backbone.layers.47.mixer.experts.64.down_proj,47,Linear,routed_expert,4988928
backbone.layers.47.mixer.experts.64.act_fn,47,ReLUSquaredActivation,routed_expert,0
backbone.layers.47.mixer.experts.65,47,NemotronHMLP,routed_expert,0
backbone.layers.47.mixer.experts.65.up_proj,47,Linear,routed_expert,4988928
backbone.layers.47.mixer.experts.65.down_proj,47,Linear,routed_expert,4988928
backbone.layers.47.mixer.experts.65.act_fn,47,ReLUSquaredActivation,routed_expert,0
backbone.layers.47.mixer.experts.66,47,NemotronHMLP,routed_expert,0
backbone.layers.47.mixer.experts.66.up_proj,47,Linear,routed_expert,4988928
backbone.layers.47.mixer.experts.66.down_proj,47,Linear,routed_expert,4988928
backbone.layers.47.mixer.experts.66.act_fn,47,ReLUSquaredActivation,routed_expert,0
backbone.layers.47.mixer.experts.67,47,NemotronHMLP,routed_expert,0
backbone.layers.47.mixer.experts.67.up_proj,47,Linear,routed_expert,4988928
backbone.layers.47.mixer.experts.67.down_proj,47,Linear,routed_expert,4988928
backbone.layers.47.mixer.experts.67.act_fn,47,ReLUSquaredActivation,routed_expert,0
backbone.layers.47.mixer.experts.68,47,NemotronHMLP,routed_expert,0
backbone.layers.47.mixer.experts.68.up_proj,47,Linear,routed_expert,4988928
backbone.layers.47.mixer.experts.68.down_proj,47,Linear,routed_expert,4988928
backbone.layers.47.mixer.experts.68.act_fn,47,ReLUSquaredActivation,routed_expert,0
backbone.layers.47.mixer.experts.69,47,NemotronHMLP,routed_expert,0
backbone.layers.47.mixer.experts.69.up_proj,47,Linear,routed_expert,4988928
backbone.layers.47.mixer.experts.69.down_proj,47,Linear,routed_expert,4988928
backbone.layers.47.mixer.experts.69.act_fn,47,ReLUSquaredActivation,routed_expert,0
backbone.layers.47.mixer.experts.70,47,NemotronHMLP,routed_expert,0
backbone.layers.47.mixer.experts.70.up_proj,47,Linear,routed_expert,4988928
backbone.layers.47.mixer.experts.70.down_proj,47,Linear,routed_expert,4988928
backbone.layers.47.mixer.experts.70.act_fn,47,ReLUSquaredActivation,routed_expert,0
backbone.layers.47.mixer.experts.71,47,NemotronHMLP,routed_expert,0
backbone.layers.47.mixer.experts.71.up_proj,47,Linear,routed_expert,4988928
backbone.layers.47.mixer.experts.71.down_proj,47,Linear,routed_expert,4988928
backbone.layers.47.mixer.experts.71.act_fn,47,ReLUSquaredActivation,routed_expert,0
backbone.layers.47.mixer.experts.72,47,NemotronHMLP,routed_expert,0
backbone.layers.47.mixer.experts.72.up_proj,47,Linear,routed_expert,4988928
backbone.layers.47.mixer.experts.72.down_proj,47,Linear,routed_expert,4988928
backbone.layers.47.mixer.experts.72.act_fn,47,ReLUSquaredActivation,routed_expert,0
backbone.layers.47.mixer.experts.73,47,NemotronHMLP,routed_expert,0
backbone.layers.47.mixer.experts.73.up_proj,47,Linear,routed_expert,4988928
backbone.layers.47.mixer.experts.73.down_proj,47,Linear,routed_expert,4988928
backbone.layers.47.mixer.experts.73.act_fn,47,ReLUSquaredActivation,routed_expert,0
backbone.layers.47.mixer.experts.74,47,NemotronHMLP,routed_expert,0
backbone.layers.47.mixer.experts.74.up_proj,47,Linear,routed_expert,4988928
backbone.layers.47.mixer.experts.74.down_proj,47,Linear,routed_expert,4988928
backbone.layers.47.mixer.experts.74.act_fn,47,ReLUSquaredActivation,routed_expert,0
backbone.layers.47.mixer.experts.75,47,NemotronHMLP,routed_expert,0
backbone.layers.47.mixer.experts.75.up_proj,47,Linear,routed_expert,4988928
backbone.layers.47.mixer.experts.75.down_proj,47,Linear,routed_expert,4988928
backbone.layers.47.mixer.experts.75.act_fn,47,ReLUSquaredActivation,routed_expert,0
backbone.layers.47.mixer.experts.76,47,NemotronHMLP,routed_expert,0
backbone.layers.47.mixer.experts.76.up_proj,47,Linear,routed_expert,4988928
backbone.layers.47.mixer.experts.76.down_proj,47,Linear,routed_expert,4988928
backbone.layers.47.mixer.experts.76.act_fn,47,ReLUSquaredActivation,routed_expert,0
backbone.layers.47.mixer.experts.77,47,NemotronHMLP,routed_expert,0
backbone.layers.47.mixer.experts.77.up_proj,47,Linear,routed_expert,4988928
backbone.layers.47.mixer.experts.77.down_proj,47,Linear,routed_expert,4988928
backbone.layers.47.mixer.experts.77.act_fn,47,ReLUSquaredActivation,routed_expert,0
backbone.layers.47.mixer.experts.78,47,NemotronHMLP,routed_expert,0
backbone.layers.47.mixer.experts.78.up_proj,47,Linear,routed_expert,4988928
backbone.layers.47.mixer.experts.78.down_proj,47,Linear,routed_expert,4988928
backbone.layers.47.mixer.experts.78.act_fn,47,ReLUSquaredActivation,routed_expert,0
backbone.layers.47.mixer.experts.79,47,NemotronHMLP,routed_expert,0
backbone.layers.47.mixer.experts.79.up_proj,47,Linear,routed_expert,4988928
backbone.layers.47.mixer.experts.79.down_proj,47,Linear,routed_expert,4988928
backbone.layers.47.mixer.experts.79.act_fn,47,ReLUSquaredActivation,routed_expert,0
backbone.layers.47.mixer.experts.80,47,NemotronHMLP,routed_expert,0
backbone.layers.47.mixer.experts.80.up_proj,47,Linear,routed_expert,4988928
backbone.layers.47.mixer.experts.80.down_proj,47,Linear,routed_expert,4988928
backbone.layers.47.mixer.experts.80.act_fn,47,ReLUSquaredActivation,routed_expert,0
backbone.layers.47.mixer.experts.81,47,NemotronHMLP,routed_expert,0
backbone.layers.47.mixer.experts.81.up_proj,47,Linear,routed_expert,4988928
backbone.layers.47.mixer.experts.81.down_proj,47,Linear,routed_expert,4988928
backbone.layers.47.mixer.experts.81.act_fn,47,ReLUSquaredActivation,routed_expert,0
backbone.layers.47.mixer.experts.82,47,NemotronHMLP,routed_expert,0
backbone.layers.47.mixer.experts.82.up_proj,47,Linear,routed_expert,4988928
backbone.layers.47.mixer.experts.82.down_proj,47,Linear,routed_expert,4988928
backbone.layers.47.mixer.experts.82.act_fn,47,ReLUSquaredActivation,routed_expert,0
backbone.layers.47.mixer.experts.83,47,NemotronHMLP,routed_expert,0
backbone.layers.47.mixer.experts.83.up_proj,47,Linear,routed_expert,4988928
backbone.layers.47.mixer.experts.83.down_proj,47,Linear,routed_expert,4988928
backbone.layers.47.mixer.experts.83.act_fn,47,ReLUSquaredActivation,routed_expert,0
backbone.layers.47.mixer.experts.84,47,NemotronHMLP,routed_expert,0
backbone.layers.47.mixer.experts.84.up_proj,47,Linear,routed_expert,4988928
backbone.layers.47.mixer.experts.84.down_proj,47,Linear,routed_expert,4988928
backbone.layers.47.mixer.experts.84.act_fn,47,ReLUSquaredActivation,routed_expert,0
backbone.layers.47.mixer.experts.85,47,NemotronHMLP,routed_expert,0
backbone.layers.47.mixer.experts.85.up_proj,47,Linear,routed_expert,4988928
backbone.layers.47.mixer.experts.85.down_proj,47,Linear,routed_expert,4988928
backbone.layers.47.mixer.experts.85.act_fn,47,ReLUSquaredActivation,routed_expert,0
backbone.layers.47.mixer.experts.86,47,NemotronHMLP,routed_expert,0
backbone.layers.47.mixer.experts.86.up_proj,47,Linear,routed_expert,4988928
backbone.layers.47.mixer.experts.86.down_proj,47,Linear,routed_expert,4988928
backbone.layers.47.mixer.experts.86.act_fn,47,ReLUSquaredActivation,routed_expert,0
backbone.layers.47.mixer.experts.87,47,NemotronHMLP,routed_expert,0
backbone.layers.47.mixer.experts.87.up_proj,47,Linear,routed_expert,4988928
backbone.layers.47.mixer.experts.87.down_proj,47,Linear,routed_expert,4988928
backbone.layers.47.mixer.experts.87.act_fn,47,ReLUSquaredActivation,routed_expert,0
backbone.layers.47.mixer.experts.88,47,NemotronHMLP,routed_expert,0
backbone.layers.47.mixer.experts.88.up_proj,47,Linear,routed_expert,4988928
backbone.layers.47.mixer.experts.88.down_proj,47,Linear,routed_expert,4988928
backbone.layers.47.mixer.experts.88.act_fn,47,ReLUSquaredActivation,routed_expert,0
backbone.layers.47.mixer.experts.89,47,NemotronHMLP,routed_expert,0
backbone.layers.47.mixer.experts.89.up_proj,47,Linear,routed_expert,4988928
backbone.layers.47.mixer.experts.89.down_proj,47,Linear,routed_expert,4988928
backbone.layers.47.mixer.experts.89.act_fn,47,ReLUSquaredActivation,routed_expert,0
backbone.layers.47.mixer.experts.90,47,NemotronHMLP,routed_expert,0
backbone.layers.47.mixer.experts.90.up_proj,47,Linear,routed_expert,4988928
backbone.layers.47.mixer.experts.90.down_proj,47,Linear,routed_expert,4988928
backbone.layers.47.mixer.experts.90.act_fn,47,ReLUSquaredActivation,routed_expert,0
backbone.layers.47.mixer.experts.91,47,NemotronHMLP,routed_expert,0
backbone.layers.47.mixer.experts.91.up_proj,47,Linear,routed_expert,4988928
backbone.layers.47.mixer.experts.91.down_proj,47,Linear,routed_expert,4988928
backbone.layers.47.mixer.experts.91.act_fn,47,ReLUSquaredActivation,routed_expert,0
backbone.layers.47.mixer.experts.92,47,NemotronHMLP,routed_expert,0
backbone.layers.47.mixer.experts.92.up_proj,47,Linear,routed_expert,4988928
backbone.layers.47.mixer.experts.92.down_proj,47,Linear,routed_expert,4988928
backbone.layers.47.mixer.experts.92.act_fn,47,ReLUSquaredActivation,routed_expert,0
backbone.layers.47.mixer.experts.93,47,NemotronHMLP,routed_expert,0
backbone.layers.47.mixer.experts.93.up_proj,47,Linear,routed_expert,4988928
backbone.layers.47.mixer.experts.93.down_proj,47,Linear,routed_expert,4988928
backbone.layers.47.mixer.experts.93.act_fn,47,ReLUSquaredActivation,routed_expert,0
backbone.layers.47.mixer.experts.94,47,NemotronHMLP,routed_expert,0
backbone.layers.47.mixer.experts.94.up_proj,47,Linear,routed_expert,4988928
backbone.layers.47.mixer.experts.94.down_proj,47,Linear,routed_expert,4988928
backbone.layers.47.mixer.experts.94.act_fn,47,ReLUSquaredActivation,routed_expert,0
backbone.layers.47.mixer.experts.95,47,NemotronHMLP,routed_expert,0
backbone.layers.47.mixer.experts.95.up_proj,47,Linear,routed_expert,4988928
backbone.layers.47.mixer.experts.95.down_proj,47,Linear,routed_expert,4988928
backbone.layers.47.mixer.experts.95.act_fn,47,ReLUSquaredActivation,routed_expert,0
backbone.layers.47.mixer.experts.96,47,NemotronHMLP,routed_expert,0
backbone.layers.47.mixer.experts.96.up_proj,47,Linear,routed_expert,4988928
backbone.layers.47.mixer.experts.96.down_proj,47,Linear,routed_expert,4988928
backbone.layers.47.mixer.experts.96.act_fn,47,ReLUSquaredActivation,routed_expert,0
backbone.layers.47.mixer.experts.97,47,NemotronHMLP,routed_expert,0
backbone.layers.47.mixer.experts.97.up_proj,47,Linear,routed_expert,4988928
backbone.layers.47.mixer.experts.97.down_proj,47,Linear,routed_expert,4988928
backbone.layers.47.mixer.experts.97.act_fn,47,ReLUSquaredActivation,routed_expert,0
backbone.layers.47.mixer.experts.98,47,NemotronHMLP,routed_expert,0
backbone.layers.47.mixer.experts.98.up_proj,47,Linear,routed_expert,4988928
backbone.layers.47.mixer.experts.98.down_proj,47,Linear,routed_expert,4988928
backbone.layers.47.mixer.experts.98.act_fn,47,ReLUSquaredActivation,routed_expert,0
backbone.layers.47.mixer.experts.99,47,NemotronHMLP,routed_expert,0
backbone.layers.47.mixer.experts.99.up_proj,47,Linear,routed_expert,4988928
backbone.layers.47.mixer.experts.99.down_proj,47,Linear,routed_expert,4988928
backbone.layers.47.mixer.experts.99.act_fn,47,ReLUSquaredActivation,routed_expert,0
backbone.layers.47.mixer.experts.100,47,NemotronHMLP,routed_expert,0
backbone.layers.47.mixer.experts.100.up_proj,47,Linear,routed_expert,4988928
backbone.layers.47.mixer.experts.100.down_proj,47,Linear,routed_expert,4988928
backbone.layers.47.mixer.experts.100.act_fn,47,ReLUSquaredActivation,routed_expert,0
backbone.layers.47.mixer.experts.101,47,NemotronHMLP,routed_expert,0
backbone.layers.47.mixer.experts.101.up_proj,47,Linear,routed_expert,4988928
backbone.layers.47.mixer.experts.101.down_proj,47,Linear,routed_expert,4988928
backbone.layers.47.mixer.experts.101.act_fn,47,ReLUSquaredActivation,routed_expert,0
backbone.layers.47.mixer.experts.102,47,NemotronHMLP,routed_expert,0
backbone.layers.47.mixer.experts.102.up_proj,47,Linear,routed_expert,4988928
backbone.layers.47.mixer.experts.102.down_proj,47,Linear,routed_expert,4988928
backbone.layers.47.mixer.experts.102.act_fn,47,ReLUSquaredActivation,routed_expert,0
backbone.layers.47.mixer.experts.103,47,NemotronHMLP,routed_expert,0
backbone.layers.47.mixer.experts.103.up_proj,47,Linear,routed_expert,4988928
backbone.layers.47.mixer.experts.103.down_proj,47,Linear,routed_expert,4988928
backbone.layers.47.mixer.experts.103.act_fn,47,ReLUSquaredActivation,routed_expert,0
backbone.layers.47.mixer.experts.104,47,NemotronHMLP,routed_expert,0
backbone.layers.47.mixer.experts.104.up_proj,47,Linear,routed_expert,4988928
backbone.layers.47.mixer.experts.104.down_proj,47,Linear,routed_expert,4988928
backbone.layers.47.mixer.experts.104.act_fn,47,ReLUSquaredActivation,routed_expert,0
backbone.layers.47.mixer.experts.105,47,NemotronHMLP,routed_expert,0
backbone.layers.47.mixer.experts.105.up_proj,47,Linear,routed_expert,4988928
backbone.layers.47.mixer.experts.105.down_proj,47,Linear,routed_expert,4988928
backbone.layers.47.mixer.experts.105.act_fn,47,ReLUSquaredActivation,routed_expert,0
backbone.layers.47.mixer.experts.106,47,NemotronHMLP,routed_expert,0
backbone.layers.47.mixer.experts.106.up_proj,47,Linear,routed_expert,4988928
backbone.layers.47.mixer.experts.106.down_proj,47,Linear,routed_expert,4988928
backbone.layers.47.mixer.experts.106.act_fn,47,ReLUSquaredActivation,routed_expert,0
backbone.layers.47.mixer.experts.107,47,NemotronHMLP,routed_expert,0
backbone.layers.47.mixer.experts.107.up_proj,47,Linear,routed_expert,4988928
backbone.layers.47.mixer.experts.107.down_proj,47,Linear,routed_expert,4988928
backbone.layers.47.mixer.experts.107.act_fn,47,ReLUSquaredActivation,routed_expert,0
backbone.layers.47.mixer.experts.108,47,NemotronHMLP,routed_expert,0
backbone.layers.47.mixer.experts.108.up_proj,47,Linear,routed_expert,4988928
backbone.layers.47.mixer.experts.108.down_proj,47,Linear,routed_expert,4988928
backbone.layers.47.mixer.experts.108.act_fn,47,ReLUSquaredActivation,routed_expert,0
backbone.layers.47.mixer.experts.109,47,NemotronHMLP,routed_expert,0
backbone.layers.47.mixer.experts.109.up_proj,47,Linear,routed_expert,4988928
backbone.layers.47.mixer.experts.109.down_proj,47,Linear,routed_expert,4988928
backbone.layers.47.mixer.experts.109.act_fn,47,ReLUSquaredActivation,routed_expert,0
backbone.layers.47.mixer.experts.110,47,NemotronHMLP,routed_expert,0
backbone.layers.47.mixer.experts.110.up_proj,47,Linear,routed_expert,4988928
backbone.layers.47.mixer.experts.110.down_proj,47,Linear,routed_expert,4988928
backbone.layers.47.mixer.experts.110.act_fn,47,ReLUSquaredActivation,routed_expert,0
backbone.layers.47.mixer.experts.111,47,NemotronHMLP,routed_expert,0
backbone.layers.47.mixer.experts.111.up_proj,47,Linear,routed_expert,4988928
backbone.layers.47.mixer.experts.111.down_proj,47,Linear,routed_expert,4988928
backbone.layers.47.mixer.experts.111.act_fn,47,ReLUSquaredActivation,routed_expert,0
backbone.layers.47.mixer.experts.112,47,NemotronHMLP,routed_expert,0
backbone.layers.47.mixer.experts.112.up_proj,47,Linear,routed_expert,4988928
backbone.layers.47.mixer.experts.112.down_proj,47,Linear,routed_expert,4988928
backbone.layers.47.mixer.experts.112.act_fn,47,ReLUSquaredActivation,routed_expert,0
backbone.layers.47.mixer.experts.113,47,NemotronHMLP,routed_expert,0
backbone.layers.47.mixer.experts.113.up_proj,47,Linear,routed_expert,4988928
backbone.layers.47.mixer.experts.113.down_proj,47,Linear,routed_expert,4988928
backbone.layers.47.mixer.experts.113.act_fn,47,ReLUSquaredActivation,routed_expert,0
backbone.layers.47.mixer.experts.114,47,NemotronHMLP,routed_expert,0
backbone.layers.47.mixer.experts.114.up_proj,47,Linear,routed_expert,4988928
backbone.layers.47.mixer.experts.114.down_proj,47,Linear,routed_expert,4988928
backbone.layers.47.mixer.experts.114.act_fn,47,ReLUSquaredActivation,routed_expert,0
backbone.layers.47.mixer.experts.115,47,NemotronHMLP,routed_expert,0
backbone.layers.47.mixer.experts.115.up_proj,47,Linear,routed_expert,4988928
backbone.layers.47.mixer.experts.115.down_proj,47,Linear,routed_expert,4988928
backbone.layers.47.mixer.experts.115.act_fn,47,ReLUSquaredActivation,routed_expert,0
backbone.layers.47.mixer.experts.116,47,NemotronHMLP,routed_expert,0
backbone.layers.47.mixer.experts.116.up_proj,47,Linear,routed_expert,4988928
backbone.layers.47.mixer.experts.116.down_proj,47,Linear,routed_expert,4988928
backbone.layers.47.mixer.experts.116.act_fn,47,ReLUSquaredActivation,routed_expert,0
backbone.layers.47.mixer.experts.117,47,NemotronHMLP,routed_expert,0
backbone.layers.47.mixer.experts.117.up_proj,47,Linear,routed_expert,4988928
backbone.layers.47.mixer.experts.117.down_proj,47,Linear,routed_expert,4988928
backbone.layers.47.mixer.experts.117.act_fn,47,ReLUSquaredActivation,routed_expert,0
backbone.layers.47.mixer.experts.118,47,NemotronHMLP,routed_expert,0
backbone.layers.47.mixer.experts.118.up_proj,47,Linear,routed_expert,4988928
backbone.layers.47.mixer.experts.118.down_proj,47,Linear,routed_expert,4988928
backbone.layers.47.mixer.experts.118.act_fn,47,ReLUSquaredActivation,routed_expert,0
backbone.layers.47.mixer.experts.119,47,NemotronHMLP,routed_expert,0
backbone.layers.47.mixer.experts.119.up_proj,47,Linear,routed_expert,4988928
backbone.layers.47.mixer.experts.119.down_proj,47,Linear,routed_expert,4988928
backbone.layers.47.mixer.experts.119.act_fn,47,ReLUSquaredActivation,routed_expert,0
backbone.layers.47.mixer.experts.120,47,NemotronHMLP,routed_expert,0
backbone.layers.47.mixer.experts.120.up_proj,47,Linear,routed_expert,4988928
backbone.layers.47.mixer.experts.120.down_proj,47,Linear,routed_expert,4988928
backbone.layers.47.mixer.experts.120.act_fn,47,ReLUSquaredActivation,routed_expert,0
backbone.layers.47.mixer.experts.121,47,NemotronHMLP,routed_expert,0
backbone.layers.47.mixer.experts.121.up_proj,47,Linear,routed_expert,4988928
backbone.layers.47.mixer.experts.121.down_proj,47,Linear,routed_expert,4988928
backbone.layers.47.mixer.experts.121.act_fn,47,ReLUSquaredActivation,routed_expert,0
backbone.layers.47.mixer.experts.122,47,NemotronHMLP,routed_expert,0
backbone.layers.47.mixer.experts.122.up_proj,47,Linear,routed_expert,4988928
backbone.layers.47.mixer.experts.122.down_proj,47,Linear,routed_expert,4988928
backbone.layers.47.mixer.experts.122.act_fn,47,ReLUSquaredActivation,routed_expert,0
backbone.layers.47.mixer.experts.123,47,NemotronHMLP,routed_expert,0
backbone.layers.47.mixer.experts.123.up_proj,47,Linear,routed_expert,4988928
backbone.layers.47.mixer.experts.123.down_proj,47,Linear,routed_expert,4988928
backbone.layers.47.mixer.experts.123.act_fn,47,ReLUSquaredActivation,routed_expert,0
backbone.layers.47.mixer.experts.124,47,NemotronHMLP,routed_expert,0
backbone.layers.47.mixer.experts.124.up_proj,47,Linear,routed_expert,4988928
backbone.layers.47.mixer.experts.124.down_proj,47,Linear,routed_expert,4988928
backbone.layers.47.mixer.experts.124.act_fn,47,ReLUSquaredActivation,routed_expert,0
backbone.layers.47.mixer.experts.125,47,NemotronHMLP,routed_expert,0
backbone.layers.47.mixer.experts.125.up_proj,47,Linear,routed_expert,4988928
backbone.layers.47.mixer.experts.125.down_proj,47,Linear,routed_expert,4988928
backbone.layers.47.mixer.experts.125.act_fn,47,ReLUSquaredActivation,routed_expert,0
backbone.layers.47.mixer.experts.126,47,NemotronHMLP,routed_expert,0
backbone.layers.47.mixer.experts.126.up_proj,47,Linear,routed_expert,4988928
backbone.layers.47.mixer.experts.126.down_proj,47,Linear,routed_expert,4988928
backbone.layers.47.mixer.experts.126.act_fn,47,ReLUSquaredActivation,routed_expert,0
backbone.layers.47.mixer.experts.127,47,NemotronHMLP,routed_expert,0
backbone.layers.47.mixer.experts.127.up_proj,47,Linear,routed_expert,4988928
backbone.layers.47.mixer.experts.127.down_proj,47,Linear,routed_expert,4988928
backbone.layers.47.mixer.experts.127.act_fn,47,ReLUSquaredActivation,routed_expert,0
backbone.layers.47.mixer.gate,47,NemotronHTopkRouter,router,344064
backbone.layers.47.mixer.shared_experts,47,NemotronHMLP,other,0
backbone.layers.47.mixer.shared_experts.up_proj,47,Linear,shared_expert,9977856
backbone.layers.47.mixer.shared_experts.down_proj,47,Linear,shared_expert,9977856
backbone.layers.47.mixer.shared_experts.act_fn,47,ReLUSquaredActivation,shared_expert,0
backbone.layers.48,48,NemotronHBlock,other,0
backbone.layers.48.norm,48,NemotronHRMSNorm,other,2688
backbone.layers.48.mixer,48,NemotronHMamba2Mixer,mamba,192
backbone.layers.48.mixer.act,48,SiLUActivation,other,0
backbone.layers.48.mixer.conv1d,48,Conv1d,other,30720
backbone.layers.48.mixer.in_proj,48,Linear,mamba_projection,27697152
backbone.layers.48.mixer.norm,48,MambaRMSNormGated,mamba,4096
backbone.layers.48.mixer.out_proj,48,Linear,mamba_projection,11010048
backbone.layers.49,49,NemotronHBlock,other,0
backbone.layers.49.norm,49,NemotronHRMSNorm,other,2688
backbone.layers.49.mixer,49,NemotronHMOE,moe,0
backbone.layers.49.mixer.experts,49,ModuleList,other,0
backbone.layers.49.mixer.experts.0,49,NemotronHMLP,routed_expert,0
backbone.layers.49.mixer.experts.0.up_proj,49,Linear,routed_expert,4988928
backbone.layers.49.mixer.experts.0.down_proj,49,Linear,routed_expert,4988928
backbone.layers.49.mixer.experts.0.act_fn,49,ReLUSquaredActivation,routed_expert,0
backbone.layers.49.mixer.experts.1,49,NemotronHMLP,routed_expert,0
backbone.layers.49.mixer.experts.1.up_proj,49,Linear,routed_expert,4988928
backbone.layers.49.mixer.experts.1.down_proj,49,Linear,routed_expert,4988928
backbone.layers.49.mixer.experts.1.act_fn,49,ReLUSquaredActivation,routed_expert,0
backbone.layers.49.mixer.experts.2,49,NemotronHMLP,routed_expert,0
backbone.layers.49.mixer.experts.2.up_proj,49,Linear,routed_expert,4988928
backbone.layers.49.mixer.experts.2.down_proj,49,Linear,routed_expert,4988928
backbone.layers.49.mixer.experts.2.act_fn,49,ReLUSquaredActivation,routed_expert,0
backbone.layers.49.mixer.experts.3,49,NemotronHMLP,routed_expert,0
backbone.layers.49.mixer.experts.3.up_proj,49,Linear,routed_expert,4988928
backbone.layers.49.mixer.experts.3.down_proj,49,Linear,routed_expert,4988928
backbone.layers.49.mixer.experts.3.act_fn,49,ReLUSquaredActivation,routed_expert,0
backbone.layers.49.mixer.experts.4,49,NemotronHMLP,routed_expert,0
backbone.layers.49.mixer.experts.4.up_proj,49,Linear,routed_expert,4988928
backbone.layers.49.mixer.experts.4.down_proj,49,Linear,routed_expert,4988928
backbone.layers.49.mixer.experts.4.act_fn,49,ReLUSquaredActivation,routed_expert,0
backbone.layers.49.mixer.experts.5,49,NemotronHMLP,routed_expert,0
backbone.layers.49.mixer.experts.5.up_proj,49,Linear,routed_expert,4988928
backbone.layers.49.mixer.experts.5.down_proj,49,Linear,routed_expert,4988928
backbone.layers.49.mixer.experts.5.act_fn,49,ReLUSquaredActivation,routed_expert,0
backbone.layers.49.mixer.experts.6,49,NemotronHMLP,routed_expert,0
backbone.layers.49.mixer.experts.6.up_proj,49,Linear,routed_expert,4988928
backbone.layers.49.mixer.experts.6.down_proj,49,Linear,routed_expert,4988928
backbone.layers.49.mixer.experts.6.act_fn,49,ReLUSquaredActivation,routed_expert,0
backbone.layers.49.mixer.experts.7,49,NemotronHMLP,routed_expert,0
backbone.layers.49.mixer.experts.7.up_proj,49,Linear,routed_expert,4988928
backbone.layers.49.mixer.experts.7.down_proj,49,Linear,routed_expert,4988928
backbone.layers.49.mixer.experts.7.act_fn,49,ReLUSquaredActivation,routed_expert,0
backbone.layers.49.mixer.experts.8,49,NemotronHMLP,routed_expert,0
backbone.layers.49.mixer.experts.8.up_proj,49,Linear,routed_expert,4988928
backbone.layers.49.mixer.experts.8.down_proj,49,Linear,routed_expert,4988928
backbone.layers.49.mixer.experts.8.act_fn,49,ReLUSquaredActivation,routed_expert,0
backbone.layers.49.mixer.experts.9,49,NemotronHMLP,routed_expert,0
backbone.layers.49.mixer.experts.9.up_proj,49,Linear,routed_expert,4988928
backbone.layers.49.mixer.experts.9.down_proj,49,Linear,routed_expert,4988928
backbone.layers.49.mixer.experts.9.act_fn,49,ReLUSquaredActivation,routed_expert,0
backbone.layers.49.mixer.experts.10,49,NemotronHMLP,routed_expert,0
backbone.layers.49.mixer.experts.10.up_proj,49,Linear,routed_expert,4988928
backbone.layers.49.mixer.experts.10.down_proj,49,Linear,routed_expert,4988928
backbone.layers.49.mixer.experts.10.act_fn,49,ReLUSquaredActivation,routed_expert,0
backbone.layers.49.mixer.experts.11,49,NemotronHMLP,routed_expert,0
backbone.layers.49.mixer.experts.11.up_proj,49,Linear,routed_expert,4988928
backbone.layers.49.mixer.experts.11.down_proj,49,Linear,routed_expert,4988928
backbone.layers.49.mixer.experts.11.act_fn,49,ReLUSquaredActivation,routed_expert,0
backbone.layers.49.mixer.experts.12,49,NemotronHMLP,routed_expert,0
backbone.layers.49.mixer.experts.12.up_proj,49,Linear,routed_expert,4988928
backbone.layers.49.mixer.experts.12.down_proj,49,Linear,routed_expert,4988928
backbone.layers.49.mixer.experts.12.act_fn,49,ReLUSquaredActivation,routed_expert,0
backbone.layers.49.mixer.experts.13,49,NemotronHMLP,routed_expert,0
backbone.layers.49.mixer.experts.13.up_proj,49,Linear,routed_expert,4988928
backbone.layers.49.mixer.experts.13.down_proj,49,Linear,routed_expert,4988928
backbone.layers.49.mixer.experts.13.act_fn,49,ReLUSquaredActivation,routed_expert,0
backbone.layers.49.mixer.experts.14,49,NemotronHMLP,routed_expert,0
backbone.layers.49.mixer.experts.14.up_proj,49,Linear,routed_expert,4988928
backbone.layers.49.mixer.experts.14.down_proj,49,Linear,routed_expert,4988928
backbone.layers.49.mixer.experts.14.act_fn,49,ReLUSquaredActivation,routed_expert,0
backbone.layers.49.mixer.experts.15,49,NemotronHMLP,routed_expert,0
backbone.layers.49.mixer.experts.15.up_proj,49,Linear,routed_expert,4988928
backbone.layers.49.mixer.experts.15.down_proj,49,Linear,routed_expert,4988928
backbone.layers.49.mixer.experts.15.act_fn,49,ReLUSquaredActivation,routed_expert,0
backbone.layers.49.mixer.experts.16,49,NemotronHMLP,routed_expert,0
backbone.layers.49.mixer.experts.16.up_proj,49,Linear,routed_expert,4988928
backbone.layers.49.mixer.experts.16.down_proj,49,Linear,routed_expert,4988928
backbone.layers.49.mixer.experts.16.act_fn,49,ReLUSquaredActivation,routed_expert,0
backbone.layers.49.mixer.experts.17,49,NemotronHMLP,routed_expert,0
backbone.layers.49.mixer.experts.17.up_proj,49,Linear,routed_expert,4988928
backbone.layers.49.mixer.experts.17.down_proj,49,Linear,routed_expert,4988928
backbone.layers.49.mixer.experts.17.act_fn,49,ReLUSquaredActivation,routed_expert,0
backbone.layers.49.mixer.experts.18,49,NemotronHMLP,routed_expert,0
backbone.layers.49.mixer.experts.18.up_proj,49,Linear,routed_expert,4988928
backbone.layers.49.mixer.experts.18.down_proj,49,Linear,routed_expert,4988928
backbone.layers.49.mixer.experts.18.act_fn,49,ReLUSquaredActivation,routed_expert,0
backbone.layers.49.mixer.experts.19,49,NemotronHMLP,routed_expert,0
backbone.layers.49.mixer.experts.19.up_proj,49,Linear,routed_expert,4988928
backbone.layers.49.mixer.experts.19.down_proj,49,Linear,routed_expert,4988928
backbone.layers.49.mixer.experts.19.act_fn,49,ReLUSquaredActivation,routed_expert,0
backbone.layers.49.mixer.experts.20,49,NemotronHMLP,routed_expert,0
backbone.layers.49.mixer.experts.20.up_proj,49,Linear,routed_expert,4988928
backbone.layers.49.mixer.experts.20.down_proj,49,Linear,routed_expert,4988928
backbone.layers.49.mixer.experts.20.act_fn,49,ReLUSquaredActivation,routed_expert,0
backbone.layers.49.mixer.experts.21,49,NemotronHMLP,routed_expert,0
backbone.layers.49.mixer.experts.21.up_proj,49,Linear,routed_expert,4988928
backbone.layers.49.mixer.experts.21.down_proj,49,Linear,routed_expert,4988928
backbone.layers.49.mixer.experts.21.act_fn,49,ReLUSquaredActivation,routed_expert,0
backbone.layers.49.mixer.experts.22,49,NemotronHMLP,routed_expert,0
backbone.layers.49.mixer.experts.22.up_proj,49,Linear,routed_expert,4988928
backbone.layers.49.mixer.experts.22.down_proj,49,Linear,routed_expert,4988928
backbone.layers.49.mixer.experts.22.act_fn,49,ReLUSquaredActivation,routed_expert,0
backbone.layers.49.mixer.experts.23,49,NemotronHMLP,routed_expert,0
backbone.layers.49.mixer.experts.23.up_proj,49,Linear,routed_expert,4988928
backbone.layers.49.mixer.experts.23.down_proj,49,Linear,routed_expert,4988928
backbone.layers.49.mixer.experts.23.act_fn,49,ReLUSquaredActivation,routed_expert,0
backbone.layers.49.mixer.experts.24,49,NemotronHMLP,routed_expert,0
backbone.layers.49.mixer.experts.24.up_proj,49,Linear,routed_expert,4988928
backbone.layers.49.mixer.experts.24.down_proj,49,Linear,routed_expert,4988928
backbone.layers.49.mixer.experts.24.act_fn,49,ReLUSquaredActivation,routed_expert,0
backbone.layers.49.mixer.experts.25,49,NemotronHMLP,routed_expert,0
backbone.layers.49.mixer.experts.25.up_proj,49,Linear,routed_expert,4988928
backbone.layers.49.mixer.experts.25.down_proj,49,Linear,routed_expert,4988928
backbone.layers.49.mixer.experts.25.act_fn,49,ReLUSquaredActivation,routed_expert,0
backbone.layers.49.mixer.experts.26,49,NemotronHMLP,routed_expert,0
backbone.layers.49.mixer.experts.26.up_proj,49,Linear,routed_expert,4988928
backbone.layers.49.mixer.experts.26.down_proj,49,Linear,routed_expert,4988928
backbone.layers.49.mixer.experts.26.act_fn,49,ReLUSquaredActivation,routed_expert,0
backbone.layers.49.mixer.experts.27,49,NemotronHMLP,routed_expert,0
backbone.layers.49.mixer.experts.27.up_proj,49,Linear,routed_expert,4988928
backbone.layers.49.mixer.experts.27.down_proj,49,Linear,routed_expert,4988928
backbone.layers.49.mixer.experts.27.act_fn,49,ReLUSquaredActivation,routed_expert,0
backbone.layers.49.mixer.experts.28,49,NemotronHMLP,routed_expert,0
backbone.layers.49.mixer.experts.28.up_proj,49,Linear,routed_expert,4988928
backbone.layers.49.mixer.experts.28.down_proj,49,Linear,routed_expert,4988928
backbone.layers.49.mixer.experts.28.act_fn,49,ReLUSquaredActivation,routed_expert,0
backbone.layers.49.mixer.experts.29,49,NemotronHMLP,routed_expert,0
backbone.layers.49.mixer.experts.29.up_proj,49,Linear,routed_expert,4988928
backbone.layers.49.mixer.experts.29.down_proj,49,Linear,routed_expert,4988928
backbone.layers.49.mixer.experts.29.act_fn,49,ReLUSquaredActivation,routed_expert,0
backbone.layers.49.mixer.experts.30,49,NemotronHMLP,routed_expert,0
backbone.layers.49.mixer.experts.30.up_proj,49,Linear,routed_expert,4988928
backbone.layers.49.mixer.experts.30.down_proj,49,Linear,routed_expert,4988928
backbone.layers.49.mixer.experts.30.act_fn,49,ReLUSquaredActivation,routed_expert,0
backbone.layers.49.mixer.experts.31,49,NemotronHMLP,routed_expert,0
backbone.layers.49.mixer.experts.31.up_proj,49,Linear,routed_expert,4988928
backbone.layers.49.mixer.experts.31.down_proj,49,Linear,routed_expert,4988928
backbone.layers.49.mixer.experts.31.act_fn,49,ReLUSquaredActivation,routed_expert,0
backbone.layers.49.mixer.experts.32,49,NemotronHMLP,routed_expert,0
backbone.layers.49.mixer.experts.32.up_proj,49,Linear,routed_expert,4988928
backbone.layers.49.mixer.experts.32.down_proj,49,Linear,routed_expert,4988928
backbone.layers.49.mixer.experts.32.act_fn,49,ReLUSquaredActivation,routed_expert,0
backbone.layers.49.mixer.experts.33,49,NemotronHMLP,routed_expert,0
backbone.layers.49.mixer.experts.33.up_proj,49,Linear,routed_expert,4988928
backbone.layers.49.mixer.experts.33.down_proj,49,Linear,routed_expert,4988928
backbone.layers.49.mixer.experts.33.act_fn,49,ReLUSquaredActivation,routed_expert,0
backbone.layers.49.mixer.experts.34,49,NemotronHMLP,routed_expert,0
backbone.layers.49.mixer.experts.34.up_proj,49,Linear,routed_expert,4988928
backbone.layers.49.mixer.experts.34.down_proj,49,Linear,routed_expert,4988928
backbone.layers.49.mixer.experts.34.act_fn,49,ReLUSquaredActivation,routed_expert,0
backbone.layers.49.mixer.experts.35,49,NemotronHMLP,routed_expert,0
backbone.layers.49.mixer.experts.35.up_proj,49,Linear,routed_expert,4988928
backbone.layers.49.mixer.experts.35.down_proj,49,Linear,routed_expert,4988928
backbone.layers.49.mixer.experts.35.act_fn,49,ReLUSquaredActivation,routed_expert,0
backbone.layers.49.mixer.experts.36,49,NemotronHMLP,routed_expert,0
backbone.layers.49.mixer.experts.36.up_proj,49,Linear,routed_expert,4988928
backbone.layers.49.mixer.experts.36.down_proj,49,Linear,routed_expert,4988928
backbone.layers.49.mixer.experts.36.act_fn,49,ReLUSquaredActivation,routed_expert,0
backbone.layers.49.mixer.experts.37,49,NemotronHMLP,routed_expert,0
backbone.layers.49.mixer.experts.37.up_proj,49,Linear,routed_expert,4988928
backbone.layers.49.mixer.experts.37.down_proj,49,Linear,routed_expert,4988928
backbone.layers.49.mixer.experts.37.act_fn,49,ReLUSquaredActivation,routed_expert,0
backbone.layers.49.mixer.experts.38,49,NemotronHMLP,routed_expert,0
backbone.layers.49.mixer.experts.38.up_proj,49,Linear,routed_expert,4988928
backbone.layers.49.mixer.experts.38.down_proj,49,Linear,routed_expert,4988928
backbone.layers.49.mixer.experts.38.act_fn,49,ReLUSquaredActivation,routed_expert,0
backbone.layers.49.mixer.experts.39,49,NemotronHMLP,routed_expert,0
backbone.layers.49.mixer.experts.39.up_proj,49,Linear,routed_expert,4988928
backbone.layers.49.mixer.experts.39.down_proj,49,Linear,routed_expert,4988928
backbone.layers.49.mixer.experts.39.act_fn,49,ReLUSquaredActivation,routed_expert,0
backbone.layers.49.mixer.experts.40,49,NemotronHMLP,routed_expert,0
backbone.layers.49.mixer.experts.40.up_proj,49,Linear,routed_expert,4988928
backbone.layers.49.mixer.experts.40.down_proj,49,Linear,routed_expert,4988928
backbone.layers.49.mixer.experts.40.act_fn,49,ReLUSquaredActivation,routed_expert,0
backbone.layers.49.mixer.experts.41,49,NemotronHMLP,routed_expert,0
backbone.layers.49.mixer.experts.41.up_proj,49,Linear,routed_expert,4988928
backbone.layers.49.mixer.experts.41.down_proj,49,Linear,routed_expert,4988928
backbone.layers.49.mixer.experts.41.act_fn,49,ReLUSquaredActivation,routed_expert,0
backbone.layers.49.mixer.experts.42,49,NemotronHMLP,routed_expert,0
backbone.layers.49.mixer.experts.42.up_proj,49,Linear,routed_expert,4988928
backbone.layers.49.mixer.experts.42.down_proj,49,Linear,routed_expert,4988928
backbone.layers.49.mixer.experts.42.act_fn,49,ReLUSquaredActivation,routed_expert,0
backbone.layers.49.mixer.experts.43,49,NemotronHMLP,routed_expert,0
backbone.layers.49.mixer.experts.43.up_proj,49,Linear,routed_expert,4988928
backbone.layers.49.mixer.experts.43.down_proj,49,Linear,routed_expert,4988928
backbone.layers.49.mixer.experts.43.act_fn,49,ReLUSquaredActivation,routed_expert,0
backbone.layers.49.mixer.experts.44,49,NemotronHMLP,routed_expert,0
backbone.layers.49.mixer.experts.44.up_proj,49,Linear,routed_expert,4988928
backbone.layers.49.mixer.experts.44.down_proj,49,Linear,routed_expert,4988928
backbone.layers.49.mixer.experts.44.act_fn,49,ReLUSquaredActivation,routed_expert,0
backbone.layers.49.mixer.experts.45,49,NemotronHMLP,routed_expert,0
backbone.layers.49.mixer.experts.45.up_proj,49,Linear,routed_expert,4988928
backbone.layers.49.mixer.experts.45.down_proj,49,Linear,routed_expert,4988928
backbone.layers.49.mixer.experts.45.act_fn,49,ReLUSquaredActivation,routed_expert,0
backbone.layers.49.mixer.experts.46,49,NemotronHMLP,routed_expert,0
backbone.layers.49.mixer.experts.46.up_proj,49,Linear,routed_expert,4988928
backbone.layers.49.mixer.experts.46.down_proj,49,Linear,routed_expert,4988928
backbone.layers.49.mixer.experts.46.act_fn,49,ReLUSquaredActivation,routed_expert,0
backbone.layers.49.mixer.experts.47,49,NemotronHMLP,routed_expert,0
backbone.layers.49.mixer.experts.47.up_proj,49,Linear,routed_expert,4988928
backbone.layers.49.mixer.experts.47.down_proj,49,Linear,routed_expert,4988928
backbone.layers.49.mixer.experts.47.act_fn,49,ReLUSquaredActivation,routed_expert,0
backbone.layers.49.mixer.experts.48,49,NemotronHMLP,routed_expert,0
backbone.layers.49.mixer.experts.48.up_proj,49,Linear,routed_expert,4988928
backbone.layers.49.mixer.experts.48.down_proj,49,Linear,routed_expert,4988928
backbone.layers.49.mixer.experts.48.act_fn,49,ReLUSquaredActivation,routed_expert,0
backbone.layers.49.mixer.experts.49,49,NemotronHMLP,routed_expert,0
backbone.layers.49.mixer.experts.49.up_proj,49,Linear,routed_expert,4988928
backbone.layers.49.mixer.experts.49.down_proj,49,Linear,routed_expert,4988928
backbone.layers.49.mixer.experts.49.act_fn,49,ReLUSquaredActivation,routed_expert,0
backbone.layers.49.mixer.experts.50,49,NemotronHMLP,routed_expert,0
backbone.layers.49.mixer.experts.50.up_proj,49,Linear,routed_expert,4988928
backbone.layers.49.mixer.experts.50.down_proj,49,Linear,routed_expert,4988928
backbone.layers.49.mixer.experts.50.act_fn,49,ReLUSquaredActivation,routed_expert,0
backbone.layers.49.mixer.experts.51,49,NemotronHMLP,routed_expert,0
backbone.layers.49.mixer.experts.51.up_proj,49,Linear,routed_expert,4988928
backbone.layers.49.mixer.experts.51.down_proj,49,Linear,routed_expert,4988928
backbone.layers.49.mixer.experts.51.act_fn,49,ReLUSquaredActivation,routed_expert,0
backbone.layers.49.mixer.experts.52,49,NemotronHMLP,routed_expert,0
backbone.layers.49.mixer.experts.52.up_proj,49,Linear,routed_expert,4988928
backbone.layers.49.mixer.experts.52.down_proj,49,Linear,routed_expert,4988928
backbone.layers.49.mixer.experts.52.act_fn,49,ReLUSquaredActivation,routed_expert,0
backbone.layers.49.mixer.experts.53,49,NemotronHMLP,routed_expert,0
backbone.layers.49.mixer.experts.53.up_proj,49,Linear,routed_expert,4988928
backbone.layers.49.mixer.experts.53.down_proj,49,Linear,routed_expert,4988928
backbone.layers.49.mixer.experts.53.act_fn,49,ReLUSquaredActivation,routed_expert,0
backbone.layers.49.mixer.experts.54,49,NemotronHMLP,routed_expert,0
backbone.layers.49.mixer.experts.54.up_proj,49,Linear,routed_expert,4988928
backbone.layers.49.mixer.experts.54.down_proj,49,Linear,routed_expert,4988928
backbone.layers.49.mixer.experts.54.act_fn,49,ReLUSquaredActivation,routed_expert,0
backbone.layers.49.mixer.experts.55,49,NemotronHMLP,routed_expert,0
backbone.layers.49.mixer.experts.55.up_proj,49,Linear,routed_expert,4988928
backbone.layers.49.mixer.experts.55.down_proj,49,Linear,routed_expert,4988928
backbone.layers.49.mixer.experts.55.act_fn,49,ReLUSquaredActivation,routed_expert,0
backbone.layers.49.mixer.experts.56,49,NemotronHMLP,routed_expert,0
backbone.layers.49.mixer.experts.56.up_proj,49,Linear,routed_expert,4988928
backbone.layers.49.mixer.experts.56.down_proj,49,Linear,routed_expert,4988928
backbone.layers.49.mixer.experts.56.act_fn,49,ReLUSquaredActivation,routed_expert,0
backbone.layers.49.mixer.experts.57,49,NemotronHMLP,routed_expert,0
backbone.layers.49.mixer.experts.57.up_proj,49,Linear,routed_expert,4988928
backbone.layers.49.mixer.experts.57.down_proj,49,Linear,routed_expert,4988928
backbone.layers.49.mixer.experts.57.act_fn,49,ReLUSquaredActivation,routed_expert,0
backbone.layers.49.mixer.experts.58,49,NemotronHMLP,routed_expert,0
backbone.layers.49.mixer.experts.58.up_proj,49,Linear,routed_expert,4988928
backbone.layers.49.mixer.experts.58.down_proj,49,Linear,routed_expert,4988928
backbone.layers.49.mixer.experts.58.act_fn,49,ReLUSquaredActivation,routed_expert,0
backbone.layers.49.mixer.experts.59,49,NemotronHMLP,routed_expert,0
backbone.layers.49.mixer.experts.59.up_proj,49,Linear,routed_expert,4988928
backbone.layers.49.mixer.experts.59.down_proj,49,Linear,routed_expert,4988928
backbone.layers.49.mixer.experts.59.act_fn,49,ReLUSquaredActivation,routed_expert,0
backbone.layers.49.mixer.experts.60,49,NemotronHMLP,routed_expert,0
backbone.layers.49.mixer.experts.60.up_proj,49,Linear,routed_expert,4988928
backbone.layers.49.mixer.experts.60.down_proj,49,Linear,routed_expert,4988928
backbone.layers.49.mixer.experts.60.act_fn,49,ReLUSquaredActivation,routed_expert,0
backbone.layers.49.mixer.experts.61,49,NemotronHMLP,routed_expert,0
backbone.layers.49.mixer.experts.61.up_proj,49,Linear,routed_expert,4988928
backbone.layers.49.mixer.experts.61.down_proj,49,Linear,routed_expert,4988928
backbone.layers.49.mixer.experts.61.act_fn,49,ReLUSquaredActivation,routed_expert,0
backbone.layers.49.mixer.experts.62,49,NemotronHMLP,routed_expert,0
backbone.layers.49.mixer.experts.62.up_proj,49,Linear,routed_expert,4988928
backbone.layers.49.mixer.experts.62.down_proj,49,Linear,routed_expert,4988928
backbone.layers.49.mixer.experts.62.act_fn,49,ReLUSquaredActivation,routed_expert,0
backbone.layers.49.mixer.experts.63,49,NemotronHMLP,routed_expert,0
backbone.layers.49.mixer.experts.63.up_proj,49,Linear,routed_expert,4988928
backbone.layers.49.mixer.experts.63.down_proj,49,Linear,routed_expert,4988928
backbone.layers.49.mixer.experts.63.act_fn,49,ReLUSquaredActivation,routed_expert,0
backbone.layers.49.mixer.experts.64,49,NemotronHMLP,routed_expert,0
backbone.layers.49.mixer.experts.64.up_proj,49,Linear,routed_expert,4988928
backbone.layers.49.mixer.experts.64.down_proj,49,Linear,routed_expert,4988928
backbone.layers.49.mixer.experts.64.act_fn,49,ReLUSquaredActivation,routed_expert,0
backbone.layers.49.mixer.experts.65,49,NemotronHMLP,routed_expert,0
backbone.layers.49.mixer.experts.65.up_proj,49,Linear,routed_expert,4988928
backbone.layers.49.mixer.experts.65.down_proj,49,Linear,routed_expert,4988928
backbone.layers.49.mixer.experts.65.act_fn,49,ReLUSquaredActivation,routed_expert,0
backbone.layers.49.mixer.experts.66,49,NemotronHMLP,routed_expert,0
backbone.layers.49.mixer.experts.66.up_proj,49,Linear,routed_expert,4988928
backbone.layers.49.mixer.experts.66.down_proj,49,Linear,routed_expert,4988928
backbone.layers.49.mixer.experts.66.act_fn,49,ReLUSquaredActivation,routed_expert,0
backbone.layers.49.mixer.experts.67,49,NemotronHMLP,routed_expert,0
backbone.layers.49.mixer.experts.67.up_proj,49,Linear,routed_expert,4988928
backbone.layers.49.mixer.experts.67.down_proj,49,Linear,routed_expert,4988928
backbone.layers.49.mixer.experts.67.act_fn,49,ReLUSquaredActivation,routed_expert,0
backbone.layers.49.mixer.experts.68,49,NemotronHMLP,routed_expert,0
backbone.layers.49.mixer.experts.68.up_proj,49,Linear,routed_expert,4988928
backbone.layers.49.mixer.experts.68.down_proj,49,Linear,routed_expert,4988928
backbone.layers.49.mixer.experts.68.act_fn,49,ReLUSquaredActivation,routed_expert,0
backbone.layers.49.mixer.experts.69,49,NemotronHMLP,routed_expert,0
backbone.layers.49.mixer.experts.69.up_proj,49,Linear,routed_expert,4988928
backbone.layers.49.mixer.experts.69.down_proj,49,Linear,routed_expert,4988928
backbone.layers.49.mixer.experts.69.act_fn,49,ReLUSquaredActivation,routed_expert,0
backbone.layers.49.mixer.experts.70,49,NemotronHMLP,routed_expert,0
backbone.layers.49.mixer.experts.70.up_proj,49,Linear,routed_expert,4988928
backbone.layers.49.mixer.experts.70.down_proj,49,Linear,routed_expert,4988928
backbone.layers.49.mixer.experts.70.act_fn,49,ReLUSquaredActivation,routed_expert,0
backbone.layers.49.mixer.experts.71,49,NemotronHMLP,routed_expert,0
backbone.layers.49.mixer.experts.71.up_proj,49,Linear,routed_expert,4988928
backbone.layers.49.mixer.experts.71.down_proj,49,Linear,routed_expert,4988928
backbone.layers.49.mixer.experts.71.act_fn,49,ReLUSquaredActivation,routed_expert,0
backbone.layers.49.mixer.experts.72,49,NemotronHMLP,routed_expert,0
backbone.layers.49.mixer.experts.72.up_proj,49,Linear,routed_expert,4988928
backbone.layers.49.mixer.experts.72.down_proj,49,Linear,routed_expert,4988928
backbone.layers.49.mixer.experts.72.act_fn,49,ReLUSquaredActivation,routed_expert,0
backbone.layers.49.mixer.experts.73,49,NemotronHMLP,routed_expert,0
backbone.layers.49.mixer.experts.73.up_proj,49,Linear,routed_expert,4988928
backbone.layers.49.mixer.experts.73.down_proj,49,Linear,routed_expert,4988928
backbone.layers.49.mixer.experts.73.act_fn,49,ReLUSquaredActivation,routed_expert,0
backbone.layers.49.mixer.experts.74,49,NemotronHMLP,routed_expert,0
backbone.layers.49.mixer.experts.74.up_proj,49,Linear,routed_expert,4988928
backbone.layers.49.mixer.experts.74.down_proj,49,Linear,routed_expert,4988928
backbone.layers.49.mixer.experts.74.act_fn,49,ReLUSquaredActivation,routed_expert,0
backbone.layers.49.mixer.experts.75,49,NemotronHMLP,routed_expert,0
backbone.layers.49.mixer.experts.75.up_proj,49,Linear,routed_expert,4988928
backbone.layers.49.mixer.experts.75.down_proj,49,Linear,routed_expert,4988928
backbone.layers.49.mixer.experts.75.act_fn,49,ReLUSquaredActivation,routed_expert,0
backbone.layers.49.mixer.experts.76,49,NemotronHMLP,routed_expert,0
backbone.layers.49.mixer.experts.76.up_proj,49,Linear,routed_expert,4988928
backbone.layers.49.mixer.experts.76.down_proj,49,Linear,routed_expert,4988928
backbone.layers.49.mixer.experts.76.act_fn,49,ReLUSquaredActivation,routed_expert,0
backbone.layers.49.mixer.experts.77,49,NemotronHMLP,routed_expert,0
backbone.layers.49.mixer.experts.77.up_proj,49,Linear,routed_expert,4988928
backbone.layers.49.mixer.experts.77.down_proj,49,Linear,routed_expert,4988928
backbone.layers.49.mixer.experts.77.act_fn,49,ReLUSquaredActivation,routed_expert,0
backbone.layers.49.mixer.experts.78,49,NemotronHMLP,routed_expert,0
backbone.layers.49.mixer.experts.78.up_proj,49,Linear,routed_expert,4988928
backbone.layers.49.mixer.experts.78.down_proj,49,Linear,routed_expert,4988928
backbone.layers.49.mixer.experts.78.act_fn,49,ReLUSquaredActivation,routed_expert,0
backbone.layers.49.mixer.experts.79,49,NemotronHMLP,routed_expert,0
backbone.layers.49.mixer.experts.79.up_proj,49,Linear,routed_expert,4988928
backbone.layers.49.mixer.experts.79.down_proj,49,Linear,routed_expert,4988928
backbone.layers.49.mixer.experts.79.act_fn,49,ReLUSquaredActivation,routed_expert,0
backbone.layers.49.mixer.experts.80,49,NemotronHMLP,routed_expert,0
backbone.layers.49.mixer.experts.80.up_proj,49,Linear,routed_expert,4988928
backbone.layers.49.mixer.experts.80.down_proj,49,Linear,routed_expert,4988928
backbone.layers.49.mixer.experts.80.act_fn,49,ReLUSquaredActivation,routed_expert,0
backbone.layers.49.mixer.experts.81,49,NemotronHMLP,routed_expert,0
backbone.layers.49.mixer.experts.81.up_proj,49,Linear,routed_expert,4988928
backbone.layers.49.mixer.experts.81.down_proj,49,Linear,routed_expert,4988928
backbone.layers.49.mixer.experts.81.act_fn,49,ReLUSquaredActivation,routed_expert,0
backbone.layers.49.mixer.experts.82,49,NemotronHMLP,routed_expert,0
backbone.layers.49.mixer.experts.82.up_proj,49,Linear,routed_expert,4988928
backbone.layers.49.mixer.experts.82.down_proj,49,Linear,routed_expert,4988928
backbone.layers.49.mixer.experts.82.act_fn,49,ReLUSquaredActivation,routed_expert,0
backbone.layers.49.mixer.experts.83,49,NemotronHMLP,routed_expert,0
backbone.layers.49.mixer.experts.83.up_proj,49,Linear,routed_expert,4988928
backbone.layers.49.mixer.experts.83.down_proj,49,Linear,routed_expert,4988928
backbone.layers.49.mixer.experts.83.act_fn,49,ReLUSquaredActivation,routed_expert,0
backbone.layers.49.mixer.experts.84,49,NemotronHMLP,routed_expert,0
backbone.layers.49.mixer.experts.84.up_proj,49,Linear,routed_expert,4988928
backbone.layers.49.mixer.experts.84.down_proj,49,Linear,routed_expert,4988928
backbone.layers.49.mixer.experts.84.act_fn,49,ReLUSquaredActivation,routed_expert,0
backbone.layers.49.mixer.experts.85,49,NemotronHMLP,routed_expert,0
backbone.layers.49.mixer.experts.85.up_proj,49,Linear,routed_expert,4988928
backbone.layers.49.mixer.experts.85.down_proj,49,Linear,routed_expert,4988928
backbone.layers.49.mixer.experts.85.act_fn,49,ReLUSquaredActivation,routed_expert,0
backbone.layers.49.mixer.experts.86,49,NemotronHMLP,routed_expert,0
backbone.layers.49.mixer.experts.86.up_proj,49,Linear,routed_expert,4988928
backbone.layers.49.mixer.experts.86.down_proj,49,Linear,routed_expert,4988928
backbone.layers.49.mixer.experts.86.act_fn,49,ReLUSquaredActivation,routed_expert,0
backbone.layers.49.mixer.experts.87,49,NemotronHMLP,routed_expert,0
backbone.layers.49.mixer.experts.87.up_proj,49,Linear,routed_expert,4988928
backbone.layers.49.mixer.experts.87.down_proj,49,Linear,routed_expert,4988928
backbone.layers.49.mixer.experts.87.act_fn,49,ReLUSquaredActivation,routed_expert,0
backbone.layers.49.mixer.experts.88,49,NemotronHMLP,routed_expert,0
backbone.layers.49.mixer.experts.88.up_proj,49,Linear,routed_expert,4988928
backbone.layers.49.mixer.experts.88.down_proj,49,Linear,routed_expert,4988928
backbone.layers.49.mixer.experts.88.act_fn,49,ReLUSquaredActivation,routed_expert,0
backbone.layers.49.mixer.experts.89,49,NemotronHMLP,routed_expert,0
backbone.layers.49.mixer.experts.89.up_proj,49,Linear,routed_expert,4988928
backbone.layers.49.mixer.experts.89.down_proj,49,Linear,routed_expert,4988928
backbone.layers.49.mixer.experts.89.act_fn,49,ReLUSquaredActivation,routed_expert,0
backbone.layers.49.mixer.experts.90,49,NemotronHMLP,routed_expert,0
backbone.layers.49.mixer.experts.90.up_proj,49,Linear,routed_expert,4988928
backbone.layers.49.mixer.experts.90.down_proj,49,Linear,routed_expert,4988928
backbone.layers.49.mixer.experts.90.act_fn,49,ReLUSquaredActivation,routed_expert,0
backbone.layers.49.mixer.experts.91,49,NemotronHMLP,routed_expert,0
backbone.layers.49.mixer.experts.91.up_proj,49,Linear,routed_expert,4988928
backbone.layers.49.mixer.experts.91.down_proj,49,Linear,routed_expert,4988928
backbone.layers.49.mixer.experts.91.act_fn,49,ReLUSquaredActivation,routed_expert,0
backbone.layers.49.mixer.experts.92,49,NemotronHMLP,routed_expert,0
backbone.layers.49.mixer.experts.92.up_proj,49,Linear,routed_expert,4988928
backbone.layers.49.mixer.experts.92.down_proj,49,Linear,routed_expert,4988928
backbone.layers.49.mixer.experts.92.act_fn,49,ReLUSquaredActivation,routed_expert,0
backbone.layers.49.mixer.experts.93,49,NemotronHMLP,routed_expert,0
backbone.layers.49.mixer.experts.93.up_proj,49,Linear,routed_expert,4988928
backbone.layers.49.mixer.experts.93.down_proj,49,Linear,routed_expert,4988928
backbone.layers.49.mixer.experts.93.act_fn,49,ReLUSquaredActivation,routed_expert,0
backbone.layers.49.mixer.experts.94,49,NemotronHMLP,routed_expert,0
backbone.layers.49.mixer.experts.94.up_proj,49,Linear,routed_expert,4988928
backbone.layers.49.mixer.experts.94.down_proj,49,Linear,routed_expert,4988928
backbone.layers.49.mixer.experts.94.act_fn,49,ReLUSquaredActivation,routed_expert,0
backbone.layers.49.mixer.experts.95,49,NemotronHMLP,routed_expert,0
backbone.layers.49.mixer.experts.95.up_proj,49,Linear,routed_expert,4988928
backbone.layers.49.mixer.experts.95.down_proj,49,Linear,routed_expert,4988928
backbone.layers.49.mixer.experts.95.act_fn,49,ReLUSquaredActivation,routed_expert,0
backbone.layers.49.mixer.experts.96,49,NemotronHMLP,routed_expert,0
backbone.layers.49.mixer.experts.96.up_proj,49,Linear,routed_expert,4988928
backbone.layers.49.mixer.experts.96.down_proj,49,Linear,routed_expert,4988928
backbone.layers.49.mixer.experts.96.act_fn,49,ReLUSquaredActivation,routed_expert,0
backbone.layers.49.mixer.experts.97,49,NemotronHMLP,routed_expert,0
backbone.layers.49.mixer.experts.97.up_proj,49,Linear,routed_expert,4988928
backbone.layers.49.mixer.experts.97.down_proj,49,Linear,routed_expert,4988928
backbone.layers.49.mixer.experts.97.act_fn,49,ReLUSquaredActivation,routed_expert,0
backbone.layers.49.mixer.experts.98,49,NemotronHMLP,routed_expert,0
backbone.layers.49.mixer.experts.98.up_proj,49,Linear,routed_expert,4988928
backbone.layers.49.mixer.experts.98.down_proj,49,Linear,routed_expert,4988928
backbone.layers.49.mixer.experts.98.act_fn,49,ReLUSquaredActivation,routed_expert,0
backbone.layers.49.mixer.experts.99,49,NemotronHMLP,routed_expert,0
backbone.layers.49.mixer.experts.99.up_proj,49,Linear,routed_expert,4988928
backbone.layers.49.mixer.experts.99.down_proj,49,Linear,routed_expert,4988928
backbone.layers.49.mixer.experts.99.act_fn,49,ReLUSquaredActivation,routed_expert,0
backbone.layers.49.mixer.experts.100,49,NemotronHMLP,routed_expert,0
backbone.layers.49.mixer.experts.100.up_proj,49,Linear,routed_expert,4988928
backbone.layers.49.mixer.experts.100.down_proj,49,Linear,routed_expert,4988928
backbone.layers.49.mixer.experts.100.act_fn,49,ReLUSquaredActivation,routed_expert,0
backbone.layers.49.mixer.experts.101,49,NemotronHMLP,routed_expert,0
backbone.layers.49.mixer.experts.101.up_proj,49,Linear,routed_expert,4988928
backbone.layers.49.mixer.experts.101.down_proj,49,Linear,routed_expert,4988928
backbone.layers.49.mixer.experts.101.act_fn,49,ReLUSquaredActivation,routed_expert,0
backbone.layers.49.mixer.experts.102,49,NemotronHMLP,routed_expert,0
backbone.layers.49.mixer.experts.102.up_proj,49,Linear,routed_expert,4988928
backbone.layers.49.mixer.experts.102.down_proj,49,Linear,routed_expert,4988928
backbone.layers.49.mixer.experts.102.act_fn,49,ReLUSquaredActivation,routed_expert,0
backbone.layers.49.mixer.experts.103,49,NemotronHMLP,routed_expert,0
backbone.layers.49.mixer.experts.103.up_proj,49,Linear,routed_expert,4988928
backbone.layers.49.mixer.experts.103.down_proj,49,Linear,routed_expert,4988928
backbone.layers.49.mixer.experts.103.act_fn,49,ReLUSquaredActivation,routed_expert,0
backbone.layers.49.mixer.experts.104,49,NemotronHMLP,routed_expert,0
backbone.layers.49.mixer.experts.104.up_proj,49,Linear,routed_expert,4988928
backbone.layers.49.mixer.experts.104.down_proj,49,Linear,routed_expert,4988928
backbone.layers.49.mixer.experts.104.act_fn,49,ReLUSquaredActivation,routed_expert,0
backbone.layers.49.mixer.experts.105,49,NemotronHMLP,routed_expert,0
backbone.layers.49.mixer.experts.105.up_proj,49,Linear,routed_expert,4988928
backbone.layers.49.mixer.experts.105.down_proj,49,Linear,routed_expert,4988928
backbone.layers.49.mixer.experts.105.act_fn,49,ReLUSquaredActivation,routed_expert,0
backbone.layers.49.mixer.experts.106,49,NemotronHMLP,routed_expert,0
backbone.layers.49.mixer.experts.106.up_proj,49,Linear,routed_expert,4988928
backbone.layers.49.mixer.experts.106.down_proj,49,Linear,routed_expert,4988928
backbone.layers.49.mixer.experts.106.act_fn,49,ReLUSquaredActivation,routed_expert,0
backbone.layers.49.mixer.experts.107,49,NemotronHMLP,routed_expert,0
backbone.layers.49.mixer.experts.107.up_proj,49,Linear,routed_expert,4988928
backbone.layers.49.mixer.experts.107.down_proj,49,Linear,routed_expert,4988928
backbone.layers.49.mixer.experts.107.act_fn,49,ReLUSquaredActivation,routed_expert,0
backbone.layers.49.mixer.experts.108,49,NemotronHMLP,routed_expert,0
backbone.layers.49.mixer.experts.108.up_proj,49,Linear,routed_expert,4988928
backbone.layers.49.mixer.experts.108.down_proj,49,Linear,routed_expert,4988928
backbone.layers.49.mixer.experts.108.act_fn,49,ReLUSquaredActivation,routed_expert,0
backbone.layers.49.mixer.experts.109,49,NemotronHMLP,routed_expert,0
backbone.layers.49.mixer.experts.109.up_proj,49,Linear,routed_expert,4988928
backbone.layers.49.mixer.experts.109.down_proj,49,Linear,routed_expert,4988928
backbone.layers.49.mixer.experts.109.act_fn,49,ReLUSquaredActivation,routed_expert,0
backbone.layers.49.mixer.experts.110,49,NemotronHMLP,routed_expert,0
backbone.layers.49.mixer.experts.110.up_proj,49,Linear,routed_expert,4988928
backbone.layers.49.mixer.experts.110.down_proj,49,Linear,routed_expert,4988928
backbone.layers.49.mixer.experts.110.act_fn,49,ReLUSquaredActivation,routed_expert,0
backbone.layers.49.mixer.experts.111,49,NemotronHMLP,routed_expert,0
backbone.layers.49.mixer.experts.111.up_proj,49,Linear,routed_expert,4988928
backbone.layers.49.mixer.experts.111.down_proj,49,Linear,routed_expert,4988928
backbone.layers.49.mixer.experts.111.act_fn,49,ReLUSquaredActivation,routed_expert,0
backbone.layers.49.mixer.experts.112,49,NemotronHMLP,routed_expert,0
backbone.layers.49.mixer.experts.112.up_proj,49,Linear,routed_expert,4988928
backbone.layers.49.mixer.experts.112.down_proj,49,Linear,routed_expert,4988928
backbone.layers.49.mixer.experts.112.act_fn,49,ReLUSquaredActivation,routed_expert,0
backbone.layers.49.mixer.experts.113,49,NemotronHMLP,routed_expert,0
backbone.layers.49.mixer.experts.113.up_proj,49,Linear,routed_expert,4988928
backbone.layers.49.mixer.experts.113.down_proj,49,Linear,routed_expert,4988928
backbone.layers.49.mixer.experts.113.act_fn,49,ReLUSquaredActivation,routed_expert,0
backbone.layers.49.mixer.experts.114,49,NemotronHMLP,routed_expert,0
backbone.layers.49.mixer.experts.114.up_proj,49,Linear,routed_expert,4988928
backbone.layers.49.mixer.experts.114.down_proj,49,Linear,routed_expert,4988928
backbone.layers.49.mixer.experts.114.act_fn,49,ReLUSquaredActivation,routed_expert,0
backbone.layers.49.mixer.experts.115,49,NemotronHMLP,routed_expert,0
backbone.layers.49.mixer.experts.115.up_proj,49,Linear,routed_expert,4988928
backbone.layers.49.mixer.experts.115.down_proj,49,Linear,routed_expert,4988928
backbone.layers.49.mixer.experts.115.act_fn,49,ReLUSquaredActivation,routed_expert,0
backbone.layers.49.mixer.experts.116,49,NemotronHMLP,routed_expert,0
backbone.layers.49.mixer.experts.116.up_proj,49,Linear,routed_expert,4988928
backbone.layers.49.mixer.experts.116.down_proj,49,Linear,routed_expert,4988928
backbone.layers.49.mixer.experts.116.act_fn,49,ReLUSquaredActivation,routed_expert,0
backbone.layers.49.mixer.experts.117,49,NemotronHMLP,routed_expert,0
backbone.layers.49.mixer.experts.117.up_proj,49,Linear,routed_expert,4988928
backbone.layers.49.mixer.experts.117.down_proj,49,Linear,routed_expert,4988928
backbone.layers.49.mixer.experts.117.act_fn,49,ReLUSquaredActivation,routed_expert,0
backbone.layers.49.mixer.experts.118,49,NemotronHMLP,routed_expert,0
backbone.layers.49.mixer.experts.118.up_proj,49,Linear,routed_expert,4988928
backbone.layers.49.mixer.experts.118.down_proj,49,Linear,routed_expert,4988928
backbone.layers.49.mixer.experts.118.act_fn,49,ReLUSquaredActivation,routed_expert,0
backbone.layers.49.mixer.experts.119,49,NemotronHMLP,routed_expert,0
backbone.layers.49.mixer.experts.119.up_proj,49,Linear,routed_expert,4988928
backbone.layers.49.mixer.experts.119.down_proj,49,Linear,routed_expert,4988928
backbone.layers.49.mixer.experts.119.act_fn,49,ReLUSquaredActivation,routed_expert,0
backbone.layers.49.mixer.experts.120,49,NemotronHMLP,routed_expert,0
backbone.layers.49.mixer.experts.120.up_proj,49,Linear,routed_expert,4988928
backbone.layers.49.mixer.experts.120.down_proj,49,Linear,routed_expert,4988928
backbone.layers.49.mixer.experts.120.act_fn,49,ReLUSquaredActivation,routed_expert,0
backbone.layers.49.mixer.experts.121,49,NemotronHMLP,routed_expert,0
backbone.layers.49.mixer.experts.121.up_proj,49,Linear,routed_expert,4988928
backbone.layers.49.mixer.experts.121.down_proj,49,Linear,routed_expert,4988928
backbone.layers.49.mixer.experts.121.act_fn,49,ReLUSquaredActivation,routed_expert,0
backbone.layers.49.mixer.experts.122,49,NemotronHMLP,routed_expert,0
backbone.layers.49.mixer.experts.122.up_proj,49,Linear,routed_expert,4988928
backbone.layers.49.mixer.experts.122.down_proj,49,Linear,routed_expert,4988928
backbone.layers.49.mixer.experts.122.act_fn,49,ReLUSquaredActivation,routed_expert,0
backbone.layers.49.mixer.experts.123,49,NemotronHMLP,routed_expert,0
backbone.layers.49.mixer.experts.123.up_proj,49,Linear,routed_expert,4988928
backbone.layers.49.mixer.experts.123.down_proj,49,Linear,routed_expert,4988928
backbone.layers.49.mixer.experts.123.act_fn,49,ReLUSquaredActivation,routed_expert,0
backbone.layers.49.mixer.experts.124,49,NemotronHMLP,routed_expert,0
backbone.layers.49.mixer.experts.124.up_proj,49,Linear,routed_expert,4988928
backbone.layers.49.mixer.experts.124.down_proj,49,Linear,routed_expert,4988928
backbone.layers.49.mixer.experts.124.act_fn,49,ReLUSquaredActivation,routed_expert,0
backbone.layers.49.mixer.experts.125,49,NemotronHMLP,routed_expert,0
backbone.layers.49.mixer.experts.125.up_proj,49,Linear,routed_expert,4988928
backbone.layers.49.mixer.experts.125.down_proj,49,Linear,routed_expert,4988928
backbone.layers.49.mixer.experts.125.act_fn,49,ReLUSquaredActivation,routed_expert,0
backbone.layers.49.mixer.experts.126,49,NemotronHMLP,routed_expert,0
backbone.layers.49.mixer.experts.126.up_proj,49,Linear,routed_expert,4988928
backbone.layers.49.mixer.experts.126.down_proj,49,Linear,routed_expert,4988928
backbone.layers.49.mixer.experts.126.act_fn,49,ReLUSquaredActivation,routed_expert,0
backbone.layers.49.mixer.experts.127,49,NemotronHMLP,routed_expert,0
backbone.layers.49.mixer.experts.127.up_proj,49,Linear,routed_expert,4988928
backbone.layers.49.mixer.experts.127.down_proj,49,Linear,routed_expert,4988928
backbone.layers.49.mixer.experts.127.act_fn,49,ReLUSquaredActivation,routed_expert,0
backbone.layers.49.mixer.gate,49,NemotronHTopkRouter,router,344064
backbone.layers.49.mixer.shared_experts,49,NemotronHMLP,other,0
backbone.layers.49.mixer.shared_experts.up_proj,49,Linear,shared_expert,9977856
backbone.layers.49.mixer.shared_experts.down_proj,49,Linear,shared_expert,9977856
backbone.layers.49.mixer.shared_experts.act_fn,49,ReLUSquaredActivation,shared_expert,0
backbone.layers.50,50,NemotronHBlock,other,0
backbone.layers.50.norm,50,NemotronHRMSNorm,other,2688
backbone.layers.50.mixer,50,NemotronHMamba2Mixer,mamba,192
backbone.layers.50.mixer.act,50,SiLUActivation,other,0
backbone.layers.50.mixer.conv1d,50,Conv1d,other,30720
backbone.layers.50.mixer.in_proj,50,Linear,mamba_projection,27697152
backbone.layers.50.mixer.norm,50,MambaRMSNormGated,mamba,4096
backbone.layers.50.mixer.out_proj,50,Linear,mamba_projection,11010048
backbone.layers.51,51,NemotronHBlock,other,0
backbone.layers.51.norm,51,NemotronHRMSNorm,other,2688
backbone.layers.51.mixer,51,NemotronHMOE,moe,0
backbone.layers.51.mixer.experts,51,ModuleList,other,0
backbone.layers.51.mixer.experts.0,51,NemotronHMLP,routed_expert,0
backbone.layers.51.mixer.experts.0.up_proj,51,Linear,routed_expert,4988928
backbone.layers.51.mixer.experts.0.down_proj,51,Linear,routed_expert,4988928
backbone.layers.51.mixer.experts.0.act_fn,51,ReLUSquaredActivation,routed_expert,0
backbone.layers.51.mixer.experts.1,51,NemotronHMLP,routed_expert,0
backbone.layers.51.mixer.experts.1.up_proj,51,Linear,routed_expert,4988928
backbone.layers.51.mixer.experts.1.down_proj,51,Linear,routed_expert,4988928
backbone.layers.51.mixer.experts.1.act_fn,51,ReLUSquaredActivation,routed_expert,0
backbone.layers.51.mixer.experts.2,51,NemotronHMLP,routed_expert,0
backbone.layers.51.mixer.experts.2.up_proj,51,Linear,routed_expert,4988928
backbone.layers.51.mixer.experts.2.down_proj,51,Linear,routed_expert,4988928
backbone.layers.51.mixer.experts.2.act_fn,51,ReLUSquaredActivation,routed_expert,0
backbone.layers.51.mixer.experts.3,51,NemotronHMLP,routed_expert,0
backbone.layers.51.mixer.experts.3.up_proj,51,Linear,routed_expert,4988928
backbone.layers.51.mixer.experts.3.down_proj,51,Linear,routed_expert,4988928
backbone.layers.51.mixer.experts.3.act_fn,51,ReLUSquaredActivation,routed_expert,0
backbone.layers.51.mixer.experts.4,51,NemotronHMLP,routed_expert,0
backbone.layers.51.mixer.experts.4.up_proj,51,Linear,routed_expert,4988928
backbone.layers.51.mixer.experts.4.down_proj,51,Linear,routed_expert,4988928
backbone.layers.51.mixer.experts.4.act_fn,51,ReLUSquaredActivation,routed_expert,0
backbone.layers.51.mixer.experts.5,51,NemotronHMLP,routed_expert,0
backbone.layers.51.mixer.experts.5.up_proj,51,Linear,routed_expert,4988928
backbone.layers.51.mixer.experts.5.down_proj,51,Linear,routed_expert,4988928
backbone.layers.51.mixer.experts.5.act_fn,51,ReLUSquaredActivation,routed_expert,0
backbone.layers.51.mixer.experts.6,51,NemotronHMLP,routed_expert,0
backbone.layers.51.mixer.experts.6.up_proj,51,Linear,routed_expert,4988928
backbone.layers.51.mixer.experts.6.down_proj,51,Linear,routed_expert,4988928
backbone.layers.51.mixer.experts.6.act_fn,51,ReLUSquaredActivation,routed_expert,0
backbone.layers.51.mixer.experts.7,51,NemotronHMLP,routed_expert,0
backbone.layers.51.mixer.experts.7.up_proj,51,Linear,routed_expert,4988928
backbone.layers.51.mixer.experts.7.down_proj,51,Linear,routed_expert,4988928
backbone.layers.51.mixer.experts.7.act_fn,51,ReLUSquaredActivation,routed_expert,0
backbone.layers.51.mixer.experts.8,51,NemotronHMLP,routed_expert,0
backbone.layers.51.mixer.experts.8.up_proj,51,Linear,routed_expert,4988928
backbone.layers.51.mixer.experts.8.down_proj,51,Linear,routed_expert,4988928
backbone.layers.51.mixer.experts.8.act_fn,51,ReLUSquaredActivation,routed_expert,0
backbone.layers.51.mixer.experts.9,51,NemotronHMLP,routed_expert,0
backbone.layers.51.mixer.experts.9.up_proj,51,Linear,routed_expert,4988928
backbone.layers.51.mixer.experts.9.down_proj,51,Linear,routed_expert,4988928
backbone.layers.51.mixer.experts.9.act_fn,51,ReLUSquaredActivation,routed_expert,0
backbone.layers.51.mixer.experts.10,51,NemotronHMLP,routed_expert,0
backbone.layers.51.mixer.experts.10.up_proj,51,Linear,routed_expert,4988928
backbone.layers.51.mixer.experts.10.down_proj,51,Linear,routed_expert,4988928
backbone.layers.51.mixer.experts.10.act_fn,51,ReLUSquaredActivation,routed_expert,0
backbone.layers.51.mixer.experts.11,51,NemotronHMLP,routed_expert,0
backbone.layers.51.mixer.experts.11.up_proj,51,Linear,routed_expert,4988928
backbone.layers.51.mixer.experts.11.down_proj,51,Linear,routed_expert,4988928
backbone.layers.51.mixer.experts.11.act_fn,51,ReLUSquaredActivation,routed_expert,0
backbone.layers.51.mixer.experts.12,51,NemotronHMLP,routed_expert,0
backbone.layers.51.mixer.experts.12.up_proj,51,Linear,routed_expert,4988928
backbone.layers.51.mixer.experts.12.down_proj,51,Linear,routed_expert,4988928
backbone.layers.51.mixer.experts.12.act_fn,51,ReLUSquaredActivation,routed_expert,0
backbone.layers.51.mixer.experts.13,51,NemotronHMLP,routed_expert,0
backbone.layers.51.mixer.experts.13.up_proj,51,Linear,routed_expert,4988928
backbone.layers.51.mixer.experts.13.down_proj,51,Linear,routed_expert,4988928
backbone.layers.51.mixer.experts.13.act_fn,51,ReLUSquaredActivation,routed_expert,0
backbone.layers.51.mixer.experts.14,51,NemotronHMLP,routed_expert,0
backbone.layers.51.mixer.experts.14.up_proj,51,Linear,routed_expert,4988928
backbone.layers.51.mixer.experts.14.down_proj,51,Linear,routed_expert,4988928
backbone.layers.51.mixer.experts.14.act_fn,51,ReLUSquaredActivation,routed_expert,0
backbone.layers.51.mixer.experts.15,51,NemotronHMLP,routed_expert,0
backbone.layers.51.mixer.experts.15.up_proj,51,Linear,routed_expert,4988928
backbone.layers.51.mixer.experts.15.down_proj,51,Linear,routed_expert,4988928
backbone.layers.51.mixer.experts.15.act_fn,51,ReLUSquaredActivation,routed_expert,0
backbone.layers.51.mixer.experts.16,51,NemotronHMLP,routed_expert,0
backbone.layers.51.mixer.experts.16.up_proj,51,Linear,routed_expert,4988928
backbone.layers.51.mixer.experts.16.down_proj,51,Linear,routed_expert,4988928
backbone.layers.51.mixer.experts.16.act_fn,51,ReLUSquaredActivation,routed_expert,0
backbone.layers.51.mixer.experts.17,51,NemotronHMLP,routed_expert,0
backbone.layers.51.mixer.experts.17.up_proj,51,Linear,routed_expert,4988928
backbone.layers.51.mixer.experts.17.down_proj,51,Linear,routed_expert,4988928
backbone.layers.51.mixer.experts.17.act_fn,51,ReLUSquaredActivation,routed_expert,0
backbone.layers.51.mixer.experts.18,51,NemotronHMLP,routed_expert,0
backbone.layers.51.mixer.experts.18.up_proj,51,Linear,routed_expert,4988928
backbone.layers.51.mixer.experts.18.down_proj,51,Linear,routed_expert,4988928
backbone.layers.51.mixer.experts.18.act_fn,51,ReLUSquaredActivation,routed_expert,0
backbone.layers.51.mixer.experts.19,51,NemotronHMLP,routed_expert,0
backbone.layers.51.mixer.experts.19.up_proj,51,Linear,routed_expert,4988928
backbone.layers.51.mixer.experts.19.down_proj,51,Linear,routed_expert,4988928
backbone.layers.51.mixer.experts.19.act_fn,51,ReLUSquaredActivation,routed_expert,0
backbone.layers.51.mixer.experts.20,51,NemotronHMLP,routed_expert,0
backbone.layers.51.mixer.experts.20.up_proj,51,Linear,routed_expert,4988928
backbone.layers.51.mixer.experts.20.down_proj,51,Linear,routed_expert,4988928
backbone.layers.51.mixer.experts.20.act_fn,51,ReLUSquaredActivation,routed_expert,0
backbone.layers.51.mixer.experts.21,51,NemotronHMLP,routed_expert,0
backbone.layers.51.mixer.experts.21.up_proj,51,Linear,routed_expert,4988928
backbone.layers.51.mixer.experts.21.down_proj,51,Linear,routed_expert,4988928
backbone.layers.51.mixer.experts.21.act_fn,51,ReLUSquaredActivation,routed_expert,0
backbone.layers.51.mixer.experts.22,51,NemotronHMLP,routed_expert,0
backbone.layers.51.mixer.experts.22.up_proj,51,Linear,routed_expert,4988928
backbone.layers.51.mixer.experts.22.down_proj,51,Linear,routed_expert,4988928
backbone.layers.51.mixer.experts.22.act_fn,51,ReLUSquaredActivation,routed_expert,0
backbone.layers.51.mixer.experts.23,51,NemotronHMLP,routed_expert,0
backbone.layers.51.mixer.experts.23.up_proj,51,Linear,routed_expert,4988928
backbone.layers.51.mixer.experts.23.down_proj,51,Linear,routed_expert,4988928
backbone.layers.51.mixer.experts.23.act_fn,51,ReLUSquaredActivation,routed_expert,0
backbone.layers.51.mixer.experts.24,51,NemotronHMLP,routed_expert,0
backbone.layers.51.mixer.experts.24.up_proj,51,Linear,routed_expert,4988928
backbone.layers.51.mixer.experts.24.down_proj,51,Linear,routed_expert,4988928
backbone.layers.51.mixer.experts.24.act_fn,51,ReLUSquaredActivation,routed_expert,0
backbone.layers.51.mixer.experts.25,51,NemotronHMLP,routed_expert,0
backbone.layers.51.mixer.experts.25.up_proj,51,Linear,routed_expert,4988928
backbone.layers.51.mixer.experts.25.down_proj,51,Linear,routed_expert,4988928
backbone.layers.51.mixer.experts.25.act_fn,51,ReLUSquaredActivation,routed_expert,0
backbone.layers.51.mixer.experts.26,51,NemotronHMLP,routed_expert,0
backbone.layers.51.mixer.experts.26.up_proj,51,Linear,routed_expert,4988928
backbone.layers.51.mixer.experts.26.down_proj,51,Linear,routed_expert,4988928
backbone.layers.51.mixer.experts.26.act_fn,51,ReLUSquaredActivation,routed_expert,0
backbone.layers.51.mixer.experts.27,51,NemotronHMLP,routed_expert,0
backbone.layers.51.mixer.experts.27.up_proj,51,Linear,routed_expert,4988928
backbone.layers.51.mixer.experts.27.down_proj,51,Linear,routed_expert,4988928
backbone.layers.51.mixer.experts.27.act_fn,51,ReLUSquaredActivation,routed_expert,0
backbone.layers.51.mixer.experts.28,51,NemotronHMLP,routed_expert,0
backbone.layers.51.mixer.experts.28.up_proj,51,Linear,routed_expert,4988928
backbone.layers.51.mixer.experts.28.down_proj,51,Linear,routed_expert,4988928
backbone.layers.51.mixer.experts.28.act_fn,51,ReLUSquaredActivation,routed_expert,0
backbone.layers.51.mixer.experts.29,51,NemotronHMLP,routed_expert,0
backbone.layers.51.mixer.experts.29.up_proj,51,Linear,routed_expert,4988928
backbone.layers.51.mixer.experts.29.down_proj,51,Linear,routed_expert,4988928
backbone.layers.51.mixer.experts.29.act_fn,51,ReLUSquaredActivation,routed_expert,0
backbone.layers.51.mixer.experts.30,51,NemotronHMLP,routed_expert,0
backbone.layers.51.mixer.experts.30.up_proj,51,Linear,routed_expert,4988928
backbone.layers.51.mixer.experts.30.down_proj,51,Linear,routed_expert,4988928
backbone.layers.51.mixer.experts.30.act_fn,51,ReLUSquaredActivation,routed_expert,0
backbone.layers.51.mixer.experts.31,51,NemotronHMLP,routed_expert,0
backbone.layers.51.mixer.experts.31.up_proj,51,Linear,routed_expert,4988928
backbone.layers.51.mixer.experts.31.down_proj,51,Linear,routed_expert,4988928
backbone.layers.51.mixer.experts.31.act_fn,51,ReLUSquaredActivation,routed_expert,0
backbone.layers.51.mixer.experts.32,51,NemotronHMLP,routed_expert,0
backbone.layers.51.mixer.experts.32.up_proj,51,Linear,routed_expert,4988928
backbone.layers.51.mixer.experts.32.down_proj,51,Linear,routed_expert,4988928
backbone.layers.51.mixer.experts.32.act_fn,51,ReLUSquaredActivation,routed_expert,0
backbone.layers.51.mixer.experts.33,51,NemotronHMLP,routed_expert,0
backbone.layers.51.mixer.experts.33.up_proj,51,Linear,routed_expert,4988928
backbone.layers.51.mixer.experts.33.down_proj,51,Linear,routed_expert,4988928
backbone.layers.51.mixer.experts.33.act_fn,51,ReLUSquaredActivation,routed_expert,0
backbone.layers.51.mixer.experts.34,51,NemotronHMLP,routed_expert,0
backbone.layers.51.mixer.experts.34.up_proj,51,Linear,routed_expert,4988928
backbone.layers.51.mixer.experts.34.down_proj,51,Linear,routed_expert,4988928
backbone.layers.51.mixer.experts.34.act_fn,51,ReLUSquaredActivation,routed_expert,0
backbone.layers.51.mixer.experts.35,51,NemotronHMLP,routed_expert,0
backbone.layers.51.mixer.experts.35.up_proj,51,Linear,routed_expert,4988928
backbone.layers.51.mixer.experts.35.down_proj,51,Linear,routed_expert,4988928
backbone.layers.51.mixer.experts.35.act_fn,51,ReLUSquaredActivation,routed_expert,0
backbone.layers.51.mixer.experts.36,51,NemotronHMLP,routed_expert,0
backbone.layers.51.mixer.experts.36.up_proj,51,Linear,routed_expert,4988928
backbone.layers.51.mixer.experts.36.down_proj,51,Linear,routed_expert,4988928
backbone.layers.51.mixer.experts.36.act_fn,51,ReLUSquaredActivation,routed_expert,0
backbone.layers.51.mixer.experts.37,51,NemotronHMLP,routed_expert,0
backbone.layers.51.mixer.experts.37.up_proj,51,Linear,routed_expert,4988928
backbone.layers.51.mixer.experts.37.down_proj,51,Linear,routed_expert,4988928
backbone.layers.51.mixer.experts.37.act_fn,51,ReLUSquaredActivation,routed_expert,0
backbone.layers.51.mixer.experts.38,51,NemotronHMLP,routed_expert,0
backbone.layers.51.mixer.experts.38.up_proj,51,Linear,routed_expert,4988928
backbone.layers.51.mixer.experts.38.down_proj,51,Linear,routed_expert,4988928
backbone.layers.51.mixer.experts.38.act_fn,51,ReLUSquaredActivation,routed_expert,0
backbone.layers.51.mixer.experts.39,51,NemotronHMLP,routed_expert,0
backbone.layers.51.mixer.experts.39.up_proj,51,Linear,routed_expert,4988928
backbone.layers.51.mixer.experts.39.down_proj,51,Linear,routed_expert,4988928
backbone.layers.51.mixer.experts.39.act_fn,51,ReLUSquaredActivation,routed_expert,0
backbone.layers.51.mixer.experts.40,51,NemotronHMLP,routed_expert,0
backbone.layers.51.mixer.experts.40.up_proj,51,Linear,routed_expert,4988928
backbone.layers.51.mixer.experts.40.down_proj,51,Linear,routed_expert,4988928
backbone.layers.51.mixer.experts.40.act_fn,51,ReLUSquaredActivation,routed_expert,0
backbone.layers.51.mixer.experts.41,51,NemotronHMLP,routed_expert,0
backbone.layers.51.mixer.experts.41.up_proj,51,Linear,routed_expert,4988928
backbone.layers.51.mixer.experts.41.down_proj,51,Linear,routed_expert,4988928
backbone.layers.51.mixer.experts.41.act_fn,51,ReLUSquaredActivation,routed_expert,0
backbone.layers.51.mixer.experts.42,51,NemotronHMLP,routed_expert,0
backbone.layers.51.mixer.experts.42.up_proj,51,Linear,routed_expert,4988928
backbone.layers.51.mixer.experts.42.down_proj,51,Linear,routed_expert,4988928
backbone.layers.51.mixer.experts.42.act_fn,51,ReLUSquaredActivation,routed_expert,0
backbone.layers.51.mixer.experts.43,51,NemotronHMLP,routed_expert,0
backbone.layers.51.mixer.experts.43.up_proj,51,Linear,routed_expert,4988928
backbone.layers.51.mixer.experts.43.down_proj,51,Linear,routed_expert,4988928
backbone.layers.51.mixer.experts.43.act_fn,51,ReLUSquaredActivation,routed_expert,0
backbone.layers.51.mixer.experts.44,51,NemotronHMLP,routed_expert,0
backbone.layers.51.mixer.experts.44.up_proj,51,Linear,routed_expert,4988928
backbone.layers.51.mixer.experts.44.down_proj,51,Linear,routed_expert,4988928
backbone.layers.51.mixer.experts.44.act_fn,51,ReLUSquaredActivation,routed_expert,0
backbone.layers.51.mixer.experts.45,51,NemotronHMLP,routed_expert,0
backbone.layers.51.mixer.experts.45.up_proj,51,Linear,routed_expert,4988928
backbone.layers.51.mixer.experts.45.down_proj,51,Linear,routed_expert,4988928
backbone.layers.51.mixer.experts.45.act_fn,51,ReLUSquaredActivation,routed_expert,0
backbone.layers.51.mixer.experts.46,51,NemotronHMLP,routed_expert,0
backbone.layers.51.mixer.experts.46.up_proj,51,Linear,routed_expert,4988928
backbone.layers.51.mixer.experts.46.down_proj,51,Linear,routed_expert,4988928
backbone.layers.51.mixer.experts.46.act_fn,51,ReLUSquaredActivation,routed_expert,0
backbone.layers.51.mixer.experts.47,51,NemotronHMLP,routed_expert,0
backbone.layers.51.mixer.experts.47.up_proj,51,Linear,routed_expert,4988928
backbone.layers.51.mixer.experts.47.down_proj,51,Linear,routed_expert,4988928
backbone.layers.51.mixer.experts.47.act_fn,51,ReLUSquaredActivation,routed_expert,0
backbone.layers.51.mixer.experts.48,51,NemotronHMLP,routed_expert,0
backbone.layers.51.mixer.experts.48.up_proj,51,Linear,routed_expert,4988928
backbone.layers.51.mixer.experts.48.down_proj,51,Linear,routed_expert,4988928
backbone.layers.51.mixer.experts.48.act_fn,51,ReLUSquaredActivation,routed_expert,0
backbone.layers.51.mixer.experts.49,51,NemotronHMLP,routed_expert,0
backbone.layers.51.mixer.experts.49.up_proj,51,Linear,routed_expert,4988928
backbone.layers.51.mixer.experts.49.down_proj,51,Linear,routed_expert,4988928
backbone.layers.51.mixer.experts.49.act_fn,51,ReLUSquaredActivation,routed_expert,0
backbone.layers.51.mixer.experts.50,51,NemotronHMLP,routed_expert,0
backbone.layers.51.mixer.experts.50.up_proj,51,Linear,routed_expert,4988928
backbone.layers.51.mixer.experts.50.down_proj,51,Linear,routed_expert,4988928
backbone.layers.51.mixer.experts.50.act_fn,51,ReLUSquaredActivation,routed_expert,0
backbone.layers.51.mixer.experts.51,51,NemotronHMLP,routed_expert,0
backbone.layers.51.mixer.experts.51.up_proj,51,Linear,routed_expert,4988928
backbone.layers.51.mixer.experts.51.down_proj,51,Linear,routed_expert,4988928
backbone.layers.51.mixer.experts.51.act_fn,51,ReLUSquaredActivation,routed_expert,0
backbone.layers.51.mixer.experts.52,51,NemotronHMLP,routed_expert,0
backbone.layers.51.mixer.experts.52.up_proj,51,Linear,routed_expert,4988928
backbone.layers.51.mixer.experts.52.down_proj,51,Linear,routed_expert,4988928
backbone.layers.51.mixer.experts.52.act_fn,51,ReLUSquaredActivation,routed_expert,0
backbone.layers.51.mixer.experts.53,51,NemotronHMLP,routed_expert,0
backbone.layers.51.mixer.experts.53.up_proj,51,Linear,routed_expert,4988928
backbone.layers.51.mixer.experts.53.down_proj,51,Linear,routed_expert,4988928
backbone.layers.51.mixer.experts.53.act_fn,51,ReLUSquaredActivation,routed_expert,0
backbone.layers.51.mixer.experts.54,51,NemotronHMLP,routed_expert,0
backbone.layers.51.mixer.experts.54.up_proj,51,Linear,routed_expert,4988928
backbone.layers.51.mixer.experts.54.down_proj,51,Linear,routed_expert,4988928
backbone.layers.51.mixer.experts.54.act_fn,51,ReLUSquaredActivation,routed_expert,0
backbone.layers.51.mixer.experts.55,51,NemotronHMLP,routed_expert,0
backbone.layers.51.mixer.experts.55.up_proj,51,Linear,routed_expert,4988928
backbone.layers.51.mixer.experts.55.down_proj,51,Linear,routed_expert,4988928
backbone.layers.51.mixer.experts.55.act_fn,51,ReLUSquaredActivation,routed_expert,0
backbone.layers.51.mixer.experts.56,51,NemotronHMLP,routed_expert,0
backbone.layers.51.mixer.experts.56.up_proj,51,Linear,routed_expert,4988928
backbone.layers.51.mixer.experts.56.down_proj,51,Linear,routed_expert,4988928
backbone.layers.51.mixer.experts.56.act_fn,51,ReLUSquaredActivation,routed_expert,0
backbone.layers.51.mixer.experts.57,51,NemotronHMLP,routed_expert,0
backbone.layers.51.mixer.experts.57.up_proj,51,Linear,routed_expert,4988928
backbone.layers.51.mixer.experts.57.down_proj,51,Linear,routed_expert,4988928
backbone.layers.51.mixer.experts.57.act_fn,51,ReLUSquaredActivation,routed_expert,0
backbone.layers.51.mixer.experts.58,51,NemotronHMLP,routed_expert,0
backbone.layers.51.mixer.experts.58.up_proj,51,Linear,routed_expert,4988928
backbone.layers.51.mixer.experts.58.down_proj,51,Linear,routed_expert,4988928
backbone.layers.51.mixer.experts.58.act_fn,51,ReLUSquaredActivation,routed_expert,0
backbone.layers.51.mixer.experts.59,51,NemotronHMLP,routed_expert,0
backbone.layers.51.mixer.experts.59.up_proj,51,Linear,routed_expert,4988928
backbone.layers.51.mixer.experts.59.down_proj,51,Linear,routed_expert,4988928
backbone.layers.51.mixer.experts.59.act_fn,51,ReLUSquaredActivation,routed_expert,0
backbone.layers.51.mixer.experts.60,51,NemotronHMLP,routed_expert,0
backbone.layers.51.mixer.experts.60.up_proj,51,Linear,routed_expert,4988928
backbone.layers.51.mixer.experts.60.down_proj,51,Linear,routed_expert,4988928
backbone.layers.51.mixer.experts.60.act_fn,51,ReLUSquaredActivation,routed_expert,0
backbone.layers.51.mixer.experts.61,51,NemotronHMLP,routed_expert,0
backbone.layers.51.mixer.experts.61.up_proj,51,Linear,routed_expert,4988928
backbone.layers.51.mixer.experts.61.down_proj,51,Linear,routed_expert,4988928
backbone.layers.51.mixer.experts.61.act_fn,51,ReLUSquaredActivation,routed_expert,0
backbone.layers.51.mixer.experts.62,51,NemotronHMLP,routed_expert,0
backbone.layers.51.mixer.experts.62.up_proj,51,Linear,routed_expert,4988928
backbone.layers.51.mixer.experts.62.down_proj,51,Linear,routed_expert,4988928
backbone.layers.51.mixer.experts.62.act_fn,51,ReLUSquaredActivation,routed_expert,0
backbone.layers.51.mixer.experts.63,51,NemotronHMLP,routed_expert,0
backbone.layers.51.mixer.experts.63.up_proj,51,Linear,routed_expert,4988928
backbone.layers.51.mixer.experts.63.down_proj,51,Linear,routed_expert,4988928
backbone.layers.51.mixer.experts.63.act_fn,51,ReLUSquaredActivation,routed_expert,0
backbone.layers.51.mixer.experts.64,51,NemotronHMLP,routed_expert,0
backbone.layers.51.mixer.experts.64.up_proj,51,Linear,routed_expert,4988928
backbone.layers.51.mixer.experts.64.down_proj,51,Linear,routed_expert,4988928
backbone.layers.51.mixer.experts.64.act_fn,51,ReLUSquaredActivation,routed_expert,0
backbone.layers.51.mixer.experts.65,51,NemotronHMLP,routed_expert,0
backbone.layers.51.mixer.experts.65.up_proj,51,Linear,routed_expert,4988928
backbone.layers.51.mixer.experts.65.down_proj,51,Linear,routed_expert,4988928
backbone.layers.51.mixer.experts.65.act_fn,51,ReLUSquaredActivation,routed_expert,0
backbone.layers.51.mixer.experts.66,51,NemotronHMLP,routed_expert,0
backbone.layers.51.mixer.experts.66.up_proj,51,Linear,routed_expert,4988928
backbone.layers.51.mixer.experts.66.down_proj,51,Linear,routed_expert,4988928
backbone.layers.51.mixer.experts.66.act_fn,51,ReLUSquaredActivation,routed_expert,0
backbone.layers.51.mixer.experts.67,51,NemotronHMLP,routed_expert,0
backbone.layers.51.mixer.experts.67.up_proj,51,Linear,routed_expert,4988928
backbone.layers.51.mixer.experts.67.down_proj,51,Linear,routed_expert,4988928
backbone.layers.51.mixer.experts.67.act_fn,51,ReLUSquaredActivation,routed_expert,0
backbone.layers.51.mixer.experts.68,51,NemotronHMLP,routed_expert,0
backbone.layers.51.mixer.experts.68.up_proj,51,Linear,routed_expert,4988928
backbone.layers.51.mixer.experts.68.down_proj,51,Linear,routed_expert,4988928
backbone.layers.51.mixer.experts.68.act_fn,51,ReLUSquaredActivation,routed_expert,0
backbone.layers.51.mixer.experts.69,51,NemotronHMLP,routed_expert,0
backbone.layers.51.mixer.experts.69.up_proj,51,Linear,routed_expert,4988928
backbone.layers.51.mixer.experts.69.down_proj,51,Linear,routed_expert,4988928
backbone.layers.51.mixer.experts.69.act_fn,51,ReLUSquaredActivation,routed_expert,0
backbone.layers.51.mixer.experts.70,51,NemotronHMLP,routed_expert,0
backbone.layers.51.mixer.experts.70.up_proj,51,Linear,routed_expert,4988928
backbone.layers.51.mixer.experts.70.down_proj,51,Linear,routed_expert,4988928
backbone.layers.51.mixer.experts.70.act_fn,51,ReLUSquaredActivation,routed_expert,0
backbone.layers.51.mixer.experts.71,51,NemotronHMLP,routed_expert,0
backbone.layers.51.mixer.experts.71.up_proj,51,Linear,routed_expert,4988928
backbone.layers.51.mixer.experts.71.down_proj,51,Linear,routed_expert,4988928
backbone.layers.51.mixer.experts.71.act_fn,51,ReLUSquaredActivation,routed_expert,0
backbone.layers.51.mixer.experts.72,51,NemotronHMLP,routed_expert,0
backbone.layers.51.mixer.experts.72.up_proj,51,Linear,routed_expert,4988928
backbone.layers.51.mixer.experts.72.down_proj,51,Linear,routed_expert,4988928
backbone.layers.51.mixer.experts.72.act_fn,51,ReLUSquaredActivation,routed_expert,0
backbone.layers.51.mixer.experts.73,51,NemotronHMLP,routed_expert,0
backbone.layers.51.mixer.experts.73.up_proj,51,Linear,routed_expert,4988928
backbone.layers.51.mixer.experts.73.down_proj,51,Linear,routed_expert,4988928
backbone.layers.51.mixer.experts.73.act_fn,51,ReLUSquaredActivation,routed_expert,0
backbone.layers.51.mixer.experts.74,51,NemotronHMLP,routed_expert,0
backbone.layers.51.mixer.experts.74.up_proj,51,Linear,routed_expert,4988928
backbone.layers.51.mixer.experts.74.down_proj,51,Linear,routed_expert,4988928
backbone.layers.51.mixer.experts.74.act_fn,51,ReLUSquaredActivation,routed_expert,0
backbone.layers.51.mixer.experts.75,51,NemotronHMLP,routed_expert,0
backbone.layers.51.mixer.experts.75.up_proj,51,Linear,routed_expert,4988928
backbone.layers.51.mixer.experts.75.down_proj,51,Linear,routed_expert,4988928
backbone.layers.51.mixer.experts.75.act_fn,51,ReLUSquaredActivation,routed_expert,0
backbone.layers.51.mixer.experts.76,51,NemotronHMLP,routed_expert,0
backbone.layers.51.mixer.experts.76.up_proj,51,Linear,routed_expert,4988928
backbone.layers.51.mixer.experts.76.down_proj,51,Linear,routed_expert,4988928
backbone.layers.51.mixer.experts.76.act_fn,51,ReLUSquaredActivation,routed_expert,0
backbone.layers.51.mixer.experts.77,51,NemotronHMLP,routed_expert,0
backbone.layers.51.mixer.experts.77.up_proj,51,Linear,routed_expert,4988928
backbone.layers.51.mixer.experts.77.down_proj,51,Linear,routed_expert,4988928
backbone.layers.51.mixer.experts.77.act_fn,51,ReLUSquaredActivation,routed_expert,0
backbone.layers.51.mixer.experts.78,51,NemotronHMLP,routed_expert,0
backbone.layers.51.mixer.experts.78.up_proj,51,Linear,routed_expert,4988928
backbone.layers.51.mixer.experts.78.down_proj,51,Linear,routed_expert,4988928
backbone.layers.51.mixer.experts.78.act_fn,51,ReLUSquaredActivation,routed_expert,0
backbone.layers.51.mixer.experts.79,51,NemotronHMLP,routed_expert,0
backbone.layers.51.mixer.experts.79.up_proj,51,Linear,routed_expert,4988928
backbone.layers.51.mixer.experts.79.down_proj,51,Linear,routed_expert,4988928
backbone.layers.51.mixer.experts.79.act_fn,51,ReLUSquaredActivation,routed_expert,0
backbone.layers.51.mixer.experts.80,51,NemotronHMLP,routed_expert,0
backbone.layers.51.mixer.experts.80.up_proj,51,Linear,routed_expert,4988928
backbone.layers.51.mixer.experts.80.down_proj,51,Linear,routed_expert,4988928
backbone.layers.51.mixer.experts.80.act_fn,51,ReLUSquaredActivation,routed_expert,0
backbone.layers.51.mixer.experts.81,51,NemotronHMLP,routed_expert,0
backbone.layers.51.mixer.experts.81.up_proj,51,Linear,routed_expert,4988928
backbone.layers.51.mixer.experts.81.down_proj,51,Linear,routed_expert,4988928
backbone.layers.51.mixer.experts.81.act_fn,51,ReLUSquaredActivation,routed_expert,0
backbone.layers.51.mixer.experts.82,51,NemotronHMLP,routed_expert,0
backbone.layers.51.mixer.experts.82.up_proj,51,Linear,routed_expert,4988928
backbone.layers.51.mixer.experts.82.down_proj,51,Linear,routed_expert,4988928
backbone.layers.51.mixer.experts.82.act_fn,51,ReLUSquaredActivation,routed_expert,0
backbone.layers.51.mixer.experts.83,51,NemotronHMLP,routed_expert,0
backbone.layers.51.mixer.experts.83.up_proj,51,Linear,routed_expert,4988928
backbone.layers.51.mixer.experts.83.down_proj,51,Linear,routed_expert,4988928
backbone.layers.51.mixer.experts.83.act_fn,51,ReLUSquaredActivation,routed_expert,0
backbone.layers.51.mixer.experts.84,51,NemotronHMLP,routed_expert,0
backbone.layers.51.mixer.experts.84.up_proj,51,Linear,routed_expert,4988928
backbone.layers.51.mixer.experts.84.down_proj,51,Linear,routed_expert,4988928
backbone.layers.51.mixer.experts.84.act_fn,51,ReLUSquaredActivation,routed_expert,0
backbone.layers.51.mixer.experts.85,51,NemotronHMLP,routed_expert,0
backbone.layers.51.mixer.experts.85.up_proj,51,Linear,routed_expert,4988928
backbone.layers.51.mixer.experts.85.down_proj,51,Linear,routed_expert,4988928
backbone.layers.51.mixer.experts.85.act_fn,51,ReLUSquaredActivation,routed_expert,0
backbone.layers.51.mixer.experts.86,51,NemotronHMLP,routed_expert,0
backbone.layers.51.mixer.experts.86.up_proj,51,Linear,routed_expert,4988928
backbone.layers.51.mixer.experts.86.down_proj,51,Linear,routed_expert,4988928
backbone.layers.51.mixer.experts.86.act_fn,51,ReLUSquaredActivation,routed_expert,0
backbone.layers.51.mixer.experts.87,51,NemotronHMLP,routed_expert,0
backbone.layers.51.mixer.experts.87.up_proj,51,Linear,routed_expert,4988928
backbone.layers.51.mixer.experts.87.down_proj,51,Linear,routed_expert,4988928
backbone.layers.51.mixer.experts.87.act_fn,51,ReLUSquaredActivation,routed_expert,0
backbone.layers.51.mixer.experts.88,51,NemotronHMLP,routed_expert,0
backbone.layers.51.mixer.experts.88.up_proj,51,Linear,routed_expert,4988928
backbone.layers.51.mixer.experts.88.down_proj,51,Linear,routed_expert,4988928
backbone.layers.51.mixer.experts.88.act_fn,51,ReLUSquaredActivation,routed_expert,0
backbone.layers.51.mixer.experts.89,51,NemotronHMLP,routed_expert,0
backbone.layers.51.mixer.experts.89.up_proj,51,Linear,routed_expert,4988928
backbone.layers.51.mixer.experts.89.down_proj,51,Linear,routed_expert,4988928
backbone.layers.51.mixer.experts.89.act_fn,51,ReLUSquaredActivation,routed_expert,0
backbone.layers.51.mixer.experts.90,51,NemotronHMLP,routed_expert,0
backbone.layers.51.mixer.experts.90.up_proj,51,Linear,routed_expert,4988928
backbone.layers.51.mixer.experts.90.down_proj,51,Linear,routed_expert,4988928
backbone.layers.51.mixer.experts.90.act_fn,51,ReLUSquaredActivation,routed_expert,0
backbone.layers.51.mixer.experts.91,51,NemotronHMLP,routed_expert,0
backbone.layers.51.mixer.experts.91.up_proj,51,Linear,routed_expert,4988928
backbone.layers.51.mixer.experts.91.down_proj,51,Linear,routed_expert,4988928
backbone.layers.51.mixer.experts.91.act_fn,51,ReLUSquaredActivation,routed_expert,0
backbone.layers.51.mixer.experts.92,51,NemotronHMLP,routed_expert,0
backbone.layers.51.mixer.experts.92.up_proj,51,Linear,routed_expert,4988928
backbone.layers.51.mixer.experts.92.down_proj,51,Linear,routed_expert,4988928
backbone.layers.51.mixer.experts.92.act_fn,51,ReLUSquaredActivation,routed_expert,0
backbone.layers.51.mixer.experts.93,51,NemotronHMLP,routed_expert,0
backbone.layers.51.mixer.experts.93.up_proj,51,Linear,routed_expert,4988928
backbone.layers.51.mixer.experts.93.down_proj,51,Linear,routed_expert,4988928
backbone.layers.51.mixer.experts.93.act_fn,51,ReLUSquaredActivation,routed_expert,0
backbone.layers.51.mixer.experts.94,51,NemotronHMLP,routed_expert,0
backbone.layers.51.mixer.experts.94.up_proj,51,Linear,routed_expert,4988928
backbone.layers.51.mixer.experts.94.down_proj,51,Linear,routed_expert,4988928
backbone.layers.51.mixer.experts.94.act_fn,51,ReLUSquaredActivation,routed_expert,0
backbone.layers.51.mixer.experts.95,51,NemotronHMLP,routed_expert,0
backbone.layers.51.mixer.experts.95.up_proj,51,Linear,routed_expert,4988928
backbone.layers.51.mixer.experts.95.down_proj,51,Linear,routed_expert,4988928
backbone.layers.51.mixer.experts.95.act_fn,51,ReLUSquaredActivation,routed_expert,0
backbone.layers.51.mixer.experts.96,51,NemotronHMLP,routed_expert,0
backbone.layers.51.mixer.experts.96.up_proj,51,Linear,routed_expert,4988928
backbone.layers.51.mixer.experts.96.down_proj,51,Linear,routed_expert,4988928
backbone.layers.51.mixer.experts.96.act_fn,51,ReLUSquaredActivation,routed_expert,0
backbone.layers.51.mixer.experts.97,51,NemotronHMLP,routed_expert,0
backbone.layers.51.mixer.experts.97.up_proj,51,Linear,routed_expert,4988928
backbone.layers.51.mixer.experts.97.down_proj,51,Linear,routed_expert,4988928
backbone.layers.51.mixer.experts.97.act_fn,51,ReLUSquaredActivation,routed_expert,0
backbone.layers.51.mixer.experts.98,51,NemotronHMLP,routed_expert,0
backbone.layers.51.mixer.experts.98.up_proj,51,Linear,routed_expert,4988928
backbone.layers.51.mixer.experts.98.down_proj,51,Linear,routed_expert,4988928
backbone.layers.51.mixer.experts.98.act_fn,51,ReLUSquaredActivation,routed_expert,0
backbone.layers.51.mixer.experts.99,51,NemotronHMLP,routed_expert,0
backbone.layers.51.mixer.experts.99.up_proj,51,Linear,routed_expert,4988928
backbone.layers.51.mixer.experts.99.down_proj,51,Linear,routed_expert,4988928
backbone.layers.51.mixer.experts.99.act_fn,51,ReLUSquaredActivation,routed_expert,0
backbone.layers.51.mixer.experts.100,51,NemotronHMLP,routed_expert,0
backbone.layers.51.mixer.experts.100.up_proj,51,Linear,routed_expert,4988928
backbone.layers.51.mixer.experts.100.down_proj,51,Linear,routed_expert,4988928
backbone.layers.51.mixer.experts.100.act_fn,51,ReLUSquaredActivation,routed_expert,0
backbone.layers.51.mixer.experts.101,51,NemotronHMLP,routed_expert,0
backbone.layers.51.mixer.experts.101.up_proj,51,Linear,routed_expert,4988928
backbone.layers.51.mixer.experts.101.down_proj,51,Linear,routed_expert,4988928
backbone.layers.51.mixer.experts.101.act_fn,51,ReLUSquaredActivation,routed_expert,0
backbone.layers.51.mixer.experts.102,51,NemotronHMLP,routed_expert,0
backbone.layers.51.mixer.experts.102.up_proj,51,Linear,routed_expert,4988928
backbone.layers.51.mixer.experts.102.down_proj,51,Linear,routed_expert,4988928
backbone.layers.51.mixer.experts.102.act_fn,51,ReLUSquaredActivation,routed_expert,0
backbone.layers.51.mixer.experts.103,51,NemotronHMLP,routed_expert,0
backbone.layers.51.mixer.experts.103.up_proj,51,Linear,routed_expert,4988928
backbone.layers.51.mixer.experts.103.down_proj,51,Linear,routed_expert,4988928
backbone.layers.51.mixer.experts.103.act_fn,51,ReLUSquaredActivation,routed_expert,0
backbone.layers.51.mixer.experts.104,51,NemotronHMLP,routed_expert,0
backbone.layers.51.mixer.experts.104.up_proj,51,Linear,routed_expert,4988928
backbone.layers.51.mixer.experts.104.down_proj,51,Linear,routed_expert,4988928
backbone.layers.51.mixer.experts.104.act_fn,51,ReLUSquaredActivation,routed_expert,0
backbone.layers.51.mixer.experts.105,51,NemotronHMLP,routed_expert,0
backbone.layers.51.mixer.experts.105.up_proj,51,Linear,routed_expert,4988928
backbone.layers.51.mixer.experts.105.down_proj,51,Linear,routed_expert,4988928
backbone.layers.51.mixer.experts.105.act_fn,51,ReLUSquaredActivation,routed_expert,0
backbone.layers.51.mixer.experts.106,51,NemotronHMLP,routed_expert,0
backbone.layers.51.mixer.experts.106.up_proj,51,Linear,routed_expert,4988928
backbone.layers.51.mixer.experts.106.down_proj,51,Linear,routed_expert,4988928
backbone.layers.51.mixer.experts.106.act_fn,51,ReLUSquaredActivation,routed_expert,0
backbone.layers.51.mixer.experts.107,51,NemotronHMLP,routed_expert,0
backbone.layers.51.mixer.experts.107.up_proj,51,Linear,routed_expert,4988928
backbone.layers.51.mixer.experts.107.down_proj,51,Linear,routed_expert,4988928
backbone.layers.51.mixer.experts.107.act_fn,51,ReLUSquaredActivation,routed_expert,0
backbone.layers.51.mixer.experts.108,51,NemotronHMLP,routed_expert,0
backbone.layers.51.mixer.experts.108.up_proj,51,Linear,routed_expert,4988928
backbone.layers.51.mixer.experts.108.down_proj,51,Linear,routed_expert,4988928
backbone.layers.51.mixer.experts.108.act_fn,51,ReLUSquaredActivation,routed_expert,0
backbone.layers.51.mixer.experts.109,51,NemotronHMLP,routed_expert,0
backbone.layers.51.mixer.experts.109.up_proj,51,Linear,routed_expert,4988928
backbone.layers.51.mixer.experts.109.down_proj,51,Linear,routed_expert,4988928
backbone.layers.51.mixer.experts.109.act_fn,51,ReLUSquaredActivation,routed_expert,0
backbone.layers.51.mixer.experts.110,51,NemotronHMLP,routed_expert,0
backbone.layers.51.mixer.experts.110.up_proj,51,Linear,routed_expert,4988928
backbone.layers.51.mixer.experts.110.down_proj,51,Linear,routed_expert,4988928
backbone.layers.51.mixer.experts.110.act_fn,51,ReLUSquaredActivation,routed_expert,0
backbone.layers.51.mixer.experts.111,51,NemotronHMLP,routed_expert,0
backbone.layers.51.mixer.experts.111.up_proj,51,Linear,routed_expert,4988928
backbone.layers.51.mixer.experts.111.down_proj,51,Linear,routed_expert,4988928
backbone.layers.51.mixer.experts.111.act_fn,51,ReLUSquaredActivation,routed_expert,0
backbone.layers.51.mixer.experts.112,51,NemotronHMLP,routed_expert,0
backbone.layers.51.mixer.experts.112.up_proj,51,Linear,routed_expert,4988928
backbone.layers.51.mixer.experts.112.down_proj,51,Linear,routed_expert,4988928
backbone.layers.51.mixer.experts.112.act_fn,51,ReLUSquaredActivation,routed_expert,0
backbone.layers.51.mixer.experts.113,51,NemotronHMLP,routed_expert,0
backbone.layers.51.mixer.experts.113.up_proj,51,Linear,routed_expert,4988928
backbone.layers.51.mixer.experts.113.down_proj,51,Linear,routed_expert,4988928
backbone.layers.51.mixer.experts.113.act_fn,51,ReLUSquaredActivation,routed_expert,0
backbone.layers.51.mixer.experts.114,51,NemotronHMLP,routed_expert,0
backbone.layers.51.mixer.experts.114.up_proj,51,Linear,routed_expert,4988928
backbone.layers.51.mixer.experts.114.down_proj,51,Linear,routed_expert,4988928
backbone.layers.51.mixer.experts.114.act_fn,51,ReLUSquaredActivation,routed_expert,0
backbone.layers.51.mixer.experts.115,51,NemotronHMLP,routed_expert,0
backbone.layers.51.mixer.experts.115.up_proj,51,Linear,routed_expert,4988928
backbone.layers.51.mixer.experts.115.down_proj,51,Linear,routed_expert,4988928
backbone.layers.51.mixer.experts.115.act_fn,51,ReLUSquaredActivation,routed_expert,0
backbone.layers.51.mixer.experts.116,51,NemotronHMLP,routed_expert,0
backbone.layers.51.mixer.experts.116.up_proj,51,Linear,routed_expert,4988928
backbone.layers.51.mixer.experts.116.down_proj,51,Linear,routed_expert,4988928
backbone.layers.51.mixer.experts.116.act_fn,51,ReLUSquaredActivation,routed_expert,0
backbone.layers.51.mixer.experts.117,51,NemotronHMLP,routed_expert,0
backbone.layers.51.mixer.experts.117.up_proj,51,Linear,routed_expert,4988928
backbone.layers.51.mixer.experts.117.down_proj,51,Linear,routed_expert,4988928
backbone.layers.51.mixer.experts.117.act_fn,51,ReLUSquaredActivation,routed_expert,0
backbone.layers.51.mixer.experts.118,51,NemotronHMLP,routed_expert,0
backbone.layers.51.mixer.experts.118.up_proj,51,Linear,routed_expert,4988928
backbone.layers.51.mixer.experts.118.down_proj,51,Linear,routed_expert,4988928
backbone.layers.51.mixer.experts.118.act_fn,51,ReLUSquaredActivation,routed_expert,0
backbone.layers.51.mixer.experts.119,51,NemotronHMLP,routed_expert,0
backbone.layers.51.mixer.experts.119.up_proj,51,Linear,routed_expert,4988928
backbone.layers.51.mixer.experts.119.down_proj,51,Linear,routed_expert,4988928
backbone.layers.51.mixer.experts.119.act_fn,51,ReLUSquaredActivation,routed_expert,0
backbone.layers.51.mixer.experts.120,51,NemotronHMLP,routed_expert,0
backbone.layers.51.mixer.experts.120.up_proj,51,Linear,routed_expert,4988928
backbone.layers.51.mixer.experts.120.down_proj,51,Linear,routed_expert,4988928
backbone.layers.51.mixer.experts.120.act_fn,51,ReLUSquaredActivation,routed_expert,0
backbone.layers.51.mixer.experts.121,51,NemotronHMLP,routed_expert,0
backbone.layers.51.mixer.experts.121.up_proj,51,Linear,routed_expert,4988928
backbone.layers.51.mixer.experts.121.down_proj,51,Linear,routed_expert,4988928
backbone.layers.51.mixer.experts.121.act_fn,51,ReLUSquaredActivation,routed_expert,0
backbone.layers.51.mixer.experts.122,51,NemotronHMLP,routed_expert,0
backbone.layers.51.mixer.experts.122.up_proj,51,Linear,routed_expert,4988928
backbone.layers.51.mixer.experts.122.down_proj,51,Linear,routed_expert,4988928
backbone.layers.51.mixer.experts.122.act_fn,51,ReLUSquaredActivation,routed_expert,0
backbone.layers.51.mixer.experts.123,51,NemotronHMLP,routed_expert,0
backbone.layers.51.mixer.experts.123.up_proj,51,Linear,routed_expert,4988928
backbone.layers.51.mixer.experts.123.down_proj,51,Linear,routed_expert,4988928
backbone.layers.51.mixer.experts.123.act_fn,51,ReLUSquaredActivation,routed_expert,0
backbone.layers.51.mixer.experts.124,51,NemotronHMLP,routed_expert,0
backbone.layers.51.mixer.experts.124.up_proj,51,Linear,routed_expert,4988928
backbone.layers.51.mixer.experts.124.down_proj,51,Linear,routed_expert,4988928
backbone.layers.51.mixer.experts.124.act_fn,51,ReLUSquaredActivation,routed_expert,0
backbone.layers.51.mixer.experts.125,51,NemotronHMLP,routed_expert,0
backbone.layers.51.mixer.experts.125.up_proj,51,Linear,routed_expert,4988928
backbone.layers.51.mixer.experts.125.down_proj,51,Linear,routed_expert,4988928
backbone.layers.51.mixer.experts.125.act_fn,51,ReLUSquaredActivation,routed_expert,0
backbone.layers.51.mixer.experts.126,51,NemotronHMLP,routed_expert,0
backbone.layers.51.mixer.experts.126.up_proj,51,Linear,routed_expert,4988928
backbone.layers.51.mixer.experts.126.down_proj,51,Linear,routed_expert,4988928
backbone.layers.51.mixer.experts.126.act_fn,51,ReLUSquaredActivation,routed_expert,0
backbone.layers.51.mixer.experts.127,51,NemotronHMLP,routed_expert,0
backbone.layers.51.mixer.experts.127.up_proj,51,Linear,routed_expert,4988928
backbone.layers.51.mixer.experts.127.down_proj,51,Linear,routed_expert,4988928
backbone.layers.51.mixer.experts.127.act_fn,51,ReLUSquaredActivation,routed_expert,0
backbone.layers.51.mixer.gate,51,NemotronHTopkRouter,router,344064
backbone.layers.51.mixer.shared_experts,51,NemotronHMLP,other,0
backbone.layers.51.mixer.shared_experts.up_proj,51,Linear,shared_expert,9977856
backbone.layers.51.mixer.shared_experts.down_proj,51,Linear,shared_expert,9977856
backbone.layers.51.mixer.shared_experts.act_fn,51,ReLUSquaredActivation,shared_expert,0
backbone.norm_f,,NemotronHRMSNorm,other,2688
lm_head,,Linear,other,352321536
