variant,family,layer,expert,count,weight_sum
base,bit_manipulation,1,11,21,7.782984912395477
base,bit_manipulation,1,34,24,12.451210349798203
base,bit_manipulation,1,69,8,4.347089171409607
base,bit_manipulation,1,74,42,16.30625969171524
base,bit_manipulation,1,113,41,17.597176551818848
base,bit_manipulation,1,24,48,18.4549557864666
base,bit_manipulation,1,12,408,167.212795317173
base,bit_manipulation,1,29,20,7.166485816240311
base,bit_manipulation,1,45,28,11.048431932926178
base,bit_manipulation,1,57,20,8.13955146074295
base,bit_manipulation,1,119,38,11.829657599329948
base,bit_manipulation,1,6,167,64.36599931120872
base,bit_manipulation,1,1,19,8.178439110517502
base,bit_manipulation,1,8,56,23.744130164384842
base,bit_manipulation,1,9,48,17.892960965633392
base,bit_manipulation,1,64,128,52.64552500844002
base,bit_manipulation,1,85,39,16.669452905654907
base,bit_manipulation,1,15,63,22.97487485408783
base,bit_manipulation,1,54,40,14.99696558713913
base,bit_manipulation,1,117,34,13.932855993509293
base,bit_manipulation,1,60,16,7.684171974658966
base,bit_manipulation,1,110,12,5.482740134000778
base,bit_manipulation,1,125,70,30.747438579797745
base,bit_manipulation,1,94,28,8.575845196843147
base,bit_manipulation,1,55,45,17.091423749923706
base,bit_manipulation,1,83,45,15.69326576590538
base,bit_manipulation,1,120,71,36.680825024843216
base,bit_manipulation,1,39,12,4.603415459394455
base,bit_manipulation,1,7,94,43.68963807821274
base,bit_manipulation,1,31,78,38.77687004208565
base,bit_manipulation,1,41,78,36.2944039106369
base,bit_manipulation,1,101,48,17.293906331062317
base,bit_manipulation,1,43,41,16.0585375726223
base,bit_manipulation,1,76,123,47.91754546761513
base,bit_manipulation,1,121,17,6.896202951669693
base,bit_manipulation,1,93,14,4.243745893239975
base,bit_manipulation,1,44,53,18.59358613193035
base,bit_manipulation,1,46,74,32.41723710298538
base,bit_manipulation,1,97,24,7.609357863664627
base,bit_manipulation,1,111,35,16.169878631830215
base,bit_manipulation,1,86,12,4.731641262769699
base,bit_manipulation,1,73,16,8.480966925621033
base,bit_manipulation,1,79,22,10.025000303983688
base,bit_manipulation,1,100,60,26.40673765540123
base,bit_manipulation,1,23,17,5.685138165950775
base,bit_manipulation,1,30,15,5.849900096654892
base,bit_manipulation,1,47,28,12.310879647731781
base,bit_manipulation,1,50,8,3.492220461368561
base,bit_manipulation,1,105,28,11.397272497415543
base,bit_manipulation,1,58,29,11.896523177623749
base,bit_manipulation,1,68,134,49.015437453985214
base,bit_manipulation,1,116,43,19.679632633924484
base,bit_manipulation,1,123,47,22.34468564391136
base,bit_manipulation,1,14,27,10.765255451202393
base,bit_manipulation,1,3,75,29.692485749721527
base,bit_manipulation,1,33,41,16.481572180986404
base,bit_manipulation,1,84,16,5.6563593447208405
base,bit_manipulation,1,65,32,12.056225180625916
base,bit_manipulation,1,0,38,17.817558735609055
base,bit_manipulation,1,27,16,6.011782079935074
base,bit_manipulation,1,25,77,33.09796699881554
base,bit_manipulation,1,61,8,4.441547155380249
base,bit_manipulation,1,81,36,12.599049031734467
base,bit_manipulation,1,108,174,67.84422901272774
base,bit_manipulation,1,10,20,8.79847303032875
base,bit_manipulation,1,17,19,7.5311597883701324
base,bit_manipulation,1,122,23,9.40185073018074
base,bit_manipulation,1,77,4,1.3853779733181
base,bit_manipulation,1,66,19,6.990132719278336
base,bit_manipulation,1,99,24,11.028709203004837
base,bit_manipulation,1,59,12,6.110671639442444
base,bit_manipulation,1,96,87,40.9734767973423
base,bit_manipulation,1,118,29,9.978904366493225
base,bit_manipulation,1,75,231,106.00829032063484
base,bit_manipulation,1,35,52,21.588490933179855
base,bit_manipulation,1,70,15,7.075257390737534
base,bit_manipulation,1,18,22,9.25184229016304
base,bit_manipulation,1,19,33,13.211438089609146
base,bit_manipulation,1,62,20,8.452654391527176
base,bit_manipulation,1,95,12,4.952420920133591
base,bit_manipulation,1,26,87,37.20183822512627
base,bit_manipulation,1,2,20,8.040876507759094
base,bit_manipulation,1,103,101,40.63042235374451
base,bit_manipulation,1,112,51,18.009828358888626
base,bit_manipulation,1,102,71,28.066154196858406
base,bit_manipulation,1,53,21,10.177757948637009
base,bit_manipulation,1,36,55,24.38105797767639
base,bit_manipulation,1,42,75,28.991637855768204
base,bit_manipulation,1,56,24,12.767714887857437
base,bit_manipulation,1,63,8,3.257840946316719
base,bit_manipulation,1,98,98,38.91611769795418
base,bit_manipulation,1,38,55,23.10559320449829
base,bit_manipulation,1,13,8,2.7424993813037872
base,bit_manipulation,1,82,10,3.666798233985901
base,bit_manipulation,1,90,206,95.83624616265297
base,bit_manipulation,1,106,16,7.277972400188446
base,bit_manipulation,1,4,13,4.718131601810455
base,bit_manipulation,1,51,4,1.0950409173965454
base,bit_manipulation,1,115,41,17.764649629592896
base,bit_manipulation,1,52,4,1.4313222467899323
base,bit_manipulation,1,89,12,4.687238097190857
base,bit_manipulation,1,124,12,5.122659534215927
base,bit_manipulation,1,67,4,1.3586995303630829
base,bit_manipulation,1,114,125,55.34175789356232
base,bit_manipulation,1,80,60,22.12206220626831
base,bit_manipulation,1,109,81,39.62925225496292
base,bit_manipulation,1,20,9,2.9649578034877777
base,bit_manipulation,1,49,9,4.830486208200455
base,bit_manipulation,1,16,116,51.81665351986885
base,bit_manipulation,1,40,11,5.354324251413345
base,bit_manipulation,1,107,36,15.795172363519669
base,bit_manipulation,1,21,79,32.72009029984474
base,bit_manipulation,1,71,151,59.278425604104996
base,bit_manipulation,1,32,37,16.513168901205063
base,bit_manipulation,1,37,41,16.767503142356873
base,bit_manipulation,1,78,30,12.181742280721664
base,bit_manipulation,1,104,10,4.284962505102158
base,bit_manipulation,1,22,4,1.3103657364845276
base,bit_manipulation,1,127,4,1.409878671169281
base,bit_manipulation,1,92,4,1.4131160080432892
base,bit_manipulation,1,91,17,6.479308307170868
base,bit_manipulation,1,72,4,1.2981646955013275
base,bit_manipulation,3,5,60,21.830181524157524
base,bit_manipulation,3,46,102,39.1612842977047
base,bit_manipulation,3,58,82,30.689789056777954
base,bit_manipulation,3,119,63,28.427936881780624
base,bit_manipulation,3,125,25,9.917880773544312
base,bit_manipulation,3,69,193,76.80309616029263
base,bit_manipulation,3,7,77,34.2220718562603
base,bit_manipulation,3,28,79,27.82126423716545
base,bit_manipulation,3,55,77,32.70452040433884
base,bit_manipulation,3,70,133,49.15523135662079
base,bit_manipulation,3,79,37,13.314068675041199
base,bit_manipulation,3,9,21,8.031578466296196
base,bit_manipulation,3,1,37,14.760120153427124
base,bit_manipulation,3,99,20,8.322218090295792
base,bit_manipulation,3,101,22,8.05310320854187
base,bit_manipulation,3,113,27,12.609065055847168
base,bit_manipulation,3,42,20,8.940584614872932
base,bit_manipulation,3,64,92,37.97506280243397
base,bit_manipulation,3,100,45,16.79727354645729
base,bit_manipulation,3,123,12,7.064825505018234
base,bit_manipulation,3,103,12,2.513207048177719
base,bit_manipulation,3,38,65,23.911047339439392
base,bit_manipulation,3,126,9,4.455901712179184
base,bit_manipulation,3,30,47,17.508365616202354
base,bit_manipulation,3,35,36,12.817312389612198
base,bit_manipulation,3,67,34,12.459557488560677
base,bit_manipulation,3,93,14,5.794291824102402
base,bit_manipulation,3,105,12,3.700648531317711
base,bit_manipulation,3,108,83,33.44565652310848
base,bit_manipulation,3,3,13,5.3058954775333405
base,bit_manipulation,3,72,16,6.050983771681786
base,bit_manipulation,3,122,59,25.440920442342758
base,bit_manipulation,3,2,18,7.260955214500427
base,bit_manipulation,3,13,5,1.232943907380104
base,bit_manipulation,3,118,101,39.53124991059303
base,bit_manipulation,3,102,21,7.36751589179039
base,bit_manipulation,3,12,20,7.160980015993118
base,bit_manipulation,3,31,52,20.05799399316311
base,bit_manipulation,3,41,45,16.186865895986557
base,bit_manipulation,3,94,18,5.814598366618156
base,bit_manipulation,3,96,36,9.31837309896946
base,bit_manipulation,3,23,44,15.987904101610184
base,bit_manipulation,3,32,24,8.26734408736229
base,bit_manipulation,3,85,75,26.773052379488945
base,bit_manipulation,3,86,43,20.566601276397705
base,bit_manipulation,3,25,18,5.702026128768921
base,bit_manipulation,3,8,20,8.248360738158226
base,bit_manipulation,3,77,4,2.3794749975204468
base,bit_manipulation,3,116,37,15.792575731873512
base,bit_manipulation,3,73,29,11.42828132212162
base,bit_manipulation,3,39,42,13.82070568203926
base,bit_manipulation,3,56,46,15.832553714513779
base,bit_manipulation,3,60,70,33.47795036435127
base,bit_manipulation,3,81,352,191.17269748449326
base,bit_manipulation,3,109,24,8.467539548873901
base,bit_manipulation,3,36,102,47.82277166843414
base,bit_manipulation,3,76,36,15.139422059059143
base,bit_manipulation,3,63,51,17.82321262359619
base,bit_manipulation,3,0,73,31.72036424279213
base,bit_manipulation,3,115,48,19.302075922489166
base,bit_manipulation,3,120,15,10.482110381126404
base,bit_manipulation,3,51,16,7.209392338991165
base,bit_manipulation,3,53,19,7.579387456178665
base,bit_manipulation,3,26,45,14.454472824931145
base,bit_manipulation,3,21,8,2.7122018933296204
base,bit_manipulation,3,61,12,6.276512503623962
base,bit_manipulation,3,66,102,41.748612493276596
base,bit_manipulation,3,50,12,4.820601671934128
base,bit_manipulation,3,92,26,9.271846652030945
base,bit_manipulation,3,43,221,95.32475957274437
base,bit_manipulation,3,75,73,27.148977413773537
base,bit_manipulation,3,111,23,7.561624199151993
base,bit_manipulation,3,65,12,5.742341071367264
base,bit_manipulation,3,91,4,1.7042299211025238
base,bit_manipulation,3,107,77,27.860685348510742
base,bit_manipulation,3,121,22,8.192856460809708
base,bit_manipulation,3,74,68,35.08424124121666
base,bit_manipulation,3,15,84,32.97184158861637
base,bit_manipulation,3,49,32,13.466626048088074
base,bit_manipulation,3,37,16,9.093753069639206
base,bit_manipulation,3,59,14,3.652746334671974
base,bit_manipulation,3,10,49,26.2681415528059
base,bit_manipulation,3,33,53,26.095712512731552
base,bit_manipulation,3,68,30,10.643474966287613
base,bit_manipulation,3,22,24,9.89856243133545
base,bit_manipulation,3,78,145,58.3091256916523
base,bit_manipulation,3,71,92,33.0049467086792
base,bit_manipulation,3,114,16,5.7241575717926025
base,bit_manipulation,3,110,42,19.795104563236237
base,bit_manipulation,3,18,16,6.63781076669693
base,bit_manipulation,3,127,35,15.096384644508362
base,bit_manipulation,3,19,42,20.595947295427322
base,bit_manipulation,3,87,38,16.395254462957382
base,bit_manipulation,3,47,25,8.35044002532959
base,bit_manipulation,3,29,4,0.9793947488069534
base,bit_manipulation,3,57,16,6.701973706483841
base,bit_manipulation,3,88,21,6.565876141190529
base,bit_manipulation,3,90,52,22.878812670707703
base,bit_manipulation,3,17,5,2.638684630393982
base,bit_manipulation,3,80,11,5.069303661584854
base,bit_manipulation,3,117,72,30.654868066310883
base,bit_manipulation,3,82,76,31.425260066986084
base,bit_manipulation,3,95,36,13.418887674808502
base,bit_manipulation,3,4,61,25.828518629074097
base,bit_manipulation,3,89,26,8.313102811574936
base,bit_manipulation,3,16,16,5.096949934959412
base,bit_manipulation,3,24,81,36.167469039559364
base,bit_manipulation,3,83,73,39.402578353881836
base,bit_manipulation,3,44,36,14.700350433588028
base,bit_manipulation,3,45,20,9.133259028196335
base,bit_manipulation,3,62,41,15.481833547353745
base,bit_manipulation,3,124,10,2.9106705635786057
base,bit_manipulation,3,48,51,22.21372291445732
base,bit_manipulation,3,104,117,63.03227862715721
base,bit_manipulation,3,40,74,30.619890242815018
base,bit_manipulation,3,14,41,13.594877555966377
base,bit_manipulation,3,27,19,6.190796673297882
base,bit_manipulation,3,112,38,14.98876279592514
base,bit_manipulation,3,52,14,4.116317301988602
base,bit_manipulation,3,11,94,47.864347755908966
base,bit_manipulation,3,20,9,3.2439622282981873
base,bit_manipulation,3,97,4,2.3237436413764954
base,bit_manipulation,3,106,9,2.8172601461410522
base,bit_manipulation,3,6,5,1.290026068687439
base,bit_manipulation,6,13,126,45.12312541529536
base,bit_manipulation,6,70,34,11.019836774095893
base,bit_manipulation,6,81,60,18.749831253662705
base,bit_manipulation,6,96,11,1.9750079046934843
base,bit_manipulation,6,108,28,30.256987690925598
base,bit_manipulation,6,92,64,18.075832042843103
base,bit_manipulation,6,20,16,5.528191953897476
base,bit_manipulation,6,55,12,5.916008085012436
base,bit_manipulation,6,62,49,18.564945071935654
base,bit_manipulation,6,106,161,70.72455313801765
base,bit_manipulation,6,116,37,11.19188642501831
base,bit_manipulation,6,16,4,1.165184110403061
base,bit_manipulation,6,27,73,20.357928559184074
base,bit_manipulation,6,29,123,44.95421490073204
base,bit_manipulation,6,30,4,1.9170645773410797
base,bit_manipulation,6,71,83,25.543428376317024
base,bit_manipulation,6,114,35,14.286809027194977
base,bit_manipulation,6,124,20,6.847556680440903
base,bit_manipulation,6,19,17,6.809869885444641
base,bit_manipulation,6,31,40,14.376922696828842
base,bit_manipulation,6,122,26,7.9168049693107605
base,bit_manipulation,6,8,12,3.8526079952716827
base,bit_manipulation,6,54,8,4.365359425544739
base,bit_manipulation,6,126,15,6.276596963405609
base,bit_manipulation,6,65,30,9.517344385385513
base,bit_manipulation,6,12,16,4.541062578558922
base,bit_manipulation,6,45,45,14.59450215101242
base,bit_manipulation,6,73,12,5.551128804683685
base,bit_manipulation,6,79,20,9.530762165784836
base,bit_manipulation,6,107,58,19.841662555933
base,bit_manipulation,6,46,117,38.37095308303833
base,bit_manipulation,6,67,42,12.37468621134758
base,bit_manipulation,6,93,59,22.866707533597946
base,bit_manipulation,6,33,97,47.45172291994095
base,bit_manipulation,6,35,7,2.5781949758529663
base,bit_manipulation,6,41,139,49.28980350494385
base,bit_manipulation,6,95,32,14.231802195310593
base,bit_manipulation,6,102,40,15.184552907943726
base,bit_manipulation,6,82,43,11.961773484945297
base,bit_manipulation,6,60,157,59.987202659249306
base,bit_manipulation,6,78,8,3.8634298741817474
base,bit_manipulation,6,123,43,13.300664562731981
base,bit_manipulation,6,7,85,36.96621751785278
base,bit_manipulation,6,56,59,24.856013268232346
base,bit_manipulation,6,61,25,9.008304625749588
base,bit_manipulation,6,2,22,8.423133537173271
base,bit_manipulation,6,37,53,21.18707075715065
base,bit_manipulation,6,76,45,18.256419628858566
base,bit_manipulation,6,110,16,5.586127206683159
base,bit_manipulation,6,52,474,262.71057610213757
base,bit_manipulation,6,64,16,7.3292654156684875
base,bit_manipulation,6,119,12,3.748772084712982
base,bit_manipulation,6,3,39,12.032270058989525
base,bit_manipulation,6,47,22,7.78756508231163
base,bit_manipulation,6,18,8,3.0925547182559967
base,bit_manipulation,6,84,20,8.555490612983704
base,bit_manipulation,6,105,4,0.0750352069735527
base,bit_manipulation,6,58,34,13.306231558322906
base,bit_manipulation,6,43,30,9.683054059743881
base,bit_manipulation,6,75,90,37.393150359392166
base,bit_manipulation,6,14,259,129.85373458266258
base,bit_manipulation,6,23,8,2.9645885825157166
base,bit_manipulation,6,85,15,5.375147849321365
base,bit_manipulation,6,77,10,2.988799661397934
base,bit_manipulation,6,103,48,17.502111464738846
base,bit_manipulation,6,86,90,26.46200282871723
base,bit_manipulation,6,101,27,8.44245494902134
base,bit_manipulation,6,104,36,19.994931608438492
base,bit_manipulation,6,21,484,275.91425734758377
base,bit_manipulation,6,22,83,33.4692318290472
base,bit_manipulation,6,80,90,42.83441913127899
base,bit_manipulation,6,53,24,13.586364209651947
base,bit_manipulation,6,125,37,15.636729031801224
base,bit_manipulation,6,9,17,6.567208498716354
base,bit_manipulation,6,111,286,111.2019921541214
base,bit_manipulation,6,59,31,11.830222874879837
base,bit_manipulation,6,36,18,5.343623504042625
base,bit_manipulation,6,24,25,8.198518306016922
base,bit_manipulation,6,38,53,19.07034006714821
base,bit_manipulation,6,98,17,6.794645518064499
base,bit_manipulation,6,34,4,1.2805035412311554
base,bit_manipulation,6,44,16,9.625027865171432
base,bit_manipulation,6,26,28,13.381265699863434
base,bit_manipulation,6,39,22,7.8811535239219666
base,bit_manipulation,6,94,64,23.835847184062004
base,bit_manipulation,6,115,8,3.7790562510490417
base,bit_manipulation,6,83,35,11.433108150959015
base,bit_manipulation,6,112,7,2.723228693008423
base,bit_manipulation,6,99,6,2.0376082956790924
base,bit_manipulation,6,100,12,5.08296312391758
base,bit_manipulation,6,11,6,2.5626867711544037
base,bit_manipulation,6,28,4,1.7501510977745056
base,bit_manipulation,6,89,9,3.9279575645923615
base,bit_manipulation,6,90,4,1.393338292837143
base,bit_manipulation,6,1,24,8.610139220952988
base,bit_manipulation,6,109,46,20.299783498048782
base,bit_manipulation,6,15,86,36.75431248545647
base,bit_manipulation,6,40,19,8.7111397087574
base,bit_manipulation,6,66,14,4.820484459400177
base,bit_manipulation,6,121,14,4.859161913394928
base,bit_manipulation,6,127,74,22.195134818553925
base,bit_manipulation,6,42,81,31.054123997688293
base,bit_manipulation,6,97,24,6.494865253567696
base,bit_manipulation,6,32,15,6.710283517837524
base,bit_manipulation,6,63,4,1.166186898946762
base,bit_manipulation,6,49,79,32.45523650944233
base,bit_manipulation,6,120,42,15.946729272603989
base,bit_manipulation,6,48,53,16.458659008145332
base,bit_manipulation,6,68,18,5.277794420719147
base,bit_manipulation,6,113,44,12.911323815584183
base,bit_manipulation,6,4,2,0.5268348157405853
base,bit_manipulation,6,17,2,0.6329898536205292
base,bit_manipulation,6,5,8,2.1474658846855164
base,bit_manipulation,6,69,34,14.33759394288063
base,bit_manipulation,6,0,4,1.646234780550003
base,bit_manipulation,6,74,8,4.490131378173828
base,bit_manipulation,6,117,24,10.557060420513153
base,bit_manipulation,6,87,20,10.012404426932335
base,bit_manipulation,6,91,4,1.6165705621242523
base,bit_manipulation,6,72,4,1.7037266790866852
base,bit_manipulation,6,88,4,2.6088159680366516
base,bit_manipulation,6,51,4,1.1056707203388214
base,bit_manipulation,8,50,26,9.936090558767319
base,bit_manipulation,8,64,23,9.277941882610321
base,bit_manipulation,8,90,242,99.15581366419792
base,bit_manipulation,8,91,13,5.280485212802887
base,bit_manipulation,8,109,101,49.256224900484085
base,bit_manipulation,8,111,18,6.680520921945572
base,bit_manipulation,8,42,21,8.179010838270187
base,bit_manipulation,8,65,8,3.4042357206344604
base,bit_manipulation,8,76,71,29.923747658729553
base,bit_manipulation,8,92,119,48.474530041217804
base,bit_manipulation,8,117,18,6.1413149535655975
base,bit_manipulation,8,118,41,17.008103013038635
base,bit_manipulation,8,9,78,39.75980418920517
base,bit_manipulation,8,60,32,12.003972977399826
base,bit_manipulation,8,66,8,3.20469269156456
base,bit_manipulation,8,72,85,32.86072698235512
base,bit_manipulation,8,88,100,40.747194319963455
base,bit_manipulation,8,100,54,23.248431980609894
base,bit_manipulation,8,11,401,178.35769793391228
base,bit_manipulation,8,24,8,2.2912701815366745
base,bit_manipulation,8,69,158,61.26339256763458
base,bit_manipulation,8,61,199,85.95959505438805
base,bit_manipulation,8,38,128,55.33623290061951
base,bit_manipulation,8,78,11,5.8744790852069855
base,bit_manipulation,8,94,29,11.643117487430573
base,bit_manipulation,8,101,146,64.98639786243439
base,bit_manipulation,8,49,14,4.541643172502518
base,bit_manipulation,8,116,30,13.077074378728867
base,bit_manipulation,8,95,68,26.24641764163971
base,bit_manipulation,8,4,289,129.08907541632652
base,bit_manipulation,8,70,33,12.317061334848404
base,bit_manipulation,8,55,16,5.267813786864281
base,bit_manipulation,8,20,41,15.348987698554993
base,bit_manipulation,8,108,284,118.2860775589943
base,bit_manipulation,8,31,6,2.0714661180973053
base,bit_manipulation,8,93,64,25.578578889369965
base,bit_manipulation,8,119,66,24.574682623147964
base,bit_manipulation,8,1,78,36.21183642745018
base,bit_manipulation,8,59,29,10.714629590511322
base,bit_manipulation,8,99,36,13.329850167036057
base,bit_manipulation,8,75,36,16.040629386901855
base,bit_manipulation,8,2,39,15.812859058380127
base,bit_manipulation,8,28,44,17.58224081993103
base,bit_manipulation,8,127,7,2.6461829245090485
base,bit_manipulation,8,89,104,42.786352425813675
base,bit_manipulation,8,96,7,2.379633069038391
base,bit_manipulation,8,45,8,2.701459437608719
base,bit_manipulation,8,84,39,16.654738873243332
base,bit_manipulation,8,113,92,37.408230632543564
base,bit_manipulation,8,0,56,23.709351420402527
base,bit_manipulation,8,48,30,11.329661458730698
base,bit_manipulation,8,73,12,4.760649681091309
base,bit_manipulation,8,124,8,2.846810072660446
base,bit_manipulation,8,106,39,17.009083807468414
base,bit_manipulation,8,103,4,1.5180402994155884
base,bit_manipulation,8,81,98,37.04309280216694
base,bit_manipulation,8,120,4,1.3414858281612396
base,bit_manipulation,8,77,144,53.44804862141609
base,bit_manipulation,8,97,21,8.076971709728241
base,bit_manipulation,8,80,66,27.30899068713188
base,bit_manipulation,8,19,26,11.262450575828552
base,bit_manipulation,8,63,29,11.178734242916107
base,bit_manipulation,8,121,26,10.031394243240356
base,bit_manipulation,8,18,47,17.730156987905502
base,bit_manipulation,8,56,108,54.43455424904823
base,bit_manipulation,8,41,45,20.207982391119003
base,bit_manipulation,8,104,98,40.934893786907196
base,bit_manipulation,8,123,85,36.56660345196724
base,bit_manipulation,8,46,34,13.284491181373596
base,bit_manipulation,8,6,12,4.403164923191071
base,bit_manipulation,8,67,45,17.721435695886612
base,bit_manipulation,8,53,22,8.74014601111412
base,bit_manipulation,8,29,97,42.08692389726639
base,bit_manipulation,8,30,32,12.817692041397095
base,bit_manipulation,8,43,39,15.552955895662308
base,bit_manipulation,8,83,54,22.3912073969841
base,bit_manipulation,8,15,147,62.90246930718422
base,bit_manipulation,8,51,96,37.19150710105896
base,bit_manipulation,8,110,10,4.3457114696502686
base,bit_manipulation,8,13,8,2.5452257841825485
base,bit_manipulation,8,86,66,25.80588921904564
base,bit_manipulation,8,17,58,22.96183642745018
base,bit_manipulation,8,23,6,2.250966101884842
base,bit_manipulation,8,40,35,14.207270115613937
base,bit_manipulation,8,115,18,6.788643509149551
base,bit_manipulation,8,33,68,26.306452855467796
base,bit_manipulation,8,26,40,16.29682132601738
base,bit_manipulation,8,44,50,21.387793362140656
base,bit_manipulation,8,34,16,6.650119453668594
base,bit_manipulation,8,87,7,2.8464079797267914
base,bit_manipulation,8,74,14,5.662108480930328
base,bit_manipulation,8,125,24,9.135342717170715
base,bit_manipulation,8,14,2,0.9496406018733978
base,bit_manipulation,8,32,8,2.931209683418274
base,bit_manipulation,8,71,7,2.9959771037101746
base,bit_manipulation,8,10,21,10.11744299530983
base,bit_manipulation,8,35,11,4.24438002705574
base,bit_manipulation,8,8,3,0.9794995784759521
base,bit_manipulation,8,47,14,5.697190672159195
base,bit_manipulation,8,114,31,11.919379830360413
base,bit_manipulation,8,36,43,18.941086679697037
base,bit_manipulation,8,105,27,11.613030016422272
base,bit_manipulation,8,21,15,6.58177849650383
base,bit_manipulation,10,2,29,9.869649022817612
base,bit_manipulation,10,21,6,2.499902456998825
base,bit_manipulation,10,40,43,15.786204069852829
base,bit_manipulation,10,93,4,2.2756876945495605
base,bit_manipulation,10,125,37,14.582708358764648
base,bit_manipulation,10,32,42,13.842880487442017
base,bit_manipulation,10,47,52,23.186447873711586
base,bit_manipulation,10,97,21,8.648373365402222
base,bit_manipulation,10,99,51,24.9377518594265
base,bit_manipulation,10,113,35,12.991264551877975
base,bit_manipulation,10,120,21,7.549779951572418
base,bit_manipulation,10,60,74,33.901577323675156
base,bit_manipulation,10,65,24,9.479408591985703
base,bit_manipulation,10,70,20,7.196568936109543
base,bit_manipulation,10,80,8,2.6920780539512634
base,bit_manipulation,10,43,10,4.2996083199977875
base,bit_manipulation,10,52,17,5.481966733932495
base,bit_manipulation,10,94,13,3.8523483872413635
base,bit_manipulation,10,58,22,6.907996192574501
base,bit_manipulation,10,27,28,10.25595423579216
base,bit_manipulation,10,41,10,3.394184857606888
base,bit_manipulation,10,78,47,15.54992787539959
base,bit_manipulation,10,62,12,3.7760009765625
base,bit_manipulation,10,46,124,50.78154453635216
base,bit_manipulation,10,77,16,6.2688442170619965
base,bit_manipulation,10,0,4,1.2697483599185944
base,bit_manipulation,10,19,329,142.87464195489883
base,bit_manipulation,10,81,9,2.686590313911438
base,bit_manipulation,10,6,473,205.41753220558167
base,bit_manipulation,10,48,569,242.71224783360958
base,bit_manipulation,10,63,278,106.30789172649384
base,bit_manipulation,10,79,33,12.599823534488678
base,bit_manipulation,10,7,307,129.0581496655941
base,bit_manipulation,10,76,70,37.06277668476105
base,bit_manipulation,10,1,15,4.61262708902359
base,bit_manipulation,10,59,20,6.920630544424057
base,bit_manipulation,10,87,174,67.18279665708542
base,bit_manipulation,10,110,51,18.771413311362267
base,bit_manipulation,10,38,40,15.618935465812683
base,bit_manipulation,10,91,7,1.8813287913799286
base,bit_manipulation,10,15,15,4.976577520370483
base,bit_manipulation,10,28,47,17.045349687337875
base,bit_manipulation,10,39,490,266.1552546918392
base,bit_manipulation,10,71,63,22.74306756258011
base,bit_manipulation,10,105,36,13.15676560997963
base,bit_manipulation,10,103,7,2.1700656712055206
base,bit_manipulation,10,23,9,3.065010726451874
base,bit_manipulation,10,123,280,107.26907709240913
base,bit_manipulation,10,92,29,10.296509951353073
base,bit_manipulation,10,96,16,6.101881891489029
base,bit_manipulation,10,75,12,4.756769388914108
base,bit_manipulation,10,98,39,16.220333620905876
base,bit_manipulation,10,82,35,15.331062376499176
base,bit_manipulation,10,117,14,5.060402661561966
base,bit_manipulation,10,85,14,4.593808472156525
base,bit_manipulation,10,100,41,14.197719931602478
base,bit_manipulation,10,44,12,4.29288175702095
base,bit_manipulation,10,17,10,2.73328498005867
base,bit_manipulation,10,13,11,4.424549043178558
base,bit_manipulation,10,86,119,48.18018597364426
base,bit_manipulation,10,95,45,15.514689058065414
base,bit_manipulation,10,50,4,1.3337759673595428
base,bit_manipulation,10,124,35,12.380592375993729
base,bit_manipulation,10,68,51,21.66498464345932
base,bit_manipulation,10,56,18,6.4720558822155
base,bit_manipulation,10,30,11,4.405760437250137
base,bit_manipulation,10,53,120,44.11549809575081
base,bit_manipulation,10,108,19,7.082518696784973
base,bit_manipulation,10,116,12,4.579962968826294
base,bit_manipulation,10,37,257,125.24827173352242
base,bit_manipulation,10,64,23,8.614149928092957
base,bit_manipulation,10,20,12,3.653512418270111
base,bit_manipulation,10,34,5,1.50889053940773
base,bit_manipulation,10,12,22,7.525767475366592
base,bit_manipulation,10,127,57,26.62590405344963
base,bit_manipulation,10,111,168,75.26615169644356
base,bit_manipulation,10,106,78,28.075229942798615
base,bit_manipulation,10,88,34,12.16394054889679
base,bit_manipulation,10,45,82,27.28910145163536
base,bit_manipulation,10,49,26,8.46543237566948
base,bit_manipulation,10,22,33,11.283955991268158
base,bit_manipulation,10,102,13,4.485883414745331
base,bit_manipulation,10,11,2,0.7609298229217529
base,bit_manipulation,10,83,4,1.3344147503376007
base,bit_manipulation,10,89,12,4.518647134304047
base,bit_manipulation,10,84,33,11.832871824502945
base,bit_manipulation,10,31,3,1.1310003101825714
base,bit_manipulation,10,51,1,0.3974768817424774
base,bit_manipulation,10,4,21,8.741328805685043
base,bit_manipulation,10,35,5,2.0799158811569214
base,bit_manipulation,10,16,29,11.349302619695663
base,bit_manipulation,10,115,5,1.4852550327777863
base,bit_manipulation,10,114,10,5.123812735080719
base,bit_manipulation,10,42,4,1.4285425543785095
base,bit_manipulation,10,25,4,1.4985529780387878
base,bit_manipulation,13,23,11,2.0395306469872594
base,bit_manipulation,13,45,16,20.922115981578827
base,bit_manipulation,13,85,105,32.208226814400405
base,bit_manipulation,13,96,5,0.31167650735005736
base,bit_manipulation,13,119,32,11.5821504117921
base,bit_manipulation,13,11,332,142.98158073844388
base,bit_manipulation,13,19,113,48.85193330049515
base,bit_manipulation,13,40,20,7.398363873362541
base,bit_manipulation,13,46,48,19.397453904151917
base,bit_manipulation,13,48,305,134.22306057810783
base,bit_manipulation,13,94,7,2.306039869785309
base,bit_manipulation,13,22,24,10.576875448226929
base,bit_manipulation,13,3,54,19.326960772275925
base,bit_manipulation,13,25,36,12.400416895747185
base,bit_manipulation,13,122,12,3.485969051718712
base,bit_manipulation,13,59,10,3.294337511062622
base,bit_manipulation,13,71,33,11.78000208735466
base,bit_manipulation,13,77,56,21.38352321088314
base,bit_manipulation,13,99,16,6.058660477399826
base,bit_manipulation,13,55,20,6.350569874048233
base,bit_manipulation,13,101,40,13.349712997674942
base,bit_manipulation,13,34,134,50.028565526008606
base,bit_manipulation,13,56,233,92.43866281211376
base,bit_manipulation,13,26,32,10.13204625248909
base,bit_manipulation,13,44,41,15.094962626695633
base,bit_manipulation,13,4,831,477.0783920288086
base,bit_manipulation,13,97,8,2.3706423342227936
base,bit_manipulation,13,100,211,72.63500697910786
base,bit_manipulation,13,33,122,52.75823134183884
base,bit_manipulation,13,6,51,16.842970356345177
base,bit_manipulation,13,74,98,39.47060137987137
base,bit_manipulation,13,30,38,15.772957354784012
base,bit_manipulation,13,35,265,95.75094231963158
base,bit_manipulation,13,13,220,87.12913428246975
base,bit_manipulation,13,112,27,10.263696372509003
base,bit_manipulation,13,14,21,7.528384327888489
base,bit_manipulation,13,58,4,2.06236469745636
base,bit_manipulation,13,12,61,20.80381926894188
base,bit_manipulation,13,95,36,11.835906833410263
base,bit_manipulation,13,102,42,12.986679643392563
base,bit_manipulation,13,124,33,13.46638871729374
base,bit_manipulation,13,16,21,6.747678518295288
base,bit_manipulation,13,0,45,16.93435510993004
base,bit_manipulation,13,66,94,47.09098048508167
base,bit_manipulation,13,92,34,11.69497275352478
base,bit_manipulation,13,127,44,15.644733250141144
base,bit_manipulation,13,106,27,9.35649861395359
base,bit_manipulation,13,62,66,29.986530274152756
base,bit_manipulation,13,103,15,6.097876876592636
base,bit_manipulation,13,120,7,2.956576883792877
base,bit_manipulation,13,32,44,16.2352634370327
base,bit_manipulation,13,115,20,7.0345510840415955
base,bit_manipulation,13,41,82,28.406159356236458
base,bit_manipulation,13,51,30,12.271174550056458
base,bit_manipulation,13,24,52,26.674617737531662
base,bit_manipulation,13,93,6,1.9320548474788666
base,bit_manipulation,13,67,4,1.6403698325157166
base,bit_manipulation,13,88,24,8.291922301054
base,bit_manipulation,13,36,26,8.247179865837097
base,bit_manipulation,13,37,15,5.3313673585653305
base,bit_manipulation,13,8,150,51.117693200707436
base,bit_manipulation,13,73,14,4.687546968460083
base,bit_manipulation,13,65,38,14.530957341194153
base,bit_manipulation,13,104,162,69.42149414122105
base,bit_manipulation,13,89,41,14.128850191831589
base,bit_manipulation,13,82,28,10.285502940416336
base,bit_manipulation,13,118,273,107.2420621663332
base,bit_manipulation,13,87,253,107.76102802157402
base,bit_manipulation,13,63,10,3.2584200501441956
base,bit_manipulation,13,75,1,0.3020598590373993
base,bit_manipulation,13,109,40,14.311364188790321
base,bit_manipulation,13,15,10,3.5871138274669647
base,bit_manipulation,13,113,44,14.56742337346077
base,bit_manipulation,13,81,15,5.088764995336533
base,bit_manipulation,13,114,21,6.814177483320236
base,bit_manipulation,13,64,23,8.062831819057465
base,bit_manipulation,13,76,21,10.2230943441391
base,bit_manipulation,13,68,6,1.9395461976528168
base,bit_manipulation,13,21,6,1.7479639649391174
base,bit_manipulation,13,39,9,3.1649399995803833
base,bit_manipulation,13,29,3,0.5523531138896942
base,bit_manipulation,13,43,1,0.3492974638938904
base,bit_manipulation,13,61,14,5.018410921096802
base,bit_manipulation,13,5,6,1.7411184310913086
base,bit_manipulation,13,27,1,0.3638307750225067
base,bit_manipulation,13,116,3,1.0391247868537903
base,bit_manipulation,13,80,6,2.046576976776123
base,bit_manipulation,13,79,2,0.5949118137359619
base,bit_manipulation,13,38,13,4.346742272377014
base,bit_manipulation,13,72,3,0.9416832625865936
base,bit_manipulation,15,0,14,11.019920229911804
base,bit_manipulation,15,24,22,11.31767725944519
base,bit_manipulation,15,30,108,45.38850656776049
base,bit_manipulation,15,46,215,93.4190681699547
base,bit_manipulation,15,47,16,3.8118144155523623
base,bit_manipulation,15,126,61,18.923717400059104
base,bit_manipulation,15,33,190,75.58682702481747
base,bit_manipulation,15,63,297,150.1527624577284
base,bit_manipulation,15,82,223,106.9059948027134
base,bit_manipulation,15,107,40,14.853514671325684
base,bit_manipulation,15,121,96,33.52092778682709
base,bit_manipulation,15,13,30,11.07440635561943
base,bit_manipulation,15,16,9,2.335115998983383
base,bit_manipulation,15,41,34,10.929308921098709
base,bit_manipulation,15,26,283,107.46084824204445
base,bit_manipulation,15,89,392,185.76041889190674
base,bit_manipulation,15,95,255,107.9586292207241
base,bit_manipulation,15,57,38,16.557467252016068
base,bit_manipulation,15,71,168,78.73883354663849
base,bit_manipulation,15,15,80,43.13963198661804
base,bit_manipulation,15,127,65,23.842498242855072
base,bit_manipulation,15,86,79,26.524497136473656
base,bit_manipulation,15,125,131,43.53261248767376
base,bit_manipulation,15,31,73,26.822457626461983
base,bit_manipulation,15,102,235,85.8292224407196
base,bit_manipulation,15,11,11,4.7374337911605835
base,bit_manipulation,15,79,11,4.216083645820618
base,bit_manipulation,15,106,11,3.3042890578508377
base,bit_manipulation,15,20,50,18.990074545145035
base,bit_manipulation,15,62,22,8.566275089979172
base,bit_manipulation,15,28,20,6.783491343259811
base,bit_manipulation,15,52,9,3.7230008244514465
base,bit_manipulation,15,108,60,23.473129704594612
base,bit_manipulation,15,74,178,91.06714344024658
base,bit_manipulation,15,51,6,2.245677262544632
base,bit_manipulation,15,85,20,7.46359196305275
base,bit_manipulation,15,84,69,24.55448889732361
base,bit_manipulation,15,1,46,18.35284325480461
base,bit_manipulation,15,66,22,8.348040848970413
base,bit_manipulation,15,61,39,13.486545979976654
base,bit_manipulation,15,21,28,8.931271716952324
base,bit_manipulation,15,124,45,16.283749669790268
base,bit_manipulation,15,88,112,47.313384383916855
base,bit_manipulation,15,109,80,29.675661027431488
base,bit_manipulation,15,17,26,9.40441381931305
base,bit_manipulation,15,104,11,4.99918669462204
base,bit_manipulation,15,8,15,7.109047114849091
base,bit_manipulation,15,40,12,6.291832774877548
base,bit_manipulation,15,112,32,11.143326103687286
base,bit_manipulation,15,90,7,2.214012861251831
base,bit_manipulation,15,75,17,5.697795867919922
base,bit_manipulation,15,55,25,10.187462359666824
base,bit_manipulation,15,78,1,0.34757736325263977
base,bit_manipulation,15,64,169,75.81606358289719
base,bit_manipulation,15,25,7,2.2027236819267273
base,bit_manipulation,15,48,10,3.4731756448745728
base,bit_manipulation,15,49,27,9.131566628813744
base,bit_manipulation,15,12,21,8.171506315469742
base,bit_manipulation,15,37,10,3.7817612886428833
base,bit_manipulation,15,29,7,2.7391373217105865
base,bit_manipulation,15,103,26,9.59512773156166
base,bit_manipulation,15,113,437,216.14137503504753
base,bit_manipulation,15,43,4,1.3137223422527313
base,bit_manipulation,15,4,14,5.017427951097488
base,bit_manipulation,15,69,9,3.0047093629837036
base,bit_manipulation,15,97,64,22.14553840458393
base,bit_manipulation,15,91,26,10.189012259244919
base,bit_manipulation,15,3,116,42.694984436035156
base,bit_manipulation,15,67,17,6.9714195728302
base,bit_manipulation,15,9,66,26.67325821518898
base,bit_manipulation,15,6,12,4.250906527042389
base,bit_manipulation,15,105,30,14.704373121261597
base,bit_manipulation,15,80,10,2.9524684995412827
base,bit_manipulation,15,38,10,3.862328290939331
base,bit_manipulation,15,58,42,15.56460189819336
base,bit_manipulation,15,7,6,2.053487330675125
base,bit_manipulation,15,14,53,19.006569147109985
base,bit_manipulation,15,65,3,1.0342480838298798
base,bit_manipulation,15,60,26,9.086523532867432
base,bit_manipulation,15,32,56,19.133742570877075
base,bit_manipulation,15,98,18,6.386657893657684
base,bit_manipulation,15,10,8,2.850143641233444
base,bit_manipulation,15,83,5,1.6622238755226135
base,bit_manipulation,15,123,6,2.0841981768608093
base,bit_manipulation,15,77,1,0.28475892543792725
base,bit_manipulation,15,5,26,9.928578674793243
base,bit_manipulation,15,110,6,2.002568155527115
base,bit_manipulation,15,44,3,1.1728942096233368
base,bit_manipulation,15,111,17,6.428829193115234
base,bit_manipulation,15,101,9,3.375856101512909
base,bit_manipulation,15,73,8,2.6077813506126404
base,bit_manipulation,15,39,65,23.445300728082657
base,bit_manipulation,15,92,10,3.3343921303749084
base,bit_manipulation,15,19,4,1.5230948626995087
base,bit_manipulation,15,96,18,6.524707853794098
base,bit_manipulation,15,120,2,0.6640408039093018
base,bit_manipulation,15,54,3,1.0716740489006042
base,bit_manipulation,15,23,4,1.5195272564888
base,bit_manipulation,15,53,5,1.5706985592842102
base,bit_manipulation,15,100,34,12.101474583148956
base,bit_manipulation,15,122,4,1.370222419500351
base,bit_manipulation,15,2,9,3.008312702178955
base,bit_manipulation,15,93,4,1.0203035175800323
base,bit_manipulation,15,18,7,2.1183912307024
base,bit_manipulation,17,12,111,41.2309035025537
base,bit_manipulation,17,30,138,40.64581121457741
base,bit_manipulation,17,59,343,161.75976926088333
base,bit_manipulation,17,66,52,14.406876860186458
base,bit_manipulation,17,127,11,13.837562292814255
base,bit_manipulation,17,80,85,41.23112772474997
base,bit_manipulation,17,21,38,13.495605379343033
base,bit_manipulation,17,28,47,20.637354344129562
base,bit_manipulation,17,72,63,20.528407230973244
base,bit_manipulation,17,125,25,14.350580364465714
base,bit_manipulation,17,34,49,15.689530313014984
base,bit_manipulation,17,7,8,4.050974667072296
base,bit_manipulation,17,19,93,57.84851008653641
base,bit_manipulation,17,36,100,36.79891875386238
base,bit_manipulation,17,26,168,49.21856139600277
base,bit_manipulation,17,98,81,23.56510739028454
base,bit_manipulation,17,6,34,9.318844825029373
base,bit_manipulation,17,111,26,7.530016630887985
base,bit_manipulation,17,118,63,20.1655370593071
base,bit_manipulation,17,16,12,6.500572234392166
base,bit_manipulation,17,47,157,76.72581472992897
base,bit_manipulation,17,4,103,57.9250912964344
base,bit_manipulation,17,89,20,8.251797825098038
base,bit_manipulation,17,51,137,36.40775427222252
base,bit_manipulation,17,22,81,23.639775589108467
base,bit_manipulation,17,33,49,23.348677426576614
base,bit_manipulation,17,77,95,30.388810843229294
base,bit_manipulation,17,92,4,2.0949336290359497
base,bit_manipulation,17,116,194,79.4730574786663
base,bit_manipulation,17,24,29,9.438925385475159
base,bit_manipulation,17,119,63,19.381490394473076
base,bit_manipulation,17,0,8,4.047066628932953
base,bit_manipulation,17,96,7,2.9037442803382874
base,bit_manipulation,17,85,8,3.808455675840378
base,bit_manipulation,17,120,25,12.837353825569153
base,bit_manipulation,17,3,12,6.077553808689117
base,bit_manipulation,17,52,72,22.05330339074135
base,bit_manipulation,17,74,160,60.67638695240021
base,bit_manipulation,17,11,34,10.668251097202301
base,bit_manipulation,17,32,96,29.459264308214188
base,bit_manipulation,17,57,70,24.852122873067856
base,bit_manipulation,17,60,15,5.799292683601379
base,bit_manipulation,17,108,22,7.514731362462044
base,bit_manipulation,17,87,54,19.670333117246628
base,bit_manipulation,17,54,24,12.133419424295425
base,bit_manipulation,17,5,8,4.41355836391449
base,bit_manipulation,17,39,29,13.514379858970642
base,bit_manipulation,17,37,50,24.994222283363342
base,bit_manipulation,17,107,17,3.7772205770015717
base,bit_manipulation,17,20,8,3.3177753388881683
base,bit_manipulation,17,53,13,4.567852050065994
base,bit_manipulation,17,65,11,4.002516508102417
base,bit_manipulation,17,8,31,9.102137327194214
base,bit_manipulation,17,112,62,15.833723977208138
base,bit_manipulation,17,86,67,38.20296332240105
base,bit_manipulation,17,94,4,1.829839289188385
base,bit_manipulation,17,115,77,40.07063561677933
base,bit_manipulation,17,123,7,3.485586255788803
base,bit_manipulation,17,23,8,3.128759056329727
base,bit_manipulation,17,109,450,235.902987241745
base,bit_manipulation,17,113,8,3.9766290187835693
base,bit_manipulation,17,114,5,2.0092310905456543
base,bit_manipulation,17,97,4,1.5314809679985046
base,bit_manipulation,17,56,99,27.285665556788445
base,bit_manipulation,17,73,50,24.953141748905182
base,bit_manipulation,17,99,8,3.3115671277046204
base,bit_manipulation,17,68,10,4.166975915431976
base,bit_manipulation,17,88,8,3.0079452097415924
base,bit_manipulation,17,13,8,3.1575213968753815
base,bit_manipulation,17,126,8,3.6710155606269836
base,bit_manipulation,17,83,66,17.412026718258858
base,bit_manipulation,17,102,440,250.62919062376022
base,bit_manipulation,17,35,192,90.41703760623932
base,bit_manipulation,17,58,21,10.295056998729706
base,bit_manipulation,17,70,4,1.6826140880584717
base,bit_manipulation,17,62,349,135.42169579863548
base,bit_manipulation,17,50,9,2.36725115776062
base,bit_manipulation,17,42,10,5.238826960325241
base,bit_manipulation,17,122,21,8.514568865299225
base,bit_manipulation,17,64,16,5.111346632242203
base,bit_manipulation,17,124,5,1.284731775522232
base,bit_manipulation,17,27,204,89.72198803722858
base,bit_manipulation,17,110,21,5.768493488430977
base,bit_manipulation,17,9,31,8.986913189291954
base,bit_manipulation,17,38,15,4.234021872282028
base,bit_manipulation,17,44,16,4.63922692835331
base,bit_manipulation,17,45,14,3.567572295665741
base,bit_manipulation,17,90,22,6.257633879780769
base,bit_manipulation,17,121,21,6.042702361941338
base,bit_manipulation,17,14,7,1.8701147884130478
base,bit_manipulation,17,17,10,2.5619704723358154
base,bit_manipulation,17,104,1,0.3021053075790405
base,bit_manipulation,17,15,10,2.749221593141556
base,bit_manipulation,17,93,12,5.395805150270462
base,bit_manipulation,17,40,15,7.43848991394043
base,bit_manipulation,17,81,1,0.3658905327320099
base,bit_manipulation,17,106,5,1.3665589690208435
base,bit_manipulation,17,49,4,0.9134574979543686
base,bit_manipulation,17,18,12,5.143693685531616
base,bit_manipulation,17,75,5,1.27298241853714
base,bit_manipulation,17,78,8,4.777970135211945
base,bit_manipulation,17,84,4,1.3854379057884216
base,bit_manipulation,17,101,7,1.9504286348819733
base,bit_manipulation,20,18,19,5.542235380038619
base,bit_manipulation,20,39,9,10.800254881381989
base,bit_manipulation,20,71,101,43.10923297004774
base,bit_manipulation,20,77,23,9.782359797507524
base,bit_manipulation,20,79,66,24.1182771474123
base,bit_manipulation,20,64,16,4.644585791742429
base,bit_manipulation,20,16,235,94.61435335874557
base,bit_manipulation,20,54,23,11.736203223466873
base,bit_manipulation,20,108,24,7.7429578602313995
base,bit_manipulation,20,3,42,17.3659048974514
base,bit_manipulation,20,28,111,43.04599387943745
base,bit_manipulation,20,85,274,113.91269525885582
base,bit_manipulation,20,84,10,2.4751896113157272
base,bit_manipulation,20,53,51,26.8245667219162
base,bit_manipulation,20,76,119,46.32015769183636
base,bit_manipulation,20,103,4,1.3057788014411926
base,bit_manipulation,20,41,4,1.4098085463047028
base,bit_manipulation,20,51,19,6.019251137971878
base,bit_manipulation,20,78,121,39.24455614387989
base,bit_manipulation,20,10,19,6.738886892795563
base,bit_manipulation,20,68,74,30.703863114118576
base,bit_manipulation,20,70,169,60.98917491734028
base,bit_manipulation,20,91,153,57.304725140333176
base,bit_manipulation,20,117,63,25.66811801493168
base,bit_manipulation,20,42,121,41.6636900305748
base,bit_manipulation,20,82,159,65.66139018535614
base,bit_manipulation,20,62,38,12.869834944605827
base,bit_manipulation,20,52,430,229.60034862160683
base,bit_manipulation,20,61,15,5.133340045809746
base,bit_manipulation,20,27,40,15.90806445479393
base,bit_manipulation,20,90,19,9.158488303422928
base,bit_manipulation,20,112,41,16.513974577188492
base,bit_manipulation,20,101,69,29.526775032281876
base,bit_manipulation,20,107,17,4.945106789469719
base,bit_manipulation,20,96,44,16.41394743323326
base,bit_manipulation,20,56,116,52.92992651462555
base,bit_manipulation,20,45,60,20.852897316217422
base,bit_manipulation,20,114,29,9.035984426736832
base,bit_manipulation,20,86,37,13.20832884311676
base,bit_manipulation,20,37,47,23.850085467100143
base,bit_manipulation,20,126,34,11.137320011854172
base,bit_manipulation,20,115,142,56.52945749461651
base,bit_manipulation,20,12,114,49.76135218143463
base,bit_manipulation,20,89,16,5.131758466362953
base,bit_manipulation,20,80,12,4.417881518602371
base,bit_manipulation,20,110,4,1.328549474477768
base,bit_manipulation,20,65,25,9.456137865781784
base,bit_manipulation,20,38,11,4.035929799079895
base,bit_manipulation,20,29,54,18.155940666794777
base,bit_manipulation,20,88,19,6.6705668568611145
base,bit_manipulation,20,33,3,0.9987265765666962
base,bit_manipulation,20,74,15,7.8099996745586395
base,bit_manipulation,20,125,39,13.879230588674545
base,bit_manipulation,20,23,506,241.99386942386627
base,bit_manipulation,20,118,8,3.393409341573715
base,bit_manipulation,20,21,13,4.054106831550598
base,bit_manipulation,20,7,6,2.4775458574295044
base,bit_manipulation,20,109,3,1.0233112573623657
base,bit_manipulation,20,47,24,8.320843517780304
base,bit_manipulation,20,116,339,180.4041771888733
base,bit_manipulation,20,17,52,18.980429738759995
base,bit_manipulation,20,50,242,85.34575414657593
base,bit_manipulation,20,105,175,97.38149213790894
base,bit_manipulation,20,113,97,39.837470814585686
base,bit_manipulation,20,31,16,6.565265744924545
base,bit_manipulation,20,104,14,4.737629815936089
base,bit_manipulation,20,122,6,2.5113897919654846
base,bit_manipulation,20,30,83,29.49077206850052
base,bit_manipulation,20,75,90,28.27966620028019
base,bit_manipulation,20,98,14,4.939014554023743
base,bit_manipulation,20,121,23,8.01485961675644
base,bit_manipulation,20,66,13,4.420751988887787
base,bit_manipulation,20,81,89,29.803669273853302
base,bit_manipulation,20,8,32,10.585282862186432
base,bit_manipulation,20,123,27,8.26344744861126
base,bit_manipulation,20,60,9,2.9001565873622894
base,bit_manipulation,20,34,17,5.7125563621521
base,bit_manipulation,20,95,31,10.63416574895382
base,bit_manipulation,20,9,34,11.195012643933296
base,bit_manipulation,20,58,39,14.289965510368347
base,bit_manipulation,20,14,9,3.9378726184368134
base,bit_manipulation,20,0,11,3.3629245460033417
base,bit_manipulation,20,1,15,4.663492903113365
base,bit_manipulation,20,102,6,1.9103327095508575
base,bit_manipulation,20,63,25,8.009479016065598
base,bit_manipulation,20,13,15,4.91565477848053
base,bit_manipulation,20,43,10,2.9169807732105255
base,bit_manipulation,20,87,1,0.3372635841369629
base,bit_manipulation,20,120,6,1.80560964345932
base,bit_manipulation,20,92,24,8.87217965722084
base,bit_manipulation,20,11,9,3.083999991416931
base,bit_manipulation,20,99,4,1.426990270614624
base,bit_manipulation,20,32,8,3.2680898308753967
base,bit_manipulation,20,119,2,0.6143248081207275
base,bit_manipulation,20,19,6,2.0645346641540527
base,bit_manipulation,20,97,3,0.6910494565963745
base,bit_manipulation,20,15,4,0.6735971122980118
base,bit_manipulation,20,2,6,1.9634437561035156
base,bit_manipulation,20,111,15,8.223172575235367
base,bit_manipulation,20,69,4,1.5329192280769348
base,bit_manipulation,22,2,29,6.648689977824688
base,bit_manipulation,22,45,63,25.42113457247615
base,bit_manipulation,22,87,19,9.365557506680489
base,bit_manipulation,22,100,7,6.821930885314941
base,bit_manipulation,22,114,11,2.2131786830723286
base,bit_manipulation,22,76,39,11.593166392296553
base,bit_manipulation,22,3,47,15.500750854611397
base,bit_manipulation,22,23,55,21.544251829385757
base,bit_manipulation,22,31,8,2.7556115686893463
base,bit_manipulation,22,39,134,41.742043390870094
base,bit_manipulation,22,63,45,15.551277831196785
base,bit_manipulation,22,49,216,89.35855780541897
base,bit_manipulation,22,24,52,23.175460755825043
base,bit_manipulation,22,42,38,15.80888569355011
base,bit_manipulation,22,70,21,14.17166382074356
base,bit_manipulation,22,126,23,8.246246635913849
base,bit_manipulation,22,82,44,15.149152874946594
base,bit_manipulation,22,109,82,28.93226493895054
base,bit_manipulation,22,102,14,4.196418270468712
base,bit_manipulation,22,61,38,12.00620748102665
base,bit_manipulation,22,54,85,27.9633007645607
base,bit_manipulation,22,99,13,6.448443040251732
base,bit_manipulation,22,18,28,9.555744469165802
base,bit_manipulation,22,4,38,13.229245066642761
base,bit_manipulation,22,122,61,21.041039496660233
base,bit_manipulation,22,25,31,10.758940905332565
base,bit_manipulation,22,106,24,9.73305606842041
base,bit_manipulation,22,117,89,35.90385517477989
base,bit_manipulation,22,7,64,22.424525558948517
base,bit_manipulation,22,67,37,15.039818972349167
base,bit_manipulation,22,97,16,6.261915802955627
base,bit_manipulation,22,98,18,7.1275157034397125
base,bit_manipulation,22,10,40,11.204593151807785
base,bit_manipulation,22,90,20,7.3737897127866745
base,bit_manipulation,22,96,49,17.57267265021801
base,bit_manipulation,22,33,8,3.178568333387375
base,bit_manipulation,22,20,152,56.873324662446976
base,bit_manipulation,22,56,24,9.69711984694004
base,bit_manipulation,22,94,461,246.058716237545
base,bit_manipulation,22,95,30,10.459908068180084
base,bit_manipulation,22,101,33,10.174763277173042
base,bit_manipulation,22,89,13,4.496277838945389
base,bit_manipulation,22,112,28,7.641365677118301
base,bit_manipulation,22,16,141,61.401137337088585
base,bit_manipulation,22,22,27,8.899876549839973
base,bit_manipulation,22,52,62,25.69608063995838
base,bit_manipulation,22,91,27,9.472044289112091
base,bit_manipulation,22,60,22,10.00576102733612
base,bit_manipulation,22,81,16,6.380041137337685
base,bit_manipulation,22,53,15,4.386153966188431
base,bit_manipulation,22,68,22,8.349646270275116
base,bit_manipulation,22,69,27,10.550332009792328
base,bit_manipulation,22,79,27,11.285336405038834
base,bit_manipulation,22,124,11,4.656196936964989
base,bit_manipulation,22,40,28,13.398574233055115
base,bit_manipulation,22,50,177,65.76056949794292
base,bit_manipulation,22,80,7,2.2252914905548096
base,bit_manipulation,22,125,46,13.196186900138855
base,bit_manipulation,22,127,16,5.10781392455101
base,bit_manipulation,22,36,48,18.21393111348152
base,bit_manipulation,22,66,22,6.85118867456913
base,bit_manipulation,22,93,68,24.619241133332253
base,bit_manipulation,22,72,160,84.57694889605045
base,bit_manipulation,22,9,431,190.8634059727192
base,bit_manipulation,22,55,571,367.74799141287804
base,bit_manipulation,22,110,32,12.58368444442749
base,bit_manipulation,22,8,35,16.767884105443954
base,bit_manipulation,22,48,12,4.133309781551361
base,bit_manipulation,22,74,11,4.396209955215454
base,bit_manipulation,22,123,17,4.625938147306442
base,bit_manipulation,22,75,6,2.0463954359292984
base,bit_manipulation,22,13,23,7.085082516074181
base,bit_manipulation,22,64,73,31.094261944293976
base,bit_manipulation,22,103,26,12.72132533788681
base,bit_manipulation,22,43,100,36.270747885107994
base,bit_manipulation,22,92,37,10.918173611164093
base,bit_manipulation,22,86,12,2.987545922398567
base,bit_manipulation,22,105,5,1.6657026708126068
base,bit_manipulation,22,38,22,14.440452203154564
base,bit_manipulation,22,62,5,1.7287683635950089
base,bit_manipulation,22,6,23,6.576378732919693
base,bit_manipulation,22,17,141,51.81268262863159
base,bit_manipulation,22,118,35,9.41110073029995
base,bit_manipulation,22,32,56,20.417266383767128
base,bit_manipulation,22,5,33,11.077244520187378
base,bit_manipulation,22,0,3,0.784565731883049
base,bit_manipulation,22,88,56,15.129631578922272
base,bit_manipulation,22,113,64,18.13093626499176
base,bit_manipulation,22,47,27,6.940195873379707
base,bit_manipulation,22,11,65,19.38674633204937
base,bit_manipulation,22,73,43,17.812214195728302
base,bit_manipulation,22,115,31,8.91027207672596
base,bit_manipulation,22,34,58,16.903449207544327
base,bit_manipulation,22,57,26,7.078642442822456
base,bit_manipulation,22,41,56,23.148202255368233
base,bit_manipulation,22,1,20,5.708006516098976
base,bit_manipulation,22,14,13,5.067357689142227
base,bit_manipulation,22,104,46,13.763258039951324
base,bit_manipulation,22,35,8,2.7627881169319153
base,bit_manipulation,22,119,4,0.9971570819616318
base,bit_manipulation,22,12,8,2.1976108253002167
base,bit_manipulation,22,77,13,4.237005263566971
base,bit_manipulation,22,59,9,2.29550264775753
base,bit_manipulation,22,44,4,1.29244065284729
base,bit_manipulation,22,29,18,8.521222174167633
base,bit_manipulation,22,27,3,0.7639214396476746
base,bit_manipulation,22,51,13,5.6588698625564575
base,bit_manipulation,22,37,18,5.132233634591103
base,bit_manipulation,22,111,33,13.211452469229698
base,bit_manipulation,22,107,6,2.2785593569278717
base,bit_manipulation,22,65,5,1.907585471868515
base,bit_manipulation,22,85,12,5.940004855394363
base,bit_manipulation,22,21,6,1.6450565159320831
base,bit_manipulation,22,15,7,1.7666257619857788
base,bit_manipulation,22,120,4,1.0440253168344498
base,bit_manipulation,24,21,10,2.0002023354172707
base,bit_manipulation,24,52,4,0.08374851010739803
base,bit_manipulation,24,101,4,8.99527359008789
base,bit_manipulation,24,116,37,8.946514274924994
base,bit_manipulation,24,122,29,10.185835480690002
base,bit_manipulation,24,114,55,25.755034264177084
base,bit_manipulation,24,11,35,11.567855149507523
base,bit_manipulation,24,30,88,28.194889187812805
base,bit_manipulation,24,78,26,8.268141001462936
base,bit_manipulation,24,87,623,373.5622534453869
base,bit_manipulation,24,123,672,295.30285689234734
base,bit_manipulation,24,49,3,0.9241367876529694
base,bit_manipulation,24,29,431,159.1034645140171
base,bit_manipulation,24,80,34,12.29249131679535
base,bit_manipulation,24,103,85,30.35715664923191
base,bit_manipulation,24,115,23,8.002080738544464
base,bit_manipulation,24,53,8,2.7565747797489166
base,bit_manipulation,24,15,15,4.8703286945819855
base,bit_manipulation,24,54,330,149.86077941954136
base,bit_manipulation,24,109,27,8.509067311882973
base,bit_manipulation,24,19,28,8.3143992125988
base,bit_manipulation,24,56,15,5.293759614229202
base,bit_manipulation,24,77,47,15.916657462716103
base,bit_manipulation,24,13,23,8.561672195792198
base,bit_manipulation,24,92,10,4.8470940589904785
base,bit_manipulation,24,105,5,1.1008582413196564
base,bit_manipulation,24,71,6,1.8670695424079895
base,bit_manipulation,24,20,817,408.547046482563
base,bit_manipulation,24,18,54,19.06814432144165
base,bit_manipulation,24,106,9,2.4967712461948395
base,bit_manipulation,24,37,8,2.6522431075572968
base,bit_manipulation,24,99,79,23.701939165592194
base,bit_manipulation,24,22,17,5.8269907385110855
base,bit_manipulation,24,41,39,14.5841945707798
base,bit_manipulation,24,85,5,1.3727938830852509
base,bit_manipulation,24,47,22,7.779613897204399
base,bit_manipulation,24,90,31,11.440426349639893
base,bit_manipulation,24,0,8,2.076778933405876
base,bit_manipulation,24,89,4,1.2467107474803925
base,bit_manipulation,24,63,107,33.87510830163956
base,bit_manipulation,24,25,53,20.22037860751152
base,bit_manipulation,24,86,34,9.51901975274086
base,bit_manipulation,24,27,11,4.299643516540527
base,bit_manipulation,24,112,154,51.41244304180145
base,bit_manipulation,24,125,18,6.480923920869827
base,bit_manipulation,24,65,9,2.717143952846527
base,bit_manipulation,24,44,8,2.4290642142295837
base,bit_manipulation,24,68,4,1.1471154391765594
base,bit_manipulation,24,61,13,3.859691947698593
base,bit_manipulation,24,59,40,13.263607680797577
base,bit_manipulation,24,84,9,2.7853864580392838
base,bit_manipulation,24,9,42,11.975892826914787
base,bit_manipulation,24,45,8,2.2692497968673706
base,bit_manipulation,24,14,8,2.540803074836731
base,bit_manipulation,24,26,6,1.8844922482967377
base,bit_manipulation,24,110,7,3.071057677268982
base,bit_manipulation,24,83,4,1.4268993437290192
base,bit_manipulation,24,91,16,5.945674479007721
base,bit_manipulation,24,96,22,6.309379041194916
base,bit_manipulation,24,104,49,14.609612256288528
base,bit_manipulation,24,93,38,13.99359706044197
base,bit_manipulation,24,31,88,28.556573376059532
base,bit_manipulation,24,70,37,13.278417468070984
base,bit_manipulation,24,81,80,23.274907365441322
base,bit_manipulation,24,35,143,59.780755043029785
base,bit_manipulation,24,32,7,2.1733077466487885
base,bit_manipulation,24,24,103,35.73668448626995
base,bit_manipulation,24,102,25,7.654880106449127
base,bit_manipulation,24,60,88,26.70863914489746
base,bit_manipulation,24,48,24,7.098340153694153
base,bit_manipulation,24,67,26,8.586227744817734
base,bit_manipulation,24,107,57,17.610106647014618
base,bit_manipulation,24,58,9,2.731401562690735
base,bit_manipulation,24,126,18,7.638688340783119
base,bit_manipulation,24,4,238,95.09978947043419
base,bit_manipulation,24,72,26,7.651708960533142
base,bit_manipulation,24,75,23,7.964880675077438
base,bit_manipulation,24,33,16,12.983142986893654
base,bit_manipulation,24,51,29,9.73354296386242
base,bit_manipulation,24,10,2,0.5557097047567368
base,bit_manipulation,24,34,25,7.181562706828117
base,bit_manipulation,24,8,23,8.79986721277237
base,bit_manipulation,24,17,11,3.462566763162613
base,bit_manipulation,24,23,5,1.391030192375183
base,bit_manipulation,24,95,13,4.067217633128166
base,bit_manipulation,24,119,17,4.761616572737694
base,bit_manipulation,24,2,12,3.956584721803665
base,bit_manipulation,24,69,1,0.2640533745288849
base,bit_manipulation,24,124,5,1.5009518265724182
base,bit_manipulation,24,94,11,3.785188466310501
base,bit_manipulation,24,121,13,3.5308997333049774
base,bit_manipulation,24,12,4,1.493776798248291
base,bit_manipulation,24,3,69,37.02950444817543
base,bit_manipulation,24,98,4,1.4062189161777496
base,bit_manipulation,24,82,11,3.3056232631206512
base,bit_manipulation,24,42,13,4.2464622259140015
base,bit_manipulation,27,13,205,97.9243856370449
base,bit_manipulation,27,25,18,4.928378464654088
base,bit_manipulation,27,64,8,1.381502591073513
base,bit_manipulation,27,75,14,2.914279542863369
base,bit_manipulation,27,98,21,8.134312510490417
base,bit_manipulation,27,59,37,12.875088641420007
base,bit_manipulation,27,6,35,13.207118466496468
base,bit_manipulation,27,26,881,434.28236532211304
base,bit_manipulation,27,33,543,224.83177027106285
base,bit_manipulation,27,90,81,32.06811483204365
base,bit_manipulation,27,44,24,9.034284085035324
base,bit_manipulation,27,58,29,12.796171873807907
base,bit_manipulation,27,63,81,25.239069998264313
base,bit_manipulation,27,89,34,9.777986600995064
base,bit_manipulation,27,3,25,8.876666724681854
base,bit_manipulation,27,85,9,3.0883407592773438
base,bit_manipulation,27,106,36,12.43876351416111
base,bit_manipulation,27,95,52,26.09970337152481
base,bit_manipulation,27,119,24,13.611649751663208
base,bit_manipulation,27,62,16,6.481380432844162
base,bit_manipulation,27,31,9,3.2507578432559967
base,bit_manipulation,27,45,8,2.2771713733673096
base,bit_manipulation,27,68,29,8.825425535440445
base,bit_manipulation,27,12,10,2.940228059887886
base,bit_manipulation,27,30,61,25.879574596881866
base,bit_manipulation,27,52,13,6.1393250823020935
base,bit_manipulation,27,113,98,36.687581822276115
base,bit_manipulation,27,117,48,18.81432217359543
base,bit_manipulation,27,56,86,32.844162687659264
base,bit_manipulation,27,10,39,14.666095808148384
base,bit_manipulation,27,70,4,1.6762378215789795
base,bit_manipulation,27,108,26,10.9581897854805
base,bit_manipulation,27,65,15,6.775801673531532
base,bit_manipulation,27,23,38,13.361236184835434
base,bit_manipulation,27,32,10,3.2238285541534424
base,bit_manipulation,27,53,27,11.268515601754189
base,bit_manipulation,27,48,11,3.471845716238022
base,bit_manipulation,27,99,19,6.906623229384422
base,bit_manipulation,27,57,4,1.2252174019813538
base,bit_manipulation,27,82,16,5.634271889925003
base,bit_manipulation,27,96,102,40.809982895851135
base,bit_manipulation,27,111,13,3.9134398996829987
base,bit_manipulation,27,101,69,20.65666814148426
base,bit_manipulation,27,9,92,38.077333584427834
base,bit_manipulation,27,88,15,5.254884988069534
base,bit_manipulation,27,104,62,26.662064880132675
base,bit_manipulation,27,110,32,16.679994970560074
base,bit_manipulation,27,27,13,4.17202290892601
base,bit_manipulation,27,105,9,3.2203290164470673
base,bit_manipulation,27,18,11,3.7763381898403168
base,bit_manipulation,27,0,555,304.62397062778473
base,bit_manipulation,27,127,40,15.053346812725067
base,bit_manipulation,27,83,21,6.147003412246704
base,bit_manipulation,27,120,12,4.419025436043739
base,bit_manipulation,27,1,13,4.971686154603958
base,bit_manipulation,27,41,12,4.805190563201904
base,bit_manipulation,27,8,23,9.004930317401886
base,bit_manipulation,27,29,71,27.231366023421288
base,bit_manipulation,27,19,26,9.397117882966995
base,bit_manipulation,27,39,10,3.205806151032448
base,bit_manipulation,27,17,5,1.3666812777519226
base,bit_manipulation,27,40,83,32.94214525818825
base,bit_manipulation,27,121,24,8.62475073337555
base,bit_manipulation,27,114,4,2.1250154972076416
base,bit_manipulation,27,4,4,1.3170723915100098
base,bit_manipulation,27,37,69,27.251038551330566
base,bit_manipulation,27,28,5,1.419566571712494
base,bit_manipulation,27,21,407,163.11331160366535
base,bit_manipulation,27,102,107,35.7264012247324
base,bit_manipulation,27,67,299,102.77314195036888
base,bit_manipulation,27,76,208,64.68538855016232
base,bit_manipulation,27,14,16,5.050123333930969
base,bit_manipulation,27,51,12,3.3929070830345154
base,bit_manipulation,27,92,41,12.439218297600746
base,bit_manipulation,27,60,64,26.277389466762543
base,bit_manipulation,27,79,38,12.2955052703619
base,bit_manipulation,27,11,49,21.377627283334732
base,bit_manipulation,27,5,53,19.039202600717545
base,bit_manipulation,27,115,21,6.525278598070145
base,bit_manipulation,27,94,10,3.329598158597946
base,bit_manipulation,27,50,8,2.502537786960602
base,bit_manipulation,27,69,14,4.817720949649811
base,bit_manipulation,27,36,1,0.2441399097442627
base,bit_manipulation,27,93,3,0.8643948435783386
base,bit_manipulation,27,34,10,3.1456432938575745
base,bit_manipulation,27,122,2,0.6773571372032166
base,bit_manipulation,27,66,14,4.5918775498867035
base,bit_manipulation,27,54,3,0.9069679081439972
base,bit_manipulation,27,55,7,2.225471019744873
base,bit_manipulation,27,125,5,1.6606630384922028
base,bit_manipulation,27,49,12,3.7313694208860397
base,bit_manipulation,27,118,1,0.30755895376205444
base,bit_manipulation,27,71,1,0.29333680868148804
base,bit_manipulation,27,126,1,0.323714017868042
base,bit_manipulation,27,2,64,23.62256169319153
base,bit_manipulation,27,123,13,4.861252188682556
base,bit_manipulation,27,84,50,32.287187933921814
base,bit_manipulation,27,97,4,1.4266453087329865
base,bit_manipulation,27,80,5,1.5845332443714142
base,bit_manipulation,27,43,19,6.3877467811107635
base,bit_manipulation,27,87,8,3.155516803264618
base,bit_manipulation,29,66,83,35.12796673178673
base,bit_manipulation,29,95,256,71.13712803833187
base,bit_manipulation,29,97,14,7.533441245555878
base,bit_manipulation,29,102,26,13.783977322280407
base,bit_manipulation,29,120,19,9.82159224152565
base,bit_manipulation,29,42,192,47.565536096692085
base,bit_manipulation,29,1,33,14.224579811096191
base,bit_manipulation,29,35,219,97.28072752058506
base,bit_manipulation,29,73,146,68.45902290940285
base,bit_manipulation,29,85,27,10.565340667963028
base,bit_manipulation,29,25,33,15.689904361963272
base,bit_manipulation,29,0,46,20.690739631652832
base,bit_manipulation,29,52,292,134.93582046031952
base,bit_manipulation,29,123,382,207.5678905248642
base,bit_manipulation,29,127,22,8.394625335931778
base,bit_manipulation,29,11,16,6.565652936697006
base,bit_manipulation,29,14,5,2.1749511063098907
base,bit_manipulation,29,60,58,12.410123743116856
base,bit_manipulation,29,19,168,48.10094349831343
base,bit_manipulation,29,32,18,7.878432542085648
base,bit_manipulation,29,70,4,1.9864871203899384
base,bit_manipulation,29,118,544,263.6908218860626
base,bit_manipulation,29,27,12,5.051485031843185
base,bit_manipulation,29,51,12,5.644282549619675
base,bit_manipulation,29,96,12,6.12848636507988
base,bit_manipulation,29,41,8,3.419803559780121
base,bit_manipulation,29,44,139,56.298487186431885
base,bit_manipulation,29,126,93,35.16392940282822
base,bit_manipulation,29,10,122,45.89674246311188
base,bit_manipulation,29,36,63,31.70183974504471
base,bit_manipulation,29,50,122,32.91491266340017
base,bit_manipulation,29,49,8,4.024642616510391
base,bit_manipulation,29,3,33,12.869288325309753
base,bit_manipulation,29,22,36,17.061436623334885
base,bit_manipulation,29,54,12,4.8835583329200745
base,bit_manipulation,29,2,36,15.188896492123604
base,bit_manipulation,29,99,8,2.818733334541321
base,bit_manipulation,29,111,31,11.99275854229927
base,bit_manipulation,29,37,8,3.9369395971298218
base,bit_manipulation,29,105,90,48.92600953578949
base,bit_manipulation,29,110,8,2.875058263540268
base,bit_manipulation,29,38,25,9.566164880990982
base,bit_manipulation,29,4,16,6.692330360412598
base,bit_manipulation,29,43,34,14.2963907122612
base,bit_manipulation,29,101,58,25.26017653942108
base,bit_manipulation,29,64,165,37.54333744943142
base,bit_manipulation,29,104,16,7.028603911399841
base,bit_manipulation,29,82,27,10.900845289230347
base,bit_manipulation,29,91,16,7.179801255464554
base,bit_manipulation,29,103,15,5.105515748262405
base,bit_manipulation,29,108,12,5.6059984266757965
base,bit_manipulation,29,5,8,2.7555519938468933
base,bit_manipulation,29,81,34,12.259538322687149
base,bit_manipulation,29,30,36,21.76339742541313
base,bit_manipulation,29,12,12,5.0499332547187805
base,bit_manipulation,29,53,27,11.979681581258774
base,bit_manipulation,29,48,58,34.83115100860596
base,bit_manipulation,29,24,125,53.226682871580124
base,bit_manipulation,29,92,25,10.461722791194916
base,bit_manipulation,29,13,143,55.06201720237732
base,bit_manipulation,29,90,48,20.600717931985855
base,bit_manipulation,29,15,16,5.85067380964756
base,bit_manipulation,29,72,20,11.52036726474762
base,bit_manipulation,29,20,15,7.995730876922607
base,bit_manipulation,29,58,16,7.050845831632614
base,bit_manipulation,29,29,13,5.920310974121094
base,bit_manipulation,29,84,65,29.955452412366867
base,bit_manipulation,29,74,14,4.866295471787453
base,bit_manipulation,29,61,4,1.52096489071846
base,bit_manipulation,29,26,72,32.27138218283653
base,bit_manipulation,29,106,12,7.150401264429092
base,bit_manipulation,29,63,19,7.567324578762054
base,bit_manipulation,29,121,90,44.580414205789566
base,bit_manipulation,29,77,7,2.7081907093524933
base,bit_manipulation,29,94,158,55.86756533384323
base,bit_manipulation,29,125,180,76.1713535785675
base,bit_manipulation,29,86,23,8.540638387203217
base,bit_manipulation,29,68,61,26.13918760418892
base,bit_manipulation,29,57,34,14.060144543647766
base,bit_manipulation,29,33,26,11.00787004828453
base,bit_manipulation,29,87,72,29.3469255566597
base,bit_manipulation,29,75,91,40.755378156900406
base,bit_manipulation,29,40,77,29.999732464551926
base,bit_manipulation,29,80,8,3.4612215757369995
base,bit_manipulation,29,71,73,30.341560125350952
base,bit_manipulation,29,98,2,0.8921642601490021
base,bit_manipulation,29,46,26,10.134336978197098
base,bit_manipulation,29,69,45,18.131198555231094
base,bit_manipulation,29,16,12,5.271498501300812
base,bit_manipulation,29,65,3,1.0114516615867615
base,bit_manipulation,29,78,10,3.472072184085846
base,bit_manipulation,29,89,19,8.620971113443375
base,bit_manipulation,29,21,16,6.270408898591995
base,bit_manipulation,29,56,6,2.503488689661026
base,bit_manipulation,29,23,1,0.3878180682659149
base,bit_manipulation,29,100,22,9.381747037172318
base,bit_manipulation,29,7,5,2.210690826177597
base,bit_manipulation,29,115,4,1.2432087659835815
base,bit_manipulation,29,59,4,1.2268557250499725
base,bit_manipulation,31,32,85,33.30704725719988
base,bit_manipulation,31,36,17,6.097839668393135
base,bit_manipulation,31,38,42,22.53397013247013
base,bit_manipulation,31,96,69,21.580834301188588
base,bit_manipulation,31,119,79,32.61592039465904
base,bit_manipulation,31,3,40,10.18780110636726
base,bit_manipulation,31,42,16,6.021728694438934
base,bit_manipulation,31,86,12,4.3045394122600555
base,bit_manipulation,31,94,37,13.347728252410889
base,bit_manipulation,31,110,180,63.904764860868454
base,bit_manipulation,31,35,38,14.44972112774849
base,bit_manipulation,31,2,53,26.074101477861404
base,bit_manipulation,31,73,25,7.938863456249237
base,bit_manipulation,31,75,816,517.2990309894085
base,bit_manipulation,31,104,25,10.10048434138298
base,bit_manipulation,31,12,12,3.2244260907173157
base,bit_manipulation,31,74,28,11.352854877710342
base,bit_manipulation,31,76,16,5.8527150601148605
base,bit_manipulation,31,1,37,14.335190236568451
base,bit_manipulation,31,67,427,170.4031666815281
base,bit_manipulation,31,63,9,2.0194478631019592
base,bit_manipulation,31,44,23,6.814717084169388
base,bit_manipulation,31,21,79,27.028662249445915
base,bit_manipulation,31,78,56,21.25515805184841
base,bit_manipulation,31,47,221,77.31562861800194
base,bit_manipulation,31,39,48,18.371688917279243
base,bit_manipulation,31,66,242,84.16168892383575
base,bit_manipulation,31,18,150,55.28394141793251
base,bit_manipulation,31,125,32,13.353704869747162
base,bit_manipulation,31,100,45,19.028677955269814
base,bit_manipulation,31,10,20,8.561721920967102
base,bit_manipulation,31,89,48,16.38750311732292
base,bit_manipulation,31,77,38,13.354289203882217
base,bit_manipulation,31,112,223,95.7066046744585
base,bit_manipulation,31,99,50,23.231531649827957
base,bit_manipulation,31,33,41,21.386903405189514
base,bit_manipulation,31,98,11,3.1881611347198486
base,bit_manipulation,31,22,60,23.17603474855423
base,bit_manipulation,31,6,66,21.88218228518963
base,bit_manipulation,31,46,64,23.66297098994255
base,bit_manipulation,31,127,15,6.429343536496162
base,bit_manipulation,31,17,61,20.715445429086685
base,bit_manipulation,31,122,65,29.25359456241131
base,bit_manipulation,31,8,4,1.1919889450073242
base,bit_manipulation,31,28,16,4.910156205296516
base,bit_manipulation,31,123,55,25.800155475735664
base,bit_manipulation,31,65,10,4.278163492679596
base,bit_manipulation,31,105,102,37.470323875546455
base,bit_manipulation,31,34,101,38.17272265255451
base,bit_manipulation,31,31,9,3.4186031818389893
base,bit_manipulation,31,82,25,9.340825945138931
base,bit_manipulation,31,101,50,16.68778705596924
base,bit_manipulation,31,48,40,22.213745296001434
base,bit_manipulation,31,61,32,11.90427678823471
base,bit_manipulation,31,91,4,1.321338027715683
base,bit_manipulation,31,95,172,64.28042919933796
base,bit_manipulation,31,49,18,8.288415431976318
base,bit_manipulation,31,108,48,19.20627471804619
base,bit_manipulation,31,13,18,6.103776648640633
base,bit_manipulation,31,111,5,1.6968888342380524
base,bit_manipulation,31,68,8,2.652289569377899
base,bit_manipulation,31,117,8,3.3366813957691193
base,bit_manipulation,31,45,16,7.530239522457123
base,bit_manipulation,31,102,22,7.805891305208206
base,bit_manipulation,31,59,5,1.6531753540039062
base,bit_manipulation,31,27,48,20.412599116563797
base,bit_manipulation,31,53,131,43.87660029530525
base,bit_manipulation,31,92,9,3.978174477815628
base,bit_manipulation,31,70,79,26.232348442077637
base,bit_manipulation,31,72,7,2.672902286052704
base,bit_manipulation,31,81,83,25.219382017850876
base,bit_manipulation,31,90,159,65.05442553758621
base,bit_manipulation,31,56,6,2.0602677166461945
base,bit_manipulation,31,85,87,37.91504818201065
base,bit_manipulation,31,23,52,17.981391847133636
base,bit_manipulation,31,69,59,29.478400856256485
base,bit_manipulation,31,93,96,33.87145799398422
base,bit_manipulation,31,26,29,9.708493143320084
base,bit_manipulation,31,4,35,11.087457835674286
base,bit_manipulation,31,40,37,12.850241661071777
base,bit_manipulation,31,87,11,3.9699589014053345
base,bit_manipulation,31,106,38,12.42910486459732
base,bit_manipulation,31,7,8,3.284269392490387
base,bit_manipulation,31,88,16,6.341075003147125
base,bit_manipulation,31,37,12,3.7430779337882996
base,bit_manipulation,31,16,21,8.150923430919647
base,bit_manipulation,31,97,3,1.0429843068122864
base,bit_manipulation,31,84,22,8.180356860160828
base,bit_manipulation,31,0,12,4.104053735733032
base,bit_manipulation,31,51,5,1.551015555858612
base,bit_manipulation,31,30,2,0.690093070268631
base,bit_manipulation,31,57,9,2.8022804260253906
base,bit_manipulation,31,116,8,2.750492423772812
base,bit_manipulation,31,79,9,3.0509746372699738
base,bit_manipulation,31,124,5,1.7689990103244781
base,bit_manipulation,31,19,16,5.480468153953552
base,bit_manipulation,31,9,9,5.445376127958298
base,bit_manipulation,31,64,2,0.7033518254756927
base,bit_manipulation,31,115,1,0.27474668622016907
base,bit_manipulation,31,14,18,8.948878407478333
base,bit_manipulation,31,121,4,2.203136384487152
base,bit_manipulation,31,43,7,2.2880090177059174
base,bit_manipulation,31,60,12,6.3569826781749725
base,bit_manipulation,31,11,8,3.0274378657341003
base,bit_manipulation,31,52,10,2.4875664710998535
base,bit_manipulation,31,15,2,0.41388487815856934
base,bit_manipulation,34,25,446,181.30597074888647
base,bit_manipulation,34,46,31,9.138650556094944
base,bit_manipulation,34,62,47,26.126662611961365
base,bit_manipulation,34,65,16,5.811893509235233
base,bit_manipulation,34,78,229,23.697373282164335
base,bit_manipulation,34,92,18,3.779119163285941
base,bit_manipulation,34,17,30,13.842598751187325
base,bit_manipulation,34,18,12,4.765797942876816
base,bit_manipulation,34,57,166,73.17946588993073
base,bit_manipulation,34,114,5,2.003254145383835
base,bit_manipulation,34,48,38,11.854379028081894
base,bit_manipulation,34,6,304,110.55150254070759
base,bit_manipulation,34,76,11,3.97858864068985
base,bit_manipulation,34,97,150,62.737402215600014
base,bit_manipulation,34,109,8,3.161771535873413
base,bit_manipulation,34,21,22,6.797658488154411
base,bit_manipulation,34,0,29,9.76516506075859
base,bit_manipulation,34,13,55,24.26653601229191
base,bit_manipulation,34,110,36,17.122689843177795
base,bit_manipulation,34,14,48,16.448809325695038
base,bit_manipulation,34,107,29,9.431837737560272
base,bit_manipulation,34,50,163,54.510454684495926
base,bit_manipulation,34,15,24,7.800972566008568
base,bit_manipulation,34,33,25,6.615683227777481
base,bit_manipulation,34,108,13,6.262611344456673
base,bit_manipulation,34,47,422,165.040174767375
base,bit_manipulation,34,101,40,12.810190960764885
base,bit_manipulation,34,9,77,39.400413796305656
base,bit_manipulation,34,104,28,12.51917052268982
base,bit_manipulation,34,37,24,9.547393590211868
base,bit_manipulation,34,53,14,5.252207666635513
base,bit_manipulation,34,4,626,326.32304625213146
base,bit_manipulation,34,29,44,14.450467884540558
base,bit_manipulation,34,93,97,31.170156612992287
base,bit_manipulation,34,24,23,12.670902729034424
base,bit_manipulation,34,27,59,24.396713316440582
base,bit_manipulation,34,52,268,98.47361029684544
base,bit_manipulation,34,63,5,2.3027710616588593
base,bit_manipulation,34,98,30,13.269903019070625
base,bit_manipulation,34,28,26,9.956929683685303
base,bit_manipulation,34,43,19,7.984019964933395
base,bit_manipulation,34,61,29,10.22152042388916
base,bit_manipulation,34,40,8,2.642010450363159
base,bit_manipulation,34,5,20,7.974660187959671
base,bit_manipulation,34,11,11,5.310718506574631
base,bit_manipulation,34,73,55,19.839414283633232
base,bit_manipulation,34,120,14,5.217715829610825
base,bit_manipulation,34,86,12,4.773775488138199
base,bit_manipulation,34,81,16,5.391907051205635
base,bit_manipulation,34,90,88,45.84855082631111
base,bit_manipulation,34,58,8,2.7458811700344086
base,bit_manipulation,34,67,6,1.5719656944274902
base,bit_manipulation,34,59,61,19.955860048532486
base,bit_manipulation,34,70,20,8.830710619688034
base,bit_manipulation,34,95,66,25.032735913991928
base,bit_manipulation,34,7,113,54.08548790216446
base,bit_manipulation,34,51,8,2.4226437509059906
base,bit_manipulation,34,88,38,14.937474846839905
base,bit_manipulation,34,116,8,2.943064033985138
base,bit_manipulation,34,94,4,1.3743969798088074
base,bit_manipulation,34,12,24,10.414828449487686
base,bit_manipulation,34,106,8,2.4845599085092545
base,bit_manipulation,34,105,12,4.953986763954163
base,bit_manipulation,34,71,402,262.7740161716938
base,bit_manipulation,34,100,17,5.287294521927834
base,bit_manipulation,34,39,28,19.711781352758408
base,bit_manipulation,34,64,219,97.86390782892704
base,bit_manipulation,34,69,14,3.70607128739357
base,bit_manipulation,34,124,237,103.57402683794498
base,bit_manipulation,34,22,20,8.303483426570892
base,bit_manipulation,34,103,22,7.849404513835907
base,bit_manipulation,34,121,8,3.8499879240989685
base,bit_manipulation,34,89,14,5.171895682811737
base,bit_manipulation,34,10,47,24.294827461242676
base,bit_manipulation,34,80,42,14.587134212255478
base,bit_manipulation,34,111,19,5.198014453053474
base,bit_manipulation,34,74,29,9.400739759206772
base,bit_manipulation,34,31,21,6.852013781666756
base,bit_manipulation,34,72,17,5.285069048404694
base,bit_manipulation,34,123,51,15.486645072698593
base,bit_manipulation,34,1,19,6.373284727334976
base,bit_manipulation,34,42,24,9.300984740257263
base,bit_manipulation,34,45,6,1.814521074295044
base,bit_manipulation,34,77,2,0.5642347633838654
base,bit_manipulation,34,56,2,0.7870931923389435
base,bit_manipulation,34,49,2,0.6119961738586426
base,bit_manipulation,34,23,1,0.2520346939563751
base,bit_manipulation,34,122,5,1.6431230306625366
base,bit_manipulation,34,117,8,3.413029730319977
base,bit_manipulation,34,126,12,3.528594493865967
base,bit_manipulation,34,112,6,2.0524402260780334
base,bit_manipulation,34,60,4,1.7929126024246216
base,bit_manipulation,34,41,4,1.2081016302108765
base,bit_manipulation,34,115,4,1.7783572375774384
base,bit_manipulation,34,99,4,1.975033313035965
base,bit_manipulation,36,0,38,14.863772720098495
base,bit_manipulation,36,12,71,24.804457306861877
base,bit_manipulation,36,18,34,18.065386474132538
base,bit_manipulation,36,42,38,15.960357159376144
base,bit_manipulation,36,111,54,21.001406341791153
base,bit_manipulation,36,24,86,26.26371930539608
base,bit_manipulation,36,14,634,329.8530578389764
base,bit_manipulation,36,27,64,28.64129266142845
base,bit_manipulation,36,46,18,5.479619055986404
base,bit_manipulation,36,85,20,7.448825120925903
base,bit_manipulation,36,4,30,14.115172296762466
base,bit_manipulation,36,117,37,12.829897865653038
base,bit_manipulation,36,107,10,1.8875350207090378
base,bit_manipulation,36,123,22,9.686335235834122
base,bit_manipulation,36,63,36,12.591122314333916
base,bit_manipulation,36,61,38,20.75489702820778
base,bit_manipulation,36,68,52,24.42023704946041
base,bit_manipulation,36,100,79,26.333995833992958
base,bit_manipulation,36,36,54,16.644227296113968
base,bit_manipulation,36,19,11,2.2362422347068787
base,bit_manipulation,36,20,20,5.927378550171852
base,bit_manipulation,36,32,38,11.64469426125288
base,bit_manipulation,36,39,10,2.868861675262451
base,bit_manipulation,36,57,5,0.9949798285961151
base,bit_manipulation,36,3,152,48.120509043335915
base,bit_manipulation,36,28,232,74.76115575432777
base,bit_manipulation,36,37,45,20.867411494255066
base,bit_manipulation,36,114,27,11.933874011039734
base,bit_manipulation,36,9,13,6.573476612567902
base,bit_manipulation,36,30,36,15.69801777601242
base,bit_manipulation,36,38,22,7.7800470888614655
base,bit_manipulation,36,122,21,6.922009468078613
base,bit_manipulation,36,83,21,7.760969743132591
base,bit_manipulation,36,7,25,8.794017598032951
base,bit_manipulation,36,26,84,51.101977318525314
base,bit_manipulation,36,16,35,15.23821473121643
base,bit_manipulation,36,22,87,33.18810358643532
base,bit_manipulation,36,93,343,110.92016723006964
base,bit_manipulation,36,84,21,6.718843713402748
base,bit_manipulation,36,126,34,11.301988556981087
base,bit_manipulation,36,75,50,14.35211931169033
base,bit_manipulation,36,113,53,17.029490917921066
base,bit_manipulation,36,124,644,272.67572785913944
base,bit_manipulation,36,40,119,55.39205729961395
base,bit_manipulation,36,88,28,10.4844870865345
base,bit_manipulation,36,1,27,8.837507829070091
base,bit_manipulation,36,23,9,4.362937152385712
base,bit_manipulation,36,54,17,5.721326693892479
base,bit_manipulation,36,55,12,4.43959978222847
base,bit_manipulation,36,89,37,11.672578305006027
base,bit_manipulation,36,62,21,7.535604014992714
base,bit_manipulation,36,94,12,4.562931299209595
base,bit_manipulation,36,45,9,3.0010411739349365
base,bit_manipulation,36,47,28,12.282729089260101
base,bit_manipulation,36,108,67,19.56551107764244
base,bit_manipulation,36,106,30,9.91253624856472
base,bit_manipulation,36,125,24,7.6869447231292725
base,bit_manipulation,36,101,12,4.863043665885925
base,bit_manipulation,36,118,7,2.3442028760910034
base,bit_manipulation,36,96,423,247.74509553611279
base,bit_manipulation,36,103,21,6.968890264630318
base,bit_manipulation,36,87,8,3.0568385124206543
base,bit_manipulation,36,35,5,1.5155832767486572
base,bit_manipulation,36,77,5,2.4283695220947266
base,bit_manipulation,36,109,27,7.367655418813229
base,bit_manipulation,36,110,8,3.223016709089279
base,bit_manipulation,36,15,12,6.658454388380051
base,bit_manipulation,36,82,409,189.89808130264282
base,bit_manipulation,36,91,4,2.484207034111023
base,bit_manipulation,36,17,8,3.0700492560863495
base,bit_manipulation,36,25,11,3.671523153781891
base,bit_manipulation,36,59,3,1.0219219028949738
base,bit_manipulation,36,49,4,1.407290756702423
base,bit_manipulation,36,72,5,1.6599963903427124
base,bit_manipulation,36,76,33,10.212669223546982
base,bit_manipulation,36,48,4,2.725783944129944
base,bit_manipulation,36,50,8,2.393481433391571
base,bit_manipulation,36,115,18,6.456849932670593
base,bit_manipulation,36,112,4,2.125559449195862
base,bit_manipulation,36,53,60,25.3492311835289
base,bit_manipulation,36,120,132,66.89597806334496
base,bit_manipulation,36,98,36,12.020936742424965
base,bit_manipulation,36,78,28,8.885490581393242
base,bit_manipulation,36,34,53,21.49160009622574
base,bit_manipulation,36,66,242,83.4773819744587
base,bit_manipulation,36,58,45,15.521238818764687
base,bit_manipulation,36,56,7,3.437184751033783
base,bit_manipulation,36,121,29,8.603912249207497
base,bit_manipulation,36,33,15,3.7264206409454346
base,bit_manipulation,36,64,13,3.9800683856010437
base,bit_manipulation,36,116,9,2.461537852883339
base,bit_manipulation,36,41,7,2.447175532579422
base,bit_manipulation,36,92,1,0.3694019317626953
base,bit_manipulation,36,6,6,1.9312279224395752
base,bit_manipulation,36,104,7,1.326004520058632
base,bit_manipulation,36,10,8,4.33166329562664
base,bit_manipulation,36,31,26,11.375800892710686
base,bit_manipulation,36,105,42,18.015407413244247
base,bit_manipulation,36,95,13,6.252549186348915
base,bit_manipulation,36,8,5,1.8584136366844177
base,bit_manipulation,36,52,5,1.2960575222969055
base,bit_manipulation,38,7,145,37.82753062993288
base,bit_manipulation,38,20,88,38.678197637200356
base,bit_manipulation,38,85,489,239.65182629227638
base,bit_manipulation,38,102,53,10.148900784552097
base,bit_manipulation,38,117,12,5.0857086181640625
base,bit_manipulation,38,89,13,4.943192034959793
base,bit_manipulation,38,65,5,1.6268148720264435
base,bit_manipulation,38,83,10,2.503365620970726
base,bit_manipulation,38,112,96,39.46825961396098
base,bit_manipulation,38,113,282,71.37276183068752
base,bit_manipulation,38,58,7,2.150390714406967
base,bit_manipulation,38,14,25,8.353377789258957
base,bit_manipulation,38,35,44,13.616053327918053
base,bit_manipulation,38,103,17,7.80253766477108
base,bit_manipulation,38,15,11,3.734954670071602
base,bit_manipulation,38,24,59,15.387617856264114
base,bit_manipulation,38,36,16,11.137168169021606
base,bit_manipulation,38,111,47,8.511257514357567
base,bit_manipulation,38,47,9,1.8125199899077415
base,bit_manipulation,38,101,295,137.17419935762882
base,bit_manipulation,38,124,55,20.309758208692074
base,bit_manipulation,38,57,545,520.4862631559372
base,bit_manipulation,38,60,52,16.192783929407597
base,bit_manipulation,38,63,61,17.413180626928806
base,bit_manipulation,38,90,62,12.61578495055437
base,bit_manipulation,38,46,48,20.931766495108604
base,bit_manipulation,38,68,35,14.358634859323502
base,bit_manipulation,38,26,125,36.80580469220877
base,bit_manipulation,38,42,57,20.20389201492071
base,bit_manipulation,38,115,94,25.03780421614647
base,bit_manipulation,38,69,10,3.844006769359112
base,bit_manipulation,38,11,640,311.0718474313617
base,bit_manipulation,38,10,32,11.46051698923111
base,bit_manipulation,38,116,42,11.39217546582222
base,bit_manipulation,38,122,19,7.054542601108551
base,bit_manipulation,38,55,29,9.42662650346756
base,bit_manipulation,38,84,231,100.40105022490025
base,bit_manipulation,38,19,16,6.81675811111927
base,bit_manipulation,38,100,22,6.582746967673302
base,bit_manipulation,38,39,14,5.653823480010033
base,bit_manipulation,38,4,8,3.2044446170330048
base,bit_manipulation,38,53,37,12.021555602550507
base,bit_manipulation,38,94,62,14.462670974433422
base,bit_manipulation,38,118,72,11.81321655958891
base,bit_manipulation,38,78,4,1.1036702394485474
base,bit_manipulation,38,48,12,3.9496056139469147
base,bit_manipulation,38,88,82,40.20224575698376
base,bit_manipulation,38,34,64,25.314952701330185
base,bit_manipulation,38,50,73,26.11151883378625
base,bit_manipulation,38,106,4,1.1848146319389343
base,bit_manipulation,38,91,43,14.789305046200752
base,bit_manipulation,38,105,64,26.380817890167236
base,bit_manipulation,38,71,12,4.394953027367592
base,bit_manipulation,38,1,48,8.068548072129488
base,bit_manipulation,38,70,13,6.202696867287159
base,bit_manipulation,38,95,31,11.582208350300789
base,bit_manipulation,38,43,43,14.550748765468597
base,bit_manipulation,38,18,12,5.792857378721237
base,bit_manipulation,38,62,4,1.2681030929088593
base,bit_manipulation,38,30,12,4.730902135372162
base,bit_manipulation,38,107,7,1.6098609417676926
base,bit_manipulation,38,5,58,17.53695309907198
base,bit_manipulation,38,92,22,7.656687468290329
base,bit_manipulation,38,41,38,11.92338814586401
base,bit_manipulation,38,98,66,10.658805269747972
base,bit_manipulation,38,121,4,1.6067856848239899
base,bit_manipulation,38,23,20,6.239790767431259
base,bit_manipulation,38,77,13,4.732154101133347
base,bit_manipulation,38,61,17,4.121895879507065
base,bit_manipulation,38,93,2,0.49667568504810333
base,bit_manipulation,38,33,4,1.3721573948860168
base,bit_manipulation,38,72,5,1.6825886964797974
base,bit_manipulation,38,81,8,4.295128703117371
base,bit_manipulation,38,25,12,6.159490644931793
base,bit_manipulation,38,40,6,2.339397221803665
base,bit_manipulation,38,27,4,1.3912074565887451
base,bit_manipulation,38,31,8,2.577378422021866
base,bit_manipulation,38,109,180,55.657596200704575
base,bit_manipulation,38,17,173,41.6431977301836
base,bit_manipulation,38,64,92,19.24077930301428
base,bit_manipulation,38,22,102,21.98170694708824
base,bit_manipulation,38,125,8,2.2557870894670486
base,bit_manipulation,38,110,24,5.388736769556999
base,bit_manipulation,38,126,4,1.3351723551750183
base,bit_manipulation,38,66,4,1.3626407086849213
base,bit_manipulation,38,13,12,2.3950574919581413
base,bit_manipulation,38,97,15,4.442675530910492
base,bit_manipulation,38,123,28,6.274240992963314
base,bit_manipulation,38,51,7,2.64311283826828
base,bit_manipulation,38,37,50,18.201095558702946
base,bit_manipulation,38,44,12,2.872132010757923
base,bit_manipulation,38,56,7,2.3987564742565155
base,bit_manipulation,38,114,5,1.1990261226892471
base,bit_manipulation,38,108,9,4.534470170736313
base,bit_manipulation,38,28,16,9.121252655982971
base,bit_manipulation,38,29,16,3.2643620520830154
base,bit_manipulation,38,52,4,0.4558287709951401
base,bit_manipulation,38,74,11,5.709137141704559
base,bit_manipulation,38,6,4,0.9971477687358856
base,bit_manipulation,38,16,3,0.7200024574995041
base,bit_manipulation,38,75,5,1.2660231366753578
base,bit_manipulation,40,35,9,5.551298886537552
base,bit_manipulation,40,50,15,5.282135725021362
base,bit_manipulation,40,91,25,10.642082422971725
base,bit_manipulation,40,112,825,675.3933434486389
base,bit_manipulation,40,114,554,310.8945259861648
base,bit_manipulation,40,127,160,39.95148706808686
base,bit_manipulation,40,2,62,18.43604324758053
base,bit_manipulation,40,41,60,24.111120767891407
base,bit_manipulation,40,74,13,4.928329721093178
base,bit_manipulation,40,75,7,2.2244518622756004
base,bit_manipulation,40,107,53,13.752954550087452
base,bit_manipulation,40,4,23,5.781524144113064
base,bit_manipulation,40,12,279,114.64295495301485
base,bit_manipulation,40,62,173,66.44166102260351
base,bit_manipulation,40,15,473,141.13067914545536
base,bit_manipulation,40,1,20,8.58132392168045
base,bit_manipulation,40,121,9,2.716607913374901
base,bit_manipulation,40,60,8,4.660396188497543
base,bit_manipulation,40,101,17,5.646352976560593
base,bit_manipulation,40,92,197,78.81169372797012
base,bit_manipulation,40,18,66,18.36138568073511
base,bit_manipulation,40,97,16,6.535424113273621
base,bit_manipulation,40,32,15,7.283805310726166
base,bit_manipulation,40,58,26,10.724922567605972
base,bit_manipulation,40,70,9,2.1095981299877167
base,bit_manipulation,40,71,179,71.98102723807096
base,bit_manipulation,40,110,71,22.955872483551502
base,bit_manipulation,40,6,14,4.741353906691074
base,bit_manipulation,40,63,85,39.14717125892639
base,bit_manipulation,40,11,29,7.079308420419693
base,bit_manipulation,40,38,80,24.07969007641077
base,bit_manipulation,40,66,32,8.275888457894325
base,bit_manipulation,40,115,35,11.42707508802414
base,bit_manipulation,40,44,7,2.6207897663116455
base,bit_manipulation,40,82,4,1.007425308227539
base,bit_manipulation,40,72,25,7.198917858302593
base,bit_manipulation,40,105,10,3.1769722998142242
base,bit_manipulation,40,8,25,3.360763117671013
base,bit_manipulation,40,10,56,16.039157524704933
base,bit_manipulation,40,78,8,1.959647610783577
base,bit_manipulation,40,90,233,61.8880650177598
base,bit_manipulation,40,73,16,5.59429495036602
base,bit_manipulation,40,37,12,4.5655311942100525
base,bit_manipulation,40,111,11,3.5576283931732178
base,bit_manipulation,40,88,38,8.459382846951485
base,bit_manipulation,40,86,61,14.999135963618755
base,bit_manipulation,40,7,8,3.095054507255554
base,bit_manipulation,40,94,67,12.898254089057446
base,bit_manipulation,40,120,250,57.11810339614749
base,bit_manipulation,40,54,6,1.4802371561527252
base,bit_manipulation,40,24,6,1.7326553761959076
base,bit_manipulation,40,43,31,9.27759986370802
base,bit_manipulation,40,51,21,6.669739618897438
base,bit_manipulation,40,125,8,2.5733531415462494
base,bit_manipulation,40,3,10,3.1700109764933586
base,bit_manipulation,40,14,5,2.418492414057255
base,bit_manipulation,40,36,24,9.88540005683899
base,bit_manipulation,40,85,12,3.328963451087475
base,bit_manipulation,40,49,16,7.606524288654327
base,bit_manipulation,40,103,39,14.185252599418163
base,bit_manipulation,40,40,241,76.1729074344039
base,bit_manipulation,40,47,113,25.858377642929554
base,bit_manipulation,40,79,13,4.5750629007816315
base,bit_manipulation,40,81,119,28.791190542280674
base,bit_manipulation,40,68,3,0.49082784354686737
base,bit_manipulation,40,52,93,60.528007209300995
base,bit_manipulation,40,26,53,10.6641905605793
base,bit_manipulation,40,100,24,4.756617411971092
base,bit_manipulation,40,30,22,5.565333895385265
base,bit_manipulation,40,87,7,1.5738291889429092
base,bit_manipulation,40,21,42,9.584034569561481
base,bit_manipulation,40,48,3,0.4178975149989128
base,bit_manipulation,40,25,15,3.905303105711937
base,bit_manipulation,40,17,23,3.648812510073185
base,bit_manipulation,40,33,63,14.749274976551533
base,bit_manipulation,40,123,5,2.210146427154541
base,bit_manipulation,40,42,16,3.7300562411546707
base,bit_manipulation,40,23,7,2.004787653684616
base,bit_manipulation,40,29,1,0.3045087456703186
base,bit_manipulation,40,89,8,1.2891152203083038
base,bit_manipulation,40,0,1,0.12800347805023193
base,bit_manipulation,40,124,1,0.22926844656467438
base,bit_manipulation,40,57,14,3.388780787587166
base,bit_manipulation,40,106,5,1.6707511097192764
base,bit_manipulation,40,126,14,2.378183238208294
base,bit_manipulation,40,56,7,2.094032734632492
base,bit_manipulation,40,65,3,0.6325619369745255
base,bit_manipulation,40,104,1,0.3348831832408905
base,bit_manipulation,40,59,5,0.783053919672966
base,bit_manipulation,40,19,6,1.049185335636139
base,bit_manipulation,40,93,2,0.2571122497320175
base,bit_manipulation,40,108,12,5.877559542655945
base,bit_manipulation,40,9,77,44.00202453136444
base,bit_manipulation,40,117,10,2.429313138127327
base,bit_manipulation,40,5,4,1.2831670641899109
base,bit_manipulation,40,31,4,1.0732663124799728
base,bit_manipulation,40,16,4,1.1946472227573395
base,bit_manipulation,40,55,13,5.7677329033613205
base,bit_manipulation,43,9,19,5.180029019713402
base,bit_manipulation,43,64,43,12.411515966057777
base,bit_manipulation,43,70,5,0.905168354511261
base,bit_manipulation,43,90,27,16.656878232955933
base,bit_manipulation,43,95,12,2.921647347509861
base,bit_manipulation,43,118,94,26.859017685055733
base,bit_manipulation,43,12,46,16.37694238126278
base,bit_manipulation,43,15,23,6.026956245303154
base,bit_manipulation,43,20,247,93.46810280531645
base,bit_manipulation,43,26,102,30.920945517718792
base,bit_manipulation,43,29,66,12.545547496527433
base,bit_manipulation,43,8,4,0.957575336098671
base,bit_manipulation,43,58,51,19.511505752801895
base,bit_manipulation,43,82,20,8.273912444710732
base,bit_manipulation,43,93,181,40.667572021484375
base,bit_manipulation,43,4,153,45.62751146405935
base,bit_manipulation,43,54,78,25.777800273150206
base,bit_manipulation,43,23,36,11.459611266851425
base,bit_manipulation,43,38,83,27.89887971431017
base,bit_manipulation,43,6,51,23.252955213189125
base,bit_manipulation,43,75,26,4.942894831299782
base,bit_manipulation,43,113,8,1.450953871011734
base,bit_manipulation,43,16,26,9.845120370388031
base,bit_manipulation,43,72,29,6.0527446791529655
base,bit_manipulation,43,81,27,20.122963681817055
base,bit_manipulation,43,98,4,1.1370751559734344
base,bit_manipulation,43,106,22,8.09587126225233
base,bit_manipulation,43,48,274,84.51309897750616
base,bit_manipulation,43,56,268,129.3493736833334
base,bit_manipulation,43,120,88,30.4914952814579
base,bit_manipulation,43,60,20,10.765453696250916
base,bit_manipulation,43,46,106,45.78823700547218
base,bit_manipulation,43,25,28,10.010930553078651
base,bit_manipulation,43,84,17,4.414255119860172
base,bit_manipulation,43,51,94,29.911577589809895
base,bit_manipulation,43,53,29,9.450528152287006
base,bit_manipulation,43,88,18,6.175550729036331
base,bit_manipulation,43,101,90,28.02233588695526
base,bit_manipulation,43,5,166,36.43200394883752
base,bit_manipulation,43,18,6,1.8294258415699005
base,bit_manipulation,43,37,135,103.04888065159321
base,bit_manipulation,43,39,11,2.9709751307964325
base,bit_manipulation,43,41,30,14.884203553199768
base,bit_manipulation,43,33,14,4.170164152979851
base,bit_manipulation,43,68,34,7.762689828872681
base,bit_manipulation,43,78,15,5.450521618127823
base,bit_manipulation,43,50,23,7.5127430856227875
base,bit_manipulation,43,2,8,3.0630003809928894
base,bit_manipulation,43,55,315,98.48632767051458
base,bit_manipulation,43,79,108,59.745811477303505
base,bit_manipulation,43,119,27,5.575741045176983
base,bit_manipulation,43,32,77,35.17386567592621
base,bit_manipulation,43,27,5,1.478044018149376
base,bit_manipulation,43,107,24,6.485920295119286
base,bit_manipulation,43,45,17,4.12718590348959
base,bit_manipulation,43,28,50,22.067462980747223
base,bit_manipulation,43,40,26,10.485946118831635
base,bit_manipulation,43,100,38,9.288701236248016
base,bit_manipulation,43,116,31,8.927250266075134
base,bit_manipulation,43,121,1,0.28242549300193787
base,bit_manipulation,43,17,25,7.943091228604317
base,bit_manipulation,43,63,10,2.8024744391441345
base,bit_manipulation,43,111,4,1.4360603094100952
base,bit_manipulation,43,11,22,7.164092555642128
base,bit_manipulation,43,59,12,4.043343245983124
base,bit_manipulation,43,30,4,1.5633198618888855
base,bit_manipulation,43,34,8,2.7866766899824142
base,bit_manipulation,43,76,34,14.65869477391243
base,bit_manipulation,43,85,4,3.2753723859786987
base,bit_manipulation,43,124,34,7.419492840766907
base,bit_manipulation,43,126,7,2.5646015256643295
base,bit_manipulation,43,123,2,0.5838380455970764
base,bit_manipulation,43,36,80,39.48484441637993
base,bit_manipulation,43,65,40,16.6341572701931
base,bit_manipulation,43,24,28,9.292991876602173
base,bit_manipulation,43,103,5,1.7783332616090775
base,bit_manipulation,43,62,8,1.596746489405632
base,bit_manipulation,43,112,21,7.1449054479599
base,bit_manipulation,43,109,210,88.75942955166101
base,bit_manipulation,43,99,11,3.383069172501564
base,bit_manipulation,43,7,6,1.64244344830513
base,bit_manipulation,43,83,591,492.23951833695173
base,bit_manipulation,43,94,22,6.41074026376009
base,bit_manipulation,43,105,169,108.66899310052395
base,bit_manipulation,43,108,36,15.658815085887909
base,bit_manipulation,43,35,49,11.48808715492487
base,bit_manipulation,43,43,275,112.77173534035683
base,bit_manipulation,43,71,22,9.82432921230793
base,bit_manipulation,43,89,14,2.4213954359292984
base,bit_manipulation,43,74,9,1.9557051807641983
base,bit_manipulation,43,104,32,9.033973686397076
base,bit_manipulation,43,1,28,5.745529226958752
base,bit_manipulation,43,57,12,4.058624312281609
base,bit_manipulation,43,127,67,18.15445851534605
base,bit_manipulation,43,31,5,1.6530688405036926
base,bit_manipulation,43,102,19,4.50321988016367
base,bit_manipulation,43,10,12,3.7472259402275085
base,bit_manipulation,43,73,5,1.0121963769197464
base,bit_manipulation,43,19,3,0.6730963289737701
base,bit_manipulation,43,3,21,3.5613635778427124
base,bit_manipulation,43,87,3,0.49320295453071594
base,bit_manipulation,43,69,6,1.626711130142212
base,bit_manipulation,43,67,7,3.299816742539406
base,bit_manipulation,43,44,12,6.878479972481728
base,bit_manipulation,43,66,2,0.4397922456264496
base,bit_manipulation,43,114,1,0.1642749309539795
base,bit_manipulation,43,49,18,4.485431022942066
base,bit_manipulation,43,125,7,2.215570032596588
base,bit_manipulation,43,47,4,1.203587383031845
base,bit_manipulation,45,2,45,13.907504249364138
base,bit_manipulation,45,31,17,9.3567074239254
base,bit_manipulation,45,60,23,9.703470781445503
base,bit_manipulation,45,85,55,24.759866625070572
base,bit_manipulation,45,91,5,2.3888378739356995
base,bit_manipulation,45,113,33,10.866985939443111
base,bit_manipulation,45,4,22,5.9259850680828094
base,bit_manipulation,45,12,18,4.865488938987255
base,bit_manipulation,45,21,8,4.465449556708336
base,bit_manipulation,45,38,121,41.185047905892134
base,bit_manipulation,45,76,54,24.11732906103134
base,bit_manipulation,45,57,28,7.11985494941473
base,bit_manipulation,45,40,59,15.957317419350147
base,bit_manipulation,45,65,5,1.0642537325620651
base,bit_manipulation,45,95,87,31.59156573191285
base,bit_manipulation,45,116,51,27.020630836486816
base,bit_manipulation,45,25,112,36.7029217556119
base,bit_manipulation,45,41,124,50.245939925312996
base,bit_manipulation,45,74,60,17.632893335074186
base,bit_manipulation,45,99,14,4.30244468152523
base,bit_manipulation,45,105,6,5.365153223276138
base,bit_manipulation,45,120,26,7.710127592086792
base,bit_manipulation,45,44,33,7.697095729410648
base,bit_manipulation,45,36,415,123.4299233481288
base,bit_manipulation,45,39,29,11.59316736832261
base,bit_manipulation,45,49,16,3.318827345967293
base,bit_manipulation,45,84,47,16.936269849538803
base,bit_manipulation,45,101,16,6.085290428251028
base,bit_manipulation,45,11,69,17.496604960411787
base,bit_manipulation,45,86,29,9.548582881689072
base,bit_manipulation,45,23,16,8.210285007953644
base,bit_manipulation,45,124,826,536.5886387825012
base,bit_manipulation,45,126,12,5.987234964966774
base,bit_manipulation,45,28,86,33.00080815702677
base,bit_manipulation,45,97,53,17.66976749897003
base,bit_manipulation,45,122,4,1.447802722454071
base,bit_manipulation,45,26,15,7.309836342930794
base,bit_manipulation,45,48,200,116.08608849346638
base,bit_manipulation,45,61,48,18.233642607927322
base,bit_manipulation,45,109,35,15.258580259978771
base,bit_manipulation,45,1,227,68.4524623863399
base,bit_manipulation,45,10,13,5.3663409650325775
base,bit_manipulation,45,24,23,8.610949754714966
base,bit_manipulation,45,5,15,6.770339265465736
base,bit_manipulation,45,58,37,9.206863075494766
base,bit_manipulation,45,82,27,7.802191346883774
base,bit_manipulation,45,83,382,135.65014231577516
base,bit_manipulation,45,108,59,23.409765273332596
base,bit_manipulation,45,42,24,6.089346930384636
base,bit_manipulation,45,117,22,6.13627677410841
base,bit_manipulation,45,70,32,10.942589983344078
base,bit_manipulation,45,67,23,8.138185948133469
base,bit_manipulation,45,90,20,7.410378038883209
base,bit_manipulation,45,55,34,10.366018250584602
base,bit_manipulation,45,69,33,8.705689072608948
base,bit_manipulation,45,34,12,3.508435532450676
base,bit_manipulation,45,3,12,4.719403922557831
base,bit_manipulation,45,112,17,6.674104109406471
base,bit_manipulation,45,92,32,14.322052627801895
base,bit_manipulation,45,45,57,18.09715660661459
base,bit_manipulation,45,72,4,1.3086531460285187
base,bit_manipulation,45,81,9,3.39763967692852
base,bit_manipulation,45,13,26,8.830625966191292
base,bit_manipulation,45,46,13,3.062837418168783
base,bit_manipulation,45,37,17,5.8981953561306
base,bit_manipulation,45,29,6,1.9411135017871857
base,bit_manipulation,45,32,22,8.882565066218376
base,bit_manipulation,45,106,32,11.605337128043175
base,bit_manipulation,45,119,161,114.51296190917492
base,bit_manipulation,45,47,58,11.650186829268932
base,bit_manipulation,45,19,4,1.4814062416553497
base,bit_manipulation,45,18,5,2.405501127243042
base,bit_manipulation,45,118,47,15.332571789622307
base,bit_manipulation,45,50,107,42.609504871070385
base,bit_manipulation,45,78,20,7.390184357762337
base,bit_manipulation,45,94,9,2.23498398065567
base,bit_manipulation,45,66,5,1.9062785506248474
base,bit_manipulation,45,87,4,1.6605880558490753
base,bit_manipulation,45,125,59,16.51830580085516
base,bit_manipulation,45,104,13,5.271113187074661
base,bit_manipulation,45,114,27,8.348098009824753
base,bit_manipulation,45,0,193,128.5327760875225
base,bit_manipulation,45,88,90,19.69410415738821
base,bit_manipulation,45,15,38,9.141001634299755
base,bit_manipulation,45,103,349,162.599498860538
base,bit_manipulation,45,7,5,0.6754374727606773
base,bit_manipulation,45,71,13,3.8275295570492744
base,bit_manipulation,45,107,30,6.649214074015617
base,bit_manipulation,45,79,13,2.0897175073623657
base,bit_manipulation,45,6,2,0.3372834622859955
base,bit_manipulation,45,64,37,9.554270349442959
base,bit_manipulation,45,53,47,17.90038299560547
base,bit_manipulation,45,73,64,19.885143719613552
base,bit_manipulation,45,68,7,1.4951717257499695
base,bit_manipulation,45,43,17,3.536927677690983
base,bit_manipulation,45,93,4,0.597275398671627
base,bit_manipulation,45,16,20,4.556423097848892
base,bit_manipulation,45,98,5,1.118922896683216
base,bit_manipulation,45,77,11,1.5651997551321983
base,bit_manipulation,45,75,10,2.134170852601528
base,bit_manipulation,45,17,1,0.13868308067321777
base,bit_manipulation,45,110,6,0.8874972760677338
base,bit_manipulation,45,63,12,6.180982939898968
base,bit_manipulation,45,127,5,2.9177871644496918
base,bit_manipulation,45,102,6,1.3651624843478203
base,bit_manipulation,45,30,7,2.593041777610779
base,bit_manipulation,45,52,7,1.9767067581415176
base,bit_manipulation,45,20,4,0.8056626617908478
base,bit_manipulation,45,115,2,0.5043467283248901
base,bit_manipulation,45,59,10,3.678026467561722
base,bit_manipulation,47,22,28,11.494816407561302
base,bit_manipulation,47,37,4,1.3220032453536987
base,bit_manipulation,47,47,48,17.17999042570591
base,bit_manipulation,47,62,15,4.847261965274811
base,bit_manipulation,47,92,24,11.819698885083199
base,bit_manipulation,47,11,347,122.53129702061415
base,bit_manipulation,47,20,27,11.980453431606293
base,bit_manipulation,47,21,134,46.77959309518337
base,bit_manipulation,47,84,2,0.5235984623432159
base,bit_manipulation,47,121,49,26.772672325372696
base,bit_manipulation,47,30,91,30.341220006346703
base,bit_manipulation,47,7,79,30.145533226430416
base,bit_manipulation,47,42,4,0.9138282984495163
base,bit_manipulation,47,70,7,2.297666996717453
base,bit_manipulation,47,75,53,27.074844002723694
base,bit_manipulation,47,73,59,22.44305869936943
base,bit_manipulation,47,46,12,2.4356170147657394
base,bit_manipulation,47,113,14,6.557191014289856
base,bit_manipulation,47,106,21,6.1279841512441635
base,bit_manipulation,47,5,13,3.694277010858059
base,bit_manipulation,47,59,5,1.6088497787714005
base,bit_manipulation,47,1,234,80.68596010655165
base,bit_manipulation,47,40,86,30.941334411501884
base,bit_manipulation,47,114,5,0.8361947387456894
base,bit_manipulation,47,36,199,64.88089418411255
base,bit_manipulation,47,107,37,11.258319392800331
base,bit_manipulation,47,41,50,23.042517215013504
base,bit_manipulation,47,56,9,3.29793444275856
base,bit_manipulation,47,2,248,102.83442153036594
base,bit_manipulation,47,35,45,17.949203833937645
base,bit_manipulation,47,79,14,4.617965683341026
base,bit_manipulation,47,98,17,6.075917094945908
base,bit_manipulation,47,115,41,17.10533206164837
base,bit_manipulation,47,25,60,20.330954298377037
base,bit_manipulation,47,66,24,8.034077644348145
base,bit_manipulation,47,18,6,1.7210634052753448
base,bit_manipulation,47,119,77,28.11014685034752
base,bit_manipulation,47,43,20,6.98664852976799
base,bit_manipulation,47,34,167,81.73290714621544
base,bit_manipulation,47,122,120,48.93692949414253
base,bit_manipulation,47,12,114,51.35112990438938
base,bit_manipulation,47,14,30,13.112536311149597
base,bit_manipulation,47,127,63,26.676374450325966
base,bit_manipulation,47,76,29,10.901583731174469
base,bit_manipulation,47,102,37,12.587610863149166
base,bit_manipulation,47,58,22,7.233201786875725
base,bit_manipulation,47,17,51,15.977079272270203
base,bit_manipulation,47,50,44,18.52012002468109
base,bit_manipulation,47,60,25,9.4865503013134
base,bit_manipulation,47,105,15,4.830918699502945
base,bit_manipulation,47,83,17,5.693308770656586
base,bit_manipulation,47,51,24,9.216426849365234
base,bit_manipulation,47,4,21,7.632105737924576
base,bit_manipulation,47,19,12,3.9730245172977448
base,bit_manipulation,47,29,47,13.7425352409482
base,bit_manipulation,47,32,27,10.414832293987274
base,bit_manipulation,47,31,83,24.49059446156025
base,bit_manipulation,47,89,22,8.645937263965607
base,bit_manipulation,47,72,20,5.67280401289463
base,bit_manipulation,47,27,9,4.259957432746887
base,bit_manipulation,47,99,27,8.46820729970932
base,bit_manipulation,47,125,42,15.843969851732254
base,bit_manipulation,47,116,22,7.70352540910244
base,bit_manipulation,47,80,10,3.795071691274643
base,bit_manipulation,47,8,17,5.243339762091637
base,bit_manipulation,47,120,37,17.90759889781475
base,bit_manipulation,47,94,19,7.696633607149124
base,bit_manipulation,47,112,196,157.23274920880795
base,bit_manipulation,47,95,80,33.56334672868252
base,bit_manipulation,47,104,3,0.8396184742450714
base,bit_manipulation,47,49,16,7.423500403761864
base,bit_manipulation,47,16,20,6.516993388533592
base,bit_manipulation,47,71,4,1.5839987099170685
base,bit_manipulation,47,23,4,1.6877540946006775
base,bit_manipulation,47,93,20,10.662976562976837
base,bit_manipulation,47,77,25,8.258758023381233
base,bit_manipulation,47,100,25,7.6733212023973465
base,bit_manipulation,47,6,201,87.7174649387598
base,bit_manipulation,47,124,28,8.988121822476387
base,bit_manipulation,47,24,174,92.373948559165
base,bit_manipulation,47,64,343,220.90558777749538
base,bit_manipulation,47,88,4,1.0733391046524048
base,bit_manipulation,47,117,202,69.28948517888784
base,bit_manipulation,47,53,219,101.96254233270884
base,bit_manipulation,47,13,14,5.188865274190903
base,bit_manipulation,47,9,93,29.10296894609928
base,bit_manipulation,47,67,11,2.7463981062173843
base,bit_manipulation,47,48,37,16.40867280960083
base,bit_manipulation,47,33,55,18.372780695557594
base,bit_manipulation,47,26,50,24.451138257980347
base,bit_manipulation,47,103,15,7.097641311585903
base,bit_manipulation,47,82,18,10.146300792694092
base,bit_manipulation,47,55,42,13.866480201482773
base,bit_manipulation,47,108,39,14.729496955871582
base,bit_manipulation,47,74,28,7.596667125821114
base,bit_manipulation,47,63,5,1.0300671085715294
base,bit_manipulation,47,69,5,1.4612933695316315
base,bit_manipulation,47,123,14,4.352420896291733
base,bit_manipulation,47,86,9,2.882909506559372
base,bit_manipulation,47,126,30,9.258134379982948
base,bit_manipulation,47,10,23,6.888654753565788
base,bit_manipulation,47,44,21,10.040631279349327
base,bit_manipulation,47,52,13,4.198542803525925
base,bit_manipulation,47,81,21,6.665459930896759
base,bit_manipulation,47,111,22,6.766269207000732
base,bit_manipulation,47,45,51,17.715389668941498
base,bit_manipulation,47,118,11,3.3805592209100723
base,bit_manipulation,47,61,13,7.02230130136013
base,bit_manipulation,47,54,12,3.4426269084215164
base,bit_manipulation,47,90,7,2.228437528014183
base,bit_manipulation,47,97,2,0.6873844265937805
base,bit_manipulation,47,3,11,3.458143711090088
base,bit_manipulation,47,78,4,1.367189884185791
base,bit_manipulation,47,0,42,19.240195900201797
base,bit_manipulation,47,110,3,0.6056728661060333
base,bit_manipulation,47,38,13,7.996798604726791
base,bit_manipulation,47,96,5,2.7172758877277374
base,bit_manipulation,47,101,12,6.367974370718002
base,bit_manipulation,47,39,11,2.843959078192711
base,bit_manipulation,47,68,4,1.1280534863471985
base,bit_manipulation,49,44,129,46.840632036328316
base,bit_manipulation,49,58,35,11.554962277412415
base,bit_manipulation,49,59,39,11.04032450914383
base,bit_manipulation,49,92,34,9.41052357852459
base,bit_manipulation,49,101,95,27.68838332593441
base,bit_manipulation,49,13,38,14.201939791440964
base,bit_manipulation,49,17,114,40.78547339141369
base,bit_manipulation,49,21,60,27.463810965418816
base,bit_manipulation,49,69,13,5.311633080244064
base,bit_manipulation,49,80,53,19.448231056332588
base,bit_manipulation,49,122,33,9.989775836467743
base,bit_manipulation,49,104,26,7.522392526268959
base,bit_manipulation,49,32,30,12.406289353966713
base,bit_manipulation,49,89,24,9.620670348405838
base,bit_manipulation,49,121,28,9.365202739834785
base,bit_manipulation,49,41,37,11.883769899606705
base,bit_manipulation,49,7,53,20.5912017673254
base,bit_manipulation,49,31,33,17.8532612323761
base,bit_manipulation,49,97,4,2.103791117668152
base,bit_manipulation,49,108,33,11.455889627337456
base,bit_manipulation,49,10,11,3.449236676096916
base,bit_manipulation,49,24,51,17.53496080636978
base,bit_manipulation,49,46,26,8.480451330542564
base,bit_manipulation,49,74,71,30.044526249170303
base,bit_manipulation,49,12,10,2.659299671649933
base,bit_manipulation,49,90,16,5.5841772854328156
base,bit_manipulation,49,114,10,5.017822951078415
base,bit_manipulation,49,52,134,58.05379678308964
base,bit_manipulation,49,16,12,7.7431105971336365
base,bit_manipulation,49,57,117,45.37968675792217
base,bit_manipulation,49,56,10,4.29681171476841
base,bit_manipulation,49,95,456,179.46296982467175
base,bit_manipulation,49,11,20,7.895378530025482
base,bit_manipulation,49,78,837,535.560760974884
base,bit_manipulation,49,62,96,32.81763228029013
base,bit_manipulation,49,100,50,19.036288127303123
base,bit_manipulation,49,38,26,9.607659012079239
base,bit_manipulation,49,61,362,173.77086272835732
base,bit_manipulation,49,126,4,1.6208781898021698
base,bit_manipulation,49,115,99,48.48120865225792
base,bit_manipulation,49,14,8,4.7014584839344025
base,bit_manipulation,49,84,13,4.471230387687683
base,bit_manipulation,49,48,12,6.433566004037857
base,bit_manipulation,49,68,11,3.6034567654132843
base,bit_manipulation,49,63,22,8.277532860636711
base,bit_manipulation,49,64,10,3.1531469374895096
base,bit_manipulation,49,65,10,3.5477386862039566
base,bit_manipulation,49,110,10,3.074017286300659
base,bit_manipulation,49,87,14,4.7936170399188995
base,bit_manipulation,49,18,29,9.81522524356842
base,bit_manipulation,49,102,23,7.999499216675758
base,bit_manipulation,49,45,42,17.306130558252335
base,bit_manipulation,49,118,68,20.66198632121086
base,bit_manipulation,49,34,30,11.745284602046013
base,bit_manipulation,49,81,26,9.306815773248672
base,bit_manipulation,49,123,11,3.1145148873329163
base,bit_manipulation,49,93,45,17.10078001022339
base,bit_manipulation,49,79,67,23.219126164913177
base,bit_manipulation,49,96,47,16.3815955221653
base,bit_manipulation,49,1,43,13.397255457937717
base,bit_manipulation,49,2,15,6.669846057891846
base,bit_manipulation,49,28,13,3.3054032623767853
base,bit_manipulation,49,82,156,48.99892392754555
base,bit_manipulation,49,30,18,7.155382126569748
base,bit_manipulation,49,94,52,18.70345950126648
base,bit_manipulation,49,36,4,1.1119370460510254
base,bit_manipulation,49,116,6,1.9344669431447983
base,bit_manipulation,49,99,19,11.088268786668777
base,bit_manipulation,49,76,80,31.640842884778976
base,bit_manipulation,49,72,53,20.00738026201725
base,bit_manipulation,49,105,47,21.052447214722633
base,bit_manipulation,49,125,7,2.129470258951187
base,bit_manipulation,49,98,42,14.266515076160431
base,bit_manipulation,49,42,4,0.7685512602329254
base,bit_manipulation,49,53,4,1.4050411880016327
base,bit_manipulation,49,6,7,2.1141698360443115
base,bit_manipulation,49,0,12,4.484463304281235
base,bit_manipulation,49,119,43,16.204497769474983
base,bit_manipulation,49,55,94,35.048713117837906
base,bit_manipulation,49,43,150,54.90405686199665
base,bit_manipulation,49,88,327,120.8453803807497
base,bit_manipulation,49,124,26,7.36311899125576
base,bit_manipulation,49,86,53,17.472072198987007
base,bit_manipulation,49,67,12,3.7206172794103622
base,bit_manipulation,49,73,183,67.58909131586552
base,bit_manipulation,49,83,2,0.6444823741912842
base,bit_manipulation,49,15,29,12.451530888676643
base,bit_manipulation,49,107,9,3.0176275819540024
base,bit_manipulation,49,40,11,3.331370770931244
base,bit_manipulation,49,33,59,20.797633096575737
base,bit_manipulation,49,29,22,8.074486464262009
base,bit_manipulation,49,25,16,4.944081008434296
base,bit_manipulation,49,103,15,6.444020390510559
base,bit_manipulation,49,112,3,1.0818407535552979
base,bit_manipulation,49,51,3,1.077684462070465
base,bit_manipulation,49,70,18,6.536241114139557
base,bit_manipulation,49,77,8,2.353335678577423
base,bit_manipulation,49,120,29,10.462355211377144
base,bit_manipulation,49,66,10,3.0688490122556686
base,bit_manipulation,49,75,2,0.6694577634334564
base,bit_manipulation,49,35,8,2.9163546562194824
base,bit_manipulation,49,60,28,9.979671597480774
base,bit_manipulation,49,50,55,19.022223442792892
base,bit_manipulation,49,19,24,8.38533130288124
base,bit_manipulation,49,109,8,2.600945621728897
base,bit_manipulation,49,49,12,4.325857073068619
base,bit_manipulation,49,127,9,2.381834164261818
base,bit_manipulation,49,20,12,3.073263555765152
base,bit_manipulation,49,47,8,2.3070297688245773
base,bit_manipulation,51,24,16,8.149778664112091
base,bit_manipulation,51,57,501,266.9394750893116
base,bit_manipulation,51,79,19,5.560502931475639
base,bit_manipulation,51,83,20,14.042865797877312
base,bit_manipulation,51,96,24,9.44311298429966
base,bit_manipulation,51,53,25,5.344964750111103
base,bit_manipulation,51,2,63,25.535628378391266
base,bit_manipulation,51,17,42,15.816541731357574
base,bit_manipulation,51,90,9,2.666903018951416
base,bit_manipulation,51,100,31,13.387384846806526
base,bit_manipulation,51,106,59,23.971757784485817
base,bit_manipulation,51,95,48,12.507316648960114
base,bit_manipulation,51,26,20,4.872613951563835
base,bit_manipulation,51,36,239,91.79969830811024
base,bit_manipulation,51,55,72,30.54316997528076
base,bit_manipulation,51,116,29,9.930439949035645
base,bit_manipulation,51,15,97,36.06058098375797
base,bit_manipulation,51,20,40,15.68632985651493
base,bit_manipulation,51,84,42,19.265955105423927
base,bit_manipulation,51,87,20,9.92501562833786
base,bit_manipulation,51,120,36,19.67073404788971
base,bit_manipulation,51,97,48,17.57567662000656
base,bit_manipulation,51,6,66,22.677798822522163
base,bit_manipulation,51,114,32,18.62000373005867
base,bit_manipulation,51,115,55,20.159365564584732
base,bit_manipulation,51,117,65,24.982906371355057
base,bit_manipulation,51,123,20,5.899809807538986
base,bit_manipulation,51,3,83,34.06788969039917
base,bit_manipulation,51,25,7,1.3710939660668373
base,bit_manipulation,51,108,29,8.64000953733921
base,bit_manipulation,51,91,24,6.778050914406776
base,bit_manipulation,51,13,29,12.003469467163086
base,bit_manipulation,51,94,31,10.073990441858768
base,bit_manipulation,51,98,16,9.311745628714561
base,bit_manipulation,51,30,125,52.30904644727707
base,bit_manipulation,51,31,18,14.321545392274857
base,bit_manipulation,51,45,30,12.094796299934387
base,bit_manipulation,51,62,20,8.839613407850266
base,bit_manipulation,51,80,30,9.520712599158287
base,bit_manipulation,51,125,43,23.594138115644455
base,bit_manipulation,51,65,29,9.293675035238266
base,bit_manipulation,51,93,8,3.8192058801651
base,bit_manipulation,51,119,48,18.300314500927925
base,bit_manipulation,51,5,14,4.507603287696838
base,bit_manipulation,51,54,64,27.422347366809845
base,bit_manipulation,51,10,5,1.6290511786937714
base,bit_manipulation,51,27,244,118.28398677706718
base,bit_manipulation,51,58,52,18.76295131444931
base,bit_manipulation,51,113,21,8.622265443205833
base,bit_manipulation,51,9,436,186.5024997740984
base,bit_manipulation,51,78,88,33.294018253684044
base,bit_manipulation,51,85,60,29.823428243398666
base,bit_manipulation,51,19,51,21.25608989596367
base,bit_manipulation,51,22,16,10.909912824630737
base,bit_manipulation,51,48,26,8.45230421423912
base,bit_manipulation,51,41,52,23.686957091093063
base,bit_manipulation,51,92,35,11.226051732897758
base,bit_manipulation,51,121,39,15.081032127141953
base,bit_manipulation,51,61,21,12.995998531579971
base,bit_manipulation,51,76,8,2.38942252099514
base,bit_manipulation,51,109,12,4.458694189786911
base,bit_manipulation,51,112,56,23.011569678783417
base,bit_manipulation,51,44,51,17.441357880830765
base,bit_manipulation,51,50,4,1.4559189081192017
base,bit_manipulation,51,68,8,3.423374652862549
base,bit_manipulation,51,52,24,7.6534928902983665
base,bit_manipulation,51,59,4,1.6348085403442383
base,bit_manipulation,51,104,5,2.194123238325119
base,bit_manipulation,51,110,15,5.827455937862396
base,bit_manipulation,51,42,63,20.633955165743828
base,bit_manipulation,51,126,16,6.462339714169502
base,bit_manipulation,51,16,18,6.621034927666187
base,bit_manipulation,51,86,16,7.665036141872406
base,bit_manipulation,51,29,13,3.856632262468338
base,bit_manipulation,51,70,6,1.3044100999832153
base,bit_manipulation,51,67,16,5.952046304941177
base,bit_manipulation,51,21,87,31.714094884693623
base,bit_manipulation,51,18,18,5.4180832505226135
base,bit_manipulation,51,11,25,9.658635959029198
base,bit_manipulation,51,1,56,24.867968380451202
base,bit_manipulation,51,35,232,100.60295067727566
base,bit_manipulation,51,74,52,21.810252889990807
base,bit_manipulation,51,82,23,16.30016841739416
base,bit_manipulation,51,101,21,14.777008414268494
base,bit_manipulation,51,111,9,3.400381952524185
base,bit_manipulation,51,14,15,5.808357864618301
base,bit_manipulation,51,23,18,5.23870462179184
base,bit_manipulation,51,40,12,5.420373976230621
base,bit_manipulation,51,73,166,65.71462459862232
base,bit_manipulation,51,12,43,20.71486485004425
base,bit_manipulation,51,64,11,2.921297013759613
base,bit_manipulation,51,118,39,11.88267956674099
base,bit_manipulation,51,63,11,4.006655126810074
base,bit_manipulation,51,37,23,8.121770858764648
base,bit_manipulation,51,81,137,52.86512462794781
base,bit_manipulation,51,88,370,165.7261121571064
base,bit_manipulation,51,66,21,7.212767452001572
base,bit_manipulation,51,102,28,10.577028021216393
base,bit_manipulation,51,46,20,6.841614276170731
base,bit_manipulation,51,47,70,26.613671094179153
base,bit_manipulation,51,7,15,4.236192390322685
base,bit_manipulation,51,69,116,36.91915048658848
base,bit_manipulation,51,39,15,6.037014812231064
base,bit_manipulation,51,51,30,10.66146906465292
base,bit_manipulation,51,75,11,3.1067755594849586
base,bit_manipulation,51,72,18,6.552294574677944
base,bit_manipulation,51,28,9,3.4477421939373016
base,bit_manipulation,51,43,8,2.2315632551908493
base,bit_manipulation,51,49,15,5.32019105553627
base,bit_manipulation,51,105,35,10.356958210468292
base,bit_manipulation,51,38,10,3.235086068511009
base,bit_manipulation,51,60,11,4.1320130825042725
base,bit_manipulation,51,99,14,3.0090538263320923
base,bit_manipulation,51,34,4,3.209273934364319
base,bit_manipulation,51,32,8,4.219166591763496
base,bit_manipulation,51,33,4,1.3847603499889374
base,bit_manipulation,51,71,14,4.138768836855888
base,bit_manipulation,51,56,2,0.6680544912815094
base,bit_manipulation,1,5,3,0.963452935218811
base,bit_manipulation,8,39,2,0.7787322402000427
base,bit_manipulation,8,25,7,2.7310503721237183
base,bit_manipulation,8,27,3,1.1744526028633118
base,bit_manipulation,8,79,1,0.4238128662109375
base,bit_manipulation,8,3,1,0.37938380241394043
base,bit_manipulation,10,5,5,1.7831039428710938
base,bit_manipulation,10,14,1,0.28566163778305054
base,bit_manipulation,10,73,1,0.32595041394233704
base,bit_manipulation,10,55,2,0.7183087766170502
base,bit_manipulation,10,112,3,0.9443450570106506
base,bit_manipulation,13,42,5,2.1107638478279114
base,bit_manipulation,13,117,11,3.4183036386966705
base,bit_manipulation,13,90,5,1.7976194024085999
base,bit_manipulation,13,84,3,0.9007756114006042
base,bit_manipulation,13,83,6,2.0892021358013153
base,bit_manipulation,13,50,3,0.9717427790164948
base,bit_manipulation,13,107,1,0.3605276048183441
base,bit_manipulation,13,49,1,0.33652934432029724
base,bit_manipulation,15,34,13,5.147683411836624
base,bit_manipulation,15,76,2,0.7003300786018372
base,bit_manipulation,20,67,3,0.9491661787033081
base,bit_manipulation,20,35,7,2.535065174102783
base,bit_manipulation,20,48,1,0.2624356150627136
base,bit_manipulation,20,25,1,0.3336207866668701
base,bit_manipulation,22,83,10,3.091986894607544
base,bit_manipulation,22,108,2,0.6572037041187286
base,bit_manipulation,24,5,3,0.8910983502864838
base,bit_manipulation,24,40,2,0.5374268293380737
base,bit_manipulation,24,79,2,0.78492870926857
base,bit_manipulation,24,97,3,1.0012378096580505
base,bit_manipulation,27,91,3,0.8807370960712433
base,bit_manipulation,27,100,1,0.26617106795310974
base,bit_manipulation,27,22,1,0.309144526720047
base,bit_manipulation,29,116,3,1.0792063772678375
base,bit_manipulation,29,34,2,0.7181498408317566
base,bit_manipulation,29,47,5,1.73806831240654
base,bit_manipulation,29,17,2,0.7291211783885956
base,bit_manipulation,31,24,2,0.6405903100967407
base,bit_manipulation,31,80,32,10.021527633070946
base,bit_manipulation,31,5,2,0.6318390965461731
base,bit_manipulation,31,103,2,0.3567598760128021
base,bit_manipulation,34,79,2,0.6626839637756348
base,bit_manipulation,34,119,1,0.21902801096439362
base,bit_manipulation,34,84,2,0.5651285946369171
base,bit_manipulation,34,20,8,2.6674174070358276
base,bit_manipulation,34,127,2,0.4271508604288101
base,bit_manipulation,36,11,1,0.3508838713169098
base,bit_manipulation,38,96,4,1.1741198748350143
base,bit_manipulation,38,32,3,0.5544173792004585
base,bit_manipulation,38,73,2,0.6258172988891602
base,bit_manipulation,38,119,5,0.6900381073355675
base,bit_manipulation,38,0,1,0.10421395301818848
base,bit_manipulation,40,61,3,0.48331255465745926
base,bit_manipulation,40,84,1,0.0781957358121872
base,bit_manipulation,40,119,1,0.15011923015117645
base,bit_manipulation,40,96,7,1.1256500333547592
base,bit_manipulation,40,80,1,0.09157154709100723
base,bit_manipulation,43,91,8,2.599416062235832
base,bit_manipulation,43,61,1,0.2034987211227417
base,bit_manipulation,43,115,3,0.7612532526254654
base,bit_manipulation,45,62,2,0.4582221806049347
base,bit_manipulation,45,121,12,2.6221339851617813
base,bit_manipulation,45,9,3,0.4611525684595108
base,bit_manipulation,45,89,4,0.8668235093355179
base,bit_manipulation,47,57,2,0.6727899312973022
base,bit_manipulation,47,109,4,1.0293469727039337
base,bit_manipulation,47,65,1,0.24344545602798462
base,bit_manipulation,49,22,5,1.59402197599411
base,bit_manipulation,49,3,5,2.078976631164551
base,bit_manipulation,51,103,3,0.8833774328231812
base,bit_manipulation,51,77,2,0.7180987596511841
base,bit_manipulation,6,57,2,0.5587957501411438
base,bit_manipulation,8,85,7,3.021929830312729
base,bit_manipulation,8,107,1,0.3858279585838318
base,bit_manipulation,10,126,1,0.3458212614059448
base,bit_manipulation,10,57,2,0.6395294666290283
base,bit_manipulation,10,3,1,0.262846976518631
base,bit_manipulation,13,20,1,0.20090657472610474
base,bit_manipulation,13,10,2,0.6578953564167023
base,bit_manipulation,13,53,1,0.1836787313222885
base,bit_manipulation,15,119,2,0.6801952719688416
base,bit_manipulation,15,50,1,0.3582559823989868
base,bit_manipulation,15,35,5,1.8425250053405762
base,bit_manipulation,15,36,1,0.3076414465904236
base,bit_manipulation,15,68,1,0.37746694684028625
base,bit_manipulation,17,95,1,0.4444884955883026
base,bit_manipulation,20,83,1,0.3407357335090637
base,bit_manipulation,22,26,1,0.4268611669540405
base,bit_manipulation,22,19,4,1.0835499465465546
base,bit_manipulation,24,6,3,1.0459200739860535
base,bit_manipulation,24,57,1,0.3244166970252991
base,bit_manipulation,27,46,1,0.29460835456848145
base,bit_manipulation,27,72,1,0.39660486578941345
base,bit_manipulation,27,116,2,0.7629268169403076
base,bit_manipulation,29,31,1,0.38247376680374146
base,bit_manipulation,29,8,1,0.28429943323135376
base,bit_manipulation,29,9,2,0.8074167668819427
base,bit_manipulation,29,88,2,0.6981675624847412
base,bit_manipulation,29,109,2,0.7782227694988251
base,bit_manipulation,34,83,2,0.7404828369617462
base,bit_manipulation,34,32,2,0.5369182229042053
base,bit_manipulation,36,81,1,0.2765483558177948
base,bit_manipulation,38,87,2,0.5793892741203308
base,bit_manipulation,40,45,1,0.28618770837783813
base,bit_manipulation,40,122,2,0.7403099834918976
base,bit_manipulation,43,80,1,0.37253040075302124
base,bit_manipulation,45,33,3,0.5417025610804558
base,bit_manipulation,45,14,2,0.4235672056674957
base,bit_manipulation,49,4,1,0.21405629813671112
base,bit_manipulation,6,25,1,0.2733609080314636
base,bit_manipulation,8,122,1,0.3321567475795746
base,bit_manipulation,8,5,1,0.3579544723033905
base,bit_manipulation,13,17,2,0.6809228658676147
base,bit_manipulation,13,57,1,0.2998673617839813
base,bit_manipulation,17,105,1,0.4626423418521881
base,bit_manipulation,17,61,2,0.9025297164916992
base,bit_manipulation,20,127,1,0.24488382041454315
base,bit_manipulation,24,36,1,0.3002435266971588
base,bit_manipulation,24,117,1,0.34386709332466125
base,bit_manipulation,29,107,1,0.3244773745536804
base,bit_manipulation,31,83,1,0.35107678174972534
base,bit_manipulation,31,20,1,0.317892849445343
base,bit_manipulation,31,62,1,0.31275761127471924
base,bit_manipulation,31,55,1,0.21238845586776733
base,bit_manipulation,34,113,1,0.26010411977767944
base,bit_manipulation,34,68,2,0.6302415728569031
base,bit_manipulation,36,80,1,0.3180628716945648
base,bit_manipulation,36,79,2,0.38584673404693604
base,bit_manipulation,36,99,1,0.30202752351760864
base,bit_manipulation,38,9,2,0.3469342887401581
base,bit_manipulation,38,80,1,0.18454766273498535
base,bit_manipulation,38,8,1,0.3039991557598114
base,bit_manipulation,43,86,1,0.10865487903356552
base,bit_manipulation,43,13,2,0.617904543876648
base,bit_manipulation,45,54,1,0.295711874961853
base,bit_manipulation,45,56,1,0.10607951134443283
base,bit_manipulation,45,123,2,0.5132143944501877
base,bit_manipulation,45,27,1,0.19744351506233215
base,bit_manipulation,45,80,1,0.2940363883972168
base,bit_manipulation,49,5,1,0.3157345950603485
base,bit_manipulation,49,117,7,2.492587298154831
base,bit_manipulation,49,111,1,0.3465239703655243
base,bit_manipulation,49,71,1,0.38681721687316895
base,equation_transform,1,11,17,6.091180831193924
base,equation_transform,1,34,19,8.82757106423378
base,equation_transform,1,69,33,15.765833735466003
base,equation_transform,1,74,18,7.6492767333984375
base,equation_transform,1,113,20,7.914965003728867
base,equation_transform,1,24,28,11.377710193395615
base,equation_transform,1,12,22,8.734687775373459
base,equation_transform,1,29,12,4.734763443470001
base,equation_transform,1,45,35,12.187092557549477
base,equation_transform,1,57,17,7.361657649278641
base,equation_transform,1,119,35,12.096999704837799
base,equation_transform,1,6,46,15.933413326740265
base,equation_transform,1,1,8,3.5799295902252197
base,equation_transform,1,8,11,4.7733815014362335
base,equation_transform,1,9,17,5.627791583538055
base,equation_transform,1,64,20,9.1164590716362
base,equation_transform,1,85,25,11.83006465435028
base,equation_transform,1,15,13,4.214232951402664
base,equation_transform,1,54,34,12.920380383729935
base,equation_transform,1,117,43,17.935857981443405
base,equation_transform,1,60,12,6.236993849277496
base,equation_transform,1,110,16,7.347745627164841
base,equation_transform,1,125,11,4.867233693599701
base,equation_transform,1,94,9,2.7872510850429535
base,equation_transform,1,55,29,12.679821401834488
base,equation_transform,1,83,19,7.200578957796097
base,equation_transform,1,120,25,10.315564125776291
base,equation_transform,1,39,8,2.956759065389633
base,equation_transform,1,7,14,6.617187947034836
base,equation_transform,1,41,21,10.128815114498138
base,equation_transform,1,101,34,13.310765147209167
base,equation_transform,1,31,35,17.352737605571747
base,equation_transform,1,43,17,6.695082038640976
base,equation_transform,1,76,45,17.988529950380325
base,equation_transform,1,121,5,2.7407416999340057
base,equation_transform,1,93,34,11.871671557426453
base,equation_transform,1,75,16,7.420047909021378
base,equation_transform,1,98,25,11.120037078857422
base,equation_transform,1,111,9,3.430561453104019
base,equation_transform,1,90,21,6.892110913991928
base,equation_transform,1,13,9,3.2411991953849792
base,equation_transform,1,33,29,11.559474021196365
base,equation_transform,1,73,15,8.187644064426422
base,equation_transform,1,91,34,13.880804270505905
base,equation_transform,1,106,21,9.13320380449295
base,equation_transform,1,97,17,6.595437526702881
base,equation_transform,1,3,21,7.198981404304504
base,equation_transform,1,17,12,5.34778693318367
base,equation_transform,1,63,8,3.3071108758449554
base,equation_transform,1,66,11,3.142966330051422
base,equation_transform,1,79,9,4.288182824850082
base,equation_transform,1,100,19,9.418687343597412
base,equation_transform,1,112,21,6.803001895546913
base,equation_transform,1,20,9,3.200418323278427
base,equation_transform,1,59,9,4.295381531119347
base,equation_transform,1,105,8,2.587386131286621
base,equation_transform,1,92,21,9.009296715259552
base,equation_transform,1,30,4,1.7107300758361816
base,equation_transform,1,32,9,4.621660739183426
base,equation_transform,1,38,65,27.356833696365356
base,equation_transform,1,109,40,17.63582080602646
base,equation_transform,1,2,8,3.1304969489574432
base,equation_transform,1,19,6,2.224981188774109
base,equation_transform,1,53,20,10.059122443199158
base,equation_transform,1,77,17,8.09496295452118
base,equation_transform,1,89,16,5.8228431940078735
base,equation_transform,1,28,4,1.49765282869339
base,equation_transform,1,37,27,11.163110882043839
base,equation_transform,1,68,44,16.105714708566666
base,equation_transform,1,107,11,5.7827288210392
base,equation_transform,1,27,16,5.916325122117996
base,equation_transform,1,58,23,10.385590761899948
base,equation_transform,1,44,21,8.298981785774231
base,equation_transform,1,56,20,8.381506621837616
base,equation_transform,1,81,20,6.735038369894028
base,equation_transform,1,108,17,6.719270259141922
base,equation_transform,1,18,19,9.400529205799103
base,equation_transform,1,82,10,3.301696300506592
base,equation_transform,1,36,33,15.785587280988693
base,equation_transform,1,118,18,6.177559733390808
base,equation_transform,1,124,14,5.857760041952133
base,equation_transform,1,14,36,14.615134537220001
base,equation_transform,1,99,36,17.423849314451218
base,equation_transform,1,80,24,8.698726624250412
base,equation_transform,1,50,26,10.122364848852158
base,equation_transform,1,67,11,6.608192443847656
base,equation_transform,1,116,25,12.295658200979233
base,equation_transform,1,84,58,29.061907172203064
base,equation_transform,1,103,27,10.973331451416016
base,equation_transform,1,96,18,6.66584412753582
base,equation_transform,1,16,12,5.058833032846451
base,equation_transform,1,21,26,9.459355056285858
base,equation_transform,1,78,20,8.416740268468857
base,equation_transform,1,123,23,10.86130377650261
base,equation_transform,1,10,12,4.775935471057892
base,equation_transform,1,115,8,3.834280848503113
base,equation_transform,1,51,19,8.358964622020721
base,equation_transform,1,52,15,5.803180247545242
base,equation_transform,1,70,4,1.6268981397151947
base,equation_transform,1,126,7,2.5348857641220093
base,equation_transform,1,35,5,1.697351723909378
base,equation_transform,1,5,17,5.815689384937286
base,equation_transform,1,104,12,4.873560756444931
base,equation_transform,1,25,13,6.410190016031265
base,equation_transform,1,61,6,3.035714268684387
base,equation_transform,1,102,12,6.994576662778854
base,equation_transform,1,122,16,7.811529099941254
base,equation_transform,1,71,4,1.10276198387146
base,equation_transform,1,40,10,5.0969491600990295
base,equation_transform,1,65,16,6.928244918584824
base,equation_transform,1,42,4,1.550255686044693
base,equation_transform,1,22,8,2.785869836807251
base,equation_transform,1,47,9,4.9781012535095215
base,equation_transform,1,127,7,2.1793156266212463
base,equation_transform,1,62,14,4.710933059453964
base,equation_transform,1,72,4,1.2898268699645996
base,equation_transform,1,114,5,1.6807726323604584
base,equation_transform,3,5,39,13.5852882117033
base,equation_transform,3,46,23,9.744606584310532
base,equation_transform,3,58,26,9.23667187988758
base,equation_transform,3,119,27,15.519245982170105
base,equation_transform,3,125,26,10.553282678127289
base,equation_transform,3,69,8,3.9504714608192444
base,equation_transform,3,7,29,11.127276808023453
base,equation_transform,3,28,15,6.750294923782349
base,equation_transform,3,55,24,10.775766462087631
base,equation_transform,3,70,26,8.658824563026428
base,equation_transform,3,79,16,7.372140109539032
base,equation_transform,3,9,35,11.625066623091698
base,equation_transform,3,1,20,7.6241602301597595
base,equation_transform,3,99,22,8.978654325008392
base,equation_transform,3,101,16,7.679296165704727
base,equation_transform,3,113,24,11.806727707386017
base,equation_transform,3,42,16,7.585090696811676
base,equation_transform,3,64,39,16.63146135210991
base,equation_transform,3,100,27,9.351199805736542
base,equation_transform,3,123,13,7.490710735321045
base,equation_transform,3,103,8,1.7822915613651276
base,equation_transform,3,38,13,4.707132965326309
base,equation_transform,3,126,15,6.00726243853569
base,equation_transform,3,30,13,4.175182923674583
base,equation_transform,3,35,11,5.117400705814362
base,equation_transform,3,67,15,6.585195988416672
base,equation_transform,3,93,10,4.62344554066658
base,equation_transform,3,105,10,2.755588710308075
base,equation_transform,3,108,24,11.090968906879425
base,equation_transform,3,3,12,6.795014142990112
base,equation_transform,3,72,11,5.125627294182777
base,equation_transform,3,122,27,14.017297267913818
base,equation_transform,3,2,29,10.848749577999115
base,equation_transform,3,13,13,3.1560492515563965
base,equation_transform,3,118,13,6.2112743854522705
base,equation_transform,3,102,25,7.23714753985405
base,equation_transform,3,15,26,8.598227798938751
base,equation_transform,3,19,9,7.452414155006409
base,equation_transform,3,106,12,3.2000531554222107
base,equation_transform,3,80,8,2.5451110005378723
base,equation_transform,3,0,34,17.490820705890656
base,equation_transform,3,107,27,10.844364911317825
base,equation_transform,3,115,71,30.434984177350998
base,equation_transform,3,4,21,7.479183912277222
base,equation_transform,3,23,4,2.310466766357422
base,equation_transform,3,60,8,4.34409111738205
base,equation_transform,3,63,14,4.414795994758606
base,equation_transform,3,81,18,6.6216957569122314
base,equation_transform,3,86,15,7.3305045664310455
base,equation_transform,3,32,16,4.758284717798233
base,equation_transform,3,8,24,10.142868965864182
base,equation_transform,3,77,11,4.908905595541
base,equation_transform,3,92,12,4.27827662229538
base,equation_transform,3,85,34,11.679428964853287
base,equation_transform,3,37,34,16.331660240888596
base,equation_transform,3,94,16,6.009971648454666
base,equation_transform,3,120,21,13.404039353132248
base,equation_transform,3,109,17,6.3955822587013245
base,equation_transform,3,48,18,9.33579021692276
base,equation_transform,3,71,21,7.6328799575567245
base,equation_transform,3,87,33,12.110601618885994
base,equation_transform,3,11,10,3.6977182179689407
base,equation_transform,3,34,13,4.25035685300827
base,equation_transform,3,116,28,14.478324145078659
base,equation_transform,3,66,20,7.0144104063510895
base,equation_transform,3,6,8,2.4131526798009872
base,equation_transform,3,12,31,13.605354487895966
base,equation_transform,3,75,27,10.53324756026268
base,equation_transform,3,121,8,2.1634590327739716
base,equation_transform,3,65,11,5.677312672138214
base,equation_transform,3,95,43,17.44768512248993
base,equation_transform,3,117,41,21.490481436252594
base,equation_transform,3,50,12,3.7852459251880646
base,equation_transform,3,61,4,2.0526798963546753
base,equation_transform,3,10,24,12.276031017303467
base,equation_transform,3,21,4,2.0885260105133057
base,equation_transform,3,33,12,4.23563551902771
base,equation_transform,3,73,23,9.419559001922607
base,equation_transform,3,52,60,21.55565021932125
base,equation_transform,3,44,30,13.279499977827072
base,equation_transform,3,45,20,8.01069650053978
base,equation_transform,3,62,42,16.41017183661461
base,equation_transform,3,41,10,3.7547334134578705
base,equation_transform,3,29,26,10.929518789052963
base,equation_transform,3,18,17,7.313010782003403
base,equation_transform,3,54,31,17.409616470336914
base,equation_transform,3,78,18,5.931087672710419
base,equation_transform,3,96,35,11.66459235548973
base,equation_transform,3,104,25,9.8408462703228
base,equation_transform,3,114,24,9.55527675151825
base,equation_transform,3,82,24,12.889122664928436
base,equation_transform,3,127,12,4.651787132024765
base,equation_transform,3,36,15,5.2631120681762695
base,equation_transform,3,89,1,0.3871934115886688
base,equation_transform,3,59,18,6.535577297210693
base,equation_transform,3,26,1,0.35089728236198425
base,equation_transform,3,57,6,2.7501376420259476
base,equation_transform,3,56,7,2.7702732384204865
base,equation_transform,3,110,30,13.777239054441452
base,equation_transform,3,74,29,12.495896086096764
base,equation_transform,3,16,8,2.854766696691513
base,equation_transform,3,24,12,4.937688738107681
base,equation_transform,3,51,8,4.038002282381058
base,equation_transform,3,76,14,6.555830180644989
base,equation_transform,3,111,10,3.162710726261139
base,equation_transform,3,53,6,1.5402558147907257
base,equation_transform,3,49,12,5.744393587112427
base,equation_transform,3,84,13,5.218021214008331
base,equation_transform,3,20,3,0.9761069715023041
base,equation_transform,3,40,5,2.566657930612564
base,equation_transform,3,112,9,5.309796631336212
base,equation_transform,3,31,17,6.852981269359589
base,equation_transform,3,97,6,3.044288247823715
base,equation_transform,3,90,17,7.530108749866486
base,equation_transform,3,25,5,1.5711137056350708
base,equation_transform,3,47,6,1.7783876061439514
base,equation_transform,6,13,38,16.226532734930515
base,equation_transform,6,70,25,9.377172231674194
base,equation_transform,6,81,48,14.112695632502437
base,equation_transform,6,96,17,3.693738592788577
base,equation_transform,6,108,24,28.761508107185364
base,equation_transform,6,92,24,4.190996490418911
base,equation_transform,6,20,6,1.8823330998420715
base,equation_transform,6,55,8,3.7357544898986816
base,equation_transform,6,62,23,8.250613063573837
base,equation_transform,6,106,91,43.48288854956627
base,equation_transform,6,116,19,5.088909342885017
base,equation_transform,6,16,4,1.16679185628891
base,equation_transform,6,27,42,13.92852658033371
base,equation_transform,6,29,53,19.689019709825516
base,equation_transform,6,30,7,2.7160048484802246
base,equation_transform,6,71,4,1.9694846272468567
base,equation_transform,6,114,8,3.824597656726837
base,equation_transform,6,124,21,6.977698728442192
base,equation_transform,6,19,8,4.303134381771088
base,equation_transform,6,31,24,7.25592777132988
base,equation_transform,6,122,12,3.4673203378915787
base,equation_transform,6,8,21,7.293239742517471
base,equation_transform,6,54,4,2.341681718826294
base,equation_transform,6,126,8,3.9474123120307922
base,equation_transform,6,65,7,2.161968320608139
base,equation_transform,6,12,14,4.077639013528824
base,equation_transform,6,45,37,14.21892312169075
base,equation_transform,6,73,14,5.880312144756317
base,equation_transform,6,79,21,11.686377942562103
base,equation_transform,6,107,67,32.14311629533768
base,equation_transform,6,50,8,2.779384970664978
base,equation_transform,6,94,6,2.2264123260974884
base,equation_transform,6,99,14,4.596191167831421
base,equation_transform,6,87,29,13.69448907673359
base,equation_transform,6,89,13,6.902950942516327
base,equation_transform,6,1,29,10.815715581178665
base,equation_transform,6,95,16,7.058706849813461
base,equation_transform,6,123,17,4.813068894669414
base,equation_transform,6,103,6,1.9083367884159088
base,equation_transform,6,60,8,3.48624250292778
base,equation_transform,6,78,16,7.135975569486618
base,equation_transform,6,84,12,4.778649657964706
base,equation_transform,6,102,33,11.755665466189384
base,equation_transform,6,24,11,3.749927341938019
base,equation_transform,6,118,4,2.6747657656669617
base,equation_transform,6,21,8,2.132041320204735
base,equation_transform,6,26,16,9.155292242765427
base,equation_transform,6,75,34,15.741287231445312
base,equation_transform,6,33,36,13.065950766205788
base,equation_transform,6,56,27,14.450146898627281
base,equation_transform,6,5,9,2.8518541753292084
base,equation_transform,6,105,22,8.261295825242996
base,equation_transform,6,58,29,11.746386855840683
base,equation_transform,6,100,14,4.94666700065136
base,equation_transform,6,51,4,0.9789147078990936
base,equation_transform,6,0,8,3.064124584197998
base,equation_transform,6,125,11,5.9080992341041565
base,equation_transform,6,39,13,5.464271605014801
base,equation_transform,6,110,5,2.1001015305519104
base,equation_transform,6,47,15,4.6823258101940155
base,equation_transform,6,77,8,3.1166877448558807
base,equation_transform,6,76,24,11.946393549442291
base,equation_transform,6,93,49,21.224087327718735
base,equation_transform,6,111,117,51.53078842163086
base,equation_transform,6,38,4,1.2300483882427216
base,equation_transform,6,52,75,42.292690128088
base,equation_transform,6,63,32,10.573422819375992
base,equation_transform,6,127,20,5.624283626675606
base,equation_transform,6,25,49,18.90170180797577
base,equation_transform,6,37,34,16.65276265144348
base,equation_transform,6,109,50,25.775182753801346
base,equation_transform,6,104,11,5.455154657363892
base,equation_transform,6,64,9,4.7975658774375916
base,equation_transform,6,113,15,4.625079154968262
base,equation_transform,6,119,7,2.2656724750995636
base,equation_transform,6,4,3,1.2440117597579956
base,equation_transform,6,15,55,20.908264324069023
base,equation_transform,6,115,13,8.06964361667633
base,equation_transform,6,2,20,8.222339376807213
base,equation_transform,6,66,17,5.613028198480606
base,equation_transform,6,44,29,12.52848008275032
base,equation_transform,6,49,25,11.9401133954525
base,equation_transform,6,80,13,5.583665907382965
base,equation_transform,6,120,19,6.809697777032852
base,equation_transform,6,22,16,5.963118180632591
base,equation_transform,6,67,19,6.666101902723312
base,equation_transform,6,36,12,4.0525389313697815
base,equation_transform,6,97,15,4.475232258439064
base,equation_transform,6,40,12,6.370025813579559
base,equation_transform,6,61,14,4.957050323486328
base,equation_transform,6,41,28,11.29113394021988
base,equation_transform,6,9,8,3.559654951095581
base,equation_transform,6,7,42,15.981297105550766
base,equation_transform,6,43,8,2.5611952543258667
base,equation_transform,6,74,8,4.336428284645081
base,equation_transform,6,117,18,8.726841419935226
base,equation_transform,6,57,2,0.5458301603794098
base,equation_transform,6,83,23,8.478364944458008
base,equation_transform,6,69,31,13.148137390613556
base,equation_transform,6,91,4,1.6989676356315613
base,equation_transform,6,46,7,2.675534248352051
base,equation_transform,6,72,4,1.700564056634903
base,equation_transform,6,101,9,3.08773997426033
base,equation_transform,6,88,4,2.7508395314216614
base,equation_transform,6,32,9,4.484289914369583
base,equation_transform,6,34,2,0.5230091512203217
base,equation_transform,6,82,8,2.4959920942783356
base,equation_transform,6,121,6,2.121757686138153
base,equation_transform,6,112,2,0.5829170644283295
base,equation_transform,8,50,30,10.601307988166809
base,equation_transform,8,64,9,3.293189227581024
base,equation_transform,8,90,49,23.78758755326271
base,equation_transform,8,91,14,5.5159783363342285
base,equation_transform,8,109,9,3.638195753097534
base,equation_transform,8,3,2,0.7642146944999695
base,equation_transform,8,42,7,2.799845725297928
base,equation_transform,8,65,7,3.380948841571808
base,equation_transform,8,76,34,12.776921570301056
base,equation_transform,8,92,29,11.132994294166565
base,equation_transform,8,117,10,3.582893490791321
base,equation_transform,8,118,40,16.92787680029869
base,equation_transform,8,9,65,34.336997389793396
base,equation_transform,8,60,58,21.685214638710022
base,equation_transform,8,66,7,2.71740186214447
base,equation_transform,8,72,31,10.86953367292881
base,equation_transform,8,101,115,46.708625882864
base,equation_transform,8,88,8,2.639920264482498
base,equation_transform,8,100,21,7.904436111450195
base,equation_transform,8,111,10,3.717735677957535
base,equation_transform,8,11,205,90.61329287290573
base,equation_transform,8,24,5,1.1538888812065125
base,equation_transform,8,69,190,95.21152511239052
base,equation_transform,8,61,90,36.085064858198166
base,equation_transform,8,38,13,4.461192548274994
base,equation_transform,8,78,22,9.870419919490814
base,equation_transform,8,94,5,2.2295416593551636
base,equation_transform,8,49,44,17.49227613210678
base,equation_transform,8,116,26,10.174642533063889
base,equation_transform,8,95,13,4.466974556446075
base,equation_transform,8,70,19,7.855108201503754
base,equation_transform,8,4,4,1.4519560933113098
base,equation_transform,8,67,20,8.040592312812805
base,equation_transform,8,127,13,4.848066866397858
base,equation_transform,8,18,15,5.844985723495483
base,equation_transform,8,93,19,6.994331985712051
base,equation_transform,8,2,4,2.2694831490516663
base,equation_transform,8,28,9,3.4466119706630707
base,equation_transform,8,32,17,6.1926588118076324
base,equation_transform,8,39,2,0.7198428809642792
base,equation_transform,8,123,25,8.81034018099308
base,equation_transform,8,71,19,8.178859204053879
base,equation_transform,8,80,5,1.9479210376739502
base,equation_transform,8,77,54,18.68241047859192
base,equation_transform,8,19,54,24.567435413599014
base,equation_transform,8,1,26,10.526948034763336
base,equation_transform,8,48,12,4.706921577453613
base,equation_transform,8,56,16,5.619780391454697
base,equation_transform,8,97,4,1.1048878729343414
base,equation_transform,8,23,61,24.6222023665905
base,equation_transform,8,84,5,2.241383910179138
base,equation_transform,8,113,17,8.310828804969788
base,equation_transform,8,43,27,9.917866587638855
base,equation_transform,8,58,23,9.293373107910156
base,equation_transform,8,44,8,2.7608743607997894
base,equation_transform,8,121,1,0.2941141128540039
base,equation_transform,8,21,15,6.747122257947922
base,equation_transform,8,115,20,7.282215774059296
base,equation_transform,8,125,21,7.893745929002762
base,equation_transform,8,26,16,6.595629662275314
base,equation_transform,8,75,35,14.42736268043518
base,equation_transform,8,73,4,1.6377773880958557
base,equation_transform,8,74,13,5.023202538490295
base,equation_transform,8,30,5,2.0266677737236023
base,equation_transform,8,82,9,3.3930667340755463
base,equation_transform,8,104,15,5.437767416238785
base,equation_transform,8,0,22,8.878227919340134
base,equation_transform,8,119,14,4.816789835691452
base,equation_transform,8,124,4,1.4828680455684662
base,equation_transform,8,29,35,18.085512161254883
base,equation_transform,8,40,2,0.6400919556617737
base,equation_transform,8,41,10,4.469630569219589
base,equation_transform,8,47,12,4.672576695680618
base,equation_transform,8,63,8,2.7912174463272095
base,equation_transform,8,96,12,4.199251055717468
base,equation_transform,8,114,36,14.241193234920502
base,equation_transform,8,15,4,1.5644254684448242
base,equation_transform,8,36,43,19.649197161197662
base,equation_transform,8,105,35,15.250661224126816
base,equation_transform,8,86,9,3.3229054510593414
base,equation_transform,8,34,24,9.908031970262527
base,equation_transform,8,89,7,2.8751321732997894
base,equation_transform,8,10,45,20.41453182697296
base,equation_transform,8,85,6,2.3231049180030823
base,equation_transform,8,51,7,2.5364119708538055
base,equation_transform,8,106,5,2.1135986745357513
base,equation_transform,8,83,3,1.1110723316669464
base,equation_transform,8,33,15,5.452264338731766
base,equation_transform,8,110,4,1.8600368201732635
base,equation_transform,8,46,5,1.643009513616562
base,equation_transform,8,35,12,4.566290348768234
base,equation_transform,8,112,4,1.6588194668293
base,equation_transform,10,21,4,1.8754032850265503
base,equation_transform,10,32,12,3.7676316499710083
base,equation_transform,10,40,47,17.244475960731506
base,equation_transform,10,93,5,2.513543725013733
base,equation_transform,10,125,14,5.544981867074966
base,equation_transform,10,2,9,3.5667420029640198
base,equation_transform,10,47,61,25.936789378523827
base,equation_transform,10,97,16,7.047367960214615
base,equation_transform,10,99,90,43.61177361011505
base,equation_transform,10,113,25,9.587156057357788
base,equation_transform,10,120,62,20.536496251821518
base,equation_transform,10,60,159,69.36244922876358
base,equation_transform,10,65,35,13.334818303585052
base,equation_transform,10,70,16,6.033479660749435
base,equation_transform,10,80,5,1.5905257761478424
base,equation_transform,10,43,8,3.6339069306850433
base,equation_transform,10,52,11,3.4198717027902603
base,equation_transform,10,94,4,0.7599987983703613
base,equation_transform,10,58,10,2.7017384618520737
base,equation_transform,10,27,12,5.175664246082306
base,equation_transform,10,41,9,3.948319137096405
base,equation_transform,10,78,20,6.539266392588615
base,equation_transform,10,62,5,1.5815600156784058
base,equation_transform,10,46,278,138.3584691286087
base,equation_transform,10,77,7,2.1053557991981506
base,equation_transform,10,0,6,1.9141867458820343
base,equation_transform,10,19,129,57.950486436486244
base,equation_transform,10,81,10,2.787398546934128
base,equation_transform,10,108,8,3.3381983935832977
base,equation_transform,10,15,13,3.5877469927072525
base,equation_transform,10,23,4,1.24225452542305
base,equation_transform,10,48,79,26.7125107049942
base,equation_transform,10,9,6,2.1984874606132507
base,equation_transform,10,87,16,5.710549235343933
base,equation_transform,10,110,26,8.866440191864967
base,equation_transform,10,59,25,9.505407273769379
base,equation_transform,10,7,118,45.46445444226265
base,equation_transform,10,96,19,7.2674165070056915
base,equation_transform,10,28,3,0.7745428681373596
base,equation_transform,10,51,6,1.8981087505817413
base,equation_transform,10,30,5,1.8616665303707123
base,equation_transform,10,53,8,2.562820643186569
base,equation_transform,10,37,119,47.56436522305012
base,equation_transform,10,82,8,3.224918633699417
base,equation_transform,10,98,26,11.790840864181519
base,equation_transform,10,39,100,65.27881985902786
base,equation_transform,10,91,39,13.951796680688858
base,equation_transform,10,86,27,9.491835713386536
base,equation_transform,10,55,19,7.174156159162521
base,equation_transform,10,49,2,0.6144225895404816
base,equation_transform,10,92,2,0.608802855014801
base,equation_transform,10,34,2,0.6331827342510223
base,equation_transform,10,76,91,37.80118781328201
base,equation_transform,10,111,32,13.17356713116169
base,equation_transform,10,103,11,3.4371279180049896
base,equation_transform,10,112,4,1.5213281512260437
base,equation_transform,10,20,10,3.2324159145355225
base,equation_transform,10,57,1,0.324116051197052
base,equation_transform,10,56,1,0.48501771688461304
base,equation_transform,10,33,4,1.3391388058662415
base,equation_transform,10,24,4,1.4517697393894196
base,equation_transform,10,100,3,1.0022729635238647
base,equation_transform,10,4,19,6.990849032998085
base,equation_transform,10,84,9,2.956241875886917
base,equation_transform,10,88,5,1.6312345266342163
base,equation_transform,10,85,4,1.2900842130184174
base,equation_transform,10,117,4,1.6357425451278687
base,equation_transform,10,35,16,5.982580810785294
base,equation_transform,10,105,8,3.1218084543943405
base,equation_transform,10,102,3,0.9025126397609711
base,equation_transform,10,6,27,8.504992514848709
base,equation_transform,10,45,4,2.023445725440979
base,equation_transform,10,95,1,0.3291490077972412
base,equation_transform,10,71,46,17.10359838604927
base,equation_transform,10,68,7,2.63112473487854
base,equation_transform,10,16,34,13.75554895401001
base,equation_transform,10,115,4,1.1422151923179626
base,equation_transform,10,127,32,16.251720160245895
base,equation_transform,10,89,4,1.6930138170719147
base,equation_transform,10,114,15,5.934123620390892
base,equation_transform,10,42,6,2.156685709953308
base,equation_transform,10,25,4,1.4396327137947083
base,equation_transform,13,23,4,0.0213171667419374
base,equation_transform,13,45,11,16.274795278906822
base,equation_transform,13,85,46,13.56049964344129
base,equation_transform,13,96,6,0.7534407153725624
base,equation_transform,13,119,46,15.953255294822156
base,equation_transform,13,11,4,0.016672467812895775
base,equation_transform,13,19,73,33.24300092458725
base,equation_transform,13,40,46,15.850084364414215
base,equation_transform,13,46,171,63.56624220311642
base,equation_transform,13,48,245,121.48386345803738
base,equation_transform,13,94,8,2.4791890382766724
base,equation_transform,13,22,26,10.668835431337357
base,equation_transform,13,3,65,25.869459182024002
base,equation_transform,13,25,33,11.337976396083832
base,equation_transform,13,122,8,2.5912886559963226
base,equation_transform,13,59,6,1.759949266910553
base,equation_transform,13,71,31,11.36094555258751
base,equation_transform,13,77,25,10.532697021961212
base,equation_transform,13,99,12,4.3689228892326355
base,equation_transform,13,55,4,1.4009304642677307
base,equation_transform,13,101,8,3.2198100686073303
base,equation_transform,13,34,174,84.18543258309364
base,equation_transform,13,56,77,30.097937792539597
base,equation_transform,13,26,7,2.275794208049774
base,equation_transform,13,44,44,16.95079156756401
base,equation_transform,13,5,8,2.3441105484962463
base,equation_transform,13,100,95,34.69200885295868
base,equation_transform,13,12,12,4.377506613731384
base,equation_transform,13,74,71,29.721807330846786
base,equation_transform,13,6,6,1.8922874629497528
base,equation_transform,13,4,59,22.498999044299126
base,equation_transform,13,62,103,48.03652139008045
base,equation_transform,13,78,12,4.018728196620941
base,equation_transform,13,115,16,5.254794389009476
base,equation_transform,13,18,2,0.6325024664402008
base,equation_transform,13,41,65,23.49817554652691
base,equation_transform,13,120,95,39.670001566410065
base,equation_transform,13,13,73,38.54326841235161
base,equation_transform,13,82,2,0.588174045085907
base,equation_transform,13,24,68,33.49504765868187
base,equation_transform,13,63,51,20.629550501704216
base,equation_transform,13,114,5,1.6670357882976532
base,equation_transform,13,30,19,11.242797791957855
base,equation_transform,13,87,25,10.15698954463005
base,equation_transform,13,65,14,5.440458178520203
base,equation_transform,13,33,3,0.866686999797821
base,equation_transform,13,66,11,5.454746916890144
base,equation_transform,13,81,9,3.239854097366333
base,equation_transform,13,89,12,4.297571510076523
base,equation_transform,13,109,37,11.846267282962799
base,equation_transform,13,93,1,0.2859214246273041
base,equation_transform,13,76,8,4.341248661279678
base,equation_transform,13,88,1,0.21637210249900818
base,equation_transform,13,35,9,2.855188548564911
base,equation_transform,13,104,25,9.350510463118553
base,equation_transform,13,113,5,1.6407868266105652
base,equation_transform,13,73,9,3.249537408351898
base,equation_transform,13,91,7,2.6550606191158295
base,equation_transform,13,16,12,3.9922198057174683
base,equation_transform,13,32,12,4.796205252408981
base,equation_transform,13,50,4,1.457054316997528
base,equation_transform,13,64,5,1.7215715944766998
base,equation_transform,13,14,4,1.6979488134384155
base,equation_transform,13,38,12,3.8209365606307983
base,equation_transform,13,51,4,1.4097820520401
base,equation_transform,13,106,5,1.550740122795105
base,equation_transform,15,0,8,8.791674852371216
base,equation_transform,15,24,18,8.749110877513885
base,equation_transform,15,30,11,2.4488836053860723
base,equation_transform,15,46,8,1.3747295156936161
base,equation_transform,15,47,13,3.035667778509378
base,equation_transform,15,126,24,6.861928945407271
base,equation_transform,15,33,76,29.278732880949974
base,equation_transform,15,63,200,102.56475187838078
base,equation_transform,15,82,132,64.02348701655865
base,equation_transform,15,107,18,6.513916194438934
base,equation_transform,15,121,11,3.548976331949234
base,equation_transform,15,13,24,7.835912764072418
base,equation_transform,15,16,20,5.409775346517563
base,equation_transform,15,41,43,13.498899668455124
base,equation_transform,15,15,64,30.990625888109207
base,equation_transform,15,26,141,49.41669234633446
base,equation_transform,15,89,142,68.20034152269363
base,equation_transform,15,95,82,35.57750980556011
base,equation_transform,15,57,30,14.624915480613708
base,equation_transform,15,71,6,1.7350933253765106
base,equation_transform,15,127,34,11.666950851678848
base,equation_transform,15,86,21,6.371288821101189
base,equation_transform,15,125,220,90.56507641077042
base,equation_transform,15,36,4,1.177195966243744
base,equation_transform,15,66,5,1.6848085522651672
base,equation_transform,15,79,15,4.781168028712273
base,equation_transform,15,17,267,146.08130711317062
base,equation_transform,15,49,12,4.083154603838921
base,equation_transform,15,20,13,4.229958578944206
base,equation_transform,15,78,15,5.312761515378952
base,equation_transform,15,85,15,4.4010758846998215
base,equation_transform,15,99,13,4.893173083662987
base,equation_transform,15,64,10,3.171732932329178
base,equation_transform,15,31,1,0.18639536201953888
base,equation_transform,15,53,9,2.5706474632024765
base,equation_transform,15,5,18,7.193680942058563
base,equation_transform,15,69,9,2.384498506784439
base,equation_transform,15,54,4,1.044516772031784
base,equation_transform,15,40,11,4.380857229232788
base,equation_transform,15,88,21,7.1910602152347565
base,equation_transform,15,113,55,20.348848566412926
base,equation_transform,15,102,40,12.383702993392944
base,equation_transform,15,67,19,7.663627922534943
base,equation_transform,15,9,5,1.530972808599472
base,equation_transform,15,84,18,5.40916308760643
base,equation_transform,15,103,5,1.2374656945466995
base,equation_transform,15,93,9,3.3506543338298798
base,equation_transform,15,117,6,1.92921844124794
base,equation_transform,15,32,7,2.14473357796669
base,equation_transform,15,61,2,0.5132944285869598
base,equation_transform,15,124,16,5.97589036822319
base,equation_transform,15,1,2,0.5212406665086746
base,equation_transform,15,104,1,0.2803395092487335
base,equation_transform,15,106,5,1.224630668759346
base,equation_transform,15,14,13,4.170501500368118
base,equation_transform,15,94,4,1.1076760590076447
base,equation_transform,15,3,2,0.4584345072507858
base,equation_transform,15,42,6,1.715758427977562
base,equation_transform,15,116,9,3.277329683303833
base,equation_transform,15,74,15,7.415010094642639
base,equation_transform,15,6,3,0.8735146224498749
base,equation_transform,15,100,29,10.400423511862755
base,equation_transform,15,21,11,3.020737901329994
base,equation_transform,15,122,4,1.171511858701706
base,equation_transform,15,23,3,0.8249794840812683
base,equation_transform,15,8,10,2.732932433485985
base,equation_transform,15,18,8,2.406659096479416
base,equation_transform,15,105,4,3.5402731895446777
base,equation_transform,15,12,4,1.4704407155513763
base,equation_transform,15,97,9,2.496158078312874
base,equation_transform,15,80,12,3.9952357709407806
base,equation_transform,15,2,5,1.775068998336792
base,equation_transform,15,28,16,5.355213165283203
base,equation_transform,15,120,2,0.6054604649543762
base,equation_transform,17,12,32,11.998105625621974
base,equation_transform,17,30,76,22.010525016114116
base,equation_transform,17,59,105,53.584695901256055
base,equation_transform,17,66,20,4.354836935177445
base,equation_transform,17,127,9,12.402667194604874
base,equation_transform,17,80,26,10.051800381857902
base,equation_transform,17,21,8,3.630322962999344
base,equation_transform,17,28,51,22.614856511354446
base,equation_transform,17,72,35,11.542837873101234
base,equation_transform,17,125,28,16.719617158174515
base,equation_transform,17,34,36,10.547044262290001
base,equation_transform,17,7,8,4.472203016281128
base,equation_transform,17,19,89,56.050309628248215
base,equation_transform,17,36,102,39.338839918375015
base,equation_transform,17,26,12,3.664522886276245
base,equation_transform,17,98,34,11.888152301311493
base,equation_transform,17,6,16,5.122404798865318
base,equation_transform,17,111,29,8.081165224313736
base,equation_transform,17,118,40,12.088618963956833
base,equation_transform,17,16,12,6.558701604604721
base,equation_transform,17,47,86,45.52934682369232
base,equation_transform,17,4,18,10.664322972297668
base,equation_transform,17,89,18,7.934171706438065
base,equation_transform,17,109,103,52.05593580007553
base,equation_transform,17,57,13,3.804617688059807
base,equation_transform,17,65,25,8.316172480583191
base,equation_transform,17,22,20,6.0173840671777725
base,equation_transform,17,24,14,4.125593662261963
base,equation_transform,17,88,4,2.52190625667572
base,equation_transform,17,119,50,16.309999600052834
base,equation_transform,17,120,16,7.861564517021179
base,equation_transform,17,56,23,6.552245453000069
base,equation_transform,17,33,21,10.021816194057465
base,equation_transform,17,73,26,12.621746838092804
base,equation_transform,17,96,6,3.88565456867218
base,equation_transform,17,116,87,36.37468859553337
base,equation_transform,17,85,8,4.544977784156799
base,equation_transform,17,41,4,1.949504792690277
base,equation_transform,17,51,29,7.449822023510933
base,equation_transform,17,32,63,17.390655115246773
base,equation_transform,17,77,40,14.093296125531197
base,equation_transform,17,108,15,4.569388389587402
base,equation_transform,17,11,16,4.515440255403519
base,equation_transform,17,68,12,6.240505367517471
base,equation_transform,17,87,29,14.584680184721947
base,equation_transform,17,39,10,5.209228098392487
base,equation_transform,17,37,29,14.396216034889221
base,equation_transform,17,74,81,38.34800820052624
base,equation_transform,17,112,54,16.566335290670395
base,equation_transform,17,8,17,5.627450585365295
base,equation_transform,17,104,15,4.242394983768463
base,equation_transform,17,14,4,0.9883797764778137
base,equation_transform,17,58,14,8.268230557441711
base,equation_transform,17,83,20,5.306776866316795
base,equation_transform,17,102,56,30.172536462545395
base,equation_transform,17,35,38,18.784067571163177
base,equation_transform,17,61,8,3.7934302985668182
base,equation_transform,17,110,21,5.648108318448067
base,equation_transform,17,49,18,5.431605562567711
base,equation_transform,17,86,23,11.666272133588791
base,equation_transform,17,90,22,5.853451177477837
base,equation_transform,17,115,29,14.294132351875305
base,equation_transform,17,38,29,10.385176807641983
base,equation_transform,17,62,21,9.965896964073181
base,equation_transform,17,123,7,2.7690232396125793
base,equation_transform,17,93,9,4.219213604927063
base,equation_transform,17,0,5,2.2261680960655212
base,equation_transform,17,40,12,7.185195982456207
base,equation_transform,17,53,8,2.6562759429216385
base,equation_transform,17,42,8,4.874300003051758
base,equation_transform,17,9,11,2.6972692906856537
base,equation_transform,17,27,26,7.801814749836922
base,equation_transform,17,101,5,1.5248135924339294
base,equation_transform,17,106,4,0.8830247223377228
base,equation_transform,17,5,5,3.3150923252105713
base,equation_transform,17,45,17,4.205153554677963
base,equation_transform,17,107,15,3.326513573527336
base,equation_transform,17,18,4,1.9357444941997528
base,equation_transform,17,75,7,1.4669920206069946
base,equation_transform,17,91,3,1.0546674132347107
base,equation_transform,17,78,11,6.142603278160095
base,equation_transform,17,84,3,1.0251825749874115
base,equation_transform,20,18,12,2.5736291091889143
base,equation_transform,20,39,9,10.845044583082199
base,equation_transform,20,71,17,5.146054906304926
base,equation_transform,20,77,27,10.871641412377357
base,equation_transform,20,79,56,23.21354591846466
base,equation_transform,20,64,16,4.7618038090877235
base,equation_transform,20,16,241,132.62725767493248
base,equation_transform,20,54,35,16.265252977609634
base,equation_transform,20,108,27,10.071067750453949
base,equation_transform,20,3,43,17.50972543656826
base,equation_transform,20,28,33,11.46907839179039
base,equation_transform,20,85,141,53.53727833926678
base,equation_transform,20,84,13,3.589553266763687
base,equation_transform,20,53,39,22.62341183423996
base,equation_transform,20,76,29,10.772750318050385
base,equation_transform,20,103,8,2.778689444065094
base,equation_transform,20,41,4,1.407783329486847
base,equation_transform,20,51,8,2.6112223267555237
base,equation_transform,20,78,66,20.238336503505707
base,equation_transform,20,10,8,2.5037975311279297
base,equation_transform,20,68,48,19.98243647813797
base,equation_transform,20,70,35,15.741738438606262
base,equation_transform,20,91,45,14.954385727643967
base,equation_transform,20,117,43,20.6980043053627
base,equation_transform,20,42,54,18.686402946710587
base,equation_transform,20,86,10,3.920808732509613
base,equation_transform,20,29,11,5.218785494565964
base,equation_transform,20,52,107,45.55328345298767
base,equation_transform,20,67,18,6.724009573459625
base,equation_transform,20,96,16,5.975765809416771
base,equation_transform,20,82,63,24.311221599578857
base,equation_transform,20,90,17,8.49396026134491
base,equation_transform,20,65,7,3.4592472910881042
base,equation_transform,20,120,22,7.037507325410843
base,equation_transform,20,74,14,6.395145356655121
base,equation_transform,20,32,10,4.461718738079071
base,equation_transform,20,56,49,20.850096851587296
base,equation_transform,20,101,21,9.185156062245369
base,equation_transform,20,23,117,50.36435866355896
base,equation_transform,20,125,21,7.614017099142075
base,equation_transform,20,121,22,6.903900668025017
base,equation_transform,20,27,37,13.035981893539429
base,equation_transform,20,115,6,2.1075668334960938
base,equation_transform,20,45,23,7.838779777288437
base,equation_transform,20,58,69,23.37606094777584
base,equation_transform,20,98,18,5.950014546513557
base,equation_transform,20,116,52,31.309992998838425
base,equation_transform,20,105,36,16.982311338186264
base,equation_transform,20,31,23,11.301750749349594
base,equation_transform,20,9,2,0.6263210773468018
base,equation_transform,20,12,17,7.02591535449028
base,equation_transform,20,44,3,0.8919664025306702
base,equation_transform,20,47,12,3.973116010427475
base,equation_transform,20,114,38,11.384027644991875
base,equation_transform,20,75,11,3.377849653363228
base,equation_transform,20,14,10,4.463673651218414
base,equation_transform,20,81,1,0.3273729085922241
base,equation_transform,20,66,13,4.762873530387878
base,equation_transform,20,104,4,1.4318001568317413
base,equation_transform,20,13,8,2.325350135564804
base,equation_transform,20,43,7,2.0901423692703247
base,equation_transform,20,113,31,14.774257391691208
base,equation_transform,20,107,14,3.8709814846515656
base,equation_transform,20,19,2,0.6674216985702515
base,equation_transform,20,37,16,11.300174355506897
base,equation_transform,20,62,35,12.368442416191101
base,equation_transform,20,92,16,6.683384507894516
base,equation_transform,20,97,3,0.8061706721782684
base,equation_transform,20,106,3,1.0454244911670685
base,equation_transform,20,15,3,0.47448524832725525
base,equation_transform,20,2,4,1.276058942079544
base,equation_transform,20,111,12,6.646853864192963
base,equation_transform,20,11,3,1.0464341640472412
base,equation_transform,20,0,2,0.671999990940094
base,equation_transform,20,95,15,6.173456639051437
base,equation_transform,20,118,7,2.2886299192905426
base,equation_transform,20,69,7,1.980524629354477
base,equation_transform,22,2,67,16.817405179142952
base,equation_transform,22,45,34,12.948470570147038
base,equation_transform,22,87,23,10.757543236017227
base,equation_transform,22,100,6,6.650028973817825
base,equation_transform,22,114,15,2.8439645431935787
base,equation_transform,22,76,29,9.104331281036139
base,equation_transform,22,3,46,14.426235780119896
base,equation_transform,22,23,34,15.100056305527687
base,equation_transform,22,31,11,3.5418414026498795
base,equation_transform,22,39,25,10.21034723520279
base,equation_transform,22,63,8,2.1289322525262833
base,equation_transform,22,49,181,78.46628646552563
base,equation_transform,22,24,43,20.287955671548843
base,equation_transform,22,42,26,11.17503222823143
base,equation_transform,22,70,10,7.696236193180084
base,equation_transform,22,126,15,5.95037679374218
base,equation_transform,22,82,26,10.169477760791779
base,equation_transform,22,109,37,12.645376920700073
base,equation_transform,22,102,4,1.0650786459445953
base,equation_transform,22,54,34,12.502281680703163
base,equation_transform,22,99,12,5.997085094451904
base,equation_transform,22,18,15,5.12794291973114
base,equation_transform,22,4,8,3.6893894374370575
base,equation_transform,22,122,28,9.993561521172523
base,equation_transform,22,53,14,4.443143904209137
base,equation_transform,22,97,8,2.899962306022644
base,equation_transform,22,16,26,10.651562213897705
base,equation_transform,22,56,19,8.370758026838303
base,equation_transform,22,88,16,4.515791669487953
base,equation_transform,22,95,23,10.212924510240555
base,equation_transform,22,67,38,14.284627974033356
base,equation_transform,22,96,10,3.7493768334388733
base,equation_transform,22,106,5,2.083898976445198
base,equation_transform,22,117,39,14.568224549293518
base,equation_transform,22,105,21,7.640889108181
base,equation_transform,22,7,4,1.4446594715118408
base,equation_transform,22,47,4,2.0672935247421265
base,equation_transform,22,79,8,2.6771651208400726
base,equation_transform,22,33,4,1.3362881243228912
base,equation_transform,22,37,28,8.63022530078888
base,equation_transform,22,124,42,13.014352396130562
base,equation_transform,22,51,16,7.729863613843918
base,equation_transform,22,86,8,2.411825865507126
base,equation_transform,22,22,27,9.517688423395157
base,equation_transform,22,91,21,8.099014535546303
base,equation_transform,22,26,4,1.2580427825450897
base,equation_transform,22,35,12,5.0653074979782104
base,equation_transform,22,43,54,20.631989017128944
base,equation_transform,22,64,32,13.684757262468338
base,equation_transform,22,13,10,3.617815300822258
base,equation_transform,22,69,12,4.836155205965042
base,equation_transform,22,103,12,6.646168798208237
base,equation_transform,22,61,18,6.619987919926643
base,equation_transform,22,98,10,3.7571229338645935
base,equation_transform,22,92,36,15.559793472290039
base,equation_transform,22,38,27,16.31541547179222
base,equation_transform,22,40,22,9.6844911724329
base,equation_transform,22,50,46,19.360064148902893
base,equation_transform,22,94,98,64.35442468523979
base,equation_transform,22,101,5,1.2724971026182175
base,equation_transform,22,9,75,34.6191383600235
base,equation_transform,22,55,157,95.83926922082901
base,equation_transform,22,20,29,12.98028415441513
base,equation_transform,22,34,19,5.547457218170166
base,equation_transform,22,17,36,11.705911859869957
base,equation_transform,22,44,4,0.8622798770666122
base,equation_transform,22,0,7,2.356103301048279
base,equation_transform,22,72,23,11.442043602466583
base,equation_transform,22,21,8,2.1880946457386017
base,equation_transform,22,113,18,3.9785361140966415
base,equation_transform,22,36,18,6.554149687290192
base,equation_transform,22,120,28,7.989796683192253
base,equation_transform,22,6,5,1.6469396352767944
base,equation_transform,22,8,11,4.834776759147644
base,equation_transform,22,10,13,4.447445884346962
base,equation_transform,22,66,13,4.437418848276138
base,equation_transform,22,48,1,0.18271753191947937
base,equation_transform,22,5,6,1.7935416996479034
base,equation_transform,22,90,8,2.5209149420261383
base,equation_transform,22,41,7,2.4001657366752625
base,equation_transform,22,68,7,2.656426042318344
base,equation_transform,22,29,12,5.851816564798355
base,equation_transform,22,110,8,3.5337535440921783
base,equation_transform,22,1,17,5.215062573552132
base,equation_transform,22,11,20,8.071776986122131
base,equation_transform,22,81,5,2.5522318333387375
base,equation_transform,22,52,15,6.175191342830658
base,equation_transform,22,74,6,2.2784785628318787
base,equation_transform,22,25,1,0.344514399766922
base,equation_transform,22,12,1,0.20799335837364197
base,equation_transform,22,27,4,1.1821314096450806
base,equation_transform,22,115,4,1.3732568621635437
base,equation_transform,22,111,29,10.465752080082893
base,equation_transform,22,107,11,4.173997133970261
base,equation_transform,22,73,8,5.020853877067566
base,equation_transform,22,65,4,1.7086420357227325
base,equation_transform,22,85,12,6.005733877420425
base,equation_transform,22,57,5,1.7036754190921783
base,equation_transform,22,60,4,1.735151320695877
base,equation_transform,22,15,9,2.634583920240402
base,equation_transform,24,21,4,0.13717874512076378
base,equation_transform,24,52,4,0.08440601639449596
base,equation_transform,24,101,4,8.990804672241211
base,equation_transform,24,116,8,1.046001696959138
base,equation_transform,24,122,12,2.3119092881679535
base,equation_transform,24,114,29,11.816953586414456
base,equation_transform,24,11,7,2.3874771296977997
base,equation_transform,24,30,56,18.375480592250824
base,equation_transform,24,78,8,2.188828691840172
base,equation_transform,24,87,204,113.72323422133923
base,equation_transform,24,123,346,191.81248325109482
base,equation_transform,24,17,10,3.0584561973810196
base,equation_transform,24,29,69,22.035542026162148
base,equation_transform,24,53,9,3.0025843381881714
base,equation_transform,24,103,62,22.016607999801636
base,equation_transform,24,115,8,2.823511630296707
base,equation_transform,24,19,21,6.859727680683136
base,equation_transform,24,54,242,106.53153602778912
base,equation_transform,24,109,24,6.9506590366363525
base,equation_transform,24,15,8,2.418175309896469
base,equation_transform,24,56,11,3.286398559808731
base,equation_transform,24,77,16,6.642800182104111
base,equation_transform,24,13,4,0.9723202288150787
base,equation_transform,24,92,12,5.637629836797714
base,equation_transform,24,105,4,0.7724262028932571
base,equation_transform,24,71,22,6.5117911249399185
base,equation_transform,24,18,23,8.150767371058464
base,equation_transform,24,80,42,13.468373984098434
base,equation_transform,24,58,11,3.516824498772621
base,equation_transform,24,106,8,2.635268598794937
base,equation_transform,24,2,10,2.8387928009033203
base,equation_transform,24,110,14,6.1189205050468445
base,equation_transform,24,82,12,4.205713748931885
base,equation_transform,24,20,222,91.72900348901749
base,equation_transform,24,61,4,0.8753261715173721
base,equation_transform,24,47,27,10.229465141892433
base,equation_transform,24,49,6,1.9872032403945923
base,equation_transform,24,91,12,4.0796041786670685
base,equation_transform,24,79,102,32.819743156433105
base,equation_transform,24,90,62,23.09517975151539
base,equation_transform,24,67,22,6.994908943772316
base,equation_transform,24,99,12,3.198381021618843
base,equation_transform,24,69,16,4.827190846204758
base,equation_transform,24,35,36,16.398278683423996
base,equation_transform,24,70,13,4.579069197177887
base,equation_transform,24,59,5,1.1368423253297806
base,equation_transform,24,34,21,5.80533467233181
base,equation_transform,24,24,17,5.737148120999336
base,equation_transform,24,112,13,3.3942684531211853
base,equation_transform,24,4,12,3.8297249376773834
base,equation_transform,24,33,16,10.70066711306572
base,equation_transform,24,126,18,6.809379443526268
base,equation_transform,24,102,4,1.0229364186525345
base,equation_transform,24,32,7,2.730016976594925
base,equation_transform,24,124,3,0.8670200705528259
base,equation_transform,24,44,1,0.2521335184574127
base,equation_transform,24,93,20,7.027990996837616
base,equation_transform,24,107,4,1.6554250419139862
base,equation_transform,24,48,5,1.4344420433044434
base,equation_transform,24,121,22,5.866313308477402
base,equation_transform,24,96,12,3.783933073282242
base,equation_transform,24,119,13,3.501095697283745
base,equation_transform,24,37,2,0.6220225989818573
base,equation_transform,24,63,5,1.3813589215278625
base,equation_transform,24,81,5,1.1914249509572983
base,equation_transform,24,12,5,1.5138446390628815
base,equation_transform,24,3,64,32.39778983592987
base,equation_transform,24,98,1,0.32259321212768555
base,equation_transform,24,104,27,8.515789613127708
base,equation_transform,24,45,4,0.7377587258815765
base,equation_transform,24,65,3,0.8599398136138916
base,equation_transform,24,42,10,3.494295835494995
base,equation_transform,24,94,4,1.6597515046596527
base,equation_transform,24,84,5,2.26572984457016
base,equation_transform,27,13,70,47.137895092368126
base,equation_transform,27,25,15,3.240584772080183
base,equation_transform,27,64,20,7.461568459868431
base,equation_transform,27,75,8,1.364284947514534
base,equation_transform,27,98,12,4.876034051179886
base,equation_transform,27,59,9,1.8323691971600056
base,equation_transform,27,6,13,4.902758896350861
base,equation_transform,27,26,292,132.84212435781956
base,equation_transform,27,33,234,120.54035519063473
base,equation_transform,27,90,127,51.925870805978775
base,equation_transform,27,44,21,8.125423058867455
base,equation_transform,27,58,20,10.165153503417969
base,equation_transform,27,63,69,22.897083029150963
base,equation_transform,27,89,27,8.097157552838326
base,equation_transform,27,3,19,6.893199414014816
base,equation_transform,27,85,9,3.0637122094631195
base,equation_transform,27,106,30,10.369908645749092
base,equation_transform,27,95,22,12.727138444781303
base,equation_transform,27,119,19,11.610762596130371
base,equation_transform,27,62,16,6.803456246852875
base,equation_transform,27,31,7,1.7521498650312424
base,equation_transform,27,52,12,5.470135360956192
base,equation_transform,27,68,35,12.558187246322632
base,equation_transform,27,30,32,14.5996632874012
base,equation_transform,27,10,15,7.777621418237686
base,equation_transform,27,125,17,5.491088554263115
base,equation_transform,27,94,39,13.832824856042862
base,equation_transform,27,101,32,9.567745834589005
base,equation_transform,27,38,4,2.2232747077941895
base,equation_transform,27,43,21,6.76736244559288
base,equation_transform,27,113,45,14.7322418987751
base,equation_transform,27,34,6,1.786022037267685
base,equation_transform,27,41,11,4.621470153331757
base,equation_transform,27,88,18,6.119600027799606
base,equation_transform,27,99,32,9.788721069693565
base,equation_transform,27,9,21,6.593297839164734
base,equation_transform,27,65,13,6.997687429189682
base,equation_transform,27,53,11,4.089330732822418
base,equation_transform,27,80,4,1.5278188586235046
base,equation_transform,27,40,73,27.05187413096428
base,equation_transform,27,2,61,22.107416927814484
base,equation_transform,27,50,14,4.456447064876556
base,equation_transform,27,104,25,13.96621161699295
base,equation_transform,27,14,31,11.646345555782318
base,equation_transform,27,0,97,47.695640712976456
base,equation_transform,27,76,53,16.252076774835587
base,equation_transform,27,24,13,3.576730564236641
base,equation_transform,27,60,40,17.51343685388565
base,equation_transform,27,37,12,3.7958028316497803
base,equation_transform,27,79,12,3.4165963530540466
base,equation_transform,27,102,41,13.746044099330902
base,equation_transform,27,5,12,5.864669531583786
base,equation_transform,27,11,6,3.200479179620743
base,equation_transform,27,36,1,0.27247703075408936
base,equation_transform,27,21,62,23.72467166185379
base,equation_transform,27,54,4,1.1041440516710281
base,equation_transform,27,111,2,0.6172774434089661
base,equation_transform,27,114,3,0.9181268513202667
base,equation_transform,27,71,4,0.7836228311061859
base,equation_transform,27,127,15,5.155427545309067
base,equation_transform,27,93,19,5.255411893129349
base,equation_transform,27,32,2,0.5926936864852905
base,equation_transform,27,19,6,1.5873100012540817
base,equation_transform,27,117,14,5.6062400341033936
base,equation_transform,27,121,14,5.369224548339844
base,equation_transform,27,23,5,2.641494482755661
base,equation_transform,27,67,4,1.4586567878723145
base,equation_transform,27,16,6,2.0572063326835632
base,equation_transform,27,55,4,1.0548787415027618
base,equation_transform,27,84,39,25.572062581777573
base,equation_transform,27,123,10,3.816725641489029
base,equation_transform,27,96,10,3.8532315492630005
base,equation_transform,27,120,4,0.811313733458519
base,equation_transform,27,39,5,1.056168720126152
base,equation_transform,27,87,9,4.025219589471817
base,equation_transform,27,103,6,1.7455321252346039
base,equation_transform,27,122,4,1.3649478554725647
base,equation_transform,27,1,5,2.6340323984622955
base,equation_transform,27,109,4,1.147476613521576
base,equation_transform,27,56,4,1.511024385690689
base,equation_transform,27,22,4,1.328440934419632
base,equation_transform,27,108,4,1.4077648520469666
base,equation_transform,29,66,90,34.72320394963026
base,equation_transform,29,95,58,13.123684004880488
base,equation_transform,29,97,12,6.221288055181503
base,equation_transform,29,102,16,9.954624397680163
base,equation_transform,29,120,17,9.724183022975922
base,equation_transform,29,42,171,54.41751880850643
base,equation_transform,29,1,13,6.749483585357666
base,equation_transform,29,35,48,21.3858802318573
base,equation_transform,29,73,20,8.628414928913116
base,equation_transform,29,85,18,5.9575367867946625
base,equation_transform,29,25,17,8.391051143407822
base,equation_transform,29,0,28,13.034064382314682
base,equation_transform,29,52,225,109.62637129426003
base,equation_transform,29,123,200,110.27974605560303
base,equation_transform,29,127,17,6.24164143204689
base,equation_transform,29,11,12,4.8039964735507965
base,equation_transform,29,14,4,1.815855085849762
base,equation_transform,29,60,27,5.141880318522453
base,equation_transform,29,19,17,4.267905816435814
base,equation_transform,29,32,9,3.9785464107990265
base,equation_transform,29,70,6,2.722423553466797
base,equation_transform,29,118,124,44.11424924433231
base,equation_transform,29,27,7,2.6495602428913116
base,equation_transform,29,51,8,3.9607744812965393
base,equation_transform,29,96,12,6.596780598163605
base,equation_transform,29,41,4,1.0037472248077393
base,equation_transform,29,126,4,1.2253917753696442
base,equation_transform,29,44,135,56.64840170741081
base,equation_transform,29,10,18,6.264259368181229
base,equation_transform,29,40,23,8.20361453294754
base,equation_transform,29,54,8,3.5711973309516907
base,equation_transform,29,106,16,6.998487293720245
base,equation_transform,29,110,4,1.3026200830936432
base,equation_transform,29,3,7,2.6227987408638
base,equation_transform,29,22,5,1.8967812806367874
base,equation_transform,29,84,17,8.07323145866394
base,equation_transform,29,81,38,13.276719808578491
base,equation_transform,29,59,8,3.4185046553611755
base,equation_transform,29,90,8,4.072563290596008
base,equation_transform,29,21,4,1.205131083726883
base,equation_transform,29,23,4,2.308259904384613
base,equation_transform,29,111,12,4.6865891218185425
base,equation_transform,29,64,60,10.719004049897194
base,equation_transform,29,37,4,2.0241605639457703
base,equation_transform,29,76,4,1.6186620593070984
base,equation_transform,29,104,12,4.920388072729111
base,equation_transform,29,7,7,2.026257261633873
base,equation_transform,29,50,51,15.140831880271435
base,equation_transform,29,89,11,4.690443933010101
base,equation_transform,29,93,5,1.7321119904518127
base,equation_transform,29,38,10,4.543600916862488
base,equation_transform,29,26,13,6.67929807305336
base,equation_transform,29,125,72,30.541405200958252
base,equation_transform,29,121,49,22.285360485315323
base,equation_transform,29,114,21,6.213929995894432
base,equation_transform,29,68,55,28.123309701681137
base,equation_transform,29,94,62,31.360242664813995
base,equation_transform,29,33,32,15.473547905683517
base,equation_transform,29,105,44,25.365780532360077
base,equation_transform,29,24,20,8.197481215000153
base,equation_transform,29,98,19,7.708896338939667
base,equation_transform,29,53,1,0.48868420720100403
base,equation_transform,29,87,9,3.269828647375107
base,equation_transform,29,2,25,9.233118861913681
base,equation_transform,29,99,4,1.4809726476669312
base,equation_transform,29,100,21,9.379650965332985
base,equation_transform,29,82,8,3.03554368019104
base,equation_transform,29,91,12,4.936678975820541
base,equation_transform,29,4,4,1.9264914691448212
base,equation_transform,29,108,8,3.098359137773514
base,equation_transform,29,75,8,2.442613422870636
base,equation_transform,29,103,2,0.6260576248168945
base,equation_transform,29,72,12,6.030288189649582
base,equation_transform,29,115,4,1.265063613653183
base,equation_transform,29,29,4,2.014601618051529
base,equation_transform,29,30,4,1.8285201489925385
base,equation_transform,29,16,3,1.0527026653289795
base,equation_transform,29,101,4,1.3695491254329681
base,equation_transform,29,5,4,2.0150521993637085
base,equation_transform,29,116,4,1.4633647501468658
base,equation_transform,29,74,4,1.5123113095760345
base,equation_transform,31,32,88,34.73932246863842
base,equation_transform,31,36,4,0.7395921051502228
base,equation_transform,31,38,23,16.038788616657257
base,equation_transform,31,96,39,11.155729088932276
base,equation_transform,31,119,24,10.832376509904861
base,equation_transform,31,3,10,1.4158785101026297
base,equation_transform,31,42,4,1.7885091006755829
base,equation_transform,31,86,10,3.602017819881439
base,equation_transform,31,94,51,17.5071891695261
base,equation_transform,31,110,30,11.467544808983803
base,equation_transform,31,35,51,17.257301941514015
base,equation_transform,31,2,30,17.490136831998825
base,equation_transform,31,12,46,17.369484707713127
base,equation_transform,31,75,206,110.52556921541691
base,equation_transform,31,104,20,8.915094435214996
base,equation_transform,31,67,206,88.04447719454765
base,equation_transform,31,74,34,13.303181171417236
base,equation_transform,31,76,17,6.310443490743637
base,equation_transform,31,1,28,11.264208853244781
base,equation_transform,31,63,8,1.7590925246477127
base,equation_transform,31,44,12,3.158381998538971
base,equation_transform,31,21,56,23.87803539633751
base,equation_transform,31,78,26,13.097977191209793
base,equation_transform,31,47,70,22.530311033129692
base,equation_transform,31,39,17,6.934907242655754
base,equation_transform,31,66,76,25.687110856175423
base,equation_transform,31,18,36,15.390819281339645
base,equation_transform,31,101,28,11.346668064594269
base,equation_transform,31,72,14,4.733041599392891
base,equation_transform,31,55,6,1.4286572635173798
base,equation_transform,31,102,17,7.9717250764369965
base,equation_transform,31,123,42,19.495766445994377
base,equation_transform,31,17,12,4.227372407913208
base,equation_transform,31,89,8,2.7708405256271362
base,equation_transform,31,125,5,1.9840959310531616
base,equation_transform,31,10,8,2.5734329223632812
base,equation_transform,31,81,32,10.544457584619522
base,equation_transform,31,70,33,12.000933408737183
base,equation_transform,31,80,19,7.190715968608856
base,equation_transform,31,88,21,8.021322876214981
base,equation_transform,31,28,6,1.6654957979917526
base,equation_transform,31,77,19,5.142469480633736
base,equation_transform,31,99,42,21.86759565770626
base,equation_transform,31,22,28,11.494459763169289
base,equation_transform,31,14,28,14.129688411951065
base,equation_transform,31,57,17,5.709048718214035
base,equation_transform,31,34,25,8.203353136777878
base,equation_transform,31,27,58,23.97751249372959
base,equation_transform,31,100,10,2.9466789066791534
base,equation_transform,31,9,12,6.711712032556534
base,equation_transform,31,59,13,4.3692766726017
base,equation_transform,31,122,18,9.417593747377396
base,equation_transform,31,33,49,28.89512014389038
base,equation_transform,31,95,28,10.918652147054672
base,equation_transform,31,85,29,13.924344062805176
base,equation_transform,31,69,54,25.896140530705452
base,equation_transform,31,92,16,4.975925013422966
base,equation_transform,31,112,53,27.489948749542236
base,equation_transform,31,37,8,2.8026031255722046
base,equation_transform,31,111,9,2.529219835996628
base,equation_transform,31,105,30,10.248638957738876
base,equation_transform,31,53,6,1.5584479868412018
base,equation_transform,31,65,14,4.719941571354866
base,equation_transform,31,82,10,3.5801454186439514
base,equation_transform,31,127,6,3.7598643600940704
base,equation_transform,31,79,8,2.708429515361786
base,equation_transform,31,7,6,2.3193113952875137
base,equation_transform,31,124,11,3.8060359805822372
base,equation_transform,31,6,9,3.9789169132709503
base,equation_transform,31,98,11,3.195394203066826
base,equation_transform,31,13,3,0.676166221499443
base,equation_transform,31,15,8,2.469347223639488
base,equation_transform,31,103,4,0.7302064448595047
base,equation_transform,31,4,8,2.9428715109825134
base,equation_transform,31,48,3,0.8176841139793396
base,equation_transform,31,121,4,2.196867346763611
base,equation_transform,31,45,4,2.977865755558014
base,equation_transform,31,43,4,1.4031281173229218
base,equation_transform,31,60,14,7.466193914413452
base,equation_transform,31,0,4,1.3979320526123047
base,equation_transform,31,11,9,3.552292287349701
base,equation_transform,31,84,4,1.7804970443248749
base,equation_transform,31,19,4,1.8894051313400269
base,equation_transform,31,52,6,1.5010691434144974
base,equation_transform,31,46,12,3.5783045291900635
base,equation_transform,34,25,125,42.3321558078751
base,equation_transform,34,46,24,7.0704643512144685
base,equation_transform,34,62,7,10.724828600883484
base,equation_transform,34,65,4,0.03145972918719053
base,equation_transform,34,78,120,25.62118979683146
base,equation_transform,34,92,4,0.029147709719836712
base,equation_transform,34,17,28,14.111593216657639
base,equation_transform,34,18,4,2.155789017677307
base,equation_transform,34,57,92,43.96600292623043
base,equation_transform,34,114,4,1.6180383265018463
base,equation_transform,34,48,7,2.0896171778440475
base,equation_transform,34,6,39,12.19172389805317
base,equation_transform,34,76,4,1.5583435893058777
base,equation_transform,34,97,150,66.62135043740273
base,equation_transform,34,109,8,2.980603039264679
base,equation_transform,34,21,172,57.112131878733635
base,equation_transform,34,0,12,5.124754458665848
base,equation_transform,34,13,40,18.630272820591927
base,equation_transform,34,110,12,5.226233750581741
base,equation_transform,34,14,14,3.9544279873371124
base,equation_transform,34,107,17,4.529827609658241
base,equation_transform,34,50,221,98.72489577531815
base,equation_transform,34,15,17,5.201357260346413
base,equation_transform,34,33,29,6.901324093341827
base,equation_transform,34,108,14,8.175019145011902
base,equation_transform,34,101,6,1.6405222415924072
base,equation_transform,34,88,16,8.871286481618881
base,equation_transform,34,9,15,5.605211079120636
base,equation_transform,34,53,10,4.580696910619736
base,equation_transform,34,104,10,3.604838728904724
base,equation_transform,34,29,8,3.2630817890167236
base,equation_transform,34,37,13,7.001386672258377
base,equation_transform,34,40,8,1.6769292205572128
base,equation_transform,34,31,41,18.78517012298107
base,equation_transform,34,4,260,136.52454914152622
base,equation_transform,34,117,12,4.907378375530243
base,equation_transform,34,36,8,3.491893172264099
base,equation_transform,34,24,18,10.835078030824661
base,equation_transform,34,115,13,4.115495473146439
base,equation_transform,34,7,62,30.55141530930996
base,equation_transform,34,64,14,4.187386453151703
base,equation_transform,34,68,4,1.586579829454422
base,equation_transform,34,105,8,3.7713955342769623
base,equation_transform,34,39,24,17.59021806716919
base,equation_transform,34,10,29,13.443382650613785
base,equation_transform,34,27,96,50.619861006736755
base,equation_transform,34,95,37,13.741940438747406
base,equation_transform,34,124,59,27.354326978325844
base,equation_transform,34,43,8,3.3503043949604034
base,equation_transform,34,80,9,4.224004328250885
base,equation_transform,34,93,19,6.227844879031181
base,equation_transform,34,86,6,2.1877659261226654
base,equation_transform,34,111,21,4.800229430198669
base,equation_transform,34,99,11,3.7663785964250565
base,equation_transform,34,98,11,7.168819695711136
base,equation_transform,34,11,1,0.21520453691482544
base,equation_transform,34,12,12,3.6994262486696243
base,equation_transform,34,22,6,1.7789608538150787
base,equation_transform,34,61,16,5.53445765376091
base,equation_transform,34,103,14,4.11224265396595
base,equation_transform,34,32,4,0.8584892898797989
base,equation_transform,34,1,3,0.7797438204288483
base,equation_transform,34,126,4,1.4791463017463684
base,equation_transform,34,42,7,2.5575853437185287
base,equation_transform,34,90,25,11.618504405021667
base,equation_transform,34,112,8,2.7044619023799896
base,equation_transform,34,121,4,2.4506964683532715
base,equation_transform,34,69,12,3.7936165630817413
base,equation_transform,34,60,3,1.0006285309791565
base,equation_transform,34,20,7,2.231848418712616
base,equation_transform,34,122,6,1.4630450010299683
base,equation_transform,34,41,4,1.3051849007606506
base,equation_transform,34,81,12,3.89554326236248
base,equation_transform,34,72,4,1.4633921086788177
base,equation_transform,34,73,6,2.3890314400196075
base,equation_transform,34,83,4,1.3803421556949615
base,equation_transform,34,66,4,1.2039231956005096
base,equation_transform,36,0,28,13.4463881701231
base,equation_transform,36,12,39,13.363531611859798
base,equation_transform,36,18,32,17.208948493003845
base,equation_transform,36,42,35,17.00032989680767
base,equation_transform,36,111,59,22.70321147888899
base,equation_transform,36,24,44,11.477440178394318
base,equation_transform,36,14,278,146.8369945883751
base,equation_transform,36,27,49,22.91270174086094
base,equation_transform,36,46,8,2.452178329229355
base,equation_transform,36,4,26,13.453888922929764
base,equation_transform,36,117,37,12.754032909870148
base,equation_transform,36,107,15,4.0242073982954025
base,equation_transform,36,123,4,2.2802326679229736
base,equation_transform,36,63,51,16.355839371681213
base,equation_transform,36,61,4,1.8460690379142761
base,equation_transform,36,68,20,9.400106698274612
base,equation_transform,36,100,10,2.35166072845459
base,equation_transform,36,36,43,14.445320427417755
base,equation_transform,36,19,4,0.495082788169384
base,equation_transform,36,20,8,1.9656432420015335
base,equation_transform,36,32,10,2.015570245683193
base,equation_transform,36,39,4,0.9428969770669937
base,equation_transform,36,57,12,2.177304297685623
base,equation_transform,36,28,131,51.01546082645655
base,equation_transform,36,17,30,17.977932527661324
base,equation_transform,36,76,6,1.5891959071159363
base,equation_transform,36,126,17,4.78687659651041
base,equation_transform,36,38,3,0.6922599375247955
base,equation_transform,36,92,12,4.781327456235886
base,equation_transform,36,114,4,0.9663426578044891
base,equation_transform,36,40,120,50.90150235593319
base,equation_transform,36,55,8,2.6430549919605255
base,equation_transform,36,119,4,1.0012128055095673
base,equation_transform,36,121,8,1.66864013671875
base,equation_transform,36,7,7,2.5907647609710693
base,equation_transform,36,93,157,50.579896323382854
base,equation_transform,36,37,4,1.1436350345611572
base,equation_transform,36,60,40,11.968150064349174
base,equation_transform,36,109,21,5.888691484928131
base,equation_transform,36,1,8,2.3083930909633636
base,equation_transform,36,23,8,4.62667989730835
base,equation_transform,36,78,11,2.9241091832518578
base,equation_transform,36,122,12,4.568391352891922
base,equation_transform,36,105,118,52.42521530389786
base,equation_transform,36,16,60,28.123331159353256
base,equation_transform,36,106,5,2.0217314958572388
base,equation_transform,36,84,5,1.0545546263456345
base,equation_transform,36,25,2,0.7117741405963898
base,equation_transform,36,98,88,48.314099192619324
base,equation_transform,36,112,7,3.9257700741291046
base,equation_transform,36,22,74,46.08583544194698
base,equation_transform,36,53,45,16.513203889131546
base,equation_transform,36,26,65,35.65098461508751
base,equation_transform,36,80,7,3.3485607504844666
base,equation_transform,36,30,15,2.7854480370879173
base,equation_transform,36,58,28,9.458694279193878
base,equation_transform,36,75,27,8.669954434037209
base,equation_transform,36,62,10,3.7918597012758255
base,equation_transform,36,34,16,6.044518634676933
base,equation_transform,36,96,2,0.47949279844760895
base,equation_transform,36,31,21,12.206515468657017
base,equation_transform,36,33,1,0.16046157479286194
base,equation_transform,36,89,4,1.3692041635513306
base,equation_transform,36,66,4,1.118325263261795
base,equation_transform,36,103,3,0.5448569059371948
base,equation_transform,36,15,8,4.3291996717453
base,equation_transform,36,113,7,3.0931132435798645
base,equation_transform,36,125,10,1.9834658950567245
base,equation_transform,36,82,68,20.951222494244576
base,equation_transform,36,8,4,1.0501079708337784
base,equation_transform,36,29,4,2.0288382470607758
base,equation_transform,36,3,2,0.29136814177036285
base,equation_transform,36,56,5,3.0281876027584076
base,equation_transform,36,52,1,0.258457213640213
base,equation_transform,36,10,4,3.322567045688629
base,equation_transform,36,120,9,3.411500334739685
base,equation_transform,36,21,5,1.7666418701410294
base,equation_transform,36,95,14,6.490339487791061
base,equation_transform,36,116,10,2.300167001783848
base,equation_transform,38,7,19,7.096122890710831
base,equation_transform,38,20,268,114.80469753593206
base,equation_transform,38,85,155,65.91737513244152
base,equation_transform,38,102,16,4.323661752045155
base,equation_transform,38,117,5,2.311159059405327
base,equation_transform,38,89,4,1.3763724267482758
base,equation_transform,38,65,12,3.216054394841194
base,equation_transform,38,83,4,1.2686379849910736
base,equation_transform,38,112,132,52.11238005757332
base,equation_transform,38,113,11,3.1631104797124863
base,equation_transform,38,124,24,5.692680284380913
base,equation_transform,38,14,21,8.443499267101288
base,equation_transform,38,35,21,10.128216058015823
base,equation_transform,38,58,6,2.3511472046375275
base,equation_transform,38,103,4,3.752171277999878
base,equation_transform,38,15,9,2.2962367236614227
base,equation_transform,38,24,25,8.359159149229527
base,equation_transform,38,36,16,11.098234474658966
base,equation_transform,38,111,7,1.5420233011245728
base,equation_transform,38,47,10,2.447697266936302
base,equation_transform,38,101,286,166.9336142912507
base,equation_transform,38,57,111,57.25816681236029
base,equation_transform,38,60,24,7.049635171890259
base,equation_transform,38,63,96,21.155109643936157
base,equation_transform,38,90,32,6.3743444457650185
base,equation_transform,38,46,41,18.296814769506454
base,equation_transform,38,68,41,18.121891662478447
base,equation_transform,38,26,72,33.194347858428955
base,equation_transform,38,42,22,9.150426372885704
base,equation_transform,38,115,22,5.244612604379654
base,equation_transform,38,29,63,15.006954953074455
base,equation_transform,38,96,5,3.7313029170036316
base,equation_transform,38,81,17,8.37172183394432
base,equation_transform,38,34,23,9.901919215917587
base,equation_transform,38,10,7,1.0709203034639359
base,equation_transform,38,17,73,43.9061673283577
base,equation_transform,38,50,11,2.1278365775942802
base,equation_transform,38,51,5,1.0177002996206284
base,equation_transform,38,98,15,2.725573293864727
base,equation_transform,38,93,6,1.094154179096222
base,equation_transform,38,16,10,3.8099376261234283
base,equation_transform,38,73,1,0.3270101845264435
base,equation_transform,38,94,11,2.287429466843605
base,equation_transform,38,19,13,3.0577206760644913
base,equation_transform,38,18,3,0.47039610147476196
base,equation_transform,38,92,9,1.8917617052793503
base,equation_transform,38,53,25,7.078868843615055
base,equation_transform,38,84,57,46.7706208974123
base,equation_transform,38,62,36,13.457015708088875
base,equation_transform,38,32,22,8.761897578835487
base,equation_transform,38,64,10,2.6742465049028397
base,equation_transform,38,11,40,11.925979100167751
base,equation_transform,38,118,9,1.2420539483428001
base,equation_transform,38,105,7,1.8222433477640152
base,equation_transform,38,54,1,0.34557634592056274
base,equation_transform,38,91,1,0.25335749983787537
base,equation_transform,38,114,11,2.243300996720791
base,equation_transform,38,110,6,0.975930817425251
base,equation_transform,38,37,38,15.81205989420414
base,equation_transform,38,44,3,0.3739313557744026
base,equation_transform,38,88,14,5.538206294178963
base,equation_transform,38,4,4,1.168901652097702
base,equation_transform,38,25,4,3.859483242034912
base,equation_transform,38,28,23,11.00402346253395
base,equation_transform,38,52,7,1.058752179145813
base,equation_transform,38,74,9,4.858835965394974
base,equation_transform,38,109,4,0.983172133564949
base,equation_transform,38,6,4,1.4079928696155548
base,equation_transform,38,125,1,0.08783067762851715
base,equation_transform,38,13,12,2.7441233918070793
base,equation_transform,38,108,4,2.1897926032543182
base,equation_transform,38,100,10,2.5925267040729523
base,equation_transform,38,123,8,2.6562515795230865
base,equation_transform,38,41,17,4.270112685859203
base,equation_transform,38,39,3,0.9768176972866058
base,equation_transform,38,99,3,0.846499964594841
base,equation_transform,38,55,3,0.7349745333194733
base,equation_transform,40,35,19,7.983203411102295
base,equation_transform,40,91,35,13.95700427889824
base,equation_transform,40,112,6,2.0199070274829865
base,equation_transform,40,114,5,1.9939196556806564
base,equation_transform,40,127,149,43.69517005980015
base,equation_transform,40,50,13,5.493405282497406
base,equation_transform,40,2,5,1.3618502393364906
base,equation_transform,40,41,22,6.976391598582268
base,equation_transform,40,74,4,1.8333376944065094
base,equation_transform,40,75,4,1.8932523727416992
base,equation_transform,40,107,59,15.735327035188675
base,equation_transform,40,4,6,1.5384047627449036
base,equation_transform,40,12,323,222.4253800958395
base,equation_transform,40,62,97,30.084359534084797
base,equation_transform,40,103,146,42.43292234838009
base,equation_transform,40,1,26,9.978646591305733
base,equation_transform,40,121,5,2.088498115539551
base,equation_transform,40,60,4,3.208028554916382
base,equation_transform,40,101,8,1.750180646777153
base,equation_transform,40,92,109,55.689291939139366
base,equation_transform,40,18,31,7.229993060231209
base,equation_transform,40,97,8,3.5096727311611176
base,equation_transform,40,16,23,8.083949491381645
base,equation_transform,40,120,22,4.855937868356705
base,equation_transform,40,47,50,15.627399571239948
base,equation_transform,40,71,45,15.043172888457775
base,equation_transform,40,93,2,0.5361392796039581
base,equation_transform,40,115,67,18.579374238848686
base,equation_transform,40,38,9,2.260950803756714
base,equation_transform,40,63,150,72.3703214675188
base,equation_transform,40,105,8,4.01660817861557
base,equation_transform,40,15,245,116.98906834423542
base,equation_transform,40,30,29,8.953363507986069
base,equation_transform,40,73,8,4.983904778957367
base,equation_transform,40,84,18,5.501776397228241
base,equation_transform,40,85,4,2.4172229766845703
base,equation_transform,40,68,12,2.666507512331009
base,equation_transform,40,72,7,1.1890780255198479
base,equation_transform,40,49,8,5.392071425914764
base,equation_transform,40,66,32,6.676081366837025
base,equation_transform,40,81,27,6.83993124216795
base,equation_transform,40,8,8,1.0192856714129448
base,equation_transform,40,25,46,22.212488070130348
base,equation_transform,40,34,1,0.13464896380901337
base,equation_transform,40,94,14,2.826193057000637
base,equation_transform,40,87,28,5.9968409687280655
base,equation_transform,40,40,46,12.902950458228588
base,equation_transform,40,82,1,0.11467207223176956
base,equation_transform,40,70,1,0.25655511021614075
base,equation_transform,40,88,11,3.514310672879219
base,equation_transform,40,44,8,2.4503089487552643
base,equation_transform,40,10,7,1.3633573353290558
base,equation_transform,40,90,3,0.3900589942932129
base,equation_transform,40,108,12,6.649931162595749
base,equation_transform,40,9,82,47.67811933159828
base,equation_transform,40,36,12,5.705276548862457
base,equation_transform,40,117,5,1.4415862262248993
base,equation_transform,40,110,16,4.101868689060211
base,equation_transform,40,5,11,3.2735200226306915
base,equation_transform,40,86,5,1.5136705040931702
base,equation_transform,40,42,6,1.1748959347605705
base,equation_transform,40,31,4,1.131367027759552
base,equation_transform,40,58,3,0.5873515158891678
base,equation_transform,40,78,4,0.7483971267938614
base,equation_transform,40,23,4,1.0759619325399399
base,equation_transform,40,45,1,0.340214341878891
base,equation_transform,40,55,9,4.715773776173592
base,equation_transform,43,9,9,2.3368440866470337
base,equation_transform,43,64,6,1.346126228570938
base,equation_transform,43,70,4,0.7001370489597321
base,equation_transform,43,90,20,12.920558013021946
base,equation_transform,43,95,4,0.6620513498783112
base,equation_transform,43,118,17,8.362659223377705
base,equation_transform,43,12,41,13.28090413659811
base,equation_transform,43,15,14,3.8321543782949448
base,equation_transform,43,20,13,2.7976444587111473
base,equation_transform,43,26,38,12.941818367689848
base,equation_transform,43,29,54,13.951738275587559
base,equation_transform,43,8,13,2.87596932053566
base,equation_transform,43,58,20,12.37067848443985
base,equation_transform,43,82,100,38.28021378815174
base,equation_transform,43,93,169,83.4290882833302
base,equation_transform,43,4,31,10.93821020796895
base,equation_transform,43,54,69,25.269881259649992
base,equation_transform,43,23,37,9.784871965646744
base,equation_transform,43,6,65,30.865253187716007
base,equation_transform,43,75,9,1.9730554074048996
base,equation_transform,43,113,8,1.4502414017915726
base,equation_transform,43,16,24,7.331777952611446
base,equation_transform,43,72,8,2.837992787361145
base,equation_transform,43,81,27,18.622625827789307
base,equation_transform,43,98,6,1.430213287472725
base,equation_transform,43,106,12,8.948816686868668
base,equation_transform,43,48,48,14.72588685899973
base,equation_transform,43,56,108,31.963465593755245
base,equation_transform,43,120,68,19.13700008019805
base,equation_transform,43,84,18,5.230890229344368
base,equation_transform,43,40,12,3.66013702750206
base,equation_transform,43,101,34,10.18034702539444
base,equation_transform,43,5,54,12.135474476963282
base,equation_transform,43,46,248,176.82406876981258
base,equation_transform,43,25,26,14.769955649971962
base,equation_transform,43,51,90,24.018148589879274
base,equation_transform,43,3,4,0.7292979806661606
base,equation_transform,43,55,26,3.4319229274988174
base,equation_transform,43,87,4,2.7226476669311523
base,equation_transform,43,94,12,6.491422176361084
base,equation_transform,43,108,34,17.78665766119957
base,equation_transform,43,41,20,14.368879228830338
base,equation_transform,43,116,9,2.6023486256599426
base,equation_transform,43,121,4,2.352602779865265
base,equation_transform,43,53,15,3.1468531787395477
base,equation_transform,43,65,27,13.283742040395737
base,equation_transform,43,17,6,1.2854347229003906
base,equation_transform,43,88,22,5.807003922760487
base,equation_transform,43,60,10,5.403735011816025
base,equation_transform,43,83,133,76.29675133526325
base,equation_transform,43,79,32,13.099562682211399
base,equation_transform,43,7,10,1.949547454714775
base,equation_transform,43,61,3,0.30481989681720734
base,equation_transform,43,109,58,19.84924715384841
base,equation_transform,43,47,2,0.17047449946403503
base,equation_transform,43,37,29,12.3713732175529
base,equation_transform,43,89,5,2.001255303621292
base,equation_transform,43,68,5,2.2397990003228188
base,equation_transform,43,57,3,0.8806767910718918
base,equation_transform,43,50,7,1.4095624089241028
base,equation_transform,43,91,1,0.11266358196735382
base,equation_transform,43,38,26,5.150293506681919
base,equation_transform,43,115,2,0.32391270995140076
base,equation_transform,43,73,19,3.4164529219269753
base,equation_transform,43,59,2,0.1653515063226223
base,equation_transform,43,36,47,25.06855073571205
base,equation_transform,43,76,12,4.661812961101532
base,equation_transform,43,126,3,0.7431018054485321
base,equation_transform,43,78,12,2.500374346971512
base,equation_transform,43,67,4,2.3723325729370117
base,equation_transform,43,44,10,6.300735682249069
base,equation_transform,43,43,10,2.224344924092293
base,equation_transform,43,125,6,1.7119367122650146
base,equation_transform,43,66,4,1.0043970048427582
base,equation_transform,43,11,8,1.7888975739479065
base,equation_transform,43,69,4,0.709680438041687
base,equation_transform,43,49,4,1.3781539797782898
base,equation_transform,45,2,31,12.944396495819092
base,equation_transform,45,31,13,5.861480474472046
base,equation_transform,45,60,16,3.711304496973753
base,equation_transform,45,85,17,14.431946136057377
base,equation_transform,45,91,5,2.4212487637996674
base,equation_transform,45,113,18,17.317468039691448
base,equation_transform,45,4,13,2.169066920876503
base,equation_transform,45,12,13,4.118401661515236
base,equation_transform,45,21,4,3.3022231459617615
base,equation_transform,45,38,135,35.63391829095781
base,equation_transform,45,76,31,11.52100482583046
base,equation_transform,45,57,8,1.9644014686346054
base,equation_transform,45,25,23,6.4813644997775555
base,equation_transform,45,40,84,28.371045919135213
base,equation_transform,45,95,16,6.798203498125076
base,equation_transform,45,116,28,19.093247339129448
base,equation_transform,45,65,4,0.9603309035301208
base,equation_transform,45,41,93,47.86002765595913
base,equation_transform,45,74,143,51.121030665934086
base,equation_transform,45,99,11,1.9611494094133377
base,equation_transform,45,105,4,4.601660966873169
base,equation_transform,45,120,11,3.8948420342057943
base,equation_transform,45,44,31,5.118572231382132
base,equation_transform,45,36,45,11.052436538040638
base,equation_transform,45,49,8,1.9337000399827957
base,equation_transform,45,84,26,7.110443517565727
base,equation_transform,45,101,8,3.8292744755744934
base,equation_transform,45,11,35,12.630722634494305
base,equation_transform,45,39,60,17.578617118299007
base,equation_transform,45,86,38,12.860777877271175
base,equation_transform,45,119,15,10.091600731015205
base,equation_transform,45,28,26,9.441294193267822
base,equation_transform,45,87,14,2.2934982255101204
base,equation_transform,45,1,39,7.234095394611359
base,equation_transform,45,124,299,183.41521231085062
base,equation_transform,45,33,6,1.2346283569931984
base,equation_transform,45,42,15,12.990140110254288
base,equation_transform,45,90,5,1.5635721236467361
base,equation_transform,45,83,43,10.205118104815483
base,equation_transform,45,109,25,13.723815396428108
base,equation_transform,45,51,1,0.17694279551506042
base,equation_transform,45,10,6,1.743085503578186
base,equation_transform,45,24,21,9.367337241768837
base,equation_transform,45,15,15,4.468355089426041
base,equation_transform,45,93,81,31.33420169353485
base,equation_transform,45,78,8,3.5500291287899017
base,equation_transform,45,81,8,1.4899734891951084
base,equation_transform,45,20,7,1.584785059094429
base,equation_transform,45,37,5,0.6748105138540268
base,equation_transform,45,104,9,4.623285740613937
base,equation_transform,45,118,23,9.780913457274437
base,equation_transform,45,26,17,11.902047362178564
base,equation_transform,45,48,26,19.318657875061035
base,equation_transform,45,7,18,5.721104130148888
base,equation_transform,45,103,64,27.19401127845049
base,equation_transform,45,88,23,4.137591239064932
base,equation_transform,45,0,22,22.874563094228506
base,equation_transform,45,6,9,1.040125347673893
base,equation_transform,45,50,88,33.4354073703289
base,equation_transform,45,53,51,20.375703491270542
base,equation_transform,45,73,9,1.5058663636446
base,equation_transform,45,46,22,8.677440483123064
base,equation_transform,45,16,2,0.20955080538988113
base,equation_transform,45,45,11,10.719859838485718
base,equation_transform,45,107,20,14.593716561794281
base,equation_transform,45,22,8,1.986721932888031
base,equation_transform,45,18,10,2.240490034222603
base,equation_transform,45,17,8,1.6805004477500916
base,equation_transform,45,127,4,3.1406445503234863
base,equation_transform,45,58,9,2.6505147218704224
base,equation_transform,45,66,7,1.8838971853256226
base,equation_transform,45,27,5,2.6523728370666504
base,equation_transform,45,82,8,2.350561648607254
base,equation_transform,45,92,2,0.2758152335882187
base,equation_transform,45,69,18,5.408976659178734
base,equation_transform,45,114,5,1.1610982567071915
base,equation_transform,45,63,10,6.001869767904282
base,equation_transform,45,112,7,1.563793445006013
base,equation_transform,45,30,7,1.5969190299510956
base,equation_transform,45,52,10,5.238866239786148
base,equation_transform,45,3,5,1.8774957954883575
base,equation_transform,45,89,16,7.159043289721012
base,equation_transform,45,34,5,0.9595314860343933
base,equation_transform,45,115,3,0.7217129766941071
base,equation_transform,45,23,3,1.583495557308197
base,equation_transform,45,59,9,3.1474260091781616
base,equation_transform,47,22,7,2.271602526307106
base,equation_transform,47,37,4,1.3334654867649078
base,equation_transform,47,47,20,5.091948300600052
base,equation_transform,47,62,19,5.856536358594894
base,equation_transform,47,92,8,6.9538474678993225
base,equation_transform,47,30,26,6.3001308888196945
base,equation_transform,47,5,21,4.613490633666515
base,equation_transform,47,11,127,46.65068859234452
base,equation_transform,47,20,12,5.867388695478439
base,equation_transform,47,21,39,13.328053750097752
base,equation_transform,47,121,4,2.070859968662262
base,equation_transform,47,7,55,21.207421459257603
base,equation_transform,47,42,4,0.9236073642969131
base,equation_transform,47,70,11,3.6644092798233032
base,equation_transform,47,75,127,80.5993547514081
base,equation_transform,47,94,22,7.805152088403702
base,equation_transform,47,46,45,11.232251346111298
base,equation_transform,47,113,4,3.4200850129127502
base,equation_transform,47,106,4,0.8112006336450577
base,equation_transform,47,59,8,2.571121498942375
base,equation_transform,47,1,107,37.19055679440498
base,equation_transform,47,40,18,4.517224006354809
base,equation_transform,47,114,4,0.5607245415449142
base,equation_transform,47,36,35,12.894125565886497
base,equation_transform,47,107,10,3.532490849494934
base,equation_transform,47,41,38,12.08254810422659
base,equation_transform,47,56,12,3.046179488301277
base,equation_transform,47,2,87,33.31910602748394
base,equation_transform,47,12,96,59.10912799835205
base,equation_transform,47,89,34,12.005438268184662
base,equation_transform,47,14,29,10.14660183340311
base,equation_transform,47,50,4,0.9024607241153717
base,equation_transform,47,115,5,4.4021322429180145
base,equation_transform,47,15,4,0.8650695830583572
base,equation_transform,47,54,5,1.3771111741662025
base,equation_transform,47,66,8,2.28590127825737
base,equation_transform,47,57,7,1.5708314180374146
base,equation_transform,47,105,5,0.8095242381095886
base,equation_transform,47,108,9,1.9681690484285355
base,equation_transform,47,19,4,0.6793851852416992
base,equation_transform,47,127,55,21.542580023407936
base,equation_transform,47,4,12,2.419978089630604
base,equation_transform,47,103,16,8.120002090930939
base,equation_transform,47,116,32,9.915759589523077
base,equation_transform,47,77,2,0.4330770671367645
base,equation_transform,47,83,7,1.1966145634651184
base,equation_transform,47,49,7,4.52397221326828
base,equation_transform,47,80,4,0.7367643415927887
base,equation_transform,47,45,8,2.390291929244995
base,equation_transform,47,24,53,30.662507131695747
base,equation_transform,47,110,6,1.094887800514698
base,equation_transform,47,10,6,1.4671432375907898
base,equation_transform,47,98,13,3.241893544793129
base,equation_transform,47,33,38,11.729906499385834
base,equation_transform,47,95,24,11.868264555931091
base,equation_transform,47,26,18,5.629063203930855
base,equation_transform,47,64,103,58.78501543402672
base,equation_transform,47,90,13,4.26083592325449
base,equation_transform,47,3,42,19.67690920829773
base,equation_transform,47,25,26,6.749281205236912
base,equation_transform,47,34,77,57.94542184472084
base,equation_transform,47,53,87,28.858022421598434
base,equation_transform,47,17,11,4.696692571043968
base,equation_transform,47,63,1,0.28808122873306274
base,equation_transform,47,112,13,9.979575365781784
base,equation_transform,47,82,22,10.575119093060493
base,equation_transform,47,48,18,9.571553617715836
base,equation_transform,47,122,1,0.1804473102092743
base,equation_transform,47,117,53,18.950347267091274
base,equation_transform,47,31,12,3.1997098475694656
base,equation_transform,47,100,9,2.4295702129602432
base,equation_transform,47,9,35,10.23005872964859
base,equation_transform,47,29,7,2.0912154763936996
base,equation_transform,47,67,4,0.7794499844312668
base,equation_transform,47,16,17,4.2015978544950485
base,equation_transform,47,51,9,8.231716752052307
base,equation_transform,47,86,5,1.3115268647670746
base,equation_transform,47,18,5,1.2253428399562836
base,equation_transform,47,60,6,2.5337141007184982
base,equation_transform,47,81,5,0.7930668145418167
base,equation_transform,47,61,8,5.638109013438225
base,equation_transform,47,6,12,3.125000238418579
base,equation_transform,47,88,5,1.734491027891636
base,equation_transform,47,99,2,0.6110923290252686
base,equation_transform,47,124,17,5.219274267554283
base,equation_transform,47,125,3,0.6235009282827377
base,equation_transform,47,120,25,13.270583182573318
base,equation_transform,47,123,5,1.5102303475141525
base,equation_transform,47,93,15,10.090716183185577
base,equation_transform,47,78,4,1.2578129470348358
base,equation_transform,47,79,9,2.3476368188858032
base,equation_transform,47,0,48,22.442938275635242
base,equation_transform,47,38,12,8.695948213338852
base,equation_transform,47,96,4,1.461018830537796
base,equation_transform,47,118,8,3.411038249731064
base,equation_transform,47,8,6,1.7456972301006317
base,equation_transform,47,101,12,5.6531127989292145
base,equation_transform,47,111,6,1.4047065377235413
base,equation_transform,47,39,1,0.2948042154312134
base,equation_transform,47,72,3,0.7695348560810089
base,equation_transform,47,68,5,1.410099357366562
base,equation_transform,47,55,6,1.9784620255231857
base,equation_transform,49,44,32,14.287815660238266
base,equation_transform,49,58,10,3.649204343557358
base,equation_transform,49,59,35,15.329955369234085
base,equation_transform,49,92,4,1.0145309567451477
base,equation_transform,49,101,30,6.818208456039429
base,equation_transform,49,4,3,0.6523031294345856
base,equation_transform,49,17,80,26.038028210401535
base,equation_transform,49,21,108,53.85608270764351
base,equation_transform,49,69,12,5.045236974954605
base,equation_transform,49,80,35,12.85935726761818
base,equation_transform,49,104,31,8.176531195640564
base,equation_transform,49,32,24,10.95251578092575
base,equation_transform,49,89,20,8.232684642076492
base,equation_transform,49,121,28,9.225624099373817
base,equation_transform,49,41,24,9.004772305488586
base,equation_transform,49,7,16,6.580314993858337
base,equation_transform,49,31,24,14.101105123758316
base,equation_transform,49,97,4,2.1177108883857727
base,equation_transform,49,10,13,3.493288576602936
base,equation_transform,49,24,10,2.8290387392044067
base,equation_transform,49,46,10,3.7129093259572983
base,equation_transform,49,74,71,33.595706798136234
base,equation_transform,49,125,4,0.9750810861587524
base,equation_transform,49,12,9,2.22704316675663
base,equation_transform,49,90,18,5.688842639327049
base,equation_transform,49,114,8,6.377910315990448
base,equation_transform,49,52,33,14.330483421683311
base,equation_transform,49,16,45,28.10745993256569
base,equation_transform,49,57,80,30.20939375460148
base,equation_transform,49,13,16,8.557505398988724
base,equation_transform,49,56,24,8.906886890530586
base,equation_transform,49,93,6,4.526712134480476
base,equation_transform,49,119,56,17.86358378827572
base,equation_transform,49,42,17,3.968748703598976
base,equation_transform,49,95,160,68.40543889254332
base,equation_transform,49,11,16,9.288320928812027
base,equation_transform,49,61,57,22.7305918186903
base,equation_transform,49,62,18,6.155678406357765
base,equation_transform,49,78,284,179.9643383771181
base,equation_transform,49,105,28,12.054488256573677
base,equation_transform,49,63,40,13.621042966842651
base,equation_transform,49,5,7,2.24616901576519
base,equation_transform,49,19,10,2.9886394292116165
base,equation_transform,49,45,18,10.36759352684021
base,equation_transform,49,70,5,1.0644775331020355
base,equation_transform,49,48,21,9.053745701909065
base,equation_transform,49,68,9,2.066834270954132
base,equation_transform,49,2,6,1.3334867805242538
base,equation_transform,49,110,7,1.5953682661056519
base,equation_transform,49,81,6,4.442512422800064
base,equation_transform,49,3,5,0.7291445136070251
base,equation_transform,49,72,28,9.412949495017529
base,equation_transform,49,71,1,0.2172074317932129
base,equation_transform,49,115,95,44.128155425190926
base,equation_transform,49,82,35,8.611968606710434
base,equation_transform,49,28,11,2.8381629437208176
base,equation_transform,49,86,21,6.280804842710495
base,equation_transform,49,54,23,6.21802145242691
base,equation_transform,49,100,4,0.88936947286129
base,equation_transform,49,108,23,8.748102560639381
base,equation_transform,49,88,30,8.296663492918015
base,equation_transform,49,87,3,0.5860400646924973
base,equation_transform,49,43,30,12.977536588907242
base,equation_transform,49,23,3,2.0863465070724487
base,equation_transform,49,51,3,0.5044542104005814
base,equation_transform,49,22,16,7.513845287263393
base,equation_transform,49,76,4,1.0634298920631409
base,equation_transform,49,0,4,1.0975869297981262
base,equation_transform,49,55,11,3.1119035333395004
base,equation_transform,49,40,14,4.07377091050148
base,equation_transform,49,18,2,0.4524003863334656
base,equation_transform,49,64,3,0.5415342003107071
base,equation_transform,49,65,4,0.9107312262058258
base,equation_transform,49,38,1,0.1661689430475235
base,equation_transform,49,96,5,0.9478276520967484
base,equation_transform,49,66,1,0.2773706912994385
base,equation_transform,49,94,24,6.353408470749855
base,equation_transform,49,107,4,0.978741243481636
base,equation_transform,49,77,11,2.3643992841243744
base,equation_transform,49,79,1,0.36833420395851135
base,equation_transform,49,34,15,5.285578235983849
base,equation_transform,49,102,5,1.1791558265686035
base,equation_transform,49,111,6,1.41638845205307
base,equation_transform,49,120,22,5.746229201555252
base,equation_transform,49,15,7,4.344018995761871
base,equation_transform,49,83,6,0.856558658182621
base,equation_transform,49,49,9,2.2353434413671494
base,equation_transform,49,127,14,3.6037336587905884
base,equation_transform,49,50,35,10.727192118763924
base,equation_transform,49,1,8,2.9853143095970154
base,equation_transform,49,47,4,1.5547522902488708
base,equation_transform,49,118,9,2.4181385338306427
base,equation_transform,51,24,12,5.603715717792511
base,equation_transform,51,57,22,9.07270847260952
base,equation_transform,51,79,9,2.0711341202259064
base,equation_transform,51,83,15,11.379792496562004
base,equation_transform,51,96,14,4.383683919906616
base,equation_transform,51,53,18,2.896947003901005
base,equation_transform,51,2,87,32.51350162923336
base,equation_transform,51,17,19,6.3906194269657135
base,equation_transform,51,90,13,3.4326819628477097
base,equation_transform,51,100,14,5.296131521463394
base,equation_transform,51,106,22,6.517151057720184
base,equation_transform,51,95,23,4.441382363438606
base,equation_transform,51,26,16,5.285390079021454
base,equation_transform,51,36,187,67.05330017209053
base,equation_transform,51,55,69,28.153199419379234
base,equation_transform,51,116,4,1.0532217621803284
base,equation_transform,51,15,16,4.5377984046936035
base,equation_transform,51,20,16,7.924405068159103
base,equation_transform,51,84,4,0.9921253174543381
base,equation_transform,51,87,10,5.629573673009872
base,equation_transform,51,120,32,16.682719066739082
base,equation_transform,51,97,5,1.3241309374570847
base,equation_transform,51,6,20,8.50149704515934
base,equation_transform,51,114,4,2.539645552635193
base,equation_transform,51,115,19,9.746781289577484
base,equation_transform,51,117,58,22.93480494618416
base,equation_transform,51,123,27,9.560462668538094
base,equation_transform,51,3,31,12.290052115917206
base,equation_transform,51,25,13,7.171353831887245
base,equation_transform,51,108,12,4.1044440269470215
base,equation_transform,51,91,10,1.9427971690893173
base,equation_transform,51,13,25,8.73993556201458
base,equation_transform,51,94,18,6.251012712717056
base,equation_transform,51,98,15,12.465307608246803
base,equation_transform,51,31,12,10.261765897274017
base,equation_transform,51,119,20,6.507957398891449
base,equation_transform,51,125,28,15.839865654706955
base,equation_transform,51,64,20,5.3596625328063965
base,equation_transform,51,73,14,13.405916541814804
base,equation_transform,51,78,25,6.897429034113884
base,equation_transform,51,45,4,1.2908075749874115
base,equation_transform,51,93,18,5.309166207909584
base,equation_transform,51,41,21,7.97352260351181
base,equation_transform,51,43,7,2.346137523651123
base,equation_transform,51,46,12,5.471679478883743
base,equation_transform,51,66,11,4.365429669618607
base,equation_transform,51,30,14,4.5387890338897705
base,equation_transform,51,38,11,3.47343085706234
base,equation_transform,51,48,25,7.84893761575222
base,equation_transform,51,60,4,1.1888355314731598
base,equation_transform,51,72,10,3.476545348763466
base,equation_transform,51,99,14,3.3496249616146088
base,equation_transform,51,54,15,3.810926705598831
base,equation_transform,51,86,16,6.15916508436203
base,equation_transform,51,92,15,4.9050698429346085
base,equation_transform,51,103,11,4.005773693323135
base,equation_transform,51,61,30,17.243301510810852
base,equation_transform,51,62,28,13.14488360285759
base,equation_transform,51,76,6,1.78095743060112
base,equation_transform,51,109,17,6.008172020316124
base,equation_transform,51,112,24,9.361764371395111
base,equation_transform,51,82,17,13.99456849694252
base,equation_transform,51,101,16,11.651312589645386
base,equation_transform,51,111,8,2.988226592540741
base,equation_transform,51,14,4,1.442817211151123
base,equation_transform,51,23,18,5.022209495306015
base,equation_transform,51,121,4,1.1424293667078018
base,equation_transform,51,1,22,11.108285158872604
base,equation_transform,51,58,44,14.48833978921175
base,equation_transform,51,74,36,15.248662181198597
base,equation_transform,51,35,53,24.14156897366047
base,equation_transform,51,7,16,4.190299436450005
base,equation_transform,51,9,130,59.90422664582729
base,equation_transform,51,85,100,73.53841063380241
base,equation_transform,51,40,39,13.184121489524841
base,equation_transform,51,113,35,15.959464192390442
base,equation_transform,51,21,11,3.0897927433252335
base,equation_transform,51,12,14,9.219817280769348
base,equation_transform,51,37,8,2.614240050315857
base,equation_transform,51,27,20,14.961756482720375
base,equation_transform,51,63,7,1.9710857570171356
base,equation_transform,51,22,10,8.395167499780655
base,equation_transform,51,39,36,12.696650221943855
base,equation_transform,51,118,5,0.8213775753974915
base,equation_transform,51,42,7,1.288247063755989
base,equation_transform,51,44,36,12.231977134943008
base,equation_transform,51,88,11,2.5434074327349663
base,equation_transform,51,104,10,2.7740507423877716
base,equation_transform,51,51,10,4.191299080848694
base,equation_transform,51,16,8,4.480099320411682
base,equation_transform,51,50,4,0.7927360981702805
base,equation_transform,51,68,4,0.9901022166013718
base,equation_transform,51,5,6,2.209914207458496
base,equation_transform,51,10,5,1.479639619588852
base,equation_transform,51,18,21,5.487576752901077
base,equation_transform,51,81,12,3.5371228009462357
base,equation_transform,51,32,14,5.249280579388142
base,equation_transform,51,28,6,2.1691511273384094
base,equation_transform,51,34,4,2.774504244327545
base,equation_transform,51,69,7,2.290572226047516
base,equation_transform,51,4,2,0.6878851354122162
base,equation_transform,51,33,4,1.939267247915268
base,equation_transform,51,47,13,5.348901703953743
base,equation_transform,51,67,8,2.6226169764995575
base,equation_transform,51,71,14,4.809644490480423
base,equation_transform,51,126,12,5.23182213306427
base,equation_transform,51,105,12,3.6855330541729927
base,equation_transform,51,56,5,3.890809506177902
base,equation_transform,51,19,2,0.42819854617118835
base,equation_transform,1,26,3,0.8033519685268402
base,equation_transform,1,48,3,1.4322510957717896
base,equation_transform,1,46,3,1.0760610699653625
base,equation_transform,1,23,1,0.3067370653152466
base,equation_transform,3,98,7,2.7861290276050568
base,equation_transform,3,17,2,0.7777480483055115
base,equation_transform,3,27,2,0.6412757337093353
base,equation_transform,3,124,6,3.4452247619628906
base,equation_transform,6,86,7,1.8974988907575607
base,equation_transform,6,42,14,4.668523132801056
base,equation_transform,6,3,2,0.47612904012203217
base,equation_transform,6,98,2,0.8587666451931
base,equation_transform,6,68,3,0.8406693041324615
base,equation_transform,6,14,3,2.033089518547058
base,equation_transform,8,22,4,1.8884596526622772
base,equation_transform,8,45,6,2.1195284724235535
base,equation_transform,8,54,2,0.6778627038002014
base,equation_transform,8,55,3,1.0648314356803894
base,equation_transform,8,99,11,4.041879206895828
base,equation_transform,8,126,2,0.8410190343856812
base,equation_transform,8,59,1,0.3629559278488159
base,equation_transform,8,53,1,0.332802414894104
base,equation_transform,10,17,2,0.3273458778858185
base,equation_transform,10,69,13,4.890138223767281
base,equation_transform,10,124,6,1.3955770879983902
base,equation_transform,10,36,9,3.8292689323425293
base,equation_transform,10,90,16,5.177524358034134
base,equation_transform,10,63,2,0.6078260242938995
base,equation_transform,13,20,9,3.4206551015377045
base,equation_transform,13,126,2,0.7188126444816589
base,equation_transform,13,7,2,0.7007694840431213
base,equation_transform,13,0,2,0.6855672001838684
base,equation_transform,13,61,3,1.1200213134288788
base,equation_transform,13,27,3,0.9861055910587311
base,equation_transform,15,11,2,0.7881015539169312
base,equation_transform,15,91,11,3.886710226535797
base,equation_transform,15,81,17,5.304306924343109
base,equation_transform,15,10,2,0.5680858194828033
base,equation_transform,15,39,5,1.567862629890442
base,equation_transform,15,55,2,0.8136279582977295
base,equation_transform,15,75,8,2.376979649066925
base,equation_transform,15,123,2,0.5225457400083542
base,equation_transform,15,35,2,0.6338165402412415
base,equation_transform,15,62,1,0.2678081691265106
base,equation_transform,15,38,4,1.1932904124259949
base,equation_transform,15,98,1,0.3240645229816437
base,equation_transform,17,31,3,0.6890036314725876
base,equation_transform,17,122,3,1.5252805650234222
base,equation_transform,17,124,3,0.7761318981647491
base,equation_transform,17,99,5,2.398222804069519
base,equation_transform,17,92,2,0.8471307158470154
base,equation_transform,17,52,2,0.5548481345176697
base,equation_transform,17,44,4,1.145456314086914
base,equation_transform,17,50,2,0.6474613547325134
base,equation_transform,17,63,4,1.9369316101074219
base,equation_transform,20,30,8,3.0349886417388916
base,equation_transform,20,50,11,3.6322068870067596
base,equation_transform,20,87,22,7.618817180395126
base,equation_transform,20,34,8,2.468538820743561
base,equation_transform,20,93,1,0.47292885184288025
base,equation_transform,20,112,3,1.100538194179535
base,equation_transform,20,88,9,3.2423119843006134
base,equation_transform,20,122,3,1.0946952998638153
base,equation_transform,22,83,2,1.29878830909729
base,equation_transform,22,77,3,0.683248370885849
base,equation_transform,22,125,2,0.5240484476089478
base,equation_transform,22,123,3,0.537000760436058
base,equation_transform,22,89,7,2.568235367536545
base,equation_transform,22,46,3,1.058997929096222
base,equation_transform,22,104,3,0.6503752022981644
base,equation_transform,22,112,3,0.6380937546491623
base,equation_transform,22,75,1,0.17728176712989807
base,equation_transform,24,73,1,0.23726090788841248
base,equation_transform,24,60,2,0.5276182144880295
base,equation_transform,24,95,3,0.7947234213352203
base,equation_transform,24,41,2,0.660392701625824
base,equation_transform,24,9,5,1.2771778106689453
base,equation_transform,24,85,3,0.9078618586063385
base,equation_transform,24,97,1,0.28427350521087646
base,equation_transform,24,27,3,0.9121118187904358
base,equation_transform,27,28,4,0.9532380551099777
base,equation_transform,27,42,4,0.8797504752874374
base,equation_transform,27,66,4,1.008940428495407
base,equation_transform,27,17,3,0.7184670716524124
base,equation_transform,27,12,2,0.7421003580093384
base,equation_transform,29,36,2,0.6603668928146362
base,equation_transform,29,39,2,0.746599942445755
base,equation_transform,29,71,9,3.1026518642902374
base,equation_transform,29,58,2,0.6662931442260742
base,equation_transform,29,31,2,0.9471135437488556
base,equation_transform,29,69,4,1.2058636844158173
base,equation_transform,29,119,3,0.9384901225566864
base,equation_transform,29,88,1,0.2805864214897156
base,equation_transform,31,73,4,0.9410219341516495
base,equation_transform,31,120,2,1.372563362121582
base,equation_transform,31,93,10,3.3243100345134735
base,equation_transform,31,31,2,0.6084494292736053
base,equation_transform,31,16,1,0.21409450471401215
base,equation_transform,34,74,8,3.1271972954273224
base,equation_transform,34,35,11,3.578291207551956
base,equation_transform,34,84,1,0.23087745904922485
base,equation_transform,34,71,2,0.9550780057907104
base,equation_transform,34,67,1,0.23581631481647491
base,equation_transform,36,85,4,1.4200510084629059
base,equation_transform,36,72,2,0.6795592308044434
base,equation_transform,36,44,5,1.1725376695394516
base,equation_transform,36,90,2,0.4582272619009018
base,equation_transform,36,108,5,1.4241891875863075
base,equation_transform,36,54,1,0.2385152280330658
base,equation_transform,38,70,11,2.235301971435547
base,equation_transform,38,9,2,0.3525271564722061
base,equation_transform,38,22,2,0.3475795239210129
base,equation_transform,38,75,5,1.3209220319986343
base,equation_transform,38,71,2,0.23552870005369186
base,equation_transform,38,31,1,0.27881211042404175
base,equation_transform,38,0,2,0.652062863111496
base,equation_transform,40,95,4,0.8817327618598938
base,equation_transform,40,52,2,0.6334136426448822
base,equation_transform,40,67,2,0.27895359694957733
base,equation_transform,43,107,5,0.7305358275771141
base,equation_transform,43,1,7,2.8842411041259766
base,equation_transform,43,80,7,3.770538955926895
base,equation_transform,43,104,2,0.32196207344532013
base,equation_transform,43,105,5,1.9098725318908691
base,equation_transform,45,29,2,0.2873058542609215
base,equation_transform,45,72,2,0.3306913375854492
base,equation_transform,45,68,6,1.238270327448845
base,equation_transform,45,125,2,0.25111833214759827
base,equation_transform,45,61,1,0.07801689952611923
base,equation_transform,45,117,7,1.0014717280864716
base,equation_transform,45,47,6,0.9660557098686695
base,equation_transform,47,84,2,0.5028842985630035
base,equation_transform,47,119,17,4.666446700692177
base,equation_transform,47,76,2,0.49192188680171967
base,equation_transform,47,69,2,0.6304336786270142
base,equation_transform,47,126,2,0.49267734587192535
base,equation_transform,49,122,3,0.7868850082159042
base,equation_transform,49,73,2,0.35970044136047363
base,equation_transform,49,113,1,0.26872897148132324
base,equation_transform,49,123,4,1.5132037997245789
base,equation_transform,49,106,2,0.25202273577451706
base,equation_transform,49,33,1,0.2164965569972992
base,equation_transform,51,110,2,0.5724899172782898
base,equation_transform,51,70,3,0.8180880546569824
base,equation_transform,51,0,6,1.6692307442426682
base,equation_transform,1,4,2,0.7476160824298859
base,equation_transform,3,14,2,0.6765258014202118
base,equation_transform,6,23,1,0.43165433406829834
base,equation_transform,6,53,1,0.3507804870605469
base,equation_transform,10,109,1,0.25170084834098816
base,equation_transform,10,12,1,0.31664538383483887
base,equation_transform,10,10,1,0.38163095712661743
base,equation_transform,13,92,2,0.6056744456291199
base,equation_transform,13,108,3,1.0542855560779572
base,equation_transform,13,49,1,0.40033018589019775
base,equation_transform,13,127,1,0.38937288522720337
base,equation_transform,13,95,1,0.4038594961166382
base,equation_transform,13,118,1,0.37869784235954285
base,equation_transform,13,86,2,0.7362720966339111
base,equation_transform,13,117,1,0.25930529832839966
base,equation_transform,13,72,1,0.3305421471595764
base,equation_transform,15,68,1,0.41803404688835144
base,equation_transform,15,92,3,0.7671787291765213
base,equation_transform,15,76,1,0.2959839701652527
base,equation_transform,15,111,3,0.9900756478309631
base,equation_transform,17,97,1,0.5015898942947388
base,equation_transform,20,83,1,0.3927582800388336
base,equation_transform,20,102,1,0.32390767335891724
base,equation_transform,22,28,1,0.2201416790485382
base,equation_transform,22,118,1,0.26549145579338074
base,equation_transform,24,26,2,0.48793767392635345
base,equation_transform,24,51,1,0.3399398624897003
base,equation_transform,24,46,1,0.267858624458313
base,equation_transform,24,75,1,0.3317115306854248
base,equation_transform,27,78,1,0.2809683084487915
base,equation_transform,27,18,2,0.6220193803310394
base,equation_transform,27,69,1,0.3904127776622772
base,equation_transform,27,126,1,0.32606327533721924
base,equation_transform,27,105,1,0.30264154076576233
base,equation_transform,29,45,1,0.3955036401748657
base,equation_transform,31,108,2,0.5249344557523727
base,equation_transform,31,117,1,0.35991257429122925
base,equation_transform,34,100,1,0.29934653639793396
base,equation_transform,36,45,1,0.31018760800361633
base,equation_transform,36,77,2,0.29565612226724625
base,equation_transform,36,47,1,0.354325532913208
base,equation_transform,38,5,1,0.24909189343452454
base,equation_transform,38,1,2,0.3356325924396515
base,equation_transform,40,11,6,1.0803245976567268
base,equation_transform,40,26,1,0.22606851160526276
base,equation_transform,43,27,1,0.09525462985038757
base,equation_transform,43,39,1,0.11487860232591629
base,equation_transform,43,71,3,0.3946562334895134
base,equation_transform,43,28,2,0.2203388512134552
base,equation_transform,45,62,2,1.5664241015911102
base,equation_transform,47,58,2,0.31123124808073044
base,equation_transform,49,9,2,0.9397246539592743
base,equation_transform,49,67,1,0.31481367349624634
base,equation_transform,49,103,2,1.0606685876846313
base,equation_transform,49,109,1,0.25999611616134644
base,equation_transform,49,124,1,0.26500681042671204
base,equation_transform,51,75,1,0.1180269718170166
base,equation_transform,8,6,1,0.3888300657272339
base,equation_transform,10,83,1,0.32449349761009216
base,equation_transform,13,8,1,0.22222906351089478
base,equation_transform,13,121,1,0.3465297520160675
base,equation_transform,13,112,1,0.40018635988235474
base,equation_transform,13,79,1,0.37067514657974243
base,equation_transform,15,22,1,0.3415835499763489
base,equation_transform,15,37,1,0.2599027156829834
base,equation_transform,17,64,1,0.22488555312156677
base,equation_transform,17,100,1,0.3386405408382416
base,equation_transform,20,22,1,0.2259649634361267
base,equation_transform,20,8,1,0.28590109944343567
base,equation_transform,22,32,1,0.3514823615550995
base,equation_transform,24,39,1,0.2694607973098755
base,equation_transform,24,62,1,0.25650545954704285
base,equation_transform,24,113,1,0.2852509617805481
base,equation_transform,27,73,1,0.33973610401153564
base,equation_transform,29,63,1,0.43340370059013367
base,equation_transform,31,90,1,0.34040674567222595
base,equation_transform,36,101,1,0.17777644097805023
base,equation_transform,36,2,1,0.32730817794799805
base,equation_transform,38,61,1,0.2770460247993469
base,equation_transform,38,23,1,0.22201119363307953
base,equation_transform,40,19,1,0.21889397501945496
base,equation_transform,43,99,1,0.08727472275495529
base,equation_transform,43,103,1,0.04798863083124161
base,equation_transform,43,114,1,0.11694807559251785
base,equation_transform,45,9,1,0.1098182424902916
base,equation_transform,45,77,1,0.04243025928735733
base,equation_transform,47,97,1,0.3542911410331726
base,equation_transform,49,116,1,0.30198606848716736
base,equation_transform,49,53,1,0.17067977786064148
base,equation_transform,51,59,1,0.20404697954654694
base,gravity_formula,1,11,14,4.7439392656087875
base,gravity_formula,1,34,16,7.376173585653305
base,gravity_formula,1,69,15,7.697237253189087
base,gravity_formula,1,74,27,12.104982286691666
base,gravity_formula,1,113,37,15.862212657928467
base,gravity_formula,1,24,52,22.14999759197235
base,gravity_formula,1,12,106,40.369444996118546
base,gravity_formula,1,29,24,10.676254332065582
base,gravity_formula,1,45,34,12.80549344420433
base,gravity_formula,1,57,21,8.807130813598633
base,gravity_formula,1,119,27,8.447923004627228
base,gravity_formula,1,6,33,11.284703373908997
base,gravity_formula,1,1,28,11.496565520763397
base,gravity_formula,1,8,13,5.651130020618439
base,gravity_formula,1,9,35,14.452390402555466
base,gravity_formula,1,64,47,19.680644541978836
base,gravity_formula,1,85,19,8.980440735816956
base,gravity_formula,1,15,29,10.556669801473618
base,gravity_formula,1,54,56,20.92043623328209
base,gravity_formula,1,117,16,7.197321206331253
base,gravity_formula,1,60,12,5.76917827129364
base,gravity_formula,1,110,54,23.82346285879612
base,gravity_formula,1,125,28,12.385009378194809
base,gravity_formula,1,94,41,17.730707317590714
base,gravity_formula,1,55,80,32.50722283124924
base,gravity_formula,1,83,57,22.277320504188538
base,gravity_formula,1,120,29,11.59637999534607
base,gravity_formula,1,39,24,12.054812252521515
base,gravity_formula,1,25,26,11.865131080150604
base,gravity_formula,1,61,25,10.58228975534439
base,gravity_formula,1,81,52,21.425209939479828
base,gravity_formula,1,32,32,12.999576151371002
base,gravity_formula,1,43,4,1.3390706777572632
base,gravity_formula,1,62,16,6.194115072488785
base,gravity_formula,1,68,48,17.498172402381897
base,gravity_formula,1,10,12,4.837806731462479
base,gravity_formula,1,26,18,9.704072028398514
base,gravity_formula,1,58,24,10.113930433988571
base,gravity_formula,1,93,36,12.424136385321617
base,gravity_formula,1,66,17,5.11335663497448
base,gravity_formula,1,47,7,2.957409232854843
base,gravity_formula,1,63,8,2.8383473306894302
base,gravity_formula,1,92,48,24.92020583152771
base,gravity_formula,1,105,9,3.887841612100601
base,gravity_formula,1,20,17,6.923873543739319
base,gravity_formula,1,36,58,26.011404037475586
base,gravity_formula,1,91,60,25.350314170122147
base,gravity_formula,1,104,40,16.744486421346664
base,gravity_formula,1,52,47,18.722180783748627
base,gravity_formula,1,53,25,11.190992146730423
base,gravity_formula,1,23,10,4.264480501413345
base,gravity_formula,1,38,35,15.441935330629349
base,gravity_formula,1,71,25,9.099307462573051
base,gravity_formula,1,114,20,7.031323194503784
base,gravity_formula,1,27,42,16.215762227773666
base,gravity_formula,1,44,58,24.283464014530182
base,gravity_formula,1,31,36,15.82121130824089
base,gravity_formula,1,56,24,9.299786180257797
base,gravity_formula,1,108,38,14.247132927179337
base,gravity_formula,1,89,9,3.8268512189388275
base,gravity_formula,1,118,11,3.5930202305316925
base,gravity_formula,1,18,15,5.881495803594589
base,gravity_formula,1,41,45,16.70259925723076
base,gravity_formula,1,95,22,6.844297602772713
base,gravity_formula,1,101,37,15.979719817638397
base,gravity_formula,1,124,17,7.5662341713905334
base,gravity_formula,1,86,4,1.1327114701271057
base,gravity_formula,1,3,63,24.990818798542023
base,gravity_formula,1,79,18,7.932604610919952
base,gravity_formula,1,14,36,13.994513630867004
base,gravity_formula,1,99,17,9.203085511922836
base,gravity_formula,1,80,47,16.800452083349228
base,gravity_formula,1,40,33,15.876013457775116
base,gravity_formula,1,65,26,11.42429043352604
base,gravity_formula,1,103,57,25.915361046791077
base,gravity_formula,1,88,29,15.638151198625565
base,gravity_formula,1,106,39,12.355630218982697
base,gravity_formula,1,78,49,21.648650288581848
base,gravity_formula,1,76,39,15.357364267110825
base,gravity_formula,1,13,85,37.740750044584274
base,gravity_formula,1,109,91,39.058925062417984
base,gravity_formula,1,116,44,19.742265731096268
base,gravity_formula,1,123,24,10.571077167987823
base,gravity_formula,1,16,7,3.2069270312786102
base,gravity_formula,1,107,10,4.869920969009399
base,gravity_formula,1,4,44,16.57182064652443
base,gravity_formula,1,7,23,9.200251996517181
base,gravity_formula,1,51,25,13.363319635391235
base,gravity_formula,1,84,48,24.523775309324265
base,gravity_formula,1,17,39,16.087462961673737
base,gravity_formula,1,5,31,11.275432735681534
base,gravity_formula,1,59,32,20.033847987651825
base,gravity_formula,1,50,28,14.736426830291748
base,gravity_formula,1,21,28,10.132217735052109
base,gravity_formula,1,33,24,9.883508205413818
base,gravity_formula,1,90,15,6.184010744094849
base,gravity_formula,1,100,9,3.349358409643173
base,gravity_formula,1,77,21,11.031060665845871
base,gravity_formula,1,75,31,14.267360866069794
base,gravity_formula,1,127,61,22.882775455713272
base,gravity_formula,1,42,35,12.963351130485535
base,gravity_formula,1,37,19,5.9947720766067505
base,gravity_formula,1,19,2,0.6313906610012054
base,gravity_formula,1,70,32,12.202223122119904
base,gravity_formula,1,96,44,18.015077143907547
base,gravity_formula,1,67,9,5.120260506868362
base,gravity_formula,1,112,28,9.517032623291016
base,gravity_formula,1,46,3,1.069554328918457
base,gravity_formula,1,73,14,6.872810453176498
base,gravity_formula,1,122,21,8.94690290093422
base,gravity_formula,1,22,8,2.848191410303116
base,gravity_formula,1,97,4,1.5644776225090027
base,gravity_formula,1,2,18,6.794827699661255
base,gravity_formula,1,72,12,4.663408041000366
base,gravity_formula,1,102,13,7.279341042041779
base,gravity_formula,1,126,4,2.9305341839790344
base,gravity_formula,1,82,11,3.392539292573929
base,gravity_formula,1,115,13,5.853301107883453
base,gravity_formula,1,30,8,2.7952792644500732
base,gravity_formula,1,48,5,1.5717336237430573
base,gravity_formula,1,35,5,2.0096388161182404
base,gravity_formula,1,98,12,4.3226278424263
base,gravity_formula,1,0,4,1.4315730929374695
base,gravity_formula,1,111,4,1.0792790055274963
base,gravity_formula,3,5,31,10.95606754720211
base,gravity_formula,3,46,15,5.74692302942276
base,gravity_formula,3,58,34,12.979092806577682
base,gravity_formula,3,119,36,18.755255043506622
base,gravity_formula,3,125,18,6.798393025994301
base,gravity_formula,3,69,8,3.954223394393921
base,gravity_formula,3,7,46,22.611156821250916
base,gravity_formula,3,28,20,9.23792190849781
base,gravity_formula,3,55,40,17.601431280374527
base,gravity_formula,3,70,12,3.068076729774475
base,gravity_formula,3,79,16,6.802359312772751
base,gravity_formula,3,9,83,37.95957325398922
base,gravity_formula,3,1,39,18.169509679079056
base,gravity_formula,3,99,38,17.654464840888977
base,gravity_formula,3,101,9,4.900211364030838
base,gravity_formula,3,113,41,17.474659949541092
base,gravity_formula,3,42,19,7.601964354515076
base,gravity_formula,3,64,22,8.689290508627892
base,gravity_formula,3,100,20,6.177824646234512
base,gravity_formula,3,123,23,11.262125104665756
base,gravity_formula,3,103,8,1.7826652377843857
base,gravity_formula,3,38,61,21.046092584729195
base,gravity_formula,3,126,19,7.285904884338379
base,gravity_formula,3,30,8,2.438475877046585
base,gravity_formula,3,35,25,12.087124943733215
base,gravity_formula,3,67,60,22.137608855962753
base,gravity_formula,3,93,33,17.416365444660187
base,gravity_formula,3,105,29,9.32874484360218
base,gravity_formula,3,108,52,19.403126075863838
base,gravity_formula,3,65,12,5.616091817617416
base,gravity_formula,3,91,6,2.953034222126007
base,gravity_formula,3,17,26,11.23057508468628
base,gravity_formula,3,41,14,5.665261596441269
base,gravity_formula,3,63,10,2.9436960220336914
base,gravity_formula,3,111,31,10.17121984064579
base,gravity_formula,3,51,61,32.24841660261154
base,gravity_formula,3,77,9,2.858981102705002
base,gravity_formula,3,97,17,7.971320196986198
base,gravity_formula,3,53,14,3.805994898080826
base,gravity_formula,3,29,25,9.346538633108139
base,gravity_formula,3,37,82,39.00769767165184
base,gravity_formula,3,45,64,25.10140609741211
base,gravity_formula,3,94,54,22.140087068080902
base,gravity_formula,3,122,17,6.003660649061203
base,gravity_formula,3,80,17,6.549667567014694
base,gravity_formula,3,106,38,11.554641798138618
base,gravity_formula,3,2,13,5.658515647053719
base,gravity_formula,3,32,12,3.9026016294956207
base,gravity_formula,3,34,16,6.9605444222688675
base,gravity_formula,3,36,34,11.227900832891464
base,gravity_formula,3,60,16,6.269450128078461
base,gravity_formula,3,81,23,8.470804437994957
base,gravity_formula,3,16,21,8.147609770298004
base,gravity_formula,3,6,8,2.549953877925873
base,gravity_formula,3,12,51,22.482079029083252
base,gravity_formula,3,75,65,23.029727339744568
base,gravity_formula,3,71,48,17.841614171862602
base,gravity_formula,3,74,25,13.909137785434723
base,gravity_formula,3,95,69,27.922150313854218
base,gravity_formula,3,18,25,10.790767222642899
base,gravity_formula,3,49,40,17.6085943877697
base,gravity_formula,3,92,16,4.379402741789818
base,gravity_formula,3,73,102,38.355416372418404
base,gravity_formula,3,3,29,16.878668636083603
base,gravity_formula,3,21,66,23.60639688372612
base,gravity_formula,3,115,54,22.283353596925735
base,gravity_formula,3,10,17,9.409137606620789
base,gravity_formula,3,26,35,12.507163628935814
base,gravity_formula,3,8,36,15.00362303853035
base,gravity_formula,3,33,7,2.760675936937332
base,gravity_formula,3,44,20,8.318852335214615
base,gravity_formula,3,62,17,7.666367769241333
base,gravity_formula,3,56,34,11.915854439139366
base,gravity_formula,3,104,33,12.371643751859665
base,gravity_formula,3,61,34,15.583551034331322
base,gravity_formula,3,82,40,15.75004330277443
base,gravity_formula,3,85,81,48.09023842215538
base,gravity_formula,3,112,57,21.50059747695923
base,gravity_formula,3,117,91,45.896980702877045
base,gravity_formula,3,116,86,35.761343240737915
base,gravity_formula,3,48,18,10.487772196531296
base,gravity_formula,3,72,43,19.894042551517487
base,gravity_formula,3,84,51,21.40784403681755
base,gravity_formula,3,121,5,1.435929298400879
base,gravity_formula,3,31,17,7.106903776526451
base,gravity_formula,3,68,59,24.62969145178795
base,gravity_formula,3,83,29,13.426032721996307
base,gravity_formula,3,86,14,4.136035516858101
base,gravity_formula,3,89,20,10.945292055606842
base,gravity_formula,3,98,21,7.876028329133987
base,gravity_formula,3,76,23,8.120931893587112
base,gravity_formula,3,0,23,10.81903451681137
base,gravity_formula,3,19,36,17.440390944480896
base,gravity_formula,3,20,41,14.724232107400894
base,gravity_formula,3,110,52,21.505700394511223
base,gravity_formula,3,114,17,7.104988068342209
base,gravity_formula,3,4,27,11.3235604763031
base,gravity_formula,3,107,31,10.230617642402649
base,gravity_formula,3,109,26,9.929913610219955
base,gravity_formula,3,57,10,3.566220849752426
base,gravity_formula,3,14,24,8.682052314281464
base,gravity_formula,3,54,22,12.243594616651535
base,gravity_formula,3,120,30,18.027984708547592
base,gravity_formula,3,11,9,4.552516907453537
base,gravity_formula,3,87,26,9.52239191532135
base,gravity_formula,3,88,12,2.95765583217144
base,gravity_formula,3,127,10,5.675179719924927
base,gravity_formula,3,27,2,0.7595624625682831
base,gravity_formula,3,15,8,2.9197193384170532
base,gravity_formula,3,40,7,2.449685037136078
base,gravity_formula,3,52,20,7.856301933526993
base,gravity_formula,3,43,2,0.5683454871177673
base,gravity_formula,3,47,6,1.8856482803821564
base,gravity_formula,3,124,8,2.78332382440567
base,gravity_formula,3,13,12,4.245054319500923
base,gravity_formula,3,24,12,4.714093059301376
base,gravity_formula,3,102,21,6.294051572680473
base,gravity_formula,3,25,5,2.1241591572761536
base,gravity_formula,3,96,13,3.816627323627472
base,gravity_formula,3,90,20,8.395731166005135
base,gravity_formula,3,118,14,4.617496475577354
base,gravity_formula,3,50,5,1.579367607831955
base,gravity_formula,3,78,9,2.7633505761623383
base,gravity_formula,6,13,40,17.042486801743507
base,gravity_formula,6,70,34,11.457046942785382
base,gravity_formula,6,81,45,13.119203381240368
base,gravity_formula,6,96,24,5.24645060300827
base,gravity_formula,6,108,28,30.73480534553528
base,gravity_formula,6,92,27,5.267805233597755
base,gravity_formula,6,20,19,6.702307283878326
base,gravity_formula,6,55,16,6.950296103954315
base,gravity_formula,6,62,29,10.228777185082436
base,gravity_formula,6,106,167,68.64315502345562
base,gravity_formula,6,116,111,39.70849633216858
base,gravity_formula,6,16,29,8.32431623339653
base,gravity_formula,6,27,37,12.779619246721268
base,gravity_formula,6,29,32,11.356449097394943
base,gravity_formula,6,30,117,49.652725487947464
base,gravity_formula,6,71,4,1.9728240966796875
base,gravity_formula,6,114,8,3.8372901678085327
base,gravity_formula,6,124,152,64.44072262942791
base,gravity_formula,6,19,19,7.743605613708496
base,gravity_formula,6,31,18,5.201099872589111
base,gravity_formula,6,122,15,4.804112017154694
base,gravity_formula,6,54,4,2.623375117778778
base,gravity_formula,6,25,22,7.979279100894928
base,gravity_formula,6,43,12,4.943655461072922
base,gravity_formula,6,90,8,3.3889766335487366
base,gravity_formula,6,104,44,22.678784012794495
base,gravity_formula,6,12,55,17.40282402932644
base,gravity_formula,6,5,12,5.507336050271988
base,gravity_formula,6,89,17,6.919544368982315
base,gravity_formula,6,117,25,11.978090226650238
base,gravity_formula,6,11,13,6.0039284229278564
base,gravity_formula,6,14,20,11.018618136644363
base,gravity_formula,6,23,117,56.10906317830086
base,gravity_formula,6,4,4,1.6309879124164581
base,gravity_formula,6,34,41,13.715759366750717
base,gravity_formula,6,79,7,3.3116212487220764
base,gravity_formula,6,107,30,11.507976651191711
base,gravity_formula,6,45,49,20.20319426059723
base,gravity_formula,6,78,10,3.1218437403440475
base,gravity_formula,6,95,13,5.812996685504913
base,gravity_formula,6,47,79,36.30794842541218
base,gravity_formula,6,105,26,11.635596899315715
base,gravity_formula,6,123,4,0.07552454806864262
base,gravity_formula,6,100,22,7.669932469725609
base,gravity_formula,6,58,80,36.20583629608154
base,gravity_formula,6,22,52,19.807266116142273
base,gravity_formula,6,24,10,3.633340209722519
base,gravity_formula,6,3,24,10.597859561443329
base,gravity_formula,6,28,4,1.8068652153015137
base,gravity_formula,6,39,9,4.718006491661072
base,gravity_formula,6,67,78,30.314919143915176
base,gravity_formula,6,26,60,27.135357528924942
base,gravity_formula,6,44,27,13.110753774642944
base,gravity_formula,6,73,17,7.516733944416046
base,gravity_formula,6,126,8,3.027423918247223
base,gravity_formula,6,84,4,1.799081563949585
base,gravity_formula,6,38,35,11.571563437581062
base,gravity_formula,6,56,32,13.783325761556625
base,gravity_formula,6,77,9,2.804750621318817
base,gravity_formula,6,9,16,6.346513628959656
base,gravity_formula,6,52,57,22.848469465970993
base,gravity_formula,6,74,23,9.76539021730423
base,gravity_formula,6,119,27,11.155912831425667
base,gravity_formula,6,127,94,39.638902842998505
base,gravity_formula,6,120,25,10.863453775644302
base,gravity_formula,6,8,27,8.81047609448433
base,gravity_formula,6,115,76,46.68618834018707
base,gravity_formula,6,37,52,21.686568200588226
base,gravity_formula,6,125,35,17.20347984135151
base,gravity_formula,6,18,44,17.478685826063156
base,gravity_formula,6,66,26,10.266140431165695
base,gravity_formula,6,111,15,6.695693284273148
base,gravity_formula,6,2,20,6.916146606206894
base,gravity_formula,6,83,50,18.129969388246536
base,gravity_formula,6,110,122,60.31827989220619
base,gravity_formula,6,57,34,13.997833222150803
base,gravity_formula,6,61,17,5.750741750001907
base,gravity_formula,6,86,29,8.989305511116982
base,gravity_formula,6,17,5,1.5808284282684326
base,gravity_formula,6,94,3,0.6879968047142029
base,gravity_formula,6,15,48,19.15923884510994
base,gravity_formula,6,109,46,21.65297895669937
base,gravity_formula,6,60,9,3.5873662531375885
base,gravity_formula,6,76,10,5.662846267223358
base,gravity_formula,6,42,31,10.443711549043655
base,gravity_formula,6,97,31,9.285599380731583
base,gravity_formula,6,103,35,11.649965047836304
base,gravity_formula,6,36,22,10.415039211511612
base,gravity_formula,6,7,54,19.48029664158821
base,gravity_formula,6,6,17,9.204751998186111
base,gravity_formula,6,49,12,5.168382346630096
base,gravity_formula,6,80,46,18.64955684542656
base,gravity_formula,6,98,12,5.587041258811951
base,gravity_formula,6,40,41,19.660221308469772
base,gravity_formula,6,93,27,10.819696247577667
base,gravity_formula,6,48,21,9.851703852415085
base,gravity_formula,6,1,22,6.72605237364769
base,gravity_formula,6,113,10,3.5434272587299347
base,gravity_formula,6,82,12,3.7852078080177307
base,gravity_formula,6,68,4,1.3629120290279388
base,gravity_formula,6,33,15,6.626157969236374
base,gravity_formula,6,41,16,7.617925941944122
base,gravity_formula,6,102,33,12.480145037174225
base,gravity_formula,6,0,4,1.7281222641468048
base,gravity_formula,6,75,28,12.758159726858139
base,gravity_formula,6,91,7,2.861102670431137
base,gravity_formula,6,87,20,10.022520363330841
base,gravity_formula,6,69,26,12.430165350437164
base,gravity_formula,6,63,4,1.4977138936519623
base,gravity_formula,6,88,4,2.8316637873649597
base,gravity_formula,6,99,11,3.948184445500374
base,gravity_formula,6,32,8,4.079500496387482
base,gravity_formula,6,121,4,1.2905334532260895
base,gravity_formula,8,50,19,6.909840017557144
base,gravity_formula,8,64,5,2.070264518260956
base,gravity_formula,8,90,143,48.55775935947895
base,gravity_formula,8,91,5,2.1633674800395966
base,gravity_formula,8,109,33,11.669988676905632
base,gravity_formula,8,111,12,4.6081531047821045
base,gravity_formula,8,42,9,3.40994194149971
base,gravity_formula,8,65,4,2.014777421951294
base,gravity_formula,8,76,45,17.768640264868736
base,gravity_formula,8,92,38,14.807486951351166
base,gravity_formula,8,117,400,218.16594392061234
base,gravity_formula,8,118,34,13.496854811906815
base,gravity_formula,8,9,59,31.825630575418472
base,gravity_formula,8,60,39,14.761857807636261
base,gravity_formula,8,66,42,18.869492769241333
base,gravity_formula,8,72,17,7.072073876857758
base,gravity_formula,8,101,53,19.942210912704468
base,gravity_formula,8,88,369,172.50018221139908
base,gravity_formula,8,100,14,5.518068999052048
base,gravity_formula,8,11,304,124.75243498384953
base,gravity_formula,8,24,27,10.564892739057541
base,gravity_formula,8,69,42,13.224378898739815
base,gravity_formula,8,61,242,102.0735442340374
base,gravity_formula,8,38,32,10.925830036401749
base,gravity_formula,8,78,35,15.299870759248734
base,gravity_formula,8,94,40,13.38884662091732
base,gravity_formula,8,49,14,4.361742734909058
base,gravity_formula,8,116,16,5.497324854135513
base,gravity_formula,8,80,12,5.082949012517929
base,gravity_formula,8,2,80,27.18439856171608
base,gravity_formula,8,27,16,5.43192295730114
base,gravity_formula,8,106,11,3.9620098769664764
base,gravity_formula,8,19,72,35.239866733551025
base,gravity_formula,8,44,43,15.854331970214844
base,gravity_formula,8,10,92,42.370815098285675
base,gravity_formula,8,18,5,1.5674512386322021
base,gravity_formula,8,29,29,12.508515357971191
base,gravity_formula,8,70,7,2.6586952805519104
base,gravity_formula,8,93,10,3.14346943795681
base,gravity_formula,8,77,68,24.482968628406525
base,gravity_formula,8,0,33,12.735445082187653
base,gravity_formula,8,59,69,27.224092543125153
base,gravity_formula,8,47,34,13.185485750436783
base,gravity_formula,8,55,12,4.475812315940857
base,gravity_formula,8,1,8,3.8302902579307556
base,gravity_formula,8,12,39,13.327485144138336
base,gravity_formula,8,119,35,11.854306653141975
base,gravity_formula,8,120,17,6.528022885322571
base,gravity_formula,8,8,13,4.861906588077545
base,gravity_formula,8,56,43,15.231674134731293
base,gravity_formula,8,114,126,48.0315692871809
base,gravity_formula,8,71,21,8.897951602935791
base,gravity_formula,8,13,43,14.213354006409645
base,gravity_formula,8,123,14,5.727547824382782
base,gravity_formula,8,63,13,4.3673438131809235
base,gravity_formula,8,74,31,11.132199108600616
base,gravity_formula,8,58,9,3.152155637741089
base,gravity_formula,8,121,7,1.9255036413669586
base,gravity_formula,8,96,11,4.0136807560920715
base,gravity_formula,8,84,9,3.018097996711731
base,gravity_formula,8,28,15,5.148554399609566
base,gravity_formula,8,45,28,11.27500668168068
base,gravity_formula,8,41,13,5.188216149806976
base,gravity_formula,8,14,13,5.404358685016632
base,gravity_formula,8,89,22,8.252625912427902
base,gravity_formula,8,86,9,2.864602416753769
base,gravity_formula,8,113,2,0.697062075138092
base,gravity_formula,8,104,9,3.7593449652194977
base,gravity_formula,8,5,14,5.206870645284653
base,gravity_formula,8,31,1,0.42263859510421753
base,gravity_formula,8,43,14,4.400608852505684
base,gravity_formula,8,107,3,0.9297462701797485
base,gravity_formula,8,6,10,3.2204969376325607
base,gravity_formula,8,125,21,7.132564961910248
base,gravity_formula,8,22,9,3.861140638589859
base,gravity_formula,8,124,4,1.800792247056961
base,gravity_formula,8,110,6,2.454659879207611
base,gravity_formula,8,75,8,4.122102320194244
base,gravity_formula,8,15,4,1.8904684484004974
base,gravity_formula,8,20,4,1.1738775670528412
base,gravity_formula,8,102,5,1.9206056892871857
base,gravity_formula,8,68,4,1.3257199823856354
base,gravity_formula,8,36,47,21.94251185655594
base,gravity_formula,8,115,5,1.8681774139404297
base,gravity_formula,8,105,31,12.564042866230011
base,gravity_formula,8,21,16,6.927094429731369
base,gravity_formula,8,26,18,7.501294136047363
base,gravity_formula,8,32,8,2.8143253922462463
base,gravity_formula,8,53,12,4.202669471502304
base,gravity_formula,8,51,7,2.5092021822929382
base,gravity_formula,8,33,9,3.4589007198810577
base,gravity_formula,8,34,7,2.804902106523514
base,gravity_formula,8,112,9,3.266413688659668
base,gravity_formula,8,48,4,1.2660055756568909
base,gravity_formula,10,21,18,6.214710891246796
base,gravity_formula,10,32,8,2.151121065020561
base,gravity_formula,10,40,44,16.494381606578827
base,gravity_formula,10,93,33,12.455801129341125
base,gravity_formula,10,125,12,5.0029085874557495
base,gravity_formula,10,2,13,5.063918471336365
base,gravity_formula,10,47,72,28.47474104166031
base,gravity_formula,10,97,29,11.773445814847946
base,gravity_formula,10,99,126,54.002910763025284
base,gravity_formula,10,113,30,11.668880730867386
base,gravity_formula,10,120,371,216.83352267742157
base,gravity_formula,10,60,70,32.71654716134071
base,gravity_formula,10,65,124,46.09095075726509
base,gravity_formula,10,70,20,7.915440261363983
base,gravity_formula,10,80,8,2.7404123544692993
base,gravity_formula,10,43,9,3.1891430765390396
base,gravity_formula,10,52,39,16.73008069396019
base,gravity_formula,10,94,30,9.53309029340744
base,gravity_formula,10,58,9,2.2859285324811935
base,gravity_formula,10,27,8,2.7225930392742157
base,gravity_formula,10,41,9,2.9825930297374725
base,gravity_formula,10,78,8,3.5307000875473022
base,gravity_formula,10,62,7,2.259328991174698
base,gravity_formula,10,46,36,13.649491310119629
base,gravity_formula,10,77,35,13.658424139022827
base,gravity_formula,10,0,7,2.307033807039261
base,gravity_formula,10,19,191,83.18627081811428
base,gravity_formula,10,87,82,31.556515902280807
base,gravity_formula,10,5,7,3.6675767302513123
base,gravity_formula,10,45,27,9.926371991634369
base,gravity_formula,10,108,63,23.324299186468124
base,gravity_formula,10,17,40,12.77556899189949
base,gravity_formula,10,37,236,103.20496968924999
base,gravity_formula,10,51,249,106.30047453939915
base,gravity_formula,10,81,231,98.78966596722603
base,gravity_formula,10,3,12,3.4720881581306458
base,gravity_formula,10,98,61,26.71853370964527
base,gravity_formula,10,126,5,1.4123154282569885
base,gravity_formula,10,55,31,12.118958950042725
base,gravity_formula,10,48,37,12.938392728567123
base,gravity_formula,10,68,13,4.974155873060226
base,gravity_formula,10,64,16,5.439769595861435
base,gravity_formula,10,42,86,33.40707442164421
base,gravity_formula,10,96,23,8.472286313772202
base,gravity_formula,10,95,19,6.98955824971199
base,gravity_formula,10,4,70,24.888406306505203
base,gravity_formula,10,111,5,1.7389187812805176
base,gravity_formula,10,33,14,5.023134857416153
base,gravity_formula,10,85,67,26.670966804027557
base,gravity_formula,10,25,22,7.171369418501854
base,gravity_formula,10,50,13,3.2736533731222153
base,gravity_formula,10,39,55,22.200806081295013
base,gravity_formula,10,118,18,6.8612633645534515
base,gravity_formula,10,23,50,18.46395367383957
base,gravity_formula,10,90,7,2.30560964345932
base,gravity_formula,10,114,75,33.58632177114487
base,gravity_formula,10,66,27,12.446602135896683
base,gravity_formula,10,112,7,3.227970063686371
base,gravity_formula,10,109,24,8.137758910655975
base,gravity_formula,10,117,10,4.271467387676239
base,gravity_formula,10,59,25,8.43042254447937
base,gravity_formula,10,35,50,19.180619329214096
base,gravity_formula,10,123,3,0.8877498060464859
base,gravity_formula,10,44,4,1.4370664656162262
base,gravity_formula,10,103,29,9.133039966225624
base,gravity_formula,10,107,24,8.299013584852219
base,gravity_formula,10,88,5,1.9352518916130066
base,gravity_formula,10,102,8,3.2070217728614807
base,gravity_formula,10,15,22,8.156057566404343
base,gravity_formula,10,75,1,0.3681524991989136
base,gravity_formula,10,6,15,5.619859099388123
base,gravity_formula,10,89,19,7.208847135305405
base,gravity_formula,10,110,9,3.1669811606407166
base,gravity_formula,10,61,2,0.7828257381916046
base,gravity_formula,10,86,19,5.6952477395534515
base,gravity_formula,10,82,26,10.928330138325691
base,gravity_formula,10,101,4,1.3283408284187317
base,gravity_formula,10,105,5,1.6595706343650818
base,gravity_formula,10,57,5,1.6286123096942902
base,gravity_formula,10,12,23,8.0345399081707
base,gravity_formula,10,9,2,0.7389125823974609
base,gravity_formula,10,104,13,4.2705332934856415
base,gravity_formula,10,10,7,2.3403002321720123
base,gravity_formula,10,18,4,1.2971782982349396
base,gravity_formula,10,20,4,1.1317665874958038
base,gravity_formula,10,31,2,0.606611967086792
base,gravity_formula,10,127,43,20.642979085445404
base,gravity_formula,10,13,4,2.0315263867378235
base,gravity_formula,10,69,3,1.0906693935394287
base,gravity_formula,10,71,43,15.656869173049927
base,gravity_formula,10,30,12,4.147049307823181
base,gravity_formula,10,16,24,9.489553600549698
base,gravity_formula,10,115,4,1.0319982469081879
base,gravity_formula,10,14,5,1.7127026319503784
base,gravity_formula,13,23,13,3.3473236984573305
base,gravity_formula,13,45,9,16.40350902080536
base,gravity_formula,13,85,13,2.749382988549769
base,gravity_formula,13,96,6,0.7089586644433439
base,gravity_formula,13,119,50,19.490069537889212
base,gravity_formula,13,11,24,10.386386669706553
base,gravity_formula,13,19,105,45.394988387823105
base,gravity_formula,13,40,54,19.851787567138672
base,gravity_formula,13,46,77,29.466990768909454
base,gravity_formula,13,48,394,191.6990826278925
base,gravity_formula,13,94,20,6.361754536628723
base,gravity_formula,13,22,19,8.473214983940125
base,gravity_formula,13,3,347,158.08546948432922
base,gravity_formula,13,25,20,7.126338958740234
base,gravity_formula,13,122,24,7.579853415489197
base,gravity_formula,13,59,20,9.16330662369728
base,gravity_formula,13,71,11,4.042627215385437
base,gravity_formula,13,77,14,5.602208614349365
base,gravity_formula,13,99,21,7.875902414321899
base,gravity_formula,13,55,6,2.199784219264984
base,gravity_formula,13,101,10,4.399751782417297
base,gravity_formula,13,34,204,84.34263426065445
base,gravity_formula,13,56,20,7.984552770853043
base,gravity_formula,13,100,9,2.5414451956748962
base,gravity_formula,13,115,6,1.7668954133987427
base,gravity_formula,13,53,166,60.7766070663929
base,gravity_formula,13,78,278,124.65928834676743
base,gravity_formula,13,44,49,18.581706255674362
base,gravity_formula,13,4,19,5.509490042924881
base,gravity_formula,13,5,8,3.128432720899582
base,gravity_formula,13,10,5,1.4754763841629028
base,gravity_formula,13,18,8,3.0078466534614563
base,gravity_formula,13,8,247,93.55890683829784
base,gravity_formula,13,41,31,10.745633214712143
base,gravity_formula,13,21,33,11.385755628347397
base,gravity_formula,13,74,72,28.764673084020615
base,gravity_formula,13,112,4,1.2408904731273651
base,gravity_formula,13,127,38,14.187815368175507
base,gravity_formula,13,82,21,7.645852297544479
base,gravity_formula,13,80,108,41.89938245713711
base,gravity_formula,13,30,71,37.98973247408867
base,gravity_formula,13,13,84,43.8371062874794
base,gravity_formula,13,91,19,7.1260208785533905
base,gravity_formula,13,26,23,9.321226507425308
base,gravity_formula,13,123,1,0.26080000400543213
base,gravity_formula,13,51,14,4.272681772708893
base,gravity_formula,13,36,62,22.025565832853317
base,gravity_formula,13,66,38,19.716083645820618
base,gravity_formula,13,109,41,13.383825212717056
base,gravity_formula,13,0,35,14.362145394086838
base,gravity_formula,13,64,29,11.127613544464111
base,gravity_formula,13,118,34,14.884154170751572
base,gravity_formula,13,116,44,15.66011568903923
base,gravity_formula,13,89,36,14.884532928466797
base,gravity_formula,13,120,19,7.707286983728409
base,gravity_formula,13,93,1,0.2945903539657593
base,gravity_formula,13,110,10,3.5804393589496613
base,gravity_formula,13,65,22,9.154121309518814
base,gravity_formula,13,20,20,6.764823943376541
base,gravity_formula,13,16,38,13.767603605985641
base,gravity_formula,13,62,80,34.78738132119179
base,gravity_formula,13,106,7,2.2584463953971863
base,gravity_formula,13,39,9,3.36226487159729
base,gravity_formula,13,121,11,4.266908794641495
base,gravity_formula,13,111,7,2.552431106567383
base,gravity_formula,13,76,6,3.0087430477142334
base,gravity_formula,13,113,25,8.754849255084991
base,gravity_formula,13,81,10,3.166367620229721
base,gravity_formula,13,73,16,5.192743629217148
base,gravity_formula,13,95,11,3.272070735692978
base,gravity_formula,13,104,10,3.413012772798538
base,gravity_formula,13,6,7,1.8063958138227463
base,gravity_formula,13,24,32,14.979013979434967
base,gravity_formula,13,63,4,1.3641685545444489
base,gravity_formula,13,1,8,3.8189760744571686
base,gravity_formula,13,37,8,2.76198473572731
base,gravity_formula,13,38,10,3.46925812959671
base,gravity_formula,13,14,16,6.394787013530731
base,gravity_formula,13,32,16,6.044385761022568
base,gravity_formula,13,50,10,3.316030263900757
base,gravity_formula,13,72,6,1.7667464315891266
base,gravity_formula,15,0,22,13.080334290862083
base,gravity_formula,15,24,16,8.636288464069366
base,gravity_formula,15,30,5,0.3067887407523813
base,gravity_formula,15,46,17,4.662416912004119
base,gravity_formula,15,47,18,4.549945939448662
base,gravity_formula,15,126,33,9.819269269704819
base,gravity_formula,15,33,54,18.33533777296543
base,gravity_formula,15,63,333,168.97566735744476
base,gravity_formula,15,82,200,93.18829020857811
base,gravity_formula,15,107,7,2.734690338373184
base,gravity_formula,15,121,15,5.266543120145798
base,gravity_formula,15,13,9,2.4945410639047623
base,gravity_formula,15,16,15,4.440229997038841
base,gravity_formula,15,41,55,18.020531862974167
base,gravity_formula,15,15,71,38.3791002035141
base,gravity_formula,15,26,91,31.948657751083374
base,gravity_formula,15,89,272,121.68183079361916
base,gravity_formula,15,95,43,19.924604311585426
base,gravity_formula,15,57,31,14.435145318508148
base,gravity_formula,15,71,28,13.231508135795593
base,gravity_formula,15,17,44,15.866828069090843
base,gravity_formula,15,99,118,42.915442794561386
base,gravity_formula,15,50,34,14.499967008829117
base,gravity_formula,15,37,29,9.546191215515137
base,gravity_formula,15,86,20,7.639084130525589
base,gravity_formula,15,98,243,105.88686627149582
base,gravity_formula,15,23,87,36.12694662809372
base,gravity_formula,15,122,8,2.5072911977767944
base,gravity_formula,15,104,4,1.0022975653409958
base,gravity_formula,15,116,4,1.0116697251796722
base,gravity_formula,15,66,40,17.04496443271637
base,gravity_formula,15,21,27,8.477867603302002
base,gravity_formula,15,69,189,74.48852968215942
base,gravity_formula,15,9,24,7.859740525484085
base,gravity_formula,15,11,4,1.5092071294784546
base,gravity_formula,15,1,27,8.45620447397232
base,gravity_formula,15,61,32,10.955858767032623
base,gravity_formula,15,45,4,1.0689610540866852
base,gravity_formula,15,123,24,8.206345856189728
base,gravity_formula,15,55,6,3.3428323417901993
base,gravity_formula,15,28,50,17.583517849445343
base,gravity_formula,15,68,166,86.03185299038887
base,gravity_formula,15,51,58,22.049292638897896
base,gravity_formula,15,67,106,44.45590788125992
base,gravity_formula,15,54,29,9.651234596967697
base,gravity_formula,15,32,17,5.83154958486557
base,gravity_formula,15,87,104,65.43373122811317
base,gravity_formula,15,117,9,2.3744902908802032
base,gravity_formula,15,75,48,15.961548700928688
base,gravity_formula,15,88,5,1.6170478463172913
base,gravity_formula,15,102,46,15.655924543738365
base,gravity_formula,15,5,64,25.0531295388937
base,gravity_formula,15,125,6,2.1310275495052338
base,gravity_formula,15,127,5,1.6352118849754333
base,gravity_formula,15,101,61,22.278857201337814
base,gravity_formula,15,94,21,7.091103583574295
base,gravity_formula,15,124,21,7.953968673944473
base,gravity_formula,15,108,29,9.59609018266201
base,gravity_formula,15,105,20,9.869065970182419
base,gravity_formula,15,113,26,10.45427143573761
base,gravity_formula,15,64,45,21.88012570142746
base,gravity_formula,15,77,8,2.250397503376007
base,gravity_formula,15,74,11,4.519955366849899
base,gravity_formula,15,14,15,4.842192620038986
base,gravity_formula,15,73,9,2.814687043428421
base,gravity_formula,15,97,12,4.042203947901726
base,gravity_formula,15,85,3,0.745086744427681
base,gravity_formula,15,49,9,3.049246057868004
base,gravity_formula,15,76,10,3.721003830432892
base,gravity_formula,15,78,31,11.314971327781677
base,gravity_formula,15,80,13,3.9067739695310593
base,gravity_formula,15,29,13,4.159823447465897
base,gravity_formula,15,10,22,8.054424449801445
base,gravity_formula,15,12,15,4.989395916461945
base,gravity_formula,15,62,3,0.9657522439956665
base,gravity_formula,15,43,4,1.2339087426662445
base,gravity_formula,15,111,4,1.089672714471817
base,gravity_formula,15,112,6,1.93875452876091
base,gravity_formula,15,42,3,0.8508497476577759
base,gravity_formula,15,65,8,2.9852149188518524
base,gravity_formula,15,53,4,1.4995457231998444
base,gravity_formula,15,100,30,9.831193462014198
base,gravity_formula,15,120,22,6.698262184858322
base,gravity_formula,15,84,7,2.073884129524231
base,gravity_formula,15,93,4,1.1494303941726685
base,gravity_formula,15,2,8,2.6321004033088684
base,gravity_formula,15,18,6,1.805203914642334
base,gravity_formula,15,6,4,1.1551854610443115
base,gravity_formula,15,8,7,1.538374349474907
base,gravity_formula,17,12,35,14.019525014795363
base,gravity_formula,17,30,31,6.417457174509764
base,gravity_formula,17,59,177,65.87062367470935
base,gravity_formula,17,66,30,8.201579680666327
base,gravity_formula,17,127,33,23.782725885510445
base,gravity_formula,17,80,54,21.8048278267961
base,gravity_formula,17,21,19,6.580812513828278
base,gravity_formula,17,28,50,22.696890473365784
base,gravity_formula,17,72,24,7.621680021286011
base,gravity_formula,17,125,32,17.423410296440125
base,gravity_formula,17,34,59,17.114669889211655
base,gravity_formula,17,7,25,11.716310530900955
base,gravity_formula,17,19,95,59.99812163412571
base,gravity_formula,17,36,175,73.11323875188828
base,gravity_formula,17,26,43,12.034163892269135
base,gravity_formula,17,98,42,14.429976567626
base,gravity_formula,17,6,72,20.48313143849373
base,gravity_formula,17,111,46,12.663639977574348
base,gravity_formula,17,118,35,10.208895727992058
base,gravity_formula,17,47,169,88.49172621965408
base,gravity_formula,17,56,44,13.544377982616425
base,gravity_formula,17,108,19,7.5672991424798965
base,gravity_formula,17,4,41,21.708899438381195
base,gravity_formula,17,97,21,10.837114810943604
base,gravity_formula,17,81,146,82.71531963348389
base,gravity_formula,17,24,46,16.214222341775894
base,gravity_formula,17,88,12,5.465117573738098
base,gravity_formula,17,119,53,16.495848402380943
base,gravity_formula,17,23,8,4.235296189785004
base,gravity_formula,17,96,8,2.979270428419113
base,gravity_formula,17,64,96,29.913831397891045
base,gravity_formula,17,104,36,10.122833132743835
base,gravity_formula,17,77,41,14.732476264238358
base,gravity_formula,17,71,3,1.130805343389511
base,gravity_formula,17,14,24,6.460279926657677
base,gravity_formula,17,87,48,18.91420030593872
base,gravity_formula,17,16,10,4.6214408576488495
base,gravity_formula,17,92,4,1.7472532093524933
base,gravity_formula,17,32,153,49.3020738363266
base,gravity_formula,17,61,14,6.557953715324402
base,gravity_formula,17,42,12,6.636411547660828
base,gravity_formula,17,67,84,41.328487902879715
base,gravity_formula,17,78,30,14.50112196803093
base,gravity_formula,17,112,32,8.027767822146416
base,gravity_formula,17,51,44,11.811038568615913
base,gravity_formula,17,3,123,40.150967955589294
base,gravity_formula,17,35,132,80.08137911558151
base,gravity_formula,17,74,137,66.38869582116604
base,gravity_formula,17,50,5,1.191860556602478
base,gravity_formula,17,86,68,36.0402410030365
base,gravity_formula,17,62,108,71.46274827420712
base,gravity_formula,17,38,89,34.77510964870453
base,gravity_formula,17,9,39,11.163352206349373
base,gravity_formula,17,109,33,13.87604683637619
base,gravity_formula,17,94,6,2.1198431253433228
base,gravity_formula,17,31,12,2.953289210796356
base,gravity_formula,17,33,5,2.074444830417633
base,gravity_formula,17,27,67,24.957635760307312
base,gravity_formula,17,39,12,5.558495610952377
base,gravity_formula,17,15,7,2.1837372183799744
base,gravity_formula,17,52,13,3.588239848613739
base,gravity_formula,17,102,36,10.870237469673157
base,gravity_formula,17,44,10,2.4200689047574997
base,gravity_formula,17,115,48,25.308722466230392
base,gravity_formula,17,116,10,2.5193143635988235
base,gravity_formula,17,58,19,10.835367858409882
base,gravity_formula,17,11,28,7.6556153148412704
base,gravity_formula,17,110,10,2.506246194243431
base,gravity_formula,17,122,6,2.269489288330078
base,gravity_formula,17,83,9,2.163608729839325
base,gravity_formula,17,20,9,4.40488937497139
base,gravity_formula,17,8,22,7.554566860198975
base,gravity_formula,17,120,6,2.658545821905136
base,gravity_formula,17,22,8,1.8194321542978287
base,gravity_formula,17,126,5,2.5384773910045624
base,gravity_formula,17,17,5,1.1234916150569916
base,gravity_formula,17,75,14,3.115613967180252
base,gravity_formula,17,101,11,3.289214551448822
base,gravity_formula,17,0,4,2.2206125259399414
base,gravity_formula,17,40,14,7.401977062225342
base,gravity_formula,17,73,16,8.245474189519882
base,gravity_formula,17,85,4,2.153601109981537
base,gravity_formula,17,91,6,2.3451088964939117
base,gravity_formula,17,106,8,2.1429727971553802
base,gravity_formula,17,121,11,2.6933845430612564
base,gravity_formula,17,37,28,13.99482610821724
base,gravity_formula,17,5,8,4.567373633384705
base,gravity_formula,17,57,9,2.343741536140442
base,gravity_formula,17,107,12,2.3787413388490677
base,gravity_formula,17,60,2,0.7871128022670746
base,gravity_formula,17,18,9,3.6810065507888794
base,gravity_formula,17,45,6,1.6349260807037354
base,gravity_formula,17,90,7,1.7379477620124817
base,gravity_formula,17,84,4,1.5195608735084534
base,gravity_formula,17,93,4,2.092118263244629
base,gravity_formula,20,18,9,1.5694977510720491
base,gravity_formula,20,39,8,10.58524489402771
base,gravity_formula,20,71,49,19.223380439914763
base,gravity_formula,20,77,80,33.98923504538834
base,gravity_formula,20,79,59,24.29030153155327
base,gravity_formula,20,64,11,2.2977674175053835
base,gravity_formula,20,16,240,100.06972444057465
base,gravity_formula,20,54,25,13.836752995848656
base,gravity_formula,20,108,26,10.052798569202423
base,gravity_formula,20,3,42,18.841533198952675
base,gravity_formula,20,28,36,13.0204416513443
base,gravity_formula,20,85,179,76.0624159425497
base,gravity_formula,20,84,29,8.95314022898674
base,gravity_formula,20,53,84,38.88148608803749
base,gravity_formula,20,76,107,41.98309636116028
base,gravity_formula,20,103,4,1.3082343637943268
base,gravity_formula,20,41,4,1.400212675333023
base,gravity_formula,20,51,7,2.4556137919425964
base,gravity_formula,20,78,26,7.923616334795952
base,gravity_formula,20,10,16,5.919940650463104
base,gravity_formula,20,68,26,10.872738897800446
base,gravity_formula,20,82,69,30.082373559474945
base,gravity_formula,20,91,61,21.642636328935623
base,gravity_formula,20,126,170,67.57049685716629
base,gravity_formula,20,124,128,56.73719081282616
base,gravity_formula,20,34,41,15.795971810817719
base,gravity_formula,20,29,12,5.586116999387741
base,gravity_formula,20,42,20,5.9439526200294495
base,gravity_formula,20,117,32,15.24055790901184
base,gravity_formula,20,90,51,21.810925602912903
base,gravity_formula,20,56,45,19.152342170476913
base,gravity_formula,20,74,16,6.525470435619354
base,gravity_formula,20,62,44,15.047457873821259
base,gravity_formula,20,96,16,4.99332469701767
base,gravity_formula,20,101,20,7.961195468902588
base,gravity_formula,20,23,237,98.16693580150604
base,gravity_formula,20,125,55,21.219175100326538
base,gravity_formula,20,11,53,19.50879706442356
base,gravity_formula,20,118,21,7.7689070999622345
base,gravity_formula,20,121,73,24.243951097130775
base,gravity_formula,20,27,21,6.129320681095123
base,gravity_formula,20,33,52,18.897385895252228
base,gravity_formula,20,87,26,14.131912618875504
base,gravity_formula,20,100,171,82.51483735442162
base,gravity_formula,20,31,20,9.067026406526566
base,gravity_formula,20,5,4,1.92884162068367
base,gravity_formula,20,17,61,25.45638805627823
base,gravity_formula,20,35,4,2.1841357350349426
base,gravity_formula,20,67,46,19.01914954185486
base,gravity_formula,20,50,32,10.939087063074112
base,gravity_formula,20,116,138,88.95161402225494
base,gravity_formula,20,112,58,22.895457193255424
base,gravity_formula,20,61,25,8.148080557584763
base,gravity_formula,20,115,23,9.158290922641754
base,gravity_formula,20,26,36,13.893563568592072
base,gravity_formula,20,30,46,19.577783584594727
base,gravity_formula,20,58,20,7.011070549488068
base,gravity_formula,20,119,2,0.6890833377838135
base,gravity_formula,20,69,36,12.840282514691353
base,gravity_formula,20,123,6,2.1919345557689667
base,gravity_formula,20,105,84,45.561675637960434
base,gravity_formula,20,21,17,5.186342388391495
base,gravity_formula,20,7,8,2.698059558868408
base,gravity_formula,20,107,19,5.900582492351532
base,gravity_formula,20,52,51,18.06846198439598
base,gravity_formula,20,70,12,3.684880495071411
base,gravity_formula,20,94,9,2.7660049945116043
base,gravity_formula,20,12,20,6.734174966812134
base,gravity_formula,20,24,7,2.386674463748932
base,gravity_formula,20,66,7,2.3417153656482697
base,gravity_formula,20,44,4,1.4138130843639374
base,gravity_formula,20,122,17,5.699915066361427
base,gravity_formula,20,0,6,1.7268913984298706
base,gravity_formula,20,75,13,3.762379437685013
base,gravity_formula,20,49,10,3.102276027202606
base,gravity_formula,20,113,43,19.30840592086315
base,gravity_formula,20,99,3,1.1443768739700317
base,gravity_formula,20,43,14,3.8920822590589523
base,gravity_formula,20,63,2,0.7476231157779694
base,gravity_formula,20,95,10,4.018469154834747
base,gravity_formula,20,14,17,6.299731582403183
base,gravity_formula,20,120,4,1.1291966140270233
base,gravity_formula,20,32,9,2.968681201338768
base,gravity_formula,20,13,4,1.3905108273029327
base,gravity_formula,20,37,20,13.144429594278336
base,gravity_formula,20,98,5,1.7165467739105225
base,gravity_formula,20,8,4,1.4503781497478485
base,gravity_formula,20,38,7,2.174046069383621
base,gravity_formula,20,92,16,6.078677803277969
base,gravity_formula,20,97,5,1.3675486147403717
base,gravity_formula,20,114,11,2.9591629952192307
base,gravity_formula,20,57,2,0.8936919569969177
base,gravity_formula,20,2,4,1.422480583190918
base,gravity_formula,20,111,22,10.025500386953354
base,gravity_formula,22,2,40,9.911496434360743
base,gravity_formula,22,45,46,16.452194273471832
base,gravity_formula,22,87,27,12.381837993860245
base,gravity_formula,22,100,4,6.03876006603241
base,gravity_formula,22,114,12,2.6056857146322727
base,gravity_formula,22,76,52,16.846721086651087
base,gravity_formula,22,3,19,6.591988563537598
base,gravity_formula,22,23,46,19.645107090473175
base,gravity_formula,22,31,8,2.7580358386039734
base,gravity_formula,22,39,31,11.904283046722412
base,gravity_formula,22,63,21,6.666986763477325
base,gravity_formula,22,49,112,45.73358179628849
base,gravity_formula,22,24,37,18.718376621603966
base,gravity_formula,22,42,34,15.692815512418747
base,gravity_formula,22,70,16,10.170835822820663
base,gravity_formula,22,126,19,7.618747234344482
base,gravity_formula,22,82,33,15.404063135385513
base,gravity_formula,22,109,63,20.824609756469727
base,gravity_formula,22,102,10,2.5483987629413605
base,gravity_formula,22,61,23,7.384549796581268
base,gravity_formula,22,81,14,6.515451148152351
base,gravity_formula,22,99,10,4.439103335142136
base,gravity_formula,22,53,10,3.9815937280654907
base,gravity_formula,22,68,24,8.212469667196274
base,gravity_formula,22,106,8,3.478500008583069
base,gravity_formula,22,97,4,2.0968090295791626
base,gravity_formula,22,122,33,11.69605952501297
base,gravity_formula,22,14,130,53.503644809126854
base,gravity_formula,22,26,16,5.578257590532303
base,gravity_formula,22,33,11,3.89681576192379
base,gravity_formula,22,47,8,2.7085497677326202
base,gravity_formula,22,34,20,6.768967851996422
base,gravity_formula,22,37,41,17.16836965084076
base,gravity_formula,22,57,32,10.715820744633675
base,gravity_formula,22,4,18,6.930005297064781
base,gravity_formula,22,96,11,4.209399834275246
base,gravity_formula,22,117,10,4.355394184589386
base,gravity_formula,22,10,22,7.68184731900692
base,gravity_formula,22,13,15,5.565867483615875
base,gravity_formula,22,91,65,33.71899348497391
base,gravity_formula,22,119,6,2.224936068058014
base,gravity_formula,22,62,17,8.14355954527855
base,gravity_formula,22,64,27,12.276103615760803
base,gravity_formula,22,29,46,18.995746448636055
base,gravity_formula,22,43,118,46.30818219482899
base,gravity_formula,22,103,22,10.548848569393158
base,gravity_formula,22,92,71,21.871529400348663
base,gravity_formula,22,56,34,11.176246896386147
base,gravity_formula,22,95,12,4.338035419583321
base,gravity_formula,22,18,19,5.66567100584507
base,gravity_formula,22,67,32,13.224791467189789
base,gravity_formula,22,98,9,3.8759058117866516
base,gravity_formula,22,7,31,11.947718143463135
base,gravity_formula,22,38,22,13.26892039179802
base,gravity_formula,22,40,31,12.307656943798065
base,gravity_formula,22,51,21,8.720738738775253
base,gravity_formula,22,60,21,8.457665145397186
base,gravity_formula,22,28,8,2.5323446691036224
base,gravity_formula,22,52,72,28.01907278597355
base,gravity_formula,22,120,34,16.551947563886642
base,gravity_formula,22,124,52,24.130223214626312
base,gravity_formula,22,15,16,4.605420365929604
base,gravity_formula,22,21,7,1.8392416089773178
base,gravity_formula,22,20,75,38.81043875217438
base,gravity_formula,22,101,249,103.3562929481268
base,gravity_formula,22,44,19,5.538771480321884
base,gravity_formula,22,17,125,54.67214314639568
base,gravity_formula,22,94,139,78.59744620323181
base,gravity_formula,22,25,6,2.0668643414974213
base,gravity_formula,22,55,146,67.15692146122456
base,gravity_formula,22,30,8,2.3291677832603455
base,gravity_formula,22,9,121,72.8412373661995
base,gravity_formula,22,89,50,24.785764813423157
base,gravity_formula,22,5,14,5.335351079702377
base,gravity_formula,22,36,31,14.920973420143127
base,gravity_formula,22,16,30,13.004155069589615
base,gravity_formula,22,48,37,13.928989604115486
base,gravity_formula,22,54,22,8.618466883897781
base,gravity_formula,22,59,8,2.3676609992980957
base,gravity_formula,22,118,37,10.846496164798737
base,gravity_formula,22,125,33,8.76137338578701
base,gravity_formula,22,6,24,7.971579939126968
base,gravity_formula,22,74,16,5.8038811683654785
base,gravity_formula,22,50,77,27.66850781440735
base,gravity_formula,22,41,27,13.392758429050446
base,gravity_formula,22,8,12,5.533809244632721
base,gravity_formula,22,90,14,3.7028377801179886
base,gravity_formula,22,111,35,14.16046492755413
base,gravity_formula,22,88,34,13.509129911661148
base,gravity_formula,22,123,15,3.4137099236249924
base,gravity_formula,22,69,16,5.178284674882889
base,gravity_formula,22,32,27,11.930381387472153
base,gravity_formula,22,72,54,29.913516849279404
base,gravity_formula,22,93,9,2.8488820493221283
base,gravity_formula,22,112,5,1.3857039213180542
base,gravity_formula,22,104,5,1.5750424265861511
base,gravity_formula,22,11,23,8.117642253637314
base,gravity_formula,22,12,2,0.46859894692897797
base,gravity_formula,22,83,1,0.33563506603240967
base,gravity_formula,22,110,1,0.35916668176651
base,gravity_formula,22,108,3,0.711248055100441
base,gravity_formula,22,1,8,2.5554456412792206
base,gravity_formula,22,22,20,6.889153957366943
base,gravity_formula,22,105,6,2.262902557849884
base,gravity_formula,22,85,20,7.809767976403236
base,gravity_formula,22,115,8,2.7593412697315216
base,gravity_formula,22,107,13,5.158412009477615
base,gravity_formula,22,35,4,1.776669979095459
base,gravity_formula,22,73,14,7.140922635793686
base,gravity_formula,22,65,4,1.695953518152237
base,gravity_formula,22,86,6,1.4777417331933975
base,gravity_formula,22,79,11,3.2302317172288895
base,gravity_formula,24,21,157,60.787779834121466
base,gravity_formula,24,52,4,0.08443117327988148
base,gravity_formula,24,101,4,8.991036415100098
base,gravity_formula,24,116,7,0.86112398840487
base,gravity_formula,24,122,5,0.8822292983531952
base,gravity_formula,24,114,32,13.664433492347598
base,gravity_formula,24,11,14,4.848674088716507
base,gravity_formula,24,30,61,21.02778558433056
base,gravity_formula,24,78,34,9.493794605135918
base,gravity_formula,24,87,232,108.11220917105675
base,gravity_formula,24,123,504,250.83610083162785
base,gravity_formula,24,49,20,6.2183806002140045
base,gravity_formula,24,29,125,42.25204414129257
base,gravity_formula,24,53,9,2.8981706351041794
base,gravity_formula,24,103,107,40.54933342337608
base,gravity_formula,24,115,4,1.377636581659317
base,gravity_formula,24,19,33,10.30407939851284
base,gravity_formula,24,54,347,167.94586125016212
base,gravity_formula,24,109,29,9.170776188373566
base,gravity_formula,24,15,13,3.93019837141037
base,gravity_formula,24,56,12,3.4028680622577667
base,gravity_formula,24,77,47,20.842586785554886
base,gravity_formula,24,13,7,2.056259900331497
base,gravity_formula,24,60,4,1.2063847482204437
base,gravity_formula,24,105,4,1.0174689292907715
base,gravity_formula,24,106,8,2.343892455101013
base,gravity_formula,24,22,12,4.226956099271774
base,gravity_formula,24,58,5,1.5437700748443604
base,gravity_formula,24,34,103,42.299602687358856
base,gravity_formula,24,71,11,3.332565188407898
base,gravity_formula,24,85,6,2.1905299723148346
base,gravity_formula,24,47,29,11.201483398675919
base,gravity_formula,24,80,21,7.244918346405029
base,gravity_formula,24,110,8,3.4327175319194794
base,gravity_formula,24,20,52,17.070863664150238
base,gravity_formula,24,121,96,29.385823234915733
base,gravity_formula,24,91,5,1.5882109701633453
base,gravity_formula,24,8,36,11.247953400015831
base,gravity_formula,24,70,29,10.05347229540348
base,gravity_formula,24,96,45,14.266703769564629
base,gravity_formula,24,40,15,4.521283149719238
base,gravity_formula,24,41,24,9.193913459777832
base,gravity_formula,24,90,23,9.329085767269135
base,gravity_formula,24,10,1,0.28665003180503845
base,gravity_formula,24,94,5,2.1400077641010284
base,gravity_formula,24,67,114,50.15210312604904
base,gravity_formula,24,72,15,5.450803115963936
base,gravity_formula,24,83,9,3.0867438316345215
base,gravity_formula,24,93,101,42.97317811846733
base,gravity_formula,24,42,60,19.109186753630638
base,gravity_formula,24,43,16,6.521341636776924
base,gravity_formula,24,76,39,16.63506504893303
base,gravity_formula,24,35,66,28.017825424671173
base,gravity_formula,24,126,43,16.884850472211838
base,gravity_formula,24,32,118,62.313718527555466
base,gravity_formula,24,81,44,13.148532345890999
base,gravity_formula,24,79,2,0.5741504430770874
base,gravity_formula,24,65,54,18.04297648370266
base,gravity_formula,24,82,18,7.211384505033493
base,gravity_formula,24,25,36,14.197571232914925
base,gravity_formula,24,4,101,47.19266656041145
base,gravity_formula,24,112,15,5.0251821875572205
base,gravity_formula,24,113,10,2.910751983523369
base,gravity_formula,24,5,20,8.348084926605225
base,gravity_formula,24,73,4,1.1661813855171204
base,gravity_formula,24,6,1,0.258542537689209
base,gravity_formula,24,48,12,4.022170856595039
base,gravity_formula,24,31,7,2.207724839448929
base,gravity_formula,24,33,11,9.262947887182236
base,gravity_formula,24,107,8,2.2614260613918304
base,gravity_formula,24,104,41,13.647983014583588
base,gravity_formula,24,9,2,0.5262262523174286
base,gravity_formula,24,118,4,1.125989705324173
base,gravity_formula,24,95,5,1.7063347399234772
base,gravity_formula,24,62,12,3.8879388570785522
base,gravity_formula,24,18,2,0.6720507442951202
base,gravity_formula,24,2,10,3.2710375487804413
base,gravity_formula,24,27,8,2.4315530359745026
base,gravity_formula,24,97,4,1.8960001766681671
base,gravity_formula,24,98,2,0.5884712934494019
base,gravity_formula,24,55,31,16.876382619142532
base,gravity_formula,24,99,5,1.3876306116580963
base,gravity_formula,24,63,1,0.23300974071025848
base,gravity_formula,24,69,17,10.0176742374897
base,gravity_formula,24,125,7,2.629993289709091
base,gravity_formula,24,100,4,1.0563643723726273
base,gravity_formula,24,12,5,1.709231823682785
base,gravity_formula,24,3,64,32.84865227341652
base,gravity_formula,24,119,17,4.663084387779236
base,gravity_formula,24,45,5,0.9900317490100861
base,gravity_formula,24,84,8,3.2945335507392883
base,gravity_formula,24,92,5,1.7919821441173553
base,gravity_formula,27,13,63,30.764605581760406
base,gravity_formula,27,25,8,1.0988138522952795
base,gravity_formula,27,64,39,18.684972062706947
base,gravity_formula,27,75,4,0.14968910440802574
base,gravity_formula,27,98,13,5.099781572818756
base,gravity_formula,27,59,19,4.776900177821517
base,gravity_formula,27,6,16,5.605877012014389
base,gravity_formula,27,26,448,207.49257150292397
base,gravity_formula,27,33,398,171.27172115445137
base,gravity_formula,27,90,434,206.77768117189407
base,gravity_formula,27,44,23,9.005513191223145
base,gravity_formula,27,58,22,9.079783499240875
base,gravity_formula,27,63,21,5.748212710022926
base,gravity_formula,27,89,14,4.522640943527222
base,gravity_formula,27,3,5,2.893332928419113
base,gravity_formula,27,85,11,3.5419176667928696
base,gravity_formula,27,106,41,16.444931983947754
base,gravity_formula,27,23,37,13.74116662144661
base,gravity_formula,27,31,8,3.72261780500412
base,gravity_formula,27,51,27,9.03826442360878
base,gravity_formula,27,30,33,12.929591327905655
base,gravity_formula,27,35,276,118.02585923671722
base,gravity_formula,27,68,15,4.56689977645874
base,gravity_formula,27,76,32,10.33896279335022
base,gravity_formula,27,113,19,8.050034314393997
base,gravity_formula,27,50,24,10.09265649318695
base,gravity_formula,27,94,20,6.959949165582657
base,gravity_formula,27,38,13,5.419751673936844
base,gravity_formula,27,54,6,1.6743710339069366
base,gravity_formula,27,36,13,4.57485394179821
base,gravity_formula,27,48,5,1.69496950507164
base,gravity_formula,27,117,13,3.7635389268398285
base,gravity_formula,27,65,16,7.820747226476669
base,gravity_formula,27,17,5,1.5623705685138702
base,gravity_formula,27,42,40,15.478425815701485
base,gravity_formula,27,40,49,16.39357763528824
base,gravity_formula,27,80,5,1.4706279933452606
base,gravity_formula,27,101,19,4.772796481847763
base,gravity_formula,27,10,20,8.019182592630386
base,gravity_formula,27,62,22,7.376787319779396
base,gravity_formula,27,29,77,25.3960380256176
base,gravity_formula,27,53,12,4.249230176210403
base,gravity_formula,27,104,28,14.163244068622589
base,gravity_formula,27,67,16,6.018806308507919
base,gravity_formula,27,105,48,20.09385022521019
base,gravity_formula,27,107,102,35.5737431794405
base,gravity_formula,27,56,132,58.747810900211334
base,gravity_formula,27,14,5,1.3478623628616333
base,gravity_formula,27,11,55,22.260421335697174
base,gravity_formula,27,79,19,6.172952800989151
base,gravity_formula,27,39,7,2.243314564228058
base,gravity_formula,27,110,13,4.478345483541489
base,gravity_formula,27,5,57,25.316025108098984
base,gravity_formula,27,0,126,60.25452518463135
base,gravity_formula,27,24,25,8.018135413527489
base,gravity_formula,27,49,24,8.31270956993103
base,gravity_formula,27,21,48,20.27405685186386
base,gravity_formula,27,2,73,26.03379860520363
base,gravity_formula,27,9,19,6.903659954667091
base,gravity_formula,27,37,15,6.339787662029266
base,gravity_formula,27,95,16,9.57750479876995
base,gravity_formula,27,12,3,0.695107027888298
base,gravity_formula,27,47,13,4.2430273443460464
base,gravity_formula,27,93,17,5.444279223680496
base,gravity_formula,27,126,2,0.6155918836593628
base,gravity_formula,27,102,16,6.152975380420685
base,gravity_formula,27,19,16,5.329366832971573
base,gravity_formula,27,8,10,3.776929199695587
base,gravity_formula,27,69,1,0.4265637695789337
base,gravity_formula,27,127,7,1.9713959991931915
base,gravity_formula,27,92,7,1.8735370486974716
base,gravity_formula,27,121,22,7.300654873251915
base,gravity_formula,27,41,8,2.727490156888962
base,gravity_formula,27,34,8,2.943204089999199
base,gravity_formula,27,71,5,1.366264969110489
base,gravity_formula,27,7,4,1.1192358136177063
base,gravity_formula,27,114,4,1.4894190728664398
base,gravity_formula,27,74,4,1.07275852560997
base,gravity_formula,27,60,21,10.08679573237896
base,gravity_formula,27,73,7,1.758469358086586
base,gravity_formula,27,99,17,6.24800917506218
base,gravity_formula,27,84,40,26.506467550992966
base,gravity_formula,27,123,4,1.8717566132545471
base,gravity_formula,27,125,5,1.3797501027584076
base,gravity_formula,27,124,9,2.8542228043079376
base,gravity_formula,27,43,7,2.142906814813614
base,gravity_formula,27,88,11,3.736015275120735
base,gravity_formula,27,96,8,2.824363797903061
base,gravity_formula,27,82,6,1.837869256734848
base,gravity_formula,27,120,4,0.7751592695713043
base,gravity_formula,27,87,9,4.192085802555084
base,gravity_formula,27,28,5,0.9755277633666992
base,gravity_formula,27,22,1,0.32362186908721924
base,gravity_formula,27,108,5,1.3794141560792923
base,gravity_formula,29,66,134,47.677951991558075
base,gravity_formula,29,95,102,19.367775560356677
base,gravity_formula,29,97,22,10.220699101686478
base,gravity_formula,29,102,21,11.128541318699718
base,gravity_formula,29,120,20,10.507448196411133
base,gravity_formula,29,42,131,29.34452616237104
base,gravity_formula,29,1,23,10.171290278434753
base,gravity_formula,29,35,196,89.81086137890816
base,gravity_formula,29,73,75,33.90151724219322
base,gravity_formula,29,85,30,11.327346861362457
base,gravity_formula,29,25,44,20.182730853557587
base,gravity_formula,29,0,44,19.63091939687729
base,gravity_formula,29,52,202,96.8103196322918
base,gravity_formula,29,123,297,143.1997779905796
base,gravity_formula,29,127,20,7.555394947528839
base,gravity_formula,29,11,24,8.140118300914764
base,gravity_formula,29,14,4,1.8123125433921814
base,gravity_formula,29,60,100,20.314163900911808
base,gravity_formula,29,19,29,9.544239722192287
base,gravity_formula,29,32,9,4.008870363235474
base,gravity_formula,29,70,4,1.9909481406211853
base,gravity_formula,29,118,79,21.43513536453247
base,gravity_formula,29,27,26,9.21314212679863
base,gravity_formula,29,51,24,11.268204182386398
base,gravity_formula,29,91,22,8.88601341843605
base,gravity_formula,29,96,8,4.119648605585098
base,gravity_formula,29,82,10,3.5931448936462402
base,gravity_formula,29,40,190,75.02533549070358
base,gravity_formula,29,101,23,8.310581684112549
base,gravity_formula,29,10,13,4.616854876279831
base,gravity_formula,29,54,5,1.9847456514835358
base,gravity_formula,29,113,39,15.328746348619461
base,gravity_formula,29,108,17,7.841540664434433
base,gravity_formula,29,90,14,6.9950452744960785
base,gravity_formula,29,94,165,105.78433482348919
base,gravity_formula,29,126,6,2.3336114585399628
base,gravity_formula,29,23,5,2.7304798364639282
base,gravity_formula,29,64,63,11.922896601259708
base,gravity_formula,29,104,33,12.855155363678932
base,gravity_formula,29,2,24,9.969337537884712
base,gravity_formula,29,3,4,1.345678597688675
base,gravity_formula,29,26,41,22.98429584503174
base,gravity_formula,29,38,26,10.358186095952988
base,gravity_formula,29,22,4,1.926269769668579
base,gravity_formula,29,44,56,25.92335656285286
base,gravity_formula,29,50,76,20.481552742421627
base,gravity_formula,29,106,20,9.842510789632797
base,gravity_formula,29,36,29,13.214280635118484
base,gravity_formula,29,41,38,21.965567111968994
base,gravity_formula,29,33,49,24.39853084087372
base,gravity_formula,29,105,45,26.1723253428936
base,gravity_formula,29,121,49,23.507069885730743
base,gravity_formula,29,31,8,3.2666915357112885
base,gravity_formula,29,87,33,13.157405227422714
base,gravity_formula,29,117,14,4.634627282619476
base,gravity_formula,29,45,114,60.69577541947365
base,gravity_formula,29,125,38,14.9404978454113
base,gravity_formula,29,12,17,7.064792186021805
base,gravity_formula,29,57,13,5.551539748907089
base,gravity_formula,29,75,61,23.24482673406601
base,gravity_formula,29,48,19,11.385762125253677
base,gravity_formula,29,80,20,7.346268206834793
base,gravity_formula,29,77,5,1.6344933807849884
base,gravity_formula,29,46,16,5.087526232004166
base,gravity_formula,29,67,3,0.9159698486328125
base,gravity_formula,29,24,47,22.296699851751328
base,gravity_formula,29,68,65,25.971791744232178
base,gravity_formula,29,65,36,12.762717917561531
base,gravity_formula,29,107,28,10.607304722070694
base,gravity_formula,29,49,10,3.1054764688014984
base,gravity_formula,29,13,29,9.931647151708603
base,gravity_formula,29,16,23,10.616661548614502
base,gravity_formula,29,34,6,3.1373493373394012
base,gravity_formula,29,59,18,5.437264621257782
base,gravity_formula,29,92,7,3.78562930226326
base,gravity_formula,29,86,1,0.3217245638370514
base,gravity_formula,29,84,21,9.409713327884674
base,gravity_formula,29,56,3,1.0474414825439453
base,gravity_formula,29,9,13,4.710179626941681
base,gravity_formula,29,69,5,1.6578054428100586
base,gravity_formula,29,99,7,2.43201744556427
base,gravity_formula,29,89,6,2.6459276378154755
base,gravity_formula,29,88,8,2.75710129737854
base,gravity_formula,29,100,16,7.67573818564415
base,gravity_formula,29,119,6,2.31667098402977
base,gravity_formula,29,74,5,1.879942461848259
base,gravity_formula,29,78,4,1.198884129524231
base,gravity_formula,29,58,2,0.7574319243431091
base,gravity_formula,29,103,4,1.1632223278284073
base,gravity_formula,29,30,7,2.6916799545288086
base,gravity_formula,29,114,20,13.21381402015686
base,gravity_formula,29,115,3,0.8389779329299927
base,gravity_formula,29,71,4,1.288289189338684
base,gravity_formula,29,93,1,0.28285470604896545
base,gravity_formula,29,7,10,3.438975542783737
base,gravity_formula,29,72,12,6.968579351902008
base,gravity_formula,29,81,9,2.9416932463645935
base,gravity_formula,29,29,5,2.1518960893154144
base,gravity_formula,29,111,6,2.2595186829566956
base,gravity_formula,29,5,4,1.9862008392810822
base,gravity_formula,31,32,164,65.5662506762892
base,gravity_formula,31,36,12,4.318458274006844
base,gravity_formula,31,38,19,14.081815376877785
base,gravity_formula,31,96,59,19.59031897224486
base,gravity_formula,31,119,28,14.42838367819786
base,gravity_formula,31,3,7,0.6021270984783769
base,gravity_formula,31,42,6,2.52362522482872
base,gravity_formula,31,86,10,3.673497974872589
base,gravity_formula,31,94,34,13.10669082403183
base,gravity_formula,31,110,17,6.258491218090057
base,gravity_formula,31,35,97,34.98207961022854
base,gravity_formula,31,2,53,26.60166046023369
base,gravity_formula,31,12,123,50.439304396510124
base,gravity_formula,31,75,9,2.41192926466465
base,gravity_formula,31,104,23,9.767627030611038
base,gravity_formula,31,73,8,2.0074751377105713
base,gravity_formula,31,74,41,14.94401741027832
base,gravity_formula,31,76,29,10.745295882225037
base,gravity_formula,31,1,9,3.874343693256378
base,gravity_formula,31,67,286,113.69387789070606
base,gravity_formula,31,63,53,17.27150669693947
base,gravity_formula,31,44,14,4.105411469936371
base,gravity_formula,31,6,34,13.338963270187378
base,gravity_formula,31,46,25,9.676131695508957
base,gravity_formula,31,127,36,14.54025536775589
base,gravity_formula,31,5,241,109.39157572388649
base,gravity_formula,31,93,11,4.8537998497486115
base,gravity_formula,31,77,27,8.204543590545654
base,gravity_formula,31,37,24,10.951963514089584
base,gravity_formula,31,66,103,38.53686997294426
base,gravity_formula,31,87,24,8.726150184869766
base,gravity_formula,31,56,24,10.196895152330399
base,gravity_formula,31,81,36,12.276400864124298
base,gravity_formula,31,90,4,1.429922878742218
base,gravity_formula,31,39,29,9.530112192034721
base,gravity_formula,31,18,52,20.496121138334274
base,gravity_formula,31,22,57,22.710513159632683
base,gravity_formula,31,43,18,5.232925817370415
base,gravity_formula,31,10,7,3.0455266684293747
base,gravity_formula,31,123,36,18.40970514714718
base,gravity_formula,31,102,12,5.211711823940277
base,gravity_formula,31,30,36,13.525456666946411
base,gravity_formula,31,40,82,37.57161208987236
base,gravity_formula,31,72,21,7.846325099468231
base,gravity_formula,31,78,36,12.086875960230827
base,gravity_formula,31,99,25,14.022340476512909
base,gravity_formula,31,9,82,39.90912315249443
base,gravity_formula,31,88,32,12.499460458755493
base,gravity_formula,31,34,45,14.638140335679054
base,gravity_formula,31,54,26,9.519001692533493
base,gravity_formula,31,114,36,18.090747356414795
base,gravity_formula,31,83,34,14.397929340600967
base,gravity_formula,31,70,79,36.95837041735649
base,gravity_formula,31,80,42,15.432897925376892
base,gravity_formula,31,33,34,22.62196370959282
base,gravity_formula,31,48,16,5.71778529882431
base,gravity_formula,31,47,147,76.17321674525738
base,gravity_formula,31,23,111,47.017385706305504
base,gravity_formula,31,28,18,5.338019371032715
base,gravity_formula,31,69,53,24.04615193605423
base,gravity_formula,31,21,12,4.015131950378418
base,gravity_formula,31,111,16,5.625677764415741
base,gravity_formula,31,50,70,33.358440428972244
base,gravity_formula,31,112,36,14.522551342844963
base,gravity_formula,31,122,44,18.29433885216713
base,gravity_formula,31,103,25,7.122205942869186
base,gravity_formula,31,26,1,0.27842259407043457
base,gravity_formula,31,7,14,5.188932359218597
base,gravity_formula,31,85,51,28.99009332060814
base,gravity_formula,31,95,31,11.67869870364666
base,gravity_formula,31,120,12,6.2836770713329315
base,gravity_formula,31,79,27,8.593924075365067
base,gravity_formula,31,16,18,7.252107173204422
base,gravity_formula,31,91,9,3.0237420797348022
base,gravity_formula,31,100,6,1.7446373105049133
base,gravity_formula,31,59,7,2.460104525089264
base,gravity_formula,31,17,5,1.7312450855970383
base,gravity_formula,31,107,2,0.5587432384490967
base,gravity_formula,31,52,6,1.771019458770752
base,gravity_formula,31,71,13,5.116512775421143
base,gravity_formula,31,62,5,1.9104697108268738
base,gravity_formula,31,13,6,1.6315461546182632
base,gravity_formula,31,82,4,1.9694935381412506
base,gravity_formula,31,27,49,22.209299340844154
base,gravity_formula,31,124,7,2.1197570711374283
base,gravity_formula,31,98,9,2.5937885344028473
base,gravity_formula,31,97,9,2.9528121054172516
base,gravity_formula,31,108,7,1.974913090467453
base,gravity_formula,31,101,23,9.513901218771935
base,gravity_formula,31,49,4,1.397239238023758
base,gravity_formula,31,24,29,17.57197344303131
base,gravity_formula,31,105,16,6.665754705667496
base,gravity_formula,31,125,5,1.359622374176979
base,gravity_formula,31,53,4,1.4180728793144226
base,gravity_formula,31,115,8,2.683953434228897
base,gravity_formula,31,4,4,1.168157547712326
base,gravity_formula,31,121,4,2.0131276845932007
base,gravity_formula,31,14,21,10.915113806724548
base,gravity_formula,31,45,4,2.910424053668976
base,gravity_formula,31,57,9,3.5861414670944214
base,gravity_formula,31,55,4,1.0113487243652344
base,gravity_formula,31,60,12,6.488067924976349
base,gravity_formula,31,0,4,1.3117288053035736
base,gravity_formula,31,89,6,1.9150590896606445
base,gravity_formula,31,106,6,1.7604987919330597
base,gravity_formula,31,11,8,3.407983213663101
base,gravity_formula,31,84,4,2.2146374583244324
base,gravity_formula,31,19,4,1.6281732022762299
base,gravity_formula,31,15,6,1.6879666149616241
base,gravity_formula,31,29,3,0.8273379802703857
base,gravity_formula,34,25,236,116.93581585679203
base,gravity_formula,34,46,53,14.74933116696775
base,gravity_formula,34,62,16,14.271692216396332
base,gravity_formula,34,65,5,0.32432315684854984
base,gravity_formula,34,78,197,19.584603753872216
base,gravity_formula,34,92,26,7.344265069346875
base,gravity_formula,34,17,44,20.28421315550804
base,gravity_formula,34,18,4,2.154906392097473
base,gravity_formula,34,57,75,34.38083164393902
base,gravity_formula,34,114,12,3.837817296385765
base,gravity_formula,34,48,18,4.74203485250473
base,gravity_formula,34,6,65,24.909599393606186
base,gravity_formula,34,76,14,5.70778226852417
base,gravity_formula,34,97,133,59.109345361590385
base,gravity_formula,34,109,4,1.3983632326126099
base,gravity_formula,34,21,7,1.3703658431768417
base,gravity_formula,34,0,40,17.441098868846893
base,gravity_formula,34,13,84,36.24355709552765
base,gravity_formula,34,110,9,3.036385476589203
base,gravity_formula,34,14,15,5.951788902282715
base,gravity_formula,34,107,159,60.257930904626846
base,gravity_formula,34,50,146,58.51847168803215
base,gravity_formula,34,15,29,9.87385168671608
base,gravity_formula,34,33,25,6.459307491779327
base,gravity_formula,34,43,54,17.9225864559412
base,gravity_formula,34,61,46,14.223626732826233
base,gravity_formula,34,28,58,22.35445609688759
base,gravity_formula,34,47,273,118.05334316194057
base,gravity_formula,34,124,111,40.933345049619675
base,gravity_formula,34,67,12,3.7914146184921265
base,gravity_formula,34,101,16,4.44228820502758
base,gravity_formula,34,9,53,23.09305728971958
base,gravity_formula,34,99,14,5.537088751792908
base,gravity_formula,34,29,27,9.873672053217888
base,gravity_formula,34,102,84,31.89300672709942
base,gravity_formula,34,44,8,2.946653962135315
base,gravity_formula,34,4,50,26.68270993232727
base,gravity_formula,34,24,16,9.954739183187485
base,gravity_formula,34,39,24,19.006998240947723
base,gravity_formula,34,64,25,9.306623116135597
base,gravity_formula,34,88,13,6.611992597579956
base,gravity_formula,34,104,11,3.985159084200859
base,gravity_formula,34,105,8,4.54739785194397
base,gravity_formula,34,37,8,4.498465299606323
base,gravity_formula,34,10,28,17.372548520565033
base,gravity_formula,34,98,106,59.981731459498405
base,gravity_formula,34,117,20,7.299360752105713
base,gravity_formula,34,19,5,1.624519243836403
base,gravity_formula,34,63,92,36.25798127055168
base,gravity_formula,34,35,30,11.359534859657288
base,gravity_formula,34,51,19,6.616209551692009
base,gravity_formula,34,53,24,7.908745527267456
base,gravity_formula,34,93,115,54.689425349235535
base,gravity_formula,34,118,100,49.1892865896225
base,gravity_formula,34,27,158,118.16872572898865
base,gravity_formula,34,79,4,0.926829382777214
base,gravity_formula,34,111,20,5.572253152728081
base,gravity_formula,34,86,63,27.213691294193268
base,gravity_formula,34,94,1,0.24585671722888947
base,gravity_formula,34,125,6,1.5416261553764343
base,gravity_formula,34,81,15,4.684258162975311
base,gravity_formula,34,108,7,2.263530910015106
base,gravity_formula,34,69,14,4.5307053327560425
base,gravity_formula,34,73,6,2.1360657811164856
base,gravity_formula,34,95,31,12.323472410440445
base,gravity_formula,34,72,6,2.185037910938263
base,gravity_formula,34,70,6,1.8390469253063202
base,gravity_formula,34,103,31,10.574803739786148
base,gravity_formula,34,74,9,2.91301953792572
base,gravity_formula,34,89,12,3.687057748436928
base,gravity_formula,34,7,66,33.494340658187866
base,gravity_formula,34,100,12,3.696998178958893
base,gravity_formula,34,82,27,9.347244918346405
base,gravity_formula,34,16,2,0.7504242062568665
base,gravity_formula,34,42,19,7.058883428573608
base,gravity_formula,34,12,17,6.644954532384872
base,gravity_formula,34,75,1,0.2995745837688446
base,gravity_formula,34,36,11,3.1927033066749573
base,gravity_formula,34,80,3,1.2589252591133118
base,gravity_formula,34,22,4,1.3755705654621124
base,gravity_formula,34,71,13,4.228970974683762
base,gravity_formula,34,31,7,2.4462109208106995
base,gravity_formula,34,52,6,2.2456005811691284
base,gravity_formula,34,45,10,3.661856010556221
base,gravity_formula,34,3,6,1.964711308479309
base,gravity_formula,34,87,3,0.6346000730991364
base,gravity_formula,34,11,2,0.48033392429351807
base,gravity_formula,34,1,5,1.77225661277771
base,gravity_formula,34,90,20,10.594959557056427
base,gravity_formula,34,126,4,1.4718477725982666
base,gravity_formula,34,106,8,2.1208935528993607
base,gravity_formula,34,41,8,2.4609492421150208
base,gravity_formula,34,112,9,3.3138683140277863
base,gravity_formula,34,121,4,2.8294193744659424
base,gravity_formula,34,60,5,2.1154617965221405
base,gravity_formula,34,122,4,0.8937575221061707
base,gravity_formula,34,115,4,1.8932386338710785
base,gravity_formula,34,20,6,2.7169454097747803
base,gravity_formula,34,83,7,2.173422932624817
base,gravity_formula,36,0,16,8.427247628569603
base,gravity_formula,36,12,18,7.0216376930475235
base,gravity_formula,36,18,11,3.5219774395227432
base,gravity_formula,36,42,47,20.807793334126472
base,gravity_formula,36,111,97,42.05474732816219
base,gravity_formula,36,24,24,7.1394786685705185
base,gravity_formula,36,14,349,151.43943702429533
base,gravity_formula,36,27,73,30.95666879415512
base,gravity_formula,36,46,27,8.510402172803879
base,gravity_formula,36,4,34,16.55378168821335
base,gravity_formula,36,117,32,13.299836277961731
base,gravity_formula,36,107,39,11.085287377238274
base,gravity_formula,36,123,27,11.362637713551521
base,gravity_formula,36,63,33,12.70229098200798
base,gravity_formula,36,61,32,11.628417909145355
base,gravity_formula,36,68,56,30.067366525530815
base,gravity_formula,36,100,22,5.686351798474789
base,gravity_formula,36,36,73,23.303828433156013
base,gravity_formula,36,54,10,2.454452395439148
base,gravity_formula,36,58,16,4.8512352257966995
base,gravity_formula,36,89,12,5.046803042292595
base,gravity_formula,36,32,16,4.164917558431625
base,gravity_formula,36,5,18,6.463291108608246
base,gravity_formula,36,20,273,114.18385870754719
base,gravity_formula,36,113,10,5.889191448688507
base,gravity_formula,36,62,34,9.674917049705982
base,gravity_formula,36,51,16,4.429520159959793
base,gravity_formula,36,69,69,25.952171355485916
base,gravity_formula,36,127,348,183.46394543349743
base,gravity_formula,36,95,17,7.840392097830772
base,gravity_formula,36,35,32,10.370757400989532
base,gravity_formula,36,114,4,1.200892299413681
base,gravity_formula,36,85,8,1.9195128083229065
base,gravity_formula,36,88,5,1.2074344009160995
base,gravity_formula,36,125,78,22.816215343773365
base,gravity_formula,36,23,51,41.904715329408646
base,gravity_formula,36,91,4,1.1104876697063446
base,gravity_formula,36,60,12,2.9709547609090805
base,gravity_formula,36,17,50,32.850116446614265
base,gravity_formula,36,106,12,4.065122485160828
base,gravity_formula,36,109,21,6.520280435681343
base,gravity_formula,36,19,23,6.834657520055771
base,gravity_formula,36,72,13,3.4561853259801865
base,gravity_formula,36,45,5,1.362399235367775
base,gravity_formula,36,74,10,3.857817620038986
base,gravity_formula,36,53,34,11.470636531710625
base,gravity_formula,36,112,8,4.421132504940033
base,gravity_formula,36,93,148,40.577917106449604
base,gravity_formula,36,16,31,11.409668236970901
base,gravity_formula,36,22,21,9.242957040667534
base,gravity_formula,36,126,44,15.180656149983406
base,gravity_formula,36,102,69,23.900946468114853
base,gravity_formula,36,26,61,38.06352858245373
base,gravity_formula,36,28,148,71.48572492599487
base,gravity_formula,36,34,123,64.47580483555794
base,gravity_formula,36,78,13,4.926319167017937
base,gravity_formula,36,50,50,13.341278716921806
base,gravity_formula,36,77,4,0.8834846466779709
base,gravity_formula,36,90,43,13.872937843203545
base,gravity_formula,36,1,37,12.061425969004631
base,gravity_formula,36,108,40,13.167811274528503
base,gravity_formula,36,31,35,17.956951931118965
base,gravity_formula,36,101,47,14.584757223725319
base,gravity_formula,36,124,10,3.7374045848846436
base,gravity_formula,36,83,13,4.7372912764549255
base,gravity_formula,36,30,7,1.8024419099092484
base,gravity_formula,36,98,36,15.739629209041595
base,gravity_formula,36,120,21,7.234683245420456
base,gravity_formula,36,15,19,7.297129899263382
base,gravity_formula,36,87,4,1.431710034608841
base,gravity_formula,36,104,20,4.887682422995567
base,gravity_formula,36,38,8,1.8387998938560486
base,gravity_formula,36,7,1,0.3027629256248474
base,gravity_formula,36,10,7,4.597258031368256
base,gravity_formula,36,82,58,19.45766608417034
base,gravity_formula,36,40,56,27.015132158994675
base,gravity_formula,36,116,7,1.90528504550457
base,gravity_formula,36,75,12,3.0659333020448685
base,gravity_formula,36,25,11,4.2976003885269165
base,gravity_formula,36,39,4,1.378873884677887
base,gravity_formula,36,80,4,2.756313979625702
base,gravity_formula,36,97,2,0.5743639469146729
base,gravity_formula,36,49,6,1.7493266463279724
base,gravity_formula,36,44,12,4.587046951055527
base,gravity_formula,36,105,78,37.45522113144398
base,gravity_formula,36,8,2,0.4850407987833023
base,gravity_formula,36,56,4,3.25360643863678
base,gravity_formula,36,52,5,1.6421357244253159
base,gravity_formula,38,7,24,8.059319213032722
base,gravity_formula,38,20,94,47.692751698195934
base,gravity_formula,38,85,161,60.36099565029144
base,gravity_formula,38,102,39,11.669622853398323
base,gravity_formula,38,117,4,2.16726815700531
base,gravity_formula,38,89,4,1.3816501200199127
base,gravity_formula,38,65,7,2.1274723559617996
base,gravity_formula,38,83,5,1.3492234200239182
base,gravity_formula,38,112,150,52.4168334454298
base,gravity_formula,38,113,33,8.198172852396965
base,gravity_formula,38,124,47,11.494706213474274
base,gravity_formula,38,14,520,399.6614684611559
base,gravity_formula,38,35,13,8.091165110468864
base,gravity_formula,38,58,54,14.195329383015633
base,gravity_formula,38,103,16,6.138457626104355
base,gravity_formula,38,15,20,4.713373281061649
base,gravity_formula,38,24,25,5.254586696624756
base,gravity_formula,38,36,16,11.441373825073242
base,gravity_formula,38,111,4,1.0527962148189545
base,gravity_formula,38,47,20,5.590781047940254
base,gravity_formula,38,101,283,130.22719155997038
base,gravity_formula,38,57,149,60.612874425947666
base,gravity_formula,38,60,37,9.7199831828475
base,gravity_formula,38,63,17,2.8974606543779373
base,gravity_formula,38,90,66,13.940515607595444
base,gravity_formula,38,46,45,16.211841598153114
base,gravity_formula,38,53,28,8.966593906283379
base,gravity_formula,38,118,29,6.982099495828152
base,gravity_formula,38,25,11,6.516573518514633
base,gravity_formula,38,120,244,85.57072015106678
base,gravity_formula,38,98,6,1.2431062161922455
base,gravity_formula,38,23,40,9.079066276550293
base,gravity_formula,38,30,10,2.556845009326935
base,gravity_formula,38,50,19,5.780349761247635
base,gravity_formula,38,29,29,5.68965770304203
base,gravity_formula,38,114,7,1.2995560243725777
base,gravity_formula,38,17,69,21.16259564459324
base,gravity_formula,38,13,9,2.8629676550626755
base,gravity_formula,38,26,32,13.738129809498787
base,gravity_formula,38,6,18,3.3853053227066994
base,gravity_formula,38,42,17,3.6959531009197235
base,gravity_formula,38,100,19,4.734276458621025
base,gravity_formula,38,81,8,3.9148730635643005
base,gravity_formula,38,105,27,9.951733499765396
base,gravity_formula,38,68,36,15.869917199015617
base,gravity_formula,38,37,146,65.60437544435263
base,gravity_formula,38,62,64,28.534912280738354
base,gravity_formula,38,115,57,15.155865490436554
base,gravity_formula,38,54,97,37.53315585851669
base,gravity_formula,38,28,31,13.168898105621338
base,gravity_formula,38,19,48,25.637218803167343
base,gravity_formula,38,55,53,12.114793241024017
base,gravity_formula,38,70,114,37.78705399483442
base,gravity_formula,38,12,53,30.974941320717335
base,gravity_formula,38,84,19,13.576660841703415
base,gravity_formula,38,9,10,1.6805666983127594
base,gravity_formula,38,10,66,12.155188709497452
base,gravity_formula,38,4,1,0.2961868941783905
base,gravity_formula,38,51,37,9.477091379463673
base,gravity_formula,38,75,7,1.7482506781816483
base,gravity_formula,38,22,44,9.567834600806236
base,gravity_formula,38,93,7,1.5254288762807846
base,gravity_formula,38,108,15,5.841136649250984
base,gravity_formula,38,32,7,2.4167582392692566
base,gravity_formula,38,5,5,1.4313473850488663
base,gravity_formula,38,109,37,8.859125435352325
base,gravity_formula,38,3,3,0.9039961993694305
base,gravity_formula,38,67,2,0.42408648133277893
base,gravity_formula,38,79,1,0.2872495949268341
base,gravity_formula,38,31,13,3.5455119609832764
base,gravity_formula,38,94,11,1.8765732422471046
base,gravity_formula,38,44,7,0.9079352244734764
base,gravity_formula,38,11,8,2.850436955690384
base,gravity_formula,38,71,5,1.1899532079696655
base,gravity_formula,38,74,12,5.153501600027084
base,gravity_formula,38,34,5,1.5129624903202057
base,gravity_formula,38,61,4,1.419561356306076
base,gravity_formula,38,16,11,3.5458085983991623
base,gravity_formula,38,41,20,5.340497270226479
base,gravity_formula,38,123,5,2.002072274684906
base,gravity_formula,38,18,2,0.6724691092967987
base,gravity_formula,40,35,9,5.369927883148193
base,gravity_formula,40,50,14,6.913381680846214
base,gravity_formula,40,91,55,16.23205155134201
base,gravity_formula,40,112,7,2.4125643372535706
base,gravity_formula,40,114,12,4.434534803032875
base,gravity_formula,40,85,6,1.3602741360664368
base,gravity_formula,40,2,20,5.619374975562096
base,gravity_formula,40,41,30,13.173016339540482
base,gravity_formula,40,74,4,1.8359904885292053
base,gravity_formula,40,75,4,1.8910307884216309
base,gravity_formula,40,107,50,13.512326247990131
base,gravity_formula,40,127,157,50.66373423486948
base,gravity_formula,40,4,4,1.2318011820316315
base,gravity_formula,40,12,90,47.05627429485321
base,gravity_formula,40,62,58,14.19428076595068
base,gravity_formula,40,103,35,14.050216995179653
base,gravity_formula,40,1,26,9.92124916613102
base,gravity_formula,40,121,9,2.7816089168190956
base,gravity_formula,40,60,4,3.2281514406204224
base,gravity_formula,40,101,322,162.01543190330267
base,gravity_formula,40,92,111,57.76853096485138
base,gravity_formula,40,65,98,37.86334885656834
base,gravity_formula,40,97,4,2.318637788295746
base,gravity_formula,40,81,53,18.75528045743704
base,gravity_formula,40,18,52,13.701063483953476
base,gravity_formula,40,34,169,56.5994091629982
base,gravity_formula,40,115,74,22.907864667475224
base,gravity_formula,40,59,254,86.9315769225359
base,gravity_formula,40,5,16,6.60460664331913
base,gravity_formula,40,38,21,4.23408916592598
base,gravity_formula,40,105,10,2.6251613795757294
base,gravity_formula,40,6,4,1.5427351891994476
base,gravity_formula,40,37,9,2.310545966029167
base,gravity_formula,40,73,48,46.9371195435524
base,gravity_formula,40,110,70,21.44479713588953
base,gravity_formula,40,67,8,1.9101361632347107
base,gravity_formula,40,49,10,4.330327183008194
base,gravity_formula,40,56,12,2.4324618577957153
base,gravity_formula,40,36,15,6.7361535131931305
base,gravity_formula,40,47,91,31.630057740956545
base,gravity_formula,40,95,45,28.960851967334747
base,gravity_formula,40,108,242,161.90897937864065
base,gravity_formula,40,106,116,47.15955039858818
base,gravity_formula,40,33,56,18.28341281414032
base,gravity_formula,40,8,31,4.462900683283806
base,gravity_formula,40,44,144,110.44151225686073
base,gravity_formula,40,25,77,38.629747569561005
base,gravity_formula,40,68,77,20.878237783908844
base,gravity_formula,40,48,38,15.453148126602173
base,gravity_formula,40,87,57,13.509792037308216
base,gravity_formula,40,64,12,3.2365747690200806
base,gravity_formula,40,15,59,21.050319723784924
base,gravity_formula,40,26,17,4.263436391949654
base,gravity_formula,40,14,7,1.5174023360013962
base,gravity_formula,40,9,84,43.02123463153839
base,gravity_formula,40,17,3,0.801815927028656
base,gravity_formula,40,66,57,19.821468368172646
base,gravity_formula,40,40,89,23.641713485121727
base,gravity_formula,40,20,7,4.399790823459625
base,gravity_formula,40,111,21,6.660560756921768
base,gravity_formula,40,120,23,6.466517195105553
base,gravity_formula,40,11,15,5.2179846316576
base,gravity_formula,40,88,10,2.6915894001722336
base,gravity_formula,40,102,19,3.8078300207853317
base,gravity_formula,40,29,4,1.0076827555894852
base,gravity_formula,40,100,18,6.556118860840797
base,gravity_formula,40,43,3,0.7732848972082138
base,gravity_formula,40,21,1,0.15068961679935455
base,gravity_formula,40,52,9,5.723508179187775
base,gravity_formula,40,80,4,0.8966081142425537
base,gravity_formula,40,83,3,0.818886861205101
base,gravity_formula,40,96,1,0.2457539141178131
base,gravity_formula,40,53,6,2.460934355854988
base,gravity_formula,40,61,7,1.7047760039567947
base,gravity_formula,40,90,5,1.7748854905366898
base,gravity_formula,40,30,27,10.452099323272705
base,gravity_formula,40,86,15,2.9455514773726463
base,gravity_formula,40,93,25,7.075749650597572
base,gravity_formula,40,79,6,1.2179664820432663
base,gravity_formula,40,113,2,0.6290684938430786
base,gravity_formula,40,57,5,1.670716553926468
base,gravity_formula,40,22,5,2.053053140640259
base,gravity_formula,40,117,12,2.732497215270996
base,gravity_formula,40,31,4,0.934601217508316
base,gravity_formula,40,78,4,0.7949535250663757
base,gravity_formula,40,23,4,0.8869513720273972
base,gravity_formula,40,58,3,0.6481008529663086
base,gravity_formula,40,3,4,1.5476667881011963
base,gravity_formula,40,42,2,0.7212997078895569
base,gravity_formula,40,55,15,8.102480500936508
base,gravity_formula,43,9,9,2.3068733662366867
base,gravity_formula,43,64,10,2.4244324639439583
base,gravity_formula,43,70,8,1.9435309022665024
base,gravity_formula,43,90,19,17.191657662391663
base,gravity_formula,43,118,44,30.710678324103355
base,gravity_formula,43,95,7,1.0572877526283264
base,gravity_formula,43,12,73,22.737728118896484
base,gravity_formula,43,15,12,3.9094574749469757
base,gravity_formula,43,20,9,1.9592164754867554
base,gravity_formula,43,26,25,11.624137789011002
base,gravity_formula,43,29,63,15.830871410667896
base,gravity_formula,43,8,57,17.370873168110847
base,gravity_formula,43,58,25,17.563577063381672
base,gravity_formula,43,82,50,18.32216165214777
base,gravity_formula,43,93,132,47.85765554383397
base,gravity_formula,43,4,94,38.12047370523214
base,gravity_formula,43,54,67,29.588915644213557
base,gravity_formula,43,23,34,10.526559367775917
base,gravity_formula,43,84,2,0.556364119052887
base,gravity_formula,43,6,104,61.99109883606434
base,gravity_formula,43,75,26,7.83963280916214
base,gravity_formula,43,113,8,1.5311127305030823
base,gravity_formula,43,68,16,6.673111021518707
base,gravity_formula,43,108,35,15.045286558568478
base,gravity_formula,43,48,98,36.567911088466644
base,gravity_formula,43,56,41,16.68451890349388
base,gravity_formula,43,123,92,34.693815127015114
base,gravity_formula,43,19,16,9.318431973457336
base,gravity_formula,43,61,4,1.79091277718544
base,gravity_formula,43,115,117,36.43069877102971
base,gravity_formula,43,46,169,68.3999924659729
base,gravity_formula,43,0,26,8.973591923713684
base,gravity_formula,43,16,9,3.6456488519906998
base,gravity_formula,43,38,56,13.855823371559381
base,gravity_formula,43,87,38,15.477825492620468
base,gravity_formula,43,44,16,9.621280550956726
base,gravity_formula,43,79,53,31.88057017326355
base,gravity_formula,43,120,47,14.465556994080544
base,gravity_formula,43,63,4,2.351111948490143
base,gravity_formula,43,127,46,9.499158971011639
base,gravity_formula,43,41,36,25.26352161169052
base,gravity_formula,43,11,30,7.860544875264168
base,gravity_formula,43,53,11,3.4891593158245087
base,gravity_formula,43,65,20,9.68587377667427
base,gravity_formula,43,101,39,12.549804084002972
base,gravity_formula,43,28,55,24.921156480908394
base,gravity_formula,43,55,42,7.536167401820421
base,gravity_formula,43,104,65,22.269613213837147
base,gravity_formula,43,40,46,19.498822912573814
base,gravity_formula,43,109,41,13.987670164555311
base,gravity_formula,43,7,80,36.866120494902134
base,gravity_formula,43,36,104,44.23303697258234
base,gravity_formula,43,37,26,17.563229709863663
base,gravity_formula,43,83,247,134.30904275923967
base,gravity_formula,43,13,242,102.73457012325525
base,gravity_formula,43,114,25,8.038829177618027
base,gravity_formula,43,105,37,17.9864604473114
base,gravity_formula,43,103,144,46.92884162068367
base,gravity_formula,43,43,64,28.85025168582797
base,gravity_formula,43,88,40,9.857515845447779
base,gravity_formula,43,1,24,20.16226314753294
base,gravity_formula,43,5,37,10.574330698698759
base,gravity_formula,43,76,17,5.839232951402664
base,gravity_formula,43,57,16,12.072412818670273
base,gravity_formula,43,21,5,1.4050317108631134
base,gravity_formula,43,89,33,26.24714705720544
base,gravity_formula,43,60,6,1.5074500143527985
base,gravity_formula,43,22,11,4.458993345499039
base,gravity_formula,43,59,15,3.856991946697235
base,gravity_formula,43,69,15,3.9825066551566124
base,gravity_formula,43,111,15,5.255486935377121
base,gravity_formula,43,33,13,7.355378195643425
base,gravity_formula,43,102,1,0.13391488790512085
base,gravity_formula,43,49,34,11.223416298627853
base,gravity_formula,43,72,5,1.4968369901180267
base,gravity_formula,43,99,7,2.495337128639221
base,gravity_formula,43,80,16,16.01582780480385
base,gravity_formula,43,51,21,4.79621809720993
base,gravity_formula,43,81,33,23.930842235684395
base,gravity_formula,43,86,9,2.540872886776924
base,gravity_formula,43,119,1,0.0906219407916069
base,gravity_formula,43,116,11,3.978376731276512
base,gravity_formula,43,117,2,0.4194592535495758
base,gravity_formula,43,73,15,3.9315409511327744
base,gravity_formula,43,94,10,4.674503639340401
base,gravity_formula,43,91,5,1.1154062822461128
base,gravity_formula,43,67,4,3.0974538326263428
base,gravity_formula,43,17,4,1.0635316669940948
base,gravity_formula,43,66,4,1.8620567619800568
base,gravity_formula,45,2,14,2.672353770583868
base,gravity_formula,45,31,19,8.143188640475273
base,gravity_formula,45,60,7,2.0895976051688194
base,gravity_formula,45,85,29,17.580843184143305
base,gravity_formula,45,91,8,3.6562532484531403
base,gravity_formula,45,113,21,15.52458330243826
base,gravity_formula,45,4,28,5.29804140329361
base,gravity_formula,45,12,17,5.331713926047087
base,gravity_formula,45,21,21,7.5825017392635345
base,gravity_formula,45,38,94,26.597908832132816
base,gravity_formula,45,76,20,8.900519408285618
base,gravity_formula,45,57,13,2.756241627037525
base,gravity_formula,45,25,103,29.878239011391997
base,gravity_formula,45,40,31,12.07338461279869
base,gravity_formula,45,95,12,3.8865200877189636
base,gravity_formula,45,116,37,21.649347975850105
base,gravity_formula,45,65,5,1.1647899597883224
base,gravity_formula,45,41,155,60.46434426307678
base,gravity_formula,45,74,74,21.153418466448784
base,gravity_formula,45,99,13,2.8696724995970726
base,gravity_formula,45,105,4,4.60540497303009
base,gravity_formula,45,120,15,4.586116626858711
base,gravity_formula,45,44,21,4.782277591526508
base,gravity_formula,45,36,101,15.59138317964971
base,gravity_formula,45,39,58,16.535931631922722
base,gravity_formula,45,49,8,2.106822043657303
base,gravity_formula,45,84,30,9.279384069144726
base,gravity_formula,45,101,26,8.591950744390488
base,gravity_formula,45,17,11,3.024727836251259
base,gravity_formula,45,58,11,5.319796785712242
base,gravity_formula,45,124,550,360.4761649630964
base,gravity_formula,45,11,20,5.15935643017292
base,gravity_formula,45,86,53,17.351023338735104
base,gravity_formula,45,51,325,167.48252122849226
base,gravity_formula,45,19,7,2.1827892065048218
base,gravity_formula,45,68,100,37.08586381748319
base,gravity_formula,45,108,9,2.3980669528245926
base,gravity_formula,45,73,71,21.357535276561975
base,gravity_formula,45,87,122,45.909063436090946
base,gravity_formula,45,112,12,4.484215617179871
base,gravity_formula,45,42,33,19.554146394133568
base,gravity_formula,45,24,78,48.04286489635706
base,gravity_formula,45,10,3,0.48924459517002106
base,gravity_formula,45,78,9,4.017751753330231
base,gravity_formula,45,93,26,4.912139538675547
base,gravity_formula,45,30,34,8.485670052468777
base,gravity_formula,45,127,10,5.269501835107803
base,gravity_formula,45,104,15,4.816543325781822
base,gravity_formula,45,114,20,6.937718600034714
base,gravity_formula,45,118,43,15.250873923301697
base,gravity_formula,45,26,35,23.338739678263664
base,gravity_formula,45,48,48,24.483251705765724
base,gravity_formula,45,16,34,5.421819873154163
base,gravity_formula,45,46,38,18.840839967131615
base,gravity_formula,45,0,29,20.29721082560718
base,gravity_formula,45,43,4,0.9012902230024338
base,gravity_formula,45,45,17,8.968022134155035
base,gravity_formula,45,52,12,2.7635337486863136
base,gravity_formula,45,7,81,22.05397465452552
base,gravity_formula,45,64,19,4.500998608767986
base,gravity_formula,45,67,20,6.432125106453896
base,gravity_formula,45,47,26,4.7897021882236
base,gravity_formula,45,103,105,34.64387821778655
base,gravity_formula,45,107,36,30.697597444057465
base,gravity_formula,45,115,2,0.25878923386335373
base,gravity_formula,45,15,18,6.626152701675892
base,gravity_formula,45,53,36,13.751140676438808
base,gravity_formula,45,88,27,5.04815686494112
base,gravity_formula,45,34,15,3.2264540009200573
base,gravity_formula,45,62,27,6.769825339317322
base,gravity_formula,45,66,12,4.265048295259476
base,gravity_formula,45,80,5,1.7850393950939178
base,gravity_formula,45,5,2,0.19671928137540817
base,gravity_formula,45,27,2,1.3095371201634407
base,gravity_formula,45,20,8,3.385464236140251
base,gravity_formula,45,18,15,3.977705955505371
base,gravity_formula,45,119,39,21.19449930638075
base,gravity_formula,45,102,25,4.960060533136129
base,gravity_formula,45,13,11,1.7151429951190948
base,gravity_formula,45,75,10,2.3242145478725433
base,gravity_formula,45,110,9,2.1403261721134186
base,gravity_formula,45,117,2,0.42373059689998627
base,gravity_formula,45,71,4,1.18682399392128
base,gravity_formula,45,14,5,0.6346674226224422
base,gravity_formula,45,28,34,10.056634116917849
base,gravity_formula,45,89,7,1.1895132139325142
base,gravity_formula,45,37,9,1.2825824245810509
base,gravity_formula,45,69,21,4.233074550516903
base,gravity_formula,45,55,4,0.617484450340271
base,gravity_formula,45,83,24,8.904649898409843
base,gravity_formula,45,94,5,0.8100180625915527
base,gravity_formula,45,81,8,2.872828781604767
base,gravity_formula,45,82,3,0.6819426417350769
base,gravity_formula,45,50,28,10.657519027590752
base,gravity_formula,45,92,5,0.6531827300786972
base,gravity_formula,45,9,9,1.5311587899923325
base,gravity_formula,45,109,9,5.436547443270683
base,gravity_formula,45,33,4,0.6475313007831573
base,gravity_formula,45,63,13,7.3460023403167725
base,gravity_formula,45,3,8,3.6231116950511932
base,gravity_formula,45,23,4,3.098308026790619
base,gravity_formula,45,54,5,1.748350128531456
base,gravity_formula,45,59,7,2.2104089558124542
base,gravity_formula,47,22,4,0.8917009234428406
base,gravity_formula,47,37,19,7.1037110686302185
base,gravity_formula,47,47,13,3.3423720970749855
base,gravity_formula,47,62,53,13.083111375570297
base,gravity_formula,47,92,16,8.355009391903877
base,gravity_formula,47,30,40,10.393727645277977
base,gravity_formula,47,5,24,7.021975368261337
base,gravity_formula,47,11,82,22.29570733010769
base,gravity_formula,47,20,12,5.87735790014267
base,gravity_formula,47,21,27,10.035066232085228
base,gravity_formula,47,121,5,2.417167514562607
base,gravity_formula,47,7,58,25.349531590938568
base,gravity_formula,47,42,4,0.9274698048830032
base,gravity_formula,47,70,6,1.7367010414600372
base,gravity_formula,47,75,213,101.52994427084923
base,gravity_formula,47,94,30,12.283039152622223
base,gravity_formula,47,46,62,22.039551436901093
base,gravity_formula,47,113,9,4.800445884466171
base,gravity_formula,47,106,6,1.04222272336483
base,gravity_formula,47,59,8,2.4377864599227905
base,gravity_formula,47,38,19,10.85663452744484
base,gravity_formula,47,1,151,51.98412209749222
base,gravity_formula,47,40,13,4.851752951741219
base,gravity_formula,47,114,4,0.550167977809906
base,gravity_formula,47,17,19,6.055182054638863
base,gravity_formula,47,60,9,3.8376053869724274
base,gravity_formula,47,2,307,133.3770659416914
base,gravity_formula,47,18,156,56.18534003943205
base,gravity_formula,47,43,36,9.387302085757256
base,gravity_formula,47,89,66,28.52902679145336
base,gravity_formula,47,80,10,3.4645803570747375
base,gravity_formula,47,66,16,5.230556786060333
base,gravity_formula,47,14,37,12.468430548906326
base,gravity_formula,47,108,14,4.55249984562397
base,gravity_formula,47,41,31,15.159099712967873
base,gravity_formula,47,4,12,5.746462941169739
base,gravity_formula,47,109,4,0.9516120404005051
base,gravity_formula,47,127,52,21.722675159573555
base,gravity_formula,47,49,7,3.2418863773345947
base,gravity_formula,47,117,67,22.0944806560874
base,gravity_formula,47,10,7,1.7490770667791367
base,gravity_formula,47,56,11,4.073895521461964
base,gravity_formula,47,115,29,16.47568215429783
base,gravity_formula,47,33,53,14.07447975128889
base,gravity_formula,47,95,38,20.080962508916855
base,gravity_formula,47,53,167,65.63631754368544
base,gravity_formula,47,61,26,11.654681622982025
base,gravity_formula,47,90,195,61.05315610766411
base,gravity_formula,47,82,66,23.30889919400215
base,gravity_formula,47,34,103,78.27184838801622
base,gravity_formula,47,105,11,2.980189800262451
base,gravity_formula,47,116,8,2.104794532060623
base,gravity_formula,47,29,12,4.388800278306007
base,gravity_formula,47,36,53,13.0020712018013
base,gravity_formula,47,122,37,10.941551089286804
base,gravity_formula,47,64,198,126.38317221403122
base,gravity_formula,47,12,131,95.6607896387577
base,gravity_formula,47,24,88,41.26870033144951
base,gravity_formula,47,112,17,12.550054877996445
base,gravity_formula,47,9,41,10.546194225549698
base,gravity_formula,47,102,17,8.984797924757004
base,gravity_formula,47,8,18,5.170940071344376
base,gravity_formula,47,3,47,16.867484740912914
base,gravity_formula,47,81,19,5.243056625127792
base,gravity_formula,47,73,21,3.6242078319191933
base,gravity_formula,47,107,5,1.2440725415945053
base,gravity_formula,47,27,9,4.982787102460861
base,gravity_formula,47,74,5,0.6991998255252838
base,gravity_formula,47,100,10,2.3109564930200577
base,gravity_formula,47,120,38,19.518383912742138
base,gravity_formula,47,67,17,8.800279170274734
base,gravity_formula,47,71,1,0.21550826728343964
base,gravity_formula,47,51,24,11.55725222826004
base,gravity_formula,47,126,13,3.75169175863266
base,gravity_formula,47,19,12,4.9565452337265015
base,gravity_formula,47,123,16,5.273224756121635
base,gravity_formula,47,48,11,4.175215870141983
base,gravity_formula,47,63,8,1.9424739927053452
base,gravity_formula,47,83,3,0.8708441853523254
base,gravity_formula,47,31,18,5.68087674677372
base,gravity_formula,47,32,5,1.6425013840198517
base,gravity_formula,47,44,14,5.3522046357393265
base,gravity_formula,47,52,2,0.5487902462482452
base,gravity_formula,47,26,12,4.004753120243549
base,gravity_formula,47,88,2,0.5389678478240967
base,gravity_formula,47,72,4,0.7657660990953445
base,gravity_formula,47,124,18,4.825267061591148
base,gravity_formula,47,45,9,2.818683624267578
base,gravity_formula,47,101,14,4.526764199137688
base,gravity_formula,47,77,6,1.8144235908985138
base,gravity_formula,47,55,13,4.487670332193375
base,gravity_formula,47,57,4,0.7768639177083969
base,gravity_formula,47,78,5,1.00800122320652
base,gravity_formula,47,79,8,2.1517060697078705
base,gravity_formula,47,93,13,8.09356865286827
base,gravity_formula,47,0,47,23.04028718173504
base,gravity_formula,47,68,8,1.8768442422151566
base,gravity_formula,47,96,7,3.3804333359003067
base,gravity_formula,47,118,8,2.6439852714538574
base,gravity_formula,47,103,12,6.554965972900391
base,gravity_formula,49,44,80,35.26030394434929
base,gravity_formula,49,58,53,13.694107450544834
base,gravity_formula,49,59,61,26.95569448173046
base,gravity_formula,49,92,21,4.98447348177433
base,gravity_formula,49,101,54,15.841634646058083
base,gravity_formula,49,4,3,0.6554186344146729
base,gravity_formula,49,17,96,28.675544306635857
base,gravity_formula,49,21,130,71.27868238091469
base,gravity_formula,49,69,59,20.459373518824577
base,gravity_formula,49,80,116,41.93305450677872
base,gravity_formula,49,104,35,9.837874636054039
base,gravity_formula,49,32,29,12.968178898096085
base,gravity_formula,49,89,26,9.951845958828926
base,gravity_formula,49,121,36,12.07852977514267
base,gravity_formula,49,41,20,5.364634424448013
base,gravity_formula,49,7,17,6.537303298711777
base,gravity_formula,49,31,20,11.288074254989624
base,gravity_formula,49,97,436,232.2825205475092
base,gravity_formula,49,10,5,1.7592877447605133
base,gravity_formula,49,24,13,2.986667588353157
base,gravity_formula,49,46,15,7.483988747000694
base,gravity_formula,49,74,143,56.54543252289295
base,gravity_formula,49,125,16,3.852688729763031
base,gravity_formula,49,52,136,62.21355186402798
base,gravity_formula,49,65,21,8.815795958042145
base,gravity_formula,49,115,130,58.13335293531418
base,gravity_formula,49,14,7,2.942799225449562
base,gravity_formula,49,64,35,10.327840089797974
base,gravity_formula,49,90,6,1.983380764722824
base,gravity_formula,49,75,24,7.594587981700897
base,gravity_formula,49,19,22,8.742327526211739
base,gravity_formula,49,56,44,13.243857979774475
base,gravity_formula,49,15,60,29.901291474699974
base,gravity_formula,49,57,69,28.665768787264824
base,gravity_formula,49,105,38,19.29581907391548
base,gravity_formula,49,114,9,2.88071371614933
base,gravity_formula,49,77,15,3.9597289115190506
base,gravity_formula,49,112,5,2.337781250476837
base,gravity_formula,49,67,4,1.3305006921291351
base,gravity_formula,49,49,18,4.797398343682289
base,gravity_formula,49,61,115,59.70664030313492
base,gravity_formula,49,5,8,1.8085122257471085
base,gravity_formula,49,48,53,43.68213376402855
base,gravity_formula,49,68,31,8.04115004837513
base,gravity_formula,49,62,87,28.096286237239838
base,gravity_formula,49,78,16,5.571104258298874
base,gravity_formula,49,13,8,1.9601130187511444
base,gravity_formula,49,81,9,6.405665338039398
base,gravity_formula,49,16,85,51.380606427788734
base,gravity_formula,49,11,22,10.115368008613586
base,gravity_formula,49,72,36,14.4454884827137
base,gravity_formula,49,45,43,27.519754841923714
base,gravity_formula,49,96,26,14.172632485628128
base,gravity_formula,49,54,52,25.160299137234688
base,gravity_formula,49,113,19,6.952492892742157
base,gravity_formula,49,95,39,11.992892757058144
base,gravity_formula,49,82,126,38.16313171386719
base,gravity_formula,49,8,8,3.251639634370804
base,gravity_formula,49,93,14,3.9129403829574585
base,gravity_formula,49,100,16,3.7913191616535187
base,gravity_formula,49,122,5,1.6142506152391434
base,gravity_formula,49,79,28,9.107797503471375
base,gravity_formula,49,88,67,23.93804168701172
base,gravity_formula,49,22,19,12.827555239200592
base,gravity_formula,49,70,16,7.865821838378906
base,gravity_formula,49,47,14,4.008824482560158
base,gravity_formula,49,29,8,2.334452986717224
base,gravity_formula,49,25,7,1.9817071557044983
base,gravity_formula,49,0,10,3.327865779399872
base,gravity_formula,49,35,7,2.5999676883220673
base,gravity_formula,49,118,11,4.2145233154296875
base,gravity_formula,49,2,6,1.542557254433632
base,gravity_formula,49,83,16,5.977400481700897
base,gravity_formula,49,76,19,6.551780208945274
base,gravity_formula,49,120,40,11.506635643541813
base,gravity_formula,49,43,38,14.087117075920105
base,gravity_formula,49,55,8,3.4299658238887787
base,gravity_formula,49,86,21,7.367854967713356
base,gravity_formula,49,123,6,1.8082399368286133
base,gravity_formula,49,18,5,1.7873332649469376
base,gravity_formula,49,40,15,4.628347352147102
base,gravity_formula,49,50,20,6.639240428805351
base,gravity_formula,49,1,49,14.620218098163605
base,gravity_formula,49,102,8,2.016512393951416
base,gravity_formula,49,103,4,2.031235784292221
base,gravity_formula,49,53,6,2.4099875390529633
base,gravity_formula,49,73,5,1.84941765666008
base,gravity_formula,49,94,6,1.7468589097261429
base,gravity_formula,49,124,7,2.278802439570427
base,gravity_formula,49,66,2,0.6532081663608551
base,gravity_formula,49,87,3,0.840254932641983
base,gravity_formula,49,33,22,7.5197842717170715
base,gravity_formula,49,27,4,1.11178457736969
base,gravity_formula,49,63,9,3.1253452748060226
base,gravity_formula,49,110,13,2.689963310956955
base,gravity_formula,49,99,4,3.1296626329421997
base,gravity_formula,49,38,6,1.6329109519720078
base,gravity_formula,49,127,11,3.999251738190651
base,gravity_formula,49,108,17,6.692441865801811
base,gravity_formula,49,106,7,1.7557231485843658
base,gravity_formula,49,28,5,1.3786854147911072
base,gravity_formula,49,34,8,3.43976628780365
base,gravity_formula,49,119,4,2.3711456656455994
base,gravity_formula,49,126,7,2.0165268927812576
base,gravity_formula,51,24,8,4.198331415653229
base,gravity_formula,51,57,24,11.59011359512806
base,gravity_formula,51,79,9,2.0243092328310013
base,gravity_formula,51,83,33,21.667125269770622
base,gravity_formula,51,96,12,3.6472191214561462
base,gravity_formula,51,53,27,4.974386919289827
base,gravity_formula,51,2,43,15.897155925631523
base,gravity_formula,51,17,17,6.0845489501953125
base,gravity_formula,51,90,27,7.4344679191708565
base,gravity_formula,51,100,14,6.115868240594864
base,gravity_formula,51,106,27,9.598934918642044
base,gravity_formula,51,95,17,4.006140753626823
base,gravity_formula,51,26,16,3.3850338831543922
base,gravity_formula,51,36,284,99.10166477411985
base,gravity_formula,51,55,174,77.5216050222516
base,gravity_formula,51,116,7,2.06665301322937
base,gravity_formula,51,15,34,10.289716348052025
base,gravity_formula,51,20,16,7.658158868551254
base,gravity_formula,51,84,17,4.560550853610039
base,gravity_formula,51,87,12,7.839303910732269
base,gravity_formula,51,120,80,37.63377837091684
base,gravity_formula,51,97,17,4.8125211000442505
base,gravity_formula,51,6,14,5.1945788115262985
base,gravity_formula,51,114,18,7.795742526650429
base,gravity_formula,51,115,66,33.827880561351776
base,gravity_formula,51,117,94,30.7855379357934
base,gravity_formula,51,123,9,2.688525468111038
base,gravity_formula,51,3,17,5.336264505982399
base,gravity_formula,51,68,16,4.6370998322963715
base,gravity_formula,51,91,7,1.2356882840394974
base,gravity_formula,51,119,26,10.721166849136353
base,gravity_formula,51,45,41,24.304424464702606
base,gravity_formula,51,49,153,57.92626681178808
base,gravity_formula,51,54,47,13.293609246611595
base,gravity_formula,51,80,9,2.5636490136384964
base,gravity_formula,51,41,22,8.558552250266075
base,gravity_formula,51,93,8,2.5850397869944572
base,gravity_formula,51,94,10,3.7359015345573425
base,gravity_formula,51,28,40,16.677955627441406
base,gravity_formula,51,32,25,9.7857356518507
base,gravity_formula,51,33,16,6.502267122268677
base,gravity_formula,51,43,24,7.7669419795274734
base,gravity_formula,51,60,38,12.85383740067482
base,gravity_formula,51,75,15,5.203563883900642
base,gravity_formula,51,105,22,6.711147651076317
base,gravity_formula,51,51,20,6.665607064962387
base,gravity_formula,51,18,41,17.458197742700577
base,gravity_formula,51,98,17,5.3935114443302155
base,gravity_formula,51,38,5,2.1879500448703766
base,gravity_formula,51,67,13,4.43915781378746
base,gravity_formula,51,125,74,46.237733066082
base,gravity_formula,51,48,75,31.548563688993454
base,gravity_formula,51,62,56,24.779017090797424
base,gravity_formula,51,76,23,5.9644534811377525
base,gravity_formula,51,109,45,35.54466865956783
base,gravity_formula,51,112,47,16.464578315615654
base,gravity_formula,51,61,35,17.20856161415577
base,gravity_formula,51,82,22,17.576904147863388
base,gravity_formula,51,37,14,4.679452523589134
base,gravity_formula,51,14,4,0.9843403398990631
base,gravity_formula,51,66,4,1.2484364211559296
base,gravity_formula,51,78,38,10.48647366464138
base,gravity_formula,51,31,16,9.492397129535675
base,gravity_formula,51,92,31,7.761478953063488
base,gravity_formula,51,103,14,4.820297092199326
base,gravity_formula,51,86,29,10.645487442612648
base,gravity_formula,51,1,29,14.812316328287125
base,gravity_formula,51,35,50,23.298323765397072
base,gravity_formula,51,58,76,26.239385098218918
base,gravity_formula,51,74,48,18.098840087652206
base,gravity_formula,51,29,30,12.498955503106117
base,gravity_formula,51,70,28,10.37561197578907
base,gravity_formula,51,63,30,12.20941735804081
base,gravity_formula,51,12,45,25.415234088897705
base,gravity_formula,51,27,62,38.702705681324005
base,gravity_formula,51,113,48,29.153818637132645
base,gravity_formula,51,9,210,95.38974539190531
base,gravity_formula,51,85,140,72.47111991047859
base,gravity_formula,51,19,19,5.744939059019089
base,gravity_formula,51,39,17,5.2278121560812
base,gravity_formula,51,10,41,13.615593925118446
base,gravity_formula,51,40,63,34.37015824019909
base,gravity_formula,51,121,21,7.67619252204895
base,gravity_formula,51,44,53,17.349947713315487
base,gravity_formula,51,59,2,0.4877832978963852
base,gravity_formula,51,42,5,1.3038458675146103
base,gravity_formula,51,108,25,7.888266354799271
base,gravity_formula,51,88,24,5.580640807747841
base,gravity_formula,51,73,13,8.124814599752426
base,gravity_formula,51,7,16,3.3734017238020897
base,gravity_formula,51,104,9,2.24961519241333
base,gravity_formula,51,72,17,5.805747851729393
base,gravity_formula,51,47,17,6.461001008749008
base,gravity_formula,51,81,8,2.818915441632271
base,gravity_formula,51,30,8,2.7744070887565613
base,gravity_formula,51,22,6,6.782688409090042
base,gravity_formula,51,118,4,1.1818827837705612
base,gravity_formula,51,111,14,6.603572636842728
base,gravity_formula,51,102,8,3.087150454521179
base,gravity_formula,51,16,9,2.864494800567627
base,gravity_formula,51,101,12,9.266708374023438
base,gravity_formula,51,126,14,5.301957830786705
base,gravity_formula,51,34,4,3.14662903547287
base,gravity_formula,51,69,9,2.239774167537689
base,gravity_formula,51,99,9,1.582085907459259
base,gravity_formula,51,46,6,2.607763022184372
base,gravity_formula,51,13,5,4.306075215339661
base,gravity_formula,51,71,9,3.618958607316017
base,gravity_formula,51,25,4,0.8821947425603867
base,gravity_formula,51,23,5,1.5804738998413086
base,gravity_formula,51,56,2,0.393947958946228
base,gravity_formula,3,66,5,1.6915403604507446
base,gravity_formula,3,23,1,0.3952133357524872
base,gravity_formula,6,46,4,1.2787469178438187
base,gravity_formula,6,10,3,1.049105316400528
base,gravity_formula,8,103,3,0.8676995038986206
base,gravity_formula,8,16,12,4.490366458892822
base,gravity_formula,8,4,2,0.6711151897907257
base,gravity_formula,8,54,1,0.29550182819366455
base,gravity_formula,8,97,1,0.18358825147151947
base,gravity_formula,8,57,5,2.0444599390029907
base,gravity_formula,8,87,7,2.2514148950576782
base,gravity_formula,8,35,2,0.6392351388931274
base,gravity_formula,10,36,4,1.5092365741729736
base,gravity_formula,10,84,6,1.8175839483737946
base,gravity_formula,10,119,3,1.0003999769687653
base,gravity_formula,13,87,8,3.0660503208637238
base,gravity_formula,13,31,1,0.3644871711730957
base,gravity_formula,13,92,2,0.6970140039920807
base,gravity_formula,13,58,3,0.7639061957597733
base,gravity_formula,15,20,3,0.7812953889369965
base,gravity_formula,15,92,1,0.27960893511772156
base,gravity_formula,15,60,8,2.7126066386699677
base,gravity_formula,15,79,1,0.3485443890094757
base,gravity_formula,15,72,1,0.3297071158885956
base,gravity_formula,15,90,2,0.5434605777263641
base,gravity_formula,15,58,2,0.7090579569339752
base,gravity_formula,15,103,2,0.6028069853782654
base,gravity_formula,17,89,2,0.6351849734783173
base,gravity_formula,17,68,2,0.8205987811088562
base,gravity_formula,17,79,3,1.1513124108314514
base,gravity_formula,17,49,5,1.205044999718666
base,gravity_formula,20,59,5,1.7562659978866577
base,gravity_formula,20,109,1,0.2916314899921417
base,gravity_formula,20,89,1,0.2954118549823761
base,gravity_formula,22,46,1,0.2952791452407837
base,gravity_formula,22,75,1,0.2533140480518341
base,gravity_formula,24,17,2,0.6561262607574463
base,gravity_formula,24,24,3,0.8584444522857666
base,gravity_formula,24,61,1,0.262359619140625
base,gravity_formula,24,51,5,1.3660936951637268
base,gravity_formula,27,61,5,1.6044434309005737
base,gravity_formula,27,118,2,0.6392157077789307
base,gravity_formula,27,4,1,0.25900664925575256
base,gravity_formula,27,16,3,1.0013653337955475
base,gravity_formula,27,81,3,0.7818595170974731
base,gravity_formula,29,98,4,1.4538655281066895
base,gravity_formula,31,51,4,1.2891814410686493
base,gravity_formula,34,34,3,0.9269344806671143
base,gravity_formula,36,57,1,0.33420827984809875
base,gravity_formula,36,33,2,0.6706479787826538
base,gravity_formula,36,119,2,0.5766271948814392
base,gravity_formula,36,110,1,0.23395633697509766
base,gravity_formula,36,121,1,0.07928745448589325
base,gravity_formula,38,99,3,0.45548518002033234
base,gravity_formula,38,77,1,0.17129452526569366
base,gravity_formula,40,94,1,0.20737281441688538
base,gravity_formula,40,70,3,0.7338187396526337
base,gravity_formula,43,42,1,0.2675260901451111
base,gravity_formula,43,106,2,0.5079164803028107
base,gravity_formula,43,25,4,0.7396122217178345
base,gravity_formula,45,29,2,0.3626483231782913
base,gravity_formula,45,97,3,0.43370676785707474
base,gravity_formula,45,35,3,0.5244712382555008
base,gravity_formula,45,79,1,0.3749626874923706
base,gravity_formula,45,125,5,0.9464383125305176
base,gravity_formula,45,6,2,0.24052312225103378
base,gravity_formula,47,58,2,0.1900286078453064
base,gravity_formula,47,84,2,0.642531007528305
base,gravity_formula,47,25,2,0.3578479290008545
base,gravity_formula,47,54,2,0.44367755949497223
base,gravity_formula,47,110,2,0.4579916000366211
base,gravity_formula,49,37,1,0.2535301148891449
base,gravity_formula,49,84,4,1.27662992477417
base,gravity_formula,49,98,3,0.908180445432663
base,gravity_formula,49,60,1,0.39275652170181274
base,gravity_formula,51,110,1,0.15524283051490784
base,gravity_formula,51,5,1,0.26243847608566284
base,gravity_formula,51,21,1,0.23117199540138245
base,gravity_formula,3,59,3,1.0625022053718567
base,gravity_formula,6,35,1,0.33914223313331604
base,gravity_formula,8,122,2,0.7277284562587738
base,gravity_formula,8,30,1,0.38889992237091064
base,gravity_formula,8,85,1,0.4196682870388031
base,gravity_formula,10,63,1,0.3231377899646759
base,gravity_formula,10,121,1,0.3413008153438568
base,gravity_formula,10,106,1,0.3409850001335144
base,gravity_formula,13,79,2,0.7585145831108093
base,gravity_formula,13,103,1,0.19692471623420715
base,gravity_formula,13,7,1,0.3526538014411926
base,gravity_formula,13,105,1,0.3110361397266388
base,gravity_formula,15,81,1,0.3352174162864685
base,gravity_formula,15,115,1,0.3864351212978363
base,gravity_formula,17,43,1,0.3842354118824005
base,gravity_formula,20,9,1,0.3311019539833069
base,gravity_formula,22,77,1,0.23008710145950317
base,gravity_formula,24,39,2,0.660448431968689
base,gravity_formula,24,26,2,0.6111822426319122
base,gravity_formula,24,75,1,0.40265583992004395
base,gravity_formula,24,102,1,0.44342780113220215
base,gravity_formula,24,14,1,0.2946603000164032
base,gravity_formula,24,117,1,0.2870315611362457
base,gravity_formula,27,70,1,0.31339332461357117
base,gravity_formula,27,46,2,0.7389107346534729
base,gravity_formula,27,115,7,2.408583849668503
base,gravity_formula,27,97,3,0.84719517827034
base,gravity_formula,27,57,1,0.3548133969306946
base,gravity_formula,27,91,1,0.27862977981567383
base,gravity_formula,27,122,1,0.32018527388572693
base,gravity_formula,27,83,1,0.24139544367790222
base,gravity_formula,27,66,2,0.5479931533336639
base,gravity_formula,31,65,2,0.8039580881595612
base,gravity_formula,36,84,1,0.259322851896286
base,gravity_formula,36,94,1,0.26497775316238403
base,gravity_formula,36,11,1,0.4010486900806427
base,gravity_formula,36,122,1,0.24740350246429443
base,gravity_formula,38,78,2,1.6776800751686096
base,gravity_formula,38,95,3,0.5110826194286346
base,gravity_formula,38,52,3,0.3568088859319687
base,gravity_formula,40,104,1,0.3043467700481415
base,gravity_formula,40,16,2,0.4610818326473236
base,gravity_formula,43,112,1,0.13172538578510284
base,gravity_formula,45,77,1,0.06054127961397171
base,gravity_formula,45,106,1,0.3201991021633148
base,gravity_formula,47,111,2,0.5347206890583038
base,gravity_formula,47,28,1,0.31343066692352295
base,gravity_formula,47,86,1,0.35191985964775085
base,gravity_formula,49,12,4,0.9451844692230225
base,gravity_formula,49,51,1,0.2567915916442871
base,gravity_formula,49,42,1,0.26761287450790405
base,gravity_formula,49,111,1,0.42923474311828613
base,gravity_formula,6,53,2,0.6484245359897614
base,gravity_formula,6,72,1,0.40618109703063965
base,gravity_formula,22,121,2,0.39397604763507843
base,gravity_formula,24,50,1,0.2682499885559082
base,gravity_formula,29,53,1,0.44700828194618225
base,gravity_formula,29,61,1,0.5027969479560852
base,gravity_formula,31,126,1,0.31121203303337097
base,gravity_formula,34,127,1,0.2825092077255249
base,gravity_formula,36,76,1,0.24680770933628082
base,gravity_formula,38,80,1,0.24561196565628052
base,gravity_formula,38,97,1,0.19509443640708923
base,gravity_formula,45,121,2,0.37294793128967285
base,gravity_formula,45,22,1,0.08991662412881851
base,gravity_formula,47,98,2,0.3847602903842926
base,gravity_formula,47,119,1,0.18544146418571472
base,gravity_formula,49,109,2,0.6742016077041626
base,gravity_formula,49,117,1,0.16712547838687897
base,numeral_system,1,11,22,9.37269440293312
base,numeral_system,1,34,40,19.611912667751312
base,numeral_system,1,69,23,11.274169862270355
base,numeral_system,1,74,20,10.823947936296463
base,numeral_system,1,113,17,6.9115064442157745
base,numeral_system,1,24,29,11.683948293328285
base,numeral_system,1,12,14,6.174434304237366
base,numeral_system,1,29,18,7.054036468267441
base,numeral_system,1,45,33,12.848984450101852
base,numeral_system,1,57,18,7.933656752109528
base,numeral_system,1,119,35,11.7299744784832
base,numeral_system,1,6,22,6.4708230793476105
base,numeral_system,1,1,12,5.764266520738602
base,numeral_system,1,8,8,3.5278020203113556
base,numeral_system,1,9,4,1.3342339992523193
base,numeral_system,1,64,21,9.180971920490265
base,numeral_system,1,85,33,16.06606101989746
base,numeral_system,1,15,14,4.292637810111046
base,numeral_system,1,54,24,9.859757274389267
base,numeral_system,1,117,29,13.048124253749847
base,numeral_system,1,60,9,3.609752804040909
base,numeral_system,1,110,26,12.36135995388031
base,numeral_system,1,125,20,6.524113431572914
base,numeral_system,1,94,25,9.10200446844101
base,numeral_system,1,55,20,9.30967190861702
base,numeral_system,1,83,18,6.676818639039993
base,numeral_system,1,120,23,8.946841299533844
base,numeral_system,1,39,8,2.9234209060668945
base,numeral_system,1,52,15,5.60646054148674
base,numeral_system,1,105,28,13.842234015464783
base,numeral_system,1,118,18,5.620946943759918
base,numeral_system,1,33,13,5.612389296293259
base,numeral_system,1,30,12,4.185550808906555
base,numeral_system,1,92,10,3.533238649368286
base,numeral_system,1,106,18,7.010518938302994
base,numeral_system,1,22,8,2.682120978832245
base,numeral_system,1,36,33,14.18944451212883
base,numeral_system,1,53,24,10.488101780414581
base,numeral_system,1,91,33,13.082454174757004
base,numeral_system,1,3,10,3.4836926013231277
base,numeral_system,1,71,4,1.742531180381775
base,numeral_system,1,78,13,5.768485248088837
base,numeral_system,1,114,16,5.6299062967300415
base,numeral_system,1,19,4,2.0705153942108154
base,numeral_system,1,58,23,10.169835403561592
base,numeral_system,1,89,20,7.869276165962219
base,numeral_system,1,77,16,5.833491504192352
base,numeral_system,1,7,11,4.529794901609421
base,numeral_system,1,31,20,11.471525579690933
base,numeral_system,1,32,12,5.245133280754089
base,numeral_system,1,41,14,5.918424814939499
base,numeral_system,1,43,17,5.877919405698776
base,numeral_system,1,122,25,10.728277921676636
base,numeral_system,1,76,32,13.15248018503189
base,numeral_system,1,63,8,2.4862585812807083
base,numeral_system,1,68,30,10.928549587726593
base,numeral_system,1,98,27,10.918026000261307
base,numeral_system,1,0,15,5.101433634757996
base,numeral_system,1,37,32,14.49630281329155
base,numeral_system,1,46,10,6.933967292308807
base,numeral_system,1,27,26,10.451395779848099
base,numeral_system,1,81,24,7.820071071386337
base,numeral_system,1,95,7,3.371794819831848
base,numeral_system,1,127,14,4.785279989242554
base,numeral_system,1,108,16,6.461801767349243
base,numeral_system,1,101,20,7.085052162408829
base,numeral_system,1,124,12,5.356236219406128
base,numeral_system,1,47,15,7.899676024913788
base,numeral_system,1,99,15,5.8208286464214325
base,numeral_system,1,109,30,15.272564440965652
base,numeral_system,1,112,20,6.717761695384979
base,numeral_system,1,126,5,2.8368560075759888
base,numeral_system,1,73,9,4.7741824090480804
base,numeral_system,1,93,11,3.576091021299362
base,numeral_system,1,14,13,5.034461677074432
base,numeral_system,1,20,8,2.7877345979213715
base,numeral_system,1,80,38,14.309548377990723
base,numeral_system,1,50,10,3.713403731584549
base,numeral_system,1,116,20,9.725261270999908
base,numeral_system,1,38,37,16.430747479200363
base,numeral_system,1,84,25,11.420342803001404
base,numeral_system,1,21,18,6.388658210635185
base,numeral_system,1,35,18,8.319272994995117
base,numeral_system,1,103,24,8.682755708694458
base,numeral_system,1,51,8,3.8936515748500824
base,numeral_system,1,88,5,2.4823514223098755
base,numeral_system,1,16,9,4.203270763158798
base,numeral_system,1,44,23,7.869967341423035
base,numeral_system,1,66,8,2.924164354801178
base,numeral_system,1,111,5,1.4496309757232666
base,numeral_system,1,62,17,5.709537446498871
base,numeral_system,1,10,14,7.002031624317169
base,numeral_system,1,61,13,6.086042821407318
base,numeral_system,1,26,6,2.9511932730674744
base,numeral_system,1,79,1,0.6397668123245239
base,numeral_system,1,107,5,2.261449098587036
base,numeral_system,1,104,10,4.386457622051239
base,numeral_system,1,18,13,5.476786434650421
base,numeral_system,1,96,12,5.253483206033707
base,numeral_system,1,25,16,7.716015309095383
base,numeral_system,1,82,19,5.917641118168831
base,numeral_system,1,13,8,2.8369128108024597
base,numeral_system,1,123,12,5.8428328931331635
base,numeral_system,1,97,4,1.3415104746818542
base,numeral_system,1,2,13,5.1537317633628845
base,numeral_system,1,59,8,4.019906163215637
base,numeral_system,1,65,12,4.314122349023819
base,numeral_system,1,87,4,1.1911883652210236
base,numeral_system,1,115,4,2.3647170662879944
base,numeral_system,1,75,8,4.818928360939026
base,numeral_system,1,17,4,1.2265894711017609
base,numeral_system,1,102,9,5.814785182476044
base,numeral_system,1,56,12,4.87396314740181
base,numeral_system,1,40,5,2.574509710073471
base,numeral_system,1,72,4,1.3070992529392242
base,numeral_system,3,5,45,16.684274181723595
base,numeral_system,3,46,26,10.162043690681458
base,numeral_system,3,58,26,9.362447082996368
base,numeral_system,3,119,28,16.211519926786423
base,numeral_system,3,125,26,10.02029624581337
base,numeral_system,3,69,12,6.1667240858078
base,numeral_system,3,7,48,20.820503026247025
base,numeral_system,3,28,12,5.5636710822582245
base,numeral_system,3,55,32,15.784155696630478
base,numeral_system,3,70,42,14.608229890465736
base,numeral_system,3,79,13,5.878061205148697
base,numeral_system,3,9,33,11.921128630638123
base,numeral_system,3,1,21,7.915163651108742
base,numeral_system,3,99,12,4.723204344511032
base,numeral_system,3,101,13,6.632025271654129
base,numeral_system,3,113,13,7.522917002439499
base,numeral_system,3,42,12,5.4866583943367
base,numeral_system,3,64,25,10.431592911481857
base,numeral_system,3,100,11,3.242170810699463
base,numeral_system,3,123,16,9.606372475624084
base,numeral_system,3,103,12,2.740271180868149
base,numeral_system,3,38,16,5.7153299152851105
base,numeral_system,3,126,25,10.837537497282028
base,numeral_system,3,30,12,2.640722706913948
base,numeral_system,3,35,4,2.6679744720458984
base,numeral_system,3,67,9,3.660342201590538
base,numeral_system,3,93,8,3.8966020345687866
base,numeral_system,3,105,10,2.730726644396782
base,numeral_system,3,108,31,13.747726440429688
base,numeral_system,3,2,31,14.225915551185608
base,numeral_system,3,31,13,4.831130027770996
base,numeral_system,3,50,8,3.7881312668323517
base,numeral_system,3,92,8,2.986984968185425
base,numeral_system,3,102,56,25.8138088285923
base,numeral_system,3,53,16,4.295922011137009
base,numeral_system,3,37,29,15.995150774717331
base,numeral_system,3,80,8,3.840914249420166
base,numeral_system,3,94,14,6.268073946237564
base,numeral_system,3,117,24,7.31289467215538
base,numeral_system,3,120,31,17.96016988158226
base,numeral_system,3,51,12,6.454081833362579
base,numeral_system,3,114,22,9.307674169540405
base,numeral_system,3,13,17,4.574272960424423
base,numeral_system,3,12,12,5.928565800189972
base,numeral_system,3,23,5,1.1387818157672882
base,numeral_system,3,32,11,3.6720190346240997
base,numeral_system,3,36,33,13.750789910554886
base,numeral_system,3,60,15,8.390581011772156
base,numeral_system,3,62,52,19.63614249229431
base,numeral_system,3,87,36,15.15859617292881
base,numeral_system,3,96,13,3.1455798894166946
base,numeral_system,3,61,16,6.58278015255928
base,numeral_system,3,72,7,2.8644673079252243
base,numeral_system,3,29,14,5.630136400461197
base,numeral_system,3,90,16,8.159810721874237
base,numeral_system,3,95,22,9.070185035467148
base,numeral_system,3,124,14,4.951768189668655
base,numeral_system,3,63,6,1.3071871101856232
base,numeral_system,3,19,12,5.579584717750549
base,numeral_system,3,14,8,3.9914957880973816
base,numeral_system,3,77,8,3.219482183456421
base,numeral_system,3,86,12,7.008295804262161
base,numeral_system,3,21,5,1.2027151882648468
base,numeral_system,3,6,7,2.2280613780021667
base,numeral_system,3,20,5,1.852225661277771
base,numeral_system,3,75,27,9.931676059961319
base,numeral_system,3,3,5,2.0149954557418823
base,numeral_system,3,65,17,7.293472662568092
base,numeral_system,3,115,34,14.593181282281876
base,numeral_system,3,121,23,8.556876569986343
base,numeral_system,3,10,21,10.58720114827156
base,numeral_system,3,73,23,8.673704504966736
base,numeral_system,3,74,23,10.570104748010635
base,numeral_system,3,98,4,1.5412466526031494
base,numeral_system,3,104,28,10.635721653699875
base,numeral_system,3,8,13,5.294914692640305
base,numeral_system,3,44,26,11.97418001294136
base,numeral_system,3,45,14,5.590312063694
base,numeral_system,3,0,43,22.805996924638748
base,numeral_system,3,54,18,8.816630393266678
base,numeral_system,3,85,14,5.440942347049713
base,numeral_system,3,52,18,6.086441323161125
base,numeral_system,3,68,4,1.0982213616371155
base,numeral_system,3,81,10,4.3625327199697495
base,numeral_system,3,24,27,11.881995439529419
base,numeral_system,3,40,15,6.328015834093094
base,numeral_system,3,82,19,7.60916006565094
base,numeral_system,3,83,4,1.2539026737213135
base,numeral_system,3,56,10,3.7182041704654694
base,numeral_system,3,49,9,3.4841066896915436
base,numeral_system,3,4,17,6.658705830574036
base,numeral_system,3,107,18,6.415751665830612
base,numeral_system,3,109,21,8.839089304208755
base,numeral_system,3,89,3,1.1557223498821259
base,numeral_system,3,48,6,1.991834968328476
base,numeral_system,3,39,5,1.6780992448329926
base,numeral_system,3,110,10,4.315403372049332
base,numeral_system,3,88,8,2.3111352771520615
base,numeral_system,3,78,14,4.171899527311325
base,numeral_system,3,16,13,4.571299105882645
base,numeral_system,3,76,8,3.6236928701400757
base,numeral_system,3,26,6,2.0851587653160095
base,numeral_system,3,15,7,2.08564093708992
base,numeral_system,3,11,9,2.5821606814861298
base,numeral_system,3,57,4,2.082361251115799
base,numeral_system,3,43,4,1.108319640159607
base,numeral_system,3,111,4,2.0187968313694
base,numeral_system,3,112,8,4.7394914627075195
base,numeral_system,3,97,4,2.2780930399894714
base,numeral_system,3,116,20,10.140701830387115
base,numeral_system,3,118,4,1.9751839339733124
base,numeral_system,3,106,9,2.8409052938222885
base,numeral_system,3,122,4,1.909045249223709
base,numeral_system,3,25,4,1.17621910572052
base,numeral_system,3,47,6,1.5810667425394058
base,numeral_system,3,71,6,1.7846968472003937
base,numeral_system,3,18,7,2.211712270975113
base,numeral_system,6,13,66,25.316135853528976
base,numeral_system,6,70,31,13.807089112699032
base,numeral_system,6,81,31,8.13612187281251
base,numeral_system,6,96,17,3.1961531341075897
base,numeral_system,6,108,28,30.4590000808239
base,numeral_system,6,92,43,15.592676062136889
base,numeral_system,6,20,8,2.2663281112909317
base,numeral_system,6,55,12,5.739425599575043
base,numeral_system,6,62,33,11.040606081485748
base,numeral_system,6,106,120,55.89475357532501
base,numeral_system,6,116,14,3.41210401058197
base,numeral_system,6,16,4,1.1659152507781982
base,numeral_system,6,27,39,12.616353183984756
base,numeral_system,6,29,67,24.829505249857903
base,numeral_system,6,30,5,2.246279001235962
base,numeral_system,6,71,4,1.971122145652771
base,numeral_system,6,114,8,3.831066370010376
base,numeral_system,6,124,17,5.55676306784153
base,numeral_system,6,19,8,4.205087900161743
base,numeral_system,6,31,35,11.41364449262619
base,numeral_system,6,122,20,5.859330877661705
base,numeral_system,6,18,17,8.980342507362366
base,numeral_system,6,54,8,3.8107548356056213
base,numeral_system,6,84,8,3.0329182744026184
base,numeral_system,6,2,19,5.8166074603796005
base,numeral_system,6,14,22,11.506795197725296
base,numeral_system,6,15,49,19.21918924152851
base,numeral_system,6,24,12,4.785302698612213
base,numeral_system,6,118,8,3.4468232095241547
base,numeral_system,6,79,4,2.176378846168518
base,numeral_system,6,107,66,25.11416122317314
base,numeral_system,6,52,71,31.104889154434204
base,numeral_system,6,40,13,6.643537640571594
base,numeral_system,6,75,37,16.670938432216644
base,numeral_system,6,95,8,3.8872250020504
base,numeral_system,6,102,28,10.178823620080948
base,numeral_system,6,111,58,25.383691519498825
base,numeral_system,6,8,4,2.493008017539978
base,numeral_system,6,33,46,20.24231792986393
base,numeral_system,6,125,5,1.6666588187217712
base,numeral_system,6,126,8,3.8492847681045532
base,numeral_system,6,5,4,1.1831476390361786
base,numeral_system,6,45,12,4.85731041431427
base,numeral_system,6,61,14,4.839058220386505
base,numeral_system,6,73,16,7.750150114297867
base,numeral_system,6,41,20,9.093714952468872
base,numeral_system,6,77,8,2.8078340888023376
base,numeral_system,6,93,64,26.65165574848652
base,numeral_system,6,123,12,3.5053986068814993
base,numeral_system,6,3,17,6.850970417261124
base,numeral_system,6,105,14,5.890751399099827
base,numeral_system,6,39,8,3.264477163553238
base,numeral_system,6,67,14,4.023937255144119
base,numeral_system,6,26,12,6.385715305805206
base,numeral_system,6,28,4,1.5722371935844421
base,numeral_system,6,78,4,1.6681538224220276
base,numeral_system,6,83,16,5.578772962093353
base,numeral_system,6,100,9,4.513793841004372
base,numeral_system,6,11,8,2.4442839920520782
base,numeral_system,6,68,46,17.084812104701996
base,numeral_system,6,56,21,10.44484955072403
base,numeral_system,6,76,13,7.273105800151825
base,numeral_system,6,38,23,9.714318200945854
base,numeral_system,6,47,10,3.330518662929535
base,numeral_system,6,7,34,13.158670857548714
base,numeral_system,6,109,46,20.97962811589241
base,numeral_system,6,127,18,7.849519431591034
base,numeral_system,6,36,1,0.21420323848724365
base,numeral_system,6,37,23,10.337089329957962
base,numeral_system,6,22,14,6.1299117505550385
base,numeral_system,6,49,18,8.491809159517288
base,numeral_system,6,120,16,5.589939087629318
base,numeral_system,6,101,14,4.641250848770142
base,numeral_system,6,80,12,5.226657390594482
base,numeral_system,6,113,1,0.24695885181427002
base,numeral_system,6,12,2,0.46451540291309357
base,numeral_system,6,119,6,1.9510257840156555
base,numeral_system,6,25,6,2.169600188732147
base,numeral_system,6,58,16,7.496983289718628
base,numeral_system,6,66,6,2.4060390889644623
base,numeral_system,6,0,8,3.822527676820755
base,numeral_system,6,1,8,2.742540121078491
base,numeral_system,6,43,11,4.983589738607407
base,numeral_system,6,44,19,9.424821555614471
base,numeral_system,6,74,8,3.5413015484809875
base,numeral_system,6,103,2,0.45527294278144836
base,numeral_system,6,65,6,2.2343048751354218
base,numeral_system,6,69,27,12.145252674818039
base,numeral_system,6,87,16,8.598093181848526
base,numeral_system,6,104,4,2.3849596977233887
base,numeral_system,6,21,11,3.0068454891443253
base,numeral_system,6,117,20,9.102291345596313
base,numeral_system,6,97,12,3.402071937918663
base,numeral_system,6,46,5,1.923952966928482
base,numeral_system,6,72,4,1.6608770787715912
base,numeral_system,6,88,4,2.639988124370575
base,numeral_system,6,99,4,1.5284912586212158
base,numeral_system,6,9,4,2.050900161266327
base,numeral_system,6,91,6,2.1009019017219543
base,numeral_system,6,32,4,2.984127163887024
base,numeral_system,6,34,3,1.0809354484081268
base,numeral_system,6,82,5,1.5086804330348969
base,numeral_system,6,121,4,1.3347807824611664
base,numeral_system,8,50,5,2.128198504447937
base,numeral_system,8,64,4,1.61653733253479
base,numeral_system,8,90,50,18.557773798704147
base,numeral_system,8,91,10,3.71918785572052
base,numeral_system,8,109,5,2.1132797598838806
base,numeral_system,8,3,4,1.528785228729248
base,numeral_system,8,42,7,2.849795937538147
base,numeral_system,8,65,4,2.0183686017990112
base,numeral_system,8,76,30,12.900430291891098
base,numeral_system,8,92,27,10.484236896038055
base,numeral_system,8,117,8,2.883569896221161
base,numeral_system,8,118,34,14.387338042259216
base,numeral_system,8,9,49,29.03688883781433
base,numeral_system,8,60,22,8.61557200551033
base,numeral_system,8,66,4,1.4796222448349
base,numeral_system,8,72,63,26.134940430521965
base,numeral_system,8,101,106,41.66942113637924
base,numeral_system,8,88,12,3.7335160076618195
base,numeral_system,8,100,9,3.8920196890830994
base,numeral_system,8,111,8,2.9711347222328186
base,numeral_system,8,11,226,123.68293803930283
base,numeral_system,8,24,6,1.4923106133937836
base,numeral_system,8,69,154,74.2251772582531
base,numeral_system,8,61,50,18.026917442679405
base,numeral_system,8,38,7,2.126326948404312
base,numeral_system,8,78,11,5.38324561715126
base,numeral_system,8,94,14,5.151388555765152
base,numeral_system,8,49,36,12.71697661280632
base,numeral_system,8,29,51,22.902896106243134
base,numeral_system,8,23,84,32.40528067946434
base,numeral_system,8,19,26,10.696972519159317
base,numeral_system,8,44,6,3.1730006337165833
base,numeral_system,8,18,22,7.865293741226196
base,numeral_system,8,120,4,1.3472813963890076
base,numeral_system,8,70,23,9.71707534790039
base,numeral_system,8,116,18,6.0697696805000305
base,numeral_system,8,71,28,12.36424309015274
base,numeral_system,8,10,43,17.582607477903366
base,numeral_system,8,67,4,1.2230192422866821
base,numeral_system,8,28,9,2.8147989213466644
base,numeral_system,8,59,31,9.528078198432922
base,numeral_system,8,80,13,4.451126277446747
base,numeral_system,8,77,40,13.032323241233826
base,numeral_system,8,4,4,1.20455864071846
base,numeral_system,8,123,24,8.96493312716484
base,numeral_system,8,1,35,15.343091905117035
base,numeral_system,8,48,8,2.998679131269455
base,numeral_system,8,75,13,4.40204918384552
base,numeral_system,8,41,14,5.942819029092789
base,numeral_system,8,20,20,7.4349015057086945
base,numeral_system,8,46,10,3.669705241918564
base,numeral_system,8,93,33,11.466157168149948
base,numeral_system,8,54,10,3.1518542021512985
base,numeral_system,8,45,1,0.35770848393440247
base,numeral_system,8,15,7,2.556781053543091
base,numeral_system,8,55,3,1.1324454247951508
base,numeral_system,8,13,1,0.2519168555736542
base,numeral_system,8,84,6,1.9771817326545715
base,numeral_system,8,12,2,0.6743999421596527
base,numeral_system,8,107,18,5.888407915830612
base,numeral_system,8,114,11,3.987317204475403
base,numeral_system,8,0,30,11.377592861652374
base,numeral_system,8,119,22,7.323947429656982
base,numeral_system,8,51,17,5.690091818571091
base,numeral_system,8,21,16,6.9769690334796906
base,numeral_system,8,83,8,2.70931676030159
base,numeral_system,8,125,22,7.958219081163406
base,numeral_system,8,95,6,1.7849052846431732
base,numeral_system,8,8,4,1.5056142807006836
base,numeral_system,8,33,20,7.25552374124527
base,numeral_system,8,35,8,3.548314332962036
base,numeral_system,8,74,13,4.880399942398071
base,numeral_system,8,82,4,1.6266693770885468
base,numeral_system,8,26,20,8.534402906894684
base,numeral_system,8,36,36,14.80789029598236
base,numeral_system,8,105,20,8.745053678750992
base,numeral_system,8,115,7,2.7470288276672363
base,numeral_system,8,104,4,1.4328095614910126
base,numeral_system,8,86,4,1.5202272832393646
base,numeral_system,8,89,4,1.765592783689499
base,numeral_system,8,97,4,1.4314058721065521
base,numeral_system,8,40,4,1.5590742230415344
base,numeral_system,8,112,5,1.9900512993335724
base,numeral_system,8,106,4,2.0094749331474304
base,numeral_system,8,32,3,0.9847095012664795
base,numeral_system,8,110,5,2.085903525352478
base,numeral_system,10,21,24,8.797043591737747
base,numeral_system,10,32,4,1.1502832174301147
base,numeral_system,10,40,34,13.099174946546555
base,numeral_system,10,93,4,2.270851969718933
base,numeral_system,10,125,17,6.624698132276535
base,numeral_system,10,2,16,5.740873038768768
base,numeral_system,10,47,95,37.74406126141548
base,numeral_system,10,97,20,8.163090407848358
base,numeral_system,10,99,54,25.998819142580032
base,numeral_system,10,113,19,7.569902718067169
base,numeral_system,10,120,16,6.118857741355896
base,numeral_system,10,60,87,39.46163462102413
base,numeral_system,10,65,79,26.951843097805977
base,numeral_system,10,70,14,5.863302797079086
base,numeral_system,10,80,5,1.5505388379096985
base,numeral_system,10,43,9,3.5096424221992493
base,numeral_system,10,52,22,6.8823709934949875
base,numeral_system,10,94,5,1.016589730978012
base,numeral_system,10,58,8,2.3599436581134796
base,numeral_system,10,27,17,6.081554442644119
base,numeral_system,10,41,7,2.3174014389514923
base,numeral_system,10,78,7,2.9736472964286804
base,numeral_system,10,62,4,1.2560622692108154
base,numeral_system,10,46,165,68.988997772336
base,numeral_system,10,77,19,5.951171651482582
base,numeral_system,10,0,4,1.2675442099571228
base,numeral_system,10,19,69,28.48212644457817
base,numeral_system,10,48,212,112.98259598016739
base,numeral_system,10,28,53,28.81438383460045
base,numeral_system,10,51,18,5.621279716491699
base,numeral_system,10,7,111,46.169347286224365
base,numeral_system,10,59,25,11.16512206196785
base,numeral_system,10,86,36,13.183746054768562
base,numeral_system,10,83,8,2.834382861852646
base,numeral_system,10,15,23,6.643234819173813
base,numeral_system,10,37,136,56.31008756160736
base,numeral_system,10,82,12,5.841851502656937
base,numeral_system,10,98,26,12.125553637742996
base,numeral_system,10,33,4,1.4316185116767883
base,numeral_system,10,64,4,1.8789000511169434
base,numeral_system,10,110,10,3.2374755442142487
base,numeral_system,10,20,7,2.0721971094608307
base,numeral_system,10,39,65,32.56470590829849
base,numeral_system,10,114,7,3.307122066617012
base,numeral_system,10,90,8,2.4750000536441803
base,numeral_system,10,108,3,0.8686445355415344
base,numeral_system,10,111,16,6.244244426488876
base,numeral_system,10,100,9,2.8971451222896576
base,numeral_system,10,84,5,1.6131117939949036
base,numeral_system,10,12,6,1.7155819237232208
base,numeral_system,10,36,2,0.7400185763835907
base,numeral_system,10,124,2,0.5812931656837463
base,numeral_system,10,49,7,1.7709675282239914
base,numeral_system,10,121,8,2.467585027217865
base,numeral_system,10,13,4,1.919368177652359
base,numeral_system,10,35,11,4.809830576181412
base,numeral_system,10,96,1,0.2999318242073059
base,numeral_system,10,4,20,7.643952429294586
base,numeral_system,10,85,11,3.4969864189624786
base,numeral_system,10,54,5,1.4800147414207458
base,numeral_system,10,23,6,1.5816120505332947
base,numeral_system,10,5,4,1.0295372903347015
base,numeral_system,10,18,4,1.3083267509937286
base,numeral_system,10,81,4,1.7204473614692688
base,numeral_system,10,95,4,1.3493567407131195
base,numeral_system,10,45,16,5.919644042849541
base,numeral_system,10,68,15,5.643455594778061
base,numeral_system,10,10,10,3.569165378808975
base,numeral_system,10,71,42,15.178317576646805
base,numeral_system,10,16,24,9.098628491163254
base,numeral_system,10,127,33,17.09501752257347
base,numeral_system,10,89,6,2.176182270050049
base,numeral_system,10,105,6,1.7423672378063202
base,numeral_system,10,6,9,3.318116456270218
base,numeral_system,10,25,4,1.7038159668445587
base,numeral_system,13,23,5,0.2587332474067807
base,numeral_system,13,45,18,18.471601843833923
base,numeral_system,13,85,85,26.802702623419464
base,numeral_system,13,96,4,0.018399633467197418
base,numeral_system,13,119,28,9.959030800499022
base,numeral_system,13,11,11,1.9192406116053462
base,numeral_system,13,19,89,41.3249189555645
base,numeral_system,13,40,20,6.889138996601105
base,numeral_system,13,46,72,29.175027668476105
base,numeral_system,13,48,215,110.61245134472847
base,numeral_system,13,94,8,2.5352136343717575
base,numeral_system,13,22,20,9.235302686691284
base,numeral_system,13,3,46,17.00798025727272
base,numeral_system,13,25,24,8.494145095348358
base,numeral_system,13,122,4,1.2561242282390594
base,numeral_system,13,59,5,1.4990414083003998
base,numeral_system,13,71,25,9.438563734292984
base,numeral_system,13,77,9,3.954810619354248
base,numeral_system,13,99,12,4.680874764919281
base,numeral_system,13,102,4,1.1919526159763336
base,numeral_system,13,55,4,1.4002797901630402
base,numeral_system,13,101,17,6.533097267150879
base,numeral_system,13,34,140,59.0145418792963
base,numeral_system,13,56,94,38.52635934948921
base,numeral_system,13,4,156,70.34407666325569
base,numeral_system,13,44,36,15.854252725839615
base,numeral_system,13,100,59,18.087393432855606
base,numeral_system,13,5,20,7.112740576267242
base,numeral_system,13,76,24,11.643515467643738
base,numeral_system,13,51,15,4.767391547560692
base,numeral_system,13,103,4,1.1322167813777924
base,numeral_system,13,120,35,14.51716548204422
base,numeral_system,13,95,16,6.650710642337799
base,numeral_system,13,67,46,14.996280267834663
base,numeral_system,13,62,59,25.792697429656982
base,numeral_system,13,97,4,1.0259118974208832
base,numeral_system,13,8,26,9.101408988237381
base,numeral_system,13,41,20,6.958903908729553
base,numeral_system,13,13,35,22.34397915005684
base,numeral_system,13,114,48,17.290258899331093
base,numeral_system,13,24,34,18.38014680147171
base,numeral_system,13,82,2,0.5641850680112839
base,numeral_system,13,104,54,22.56060117483139
base,numeral_system,13,35,16,5.356233239173889
base,numeral_system,13,64,8,2.845219314098358
base,numeral_system,13,50,5,1.7794113457202911
base,numeral_system,13,66,10,4.811633884906769
base,numeral_system,13,10,2,0.6535006463527679
base,numeral_system,13,80,6,2.4259816706180573
base,numeral_system,13,30,8,3.7507382333278656
base,numeral_system,13,109,29,9.701645880937576
base,numeral_system,13,93,4,1.35430508852005
base,numeral_system,13,16,16,5.19982448220253
base,numeral_system,13,74,44,18.6706480383873
base,numeral_system,13,37,11,3.7401817440986633
base,numeral_system,13,115,12,4.424209266901016
base,numeral_system,13,14,11,4.416565895080566
base,numeral_system,13,73,7,2.7485778629779816
base,numeral_system,13,89,7,1.861825406551361
base,numeral_system,13,72,4,1.5114217698574066
base,numeral_system,13,81,4,1.3961774110794067
base,numeral_system,13,32,8,3.134856700897217
base,numeral_system,13,38,4,1.2736853063106537
base,numeral_system,15,0,4,7.644020080566406
base,numeral_system,15,24,26,11.668718785047531
base,numeral_system,15,30,11,2.0296039762033615
base,numeral_system,15,46,6,0.6059484425350092
base,numeral_system,15,47,12,2.428082315789652
base,numeral_system,15,126,38,11.114623004570603
base,numeral_system,15,33,42,15.83746537566185
base,numeral_system,15,63,197,97.78652928769588
base,numeral_system,15,82,153,74.52779351174831
base,numeral_system,15,107,5,2.1524219810962677
base,numeral_system,15,121,14,4.95271372795105
base,numeral_system,15,13,9,2.7157865911722183
base,numeral_system,15,16,8,2.0186238437891006
base,numeral_system,15,41,16,4.886473894119263
base,numeral_system,15,15,69,35.73857623338699
base,numeral_system,15,26,64,22.095103830099106
base,numeral_system,15,89,124,62.599250465631485
base,numeral_system,15,95,56,24.002544835209846
base,numeral_system,15,20,6,1.5713262110948563
base,numeral_system,15,57,34,15.320077329874039
base,numeral_system,15,71,10,3.816847503185272
base,numeral_system,15,17,259,151.59253823757172
base,numeral_system,15,85,12,3.913299560546875
base,numeral_system,15,125,108,33.66643889248371
base,numeral_system,15,31,5,1.6189747750759125
base,numeral_system,15,86,13,3.441605865955353
base,numeral_system,15,69,68,20.48368740081787
base,numeral_system,15,51,27,8.833933129906654
base,numeral_system,15,14,35,10.407749459147453
base,numeral_system,15,11,8,2.1693515181541443
base,numeral_system,15,78,22,7.093221336603165
base,numeral_system,15,88,9,2.6597701609134674
base,numeral_system,15,92,2,0.5260625183582306
base,numeral_system,15,79,7,1.8708957135677338
base,numeral_system,15,38,3,1.0364553332328796
base,numeral_system,15,67,31,10.879658877849579
base,numeral_system,15,102,21,5.954012632369995
base,numeral_system,15,113,41,14.364230275154114
base,numeral_system,15,9,17,4.959955275058746
base,numeral_system,15,39,36,10.822618335485458
base,numeral_system,15,112,4,1.049933210015297
base,numeral_system,15,45,12,3.341969221830368
base,numeral_system,15,74,9,4.741870760917664
base,numeral_system,15,7,7,1.5842110365629196
base,numeral_system,15,32,9,2.731291562318802
base,numeral_system,15,81,3,0.8273269534111023
base,numeral_system,15,117,1,0.25256383419036865
base,numeral_system,15,97,24,7.625965863466263
base,numeral_system,15,40,7,1.8687355518341064
base,numeral_system,15,42,1,0.2665860950946808
base,numeral_system,15,122,7,1.8982429206371307
base,numeral_system,15,49,7,1.743189126253128
base,numeral_system,15,105,9,5.099203199148178
base,numeral_system,15,103,4,1.0167763829231262
base,numeral_system,15,80,12,4.044423505663872
base,numeral_system,15,100,34,13.16653922200203
base,numeral_system,15,5,16,7.170619830489159
base,numeral_system,15,58,4,1.2402588427066803
base,numeral_system,15,84,4,1.0557591021060944
base,numeral_system,15,120,3,0.7807763814926147
base,numeral_system,15,10,5,1.4973581731319427
base,numeral_system,15,21,8,2.285526216030121
base,numeral_system,15,93,4,1.0277228504419327
base,numeral_system,15,8,7,1.5420447438955307
base,numeral_system,15,18,12,3.164601817727089
base,numeral_system,15,12,4,1.6197848916053772
base,numeral_system,15,124,17,6.16608339548111
base,numeral_system,15,2,4,1.4994021952152252
base,numeral_system,15,28,4,1.34518164396286
base,numeral_system,17,12,30,12.873310770839453
base,numeral_system,17,30,54,12.437181625515223
base,numeral_system,17,59,85,42.76616073376499
base,numeral_system,17,66,17,3.5316610131412745
base,numeral_system,17,127,8,12.26054334640503
base,numeral_system,17,80,26,9.873739112634212
base,numeral_system,17,21,8,3.6145472526550293
base,numeral_system,17,28,47,21.717124462127686
base,numeral_system,17,72,42,12.240254282951355
base,numeral_system,17,125,32,20.299892246723175
base,numeral_system,17,34,12,3.425146758556366
base,numeral_system,17,7,14,7.2350888550281525
base,numeral_system,17,19,92,59.21173831820488
base,numeral_system,17,36,98,35.95714330673218
base,numeral_system,17,26,11,3.5021198838949203
base,numeral_system,17,98,40,13.747305154800415
base,numeral_system,17,6,60,15.413768619298935
base,numeral_system,17,111,29,9.707990571856499
base,numeral_system,17,118,34,11.412391886115074
base,numeral_system,17,33,26,13.0683014690876
base,numeral_system,17,47,160,97.6139879822731
base,numeral_system,17,90,27,6.99868431687355
base,numeral_system,17,51,28,7.303457707166672
base,numeral_system,17,119,46,12.191635265946388
base,numeral_system,17,89,4,2.093551993370056
base,numeral_system,17,96,12,6.283527165651321
base,numeral_system,17,20,7,3.053401470184326
base,numeral_system,17,24,19,5.633114814758301
base,numeral_system,17,104,21,5.332117542624474
base,numeral_system,17,57,16,4.79696698486805
base,numeral_system,17,85,4,2.0345730781555176
base,numeral_system,17,16,20,12.749676614999771
base,numeral_system,17,56,38,9.652414843440056
base,numeral_system,17,65,19,4.8393412083387375
base,numeral_system,17,27,23,7.282512590289116
base,numeral_system,17,77,32,12.355779230594635
base,numeral_system,17,71,4,1.8837021887302399
base,numeral_system,17,32,106,31.92198270559311
base,numeral_system,17,87,31,10.81096351146698
base,numeral_system,17,18,12,4.790142714977264
base,numeral_system,17,39,4,1.65992072224617
base,numeral_system,17,74,69,33.839897483587265
base,numeral_system,17,35,18,9.078094094991684
base,numeral_system,17,112,6,1.5160428285598755
base,numeral_system,17,58,4,2.126454174518585
base,numeral_system,17,116,13,3.539538636803627
base,numeral_system,17,102,23,8.296983405947685
base,numeral_system,17,109,37,21.563808381557465
base,numeral_system,17,37,42,19.32622092962265
base,numeral_system,17,62,29,13.619608968496323
base,numeral_system,17,86,18,12.350375086069107
base,numeral_system,17,22,6,1.4567225128412247
base,numeral_system,17,121,4,1.0514949709177017
base,numeral_system,17,115,16,7.801344871520996
base,numeral_system,17,83,6,1.2723999619483948
base,numeral_system,17,93,8,3.6682944297790527
base,numeral_system,17,101,8,2.116846650838852
base,numeral_system,17,0,4,1.4456550478935242
base,numeral_system,17,40,14,7.356741636991501
base,numeral_system,17,108,18,8.398302510380745
base,numeral_system,17,41,8,3.9253285229206085
base,numeral_system,17,73,21,9.600191712379456
base,numeral_system,17,53,12,3.2747537791728973
base,numeral_system,17,68,8,3.976355165243149
base,numeral_system,17,106,4,1.0626519322395325
base,numeral_system,17,110,7,1.6973820179700851
base,numeral_system,17,5,5,3.5434460937976837
base,numeral_system,17,11,11,2.894254058599472
base,numeral_system,17,45,17,3.7691968381404877
base,numeral_system,17,4,5,2.0461925864219666
base,numeral_system,17,107,10,1.9982923120260239
base,numeral_system,17,49,4,0.680845320224762
base,numeral_system,17,60,4,1.5280349850654602
base,numeral_system,17,42,4,2.7761794924736023
base,numeral_system,17,75,5,1.0190179646015167
base,numeral_system,17,91,4,1.6183283925056458
base,numeral_system,17,78,8,4.577690362930298
base,numeral_system,20,18,12,2.5817839819937944
base,numeral_system,20,39,8,10.585393458604813
base,numeral_system,20,71,19,5.8945088014006615
base,numeral_system,20,77,38,14.346241315826774
base,numeral_system,20,79,40,16.209497690200806
base,numeral_system,20,64,16,5.3544007134623826
base,numeral_system,20,16,185,87.27941526472569
base,numeral_system,20,54,22,11.443710997700691
base,numeral_system,20,108,11,3.915316015481949
base,numeral_system,20,3,82,35.48374906182289
base,numeral_system,20,28,20,6.464591398835182
base,numeral_system,20,85,67,23.57565274834633
base,numeral_system,20,84,11,2.932794377207756
base,numeral_system,20,53,38,23.035738736391068
base,numeral_system,20,76,4,1.5991615653038025
base,numeral_system,20,103,4,1.3141023516654968
base,numeral_system,20,41,60,21.22466203570366
base,numeral_system,20,51,8,2.7493537068367004
base,numeral_system,20,78,11,3.306365489959717
base,numeral_system,20,10,7,2.0913209319114685
base,numeral_system,20,68,34,13.888771563768387
base,numeral_system,20,27,80,28.965201139450073
base,numeral_system,20,52,55,22.4083604067564
base,numeral_system,20,82,110,44.20317357778549
base,numeral_system,20,96,24,9.880443781614304
base,numeral_system,20,29,8,3.9408388137817383
base,numeral_system,20,42,14,4.431955695152283
base,numeral_system,20,117,30,15.006197988986969
base,numeral_system,20,61,14,5.268441766500473
base,numeral_system,20,91,62,21.158245891332626
base,numeral_system,20,47,39,12.677897587418556
base,numeral_system,20,37,30,15.87281996011734
base,numeral_system,20,70,28,13.403429865837097
base,numeral_system,20,58,90,32.17417474091053
base,numeral_system,20,90,12,6.002143681049347
base,numeral_system,20,23,88,45.0987299233675
base,numeral_system,20,101,16,8.96615645289421
base,numeral_system,20,125,22,8.34243619441986
base,numeral_system,20,120,17,6.539476424455643
base,numeral_system,20,121,16,5.184414744377136
base,numeral_system,20,74,8,3.8716069757938385
base,numeral_system,20,114,20,5.0702521204948425
base,numeral_system,20,9,4,1.2131930589675903
base,numeral_system,20,31,13,5.581840604543686
base,numeral_system,20,87,11,6.071893274784088
base,numeral_system,20,105,32,15.48575347661972
base,numeral_system,20,116,25,17.46078884601593
base,numeral_system,20,17,11,4.0866022408008575
base,numeral_system,20,95,14,5.90140038728714
base,numeral_system,20,12,14,5.963075965642929
base,numeral_system,20,115,9,3.342288076877594
base,numeral_system,20,60,8,2.6495114266872406
base,numeral_system,20,122,5,1.7042371928691864
base,numeral_system,20,14,9,4.4530404806137085
base,numeral_system,20,24,1,0.3073148727416992
base,numeral_system,20,106,7,2.386808395385742
base,numeral_system,20,30,8,2.9183009564876556
base,numeral_system,20,32,15,6.731218218803406
base,numeral_system,20,75,15,4.808960884809494
base,numeral_system,20,13,1,0.2907540798187256
base,numeral_system,20,113,42,20.965982913970947
base,numeral_system,20,112,7,2.1779954731464386
base,numeral_system,20,62,32,10.686928629875183
base,numeral_system,20,92,20,7.614915251731873
base,numeral_system,20,111,21,9.166964441537857
base,numeral_system,20,97,4,0.9556936621665955
base,numeral_system,20,69,12,4.195674121379852
base,numeral_system,20,56,28,13.813270956277847
base,numeral_system,20,2,4,1.3052857518196106
base,numeral_system,20,107,11,3.412581190466881
base,numeral_system,20,102,8,3.2610233426094055
base,numeral_system,20,0,4,1.5000208020210266
base,numeral_system,20,118,4,1.024009346961975
base,numeral_system,20,38,1,0.31198564171791077
base,numeral_system,22,2,21,4.916967362165451
base,numeral_system,22,45,37,14.322322107851505
base,numeral_system,22,87,20,8.644408792257309
base,numeral_system,22,100,4,6.032100558280945
base,numeral_system,22,114,5,0.3981129601597786
base,numeral_system,22,76,32,10.49638332054019
base,numeral_system,22,3,12,4.176135078072548
base,numeral_system,22,23,29,13.79021480679512
base,numeral_system,22,31,8,2.7443954944610596
base,numeral_system,22,39,33,14.829692363739014
base,numeral_system,22,63,8,2.1197189390659332
base,numeral_system,22,49,104,39.18354833126068
base,numeral_system,22,24,34,17.595677062869072
base,numeral_system,22,42,33,14.452120214700699
base,numeral_system,22,70,16,9.865958034992218
base,numeral_system,22,126,21,7.514821723103523
base,numeral_system,22,82,29,14.1966892182827
base,numeral_system,22,109,21,6.016176447272301
base,numeral_system,22,102,5,1.3554368019104004
base,numeral_system,22,25,12,5.270425736904144
base,numeral_system,22,52,17,7.468851447105408
base,numeral_system,22,53,11,3.769258499145508
base,numeral_system,22,67,33,15.941278755664825
base,numeral_system,22,33,12,4.072159856557846
base,numeral_system,22,47,4,2.0964072942733765
base,numeral_system,22,61,41,14.303469225764275
base,numeral_system,22,26,4,1.1952716708183289
base,numeral_system,22,4,9,2.8976436406373978
base,numeral_system,22,122,8,3.9737692177295685
base,numeral_system,22,18,20,6.015140652656555
base,numeral_system,22,37,39,15.677691921591759
base,numeral_system,22,96,11,4.8377430737018585
base,numeral_system,22,117,24,10.397897511720657
base,numeral_system,22,72,23,14.409584403038025
base,numeral_system,22,74,5,1.4863949716091156
base,numeral_system,22,16,15,6.320737540721893
base,numeral_system,22,99,12,6.6528260707855225
base,numeral_system,22,7,13,4.346396237611771
base,numeral_system,22,56,13,6.773630201816559
base,numeral_system,22,103,20,9.200089812278748
base,numeral_system,22,44,12,3.4939007461071014
base,numeral_system,22,106,8,3.5650260150432587
base,numeral_system,22,22,37,14.068862602114677
base,numeral_system,22,97,13,7.7403508722782135
base,numeral_system,22,13,15,6.247567534446716
base,numeral_system,22,43,99,44.34216472506523
base,numeral_system,22,91,16,7.435597211122513
base,numeral_system,22,62,4,1.1311180889606476
base,numeral_system,22,98,16,4.661660894751549
base,numeral_system,22,40,30,11.683938980102539
base,numeral_system,22,105,9,2.7816274613142014
base,numeral_system,22,54,37,14.829913720488548
base,numeral_system,22,79,8,2.6134314239025116
base,numeral_system,22,77,4,1.0559828281402588
base,numeral_system,22,64,19,11.505296170711517
base,numeral_system,22,92,23,7.033547297120094
base,numeral_system,22,38,20,12.817048817873001
base,numeral_system,22,50,49,18.1386521756649
base,numeral_system,22,94,60,34.46487706899643
base,numeral_system,22,101,64,24.51664823293686
base,numeral_system,22,55,78,40.30316004157066
base,numeral_system,22,9,42,21.296139985322952
base,numeral_system,22,17,26,11.310567200183868
base,numeral_system,22,5,19,7.04998816549778
base,numeral_system,22,35,7,2.431584358215332
base,numeral_system,22,89,13,4.887448072433472
base,numeral_system,22,124,3,1.016503781080246
base,numeral_system,22,36,14,5.655001267790794
base,numeral_system,22,32,2,0.6101766526699066
base,numeral_system,22,112,1,0.230093315243721
base,numeral_system,22,93,6,1.765142947435379
base,numeral_system,22,68,20,7.979539573192596
base,numeral_system,22,118,9,2.52677121758461
base,numeral_system,22,1,21,7.02933856844902
base,numeral_system,22,20,21,7.65074697136879
base,numeral_system,22,29,14,6.530961990356445
base,numeral_system,22,110,4,1.3754189610481262
base,numeral_system,22,10,19,6.799828439950943
base,numeral_system,22,11,24,8.100117579102516
base,numeral_system,22,69,8,3.0116580426692963
base,numeral_system,22,81,8,5.285692751407623
base,numeral_system,22,75,2,0.47005169093608856
base,numeral_system,22,51,15,5.906345337629318
base,numeral_system,22,41,7,2.345670074224472
base,numeral_system,22,95,9,3.397175371646881
base,numeral_system,22,27,4,1.6752276718616486
base,numeral_system,22,115,7,2.105884075164795
base,numeral_system,22,111,29,10.85084943473339
base,numeral_system,22,107,12,4.362555205821991
base,numeral_system,22,6,10,3.3097247779369354
base,numeral_system,22,123,9,1.6924801021814346
base,numeral_system,22,73,9,4.329479902982712
base,numeral_system,22,66,8,2.622976005077362
base,numeral_system,22,65,4,2.122083008289337
base,numeral_system,22,85,12,6.005932182073593
base,numeral_system,22,90,6,1.59699746966362
base,numeral_system,22,59,1,0.29058682918548584
base,numeral_system,22,60,4,2.435646176338196
base,numeral_system,22,21,3,0.8710744678974152
base,numeral_system,22,15,7,1.7191699743270874
base,numeral_system,22,120,4,1.2780327498912811
base,numeral_system,24,21,5,0.322815615683794
base,numeral_system,24,52,4,0.08450116775929928
base,numeral_system,24,101,15,12.549879431724548
base,numeral_system,24,116,7,0.7160250283777714
base,numeral_system,24,122,14,2.9288858771324158
base,numeral_system,24,114,30,13.555251739919186
base,numeral_system,24,11,14,4.661004364490509
base,numeral_system,24,30,27,10.018048867583275
base,numeral_system,24,78,14,3.884240433573723
base,numeral_system,24,87,152,76.23403346538544
base,numeral_system,24,123,243,122.15658503770828
base,numeral_system,24,17,17,5.563965141773224
base,numeral_system,24,29,34,9.446491464972496
base,numeral_system,24,53,12,3.962162345647812
base,numeral_system,24,103,46,13.569411516189575
base,numeral_system,24,115,5,1.6418191492557526
base,numeral_system,24,19,38,10.724355056881905
base,numeral_system,24,54,235,126.73626978695393
base,numeral_system,24,109,30,8.477845415472984
base,numeral_system,24,15,8,2.4151411950588226
base,numeral_system,24,56,8,2.474874198436737
base,numeral_system,24,77,17,6.524140506982803
base,numeral_system,24,13,5,1.3017070591449738
base,numeral_system,24,20,210,103.25233186781406
base,numeral_system,24,104,43,13.298048838973045
base,numeral_system,24,18,17,4.58485172688961
base,numeral_system,24,34,19,5.799096807837486
base,numeral_system,24,106,8,1.8385156095027924
base,numeral_system,24,71,13,3.5652306526899338
base,numeral_system,24,8,4,0.958794891834259
base,numeral_system,24,85,4,1.0521739721298218
base,numeral_system,24,79,53,15.962480664253235
base,numeral_system,24,92,11,4.827380210161209
base,numeral_system,24,22,8,2.196492165327072
base,numeral_system,24,47,28,10.27922298014164
base,numeral_system,24,110,11,4.55549618601799
base,numeral_system,24,112,19,7.586802363395691
base,numeral_system,24,96,20,5.203878879547119
base,numeral_system,24,91,4,1.1802111864089966
base,numeral_system,24,82,20,6.03998763859272
base,numeral_system,24,70,20,7.188927739858627
base,numeral_system,24,94,7,2.7675541788339615
base,numeral_system,24,99,2,0.47893038392066956
base,numeral_system,24,31,2,0.5353958010673523
base,numeral_system,24,35,26,12.018936812877655
base,numeral_system,24,102,6,1.698349416255951
base,numeral_system,24,24,22,8.348660856485367
base,numeral_system,24,67,39,13.031197994947433
base,numeral_system,24,84,6,2.314912289381027
base,numeral_system,24,81,11,2.8233958929777145
base,numeral_system,24,41,3,0.9814068973064423
base,numeral_system,24,49,9,2.582648068666458
base,numeral_system,24,60,10,2.5741648226976395
base,numeral_system,24,63,4,1.1638228595256805
base,numeral_system,24,40,1,0.23313215374946594
base,numeral_system,24,97,4,1.2159082293510437
base,numeral_system,24,44,4,1.3809198439121246
base,numeral_system,24,3,79,39.04044684767723
base,numeral_system,24,93,10,3.2384617030620575
base,numeral_system,24,107,19,6.186701238155365
base,numeral_system,24,59,5,1.1468893140554428
base,numeral_system,24,68,2,0.5761466920375824
base,numeral_system,24,2,3,0.640363022685051
base,numeral_system,24,12,9,3.386332094669342
base,numeral_system,24,121,30,7.840319603681564
base,numeral_system,24,113,2,0.3885871171951294
base,numeral_system,24,33,9,8.151888936758041
base,numeral_system,24,90,22,9.050299614667892
base,numeral_system,24,45,8,1.7647580802440643
base,numeral_system,24,119,7,1.9536184072494507
base,numeral_system,24,80,2,0.664312481880188
base,numeral_system,24,42,8,2.6076140999794006
base,numeral_system,27,13,60,35.47223725914955
base,numeral_system,27,25,13,3.2516774758696556
base,numeral_system,27,64,9,1.5392748676240444
base,numeral_system,27,75,8,1.1802078634500504
base,numeral_system,27,98,16,6.442616432905197
base,numeral_system,27,59,12,2.4578859750181437
base,numeral_system,27,6,12,4.557872921228409
base,numeral_system,27,26,282,156.59090968966484
base,numeral_system,27,33,151,72.60227237641811
base,numeral_system,27,90,104,39.6952558606863
base,numeral_system,27,44,18,7.41945406794548
base,numeral_system,27,58,31,12.597804322838783
base,numeral_system,27,63,40,11.427054703235626
base,numeral_system,27,89,12,3.8168821930885315
base,numeral_system,27,3,8,3.4958411008119583
base,numeral_system,27,85,8,2.782180905342102
base,numeral_system,27,106,55,20.774276345968246
base,numeral_system,27,1,15,5.4069046676158905
base,numeral_system,27,68,22,6.775741085410118
base,numeral_system,27,94,15,4.634247064590454
base,numeral_system,27,9,26,7.244092807173729
base,numeral_system,27,32,30,9.516069307923317
base,numeral_system,27,38,12,5.997485339641571
base,numeral_system,27,95,9,7.725432604551315
base,numeral_system,27,99,14,4.492602676153183
base,numeral_system,27,113,10,3.503545105457306
base,numeral_system,27,41,12,4.263378411531448
base,numeral_system,27,88,16,4.9207033812999725
base,numeral_system,27,119,18,8.523962244391441
base,numeral_system,27,62,12,6.105995237827301
base,numeral_system,27,12,6,1.9367032498121262
base,numeral_system,27,77,4,1.6749454736709595
base,numeral_system,27,30,42,19.07514825463295
base,numeral_system,27,52,8,3.3762072026729584
base,numeral_system,27,112,4,0.958826944231987
base,numeral_system,27,65,13,6.912190228700638
base,numeral_system,27,10,4,2.7090617418289185
base,numeral_system,27,67,8,1.9619379490613937
base,numeral_system,27,80,17,4.871522471308708
base,numeral_system,27,53,12,4.702662646770477
base,numeral_system,27,2,84,29.794115155935287
base,numeral_system,27,104,26,13.351807862520218
base,numeral_system,27,37,30,10.106545060873032
base,numeral_system,27,105,11,3.2988049685955048
base,numeral_system,27,14,8,2.170951724052429
base,numeral_system,27,23,21,8.511587858200073
base,numeral_system,27,92,25,7.009839162230492
base,numeral_system,27,76,31,8.927384957671165
base,numeral_system,27,79,7,1.6107674539089203
base,numeral_system,27,0,67,33.448755115270615
base,numeral_system,27,102,58,21.22756826877594
base,numeral_system,27,50,10,2.7780105620622635
base,numeral_system,27,56,33,13.380429595708847
base,numeral_system,27,60,22,8.158252567052841
base,numeral_system,27,82,6,1.2645285427570343
base,numeral_system,27,54,5,1.2149238288402557
base,numeral_system,27,5,1,0.27199435234069824
base,numeral_system,27,117,9,2.6321363896131516
base,numeral_system,27,11,11,4.921985238790512
base,numeral_system,27,21,4,1.152742177248001
base,numeral_system,27,125,18,6.970642328262329
base,numeral_system,27,19,10,3.2097568958997726
base,numeral_system,27,108,8,2.2674653381109238
base,numeral_system,27,96,12,4.25408735871315
base,numeral_system,27,17,2,0.4688122719526291
base,numeral_system,27,40,33,12.042600303888321
base,numeral_system,27,83,4,1.0268234759569168
base,numeral_system,27,43,15,4.752982601523399
base,numeral_system,27,4,4,1.2528780102729797
base,numeral_system,27,101,9,2.396700918674469
base,numeral_system,27,16,7,2.267981171607971
base,numeral_system,27,122,6,1.7853648364543915
base,numeral_system,27,123,17,6.664886981248856
base,numeral_system,27,84,46,30.210415095090866
base,numeral_system,27,120,4,0.7676738351583481
base,numeral_system,27,39,11,3.034110575914383
base,numeral_system,27,124,2,0.576506108045578
base,numeral_system,27,87,11,5.086824297904968
base,numeral_system,27,103,3,0.851434051990509
base,numeral_system,27,121,10,4.023017108440399
base,numeral_system,27,91,3,1.2653602361679077
base,numeral_system,29,66,76,28.208114996552467
base,numeral_system,29,95,33,8.26774915214628
base,numeral_system,29,97,12,6.105303734540939
base,numeral_system,29,102,20,11.456920748576522
base,numeral_system,29,120,32,14.58401009440422
base,numeral_system,29,42,75,17.850966984406114
base,numeral_system,29,1,28,13.027086049318314
base,numeral_system,29,35,45,21.26333597302437
base,numeral_system,29,73,41,17.29009398818016
base,numeral_system,29,85,16,5.584442526102066
base,numeral_system,29,25,16,7.216369807720184
base,numeral_system,29,0,16,8.458496034145355
base,numeral_system,29,52,199,95.47250977158546
base,numeral_system,29,123,141,78.12305125594139
base,numeral_system,29,127,20,8.336149513721466
base,numeral_system,29,11,8,3.1781783401966095
base,numeral_system,29,14,8,3.9172521829605103
base,numeral_system,29,60,30,5.970059901475906
base,numeral_system,29,19,24,6.656307443976402
base,numeral_system,29,32,14,6.167991191148758
base,numeral_system,29,70,4,1.9752831757068634
base,numeral_system,29,118,81,28.46870820224285
base,numeral_system,29,27,9,3.1305305808782578
base,numeral_system,29,51,8,3.7955892384052277
base,numeral_system,29,10,14,5.497358411550522
base,numeral_system,29,54,4,1.1546098291873932
base,numeral_system,29,50,57,14.52291376516223
base,numeral_system,29,21,8,3.4200965762138367
base,numeral_system,29,90,12,6.840042293071747
base,numeral_system,29,40,67,26.591631829738617
base,numeral_system,29,126,8,2.8792503774166107
base,numeral_system,29,72,21,10.400892496109009
base,numeral_system,29,4,4,1.8318974077701569
base,numeral_system,29,23,8,4.52630740404129
base,numeral_system,29,111,8,2.3227072805166245
base,numeral_system,29,81,41,13.486735865473747
base,numeral_system,29,63,8,2.6856700479984283
base,numeral_system,29,105,38,21.32279208302498
base,numeral_system,29,108,8,3.798972398042679
base,numeral_system,29,29,9,3.329492002725601
base,numeral_system,29,44,203,87.19215339422226
base,numeral_system,29,96,12,5.9243505001068115
base,numeral_system,29,65,4,1.1874529123306274
base,numeral_system,29,75,4,2.5097999572753906
base,numeral_system,29,80,3,0.9001810252666473
base,numeral_system,29,22,16,6.402337431907654
base,numeral_system,29,104,15,5.661574751138687
base,numeral_system,29,26,16,8.477280706167221
base,numeral_system,29,64,31,4.640501387417316
base,numeral_system,29,38,3,1.2376655638217926
base,numeral_system,29,121,25,12.127916753292084
base,numeral_system,29,57,5,1.4629721343517303
base,numeral_system,29,41,7,3.640952914953232
base,numeral_system,29,87,11,5.027591288089752
base,numeral_system,29,125,39,16.644348949193954
base,numeral_system,29,68,34,16.473672837018967
base,numeral_system,29,24,22,8.73374593257904
base,numeral_system,29,94,27,12.503262922167778
base,numeral_system,29,116,5,1.664752185344696
base,numeral_system,29,84,25,10.29100888967514
base,numeral_system,29,100,28,11.739063054323196
base,numeral_system,29,101,11,5.069660037755966
base,numeral_system,29,99,5,1.43589848279953
base,numeral_system,29,91,16,6.8740310072898865
base,numeral_system,29,49,2,0.6182169020175934
base,numeral_system,29,7,5,1.8598715960979462
base,numeral_system,29,115,4,1.1259813606739044
base,numeral_system,29,2,16,7.0258647203445435
base,numeral_system,29,106,4,2.286326289176941
base,numeral_system,29,30,4,1.752597600221634
base,numeral_system,29,3,4,1.4087895452976227
base,numeral_system,29,5,4,1.7560313940048218
base,numeral_system,29,74,4,1.7776348888874054
base,numeral_system,31,32,94,33.99773848988116
base,numeral_system,31,36,8,1.2168781161308289
base,numeral_system,31,38,20,14.589510068297386
base,numeral_system,31,96,22,5.888489402830601
base,numeral_system,31,119,23,11.04447489976883
base,numeral_system,31,3,8,0.7182925385423005
base,numeral_system,31,42,15,4.976138919591904
base,numeral_system,31,86,13,4.558627903461456
base,numeral_system,31,94,23,7.521511346101761
base,numeral_system,31,110,6,2.1691535264253616
base,numeral_system,31,35,27,9.645730778574944
base,numeral_system,31,2,32,18.043195128440857
base,numeral_system,31,12,34,11.865872457623482
base,numeral_system,31,75,262,153.2934341430664
base,numeral_system,31,104,20,8.271700263023376
base,numeral_system,31,73,6,1.0923331081867218
base,numeral_system,31,74,45,15.670527771115303
base,numeral_system,31,76,22,8.496511042118073
base,numeral_system,31,1,18,6.38840414583683
base,numeral_system,31,67,216,85.71770524978638
base,numeral_system,31,63,9,2.2196819335222244
base,numeral_system,31,44,13,3.2927989661693573
base,numeral_system,31,95,35,15.265341490507126
base,numeral_system,31,18,73,35.18076813220978
base,numeral_system,31,81,35,11.718551263213158
base,numeral_system,31,39,13,4.935219779610634
base,numeral_system,31,100,4,0.6539729684591293
base,numeral_system,31,33,26,13.648720130324364
base,numeral_system,31,78,25,10.654427826404572
base,numeral_system,31,90,4,0.9372122138738632
base,numeral_system,31,79,19,8.375787243247032
base,numeral_system,31,111,17,6.819646835327148
base,numeral_system,31,22,11,6.136950135231018
base,numeral_system,31,21,27,10.109072521328926
base,numeral_system,31,123,44,18.206837102770805
base,numeral_system,31,122,16,7.274200439453125
base,numeral_system,31,99,33,16.792022198438644
base,numeral_system,31,101,24,9.464083075523376
base,numeral_system,31,34,26,7.80134354531765
base,numeral_system,31,72,4,1.3898645341396332
base,numeral_system,31,48,4,1.0641624927520752
base,numeral_system,31,49,1,0.26095497608184814
base,numeral_system,31,23,13,3.665722370147705
base,numeral_system,31,92,14,4.971913635730743
base,numeral_system,31,112,24,11.650087863206863
base,numeral_system,31,53,13,3.9952839016914368
base,numeral_system,31,4,23,6.616842180490494
base,numeral_system,31,47,34,9.190199255943298
base,numeral_system,31,69,24,9.84447492659092
base,numeral_system,31,57,16,5.096946835517883
base,numeral_system,31,85,27,12.735204637050629
base,numeral_system,31,127,10,3.7709741592407227
base,numeral_system,31,70,7,1.9388867318630219
base,numeral_system,31,43,5,1.635726511478424
base,numeral_system,31,61,3,0.9545398056507111
base,numeral_system,31,66,26,8.903931006789207
base,numeral_system,31,108,11,3.964599907398224
base,numeral_system,31,87,18,6.2307948768138885
base,numeral_system,31,105,9,3.561951667070389
base,numeral_system,31,16,6,1.8386597335338593
base,numeral_system,31,82,4,1.3369413018226624
base,numeral_system,31,27,60,22.50629198551178
base,numeral_system,31,117,12,4.034494400024414
base,numeral_system,31,6,10,4.771679669618607
base,numeral_system,31,88,12,5.3776072561740875
base,numeral_system,31,59,3,0.9000880420207977
base,numeral_system,31,62,5,1.595664456486702
base,numeral_system,31,13,4,0.9126676321029663
base,numeral_system,31,15,2,0.36302603781223297
base,numeral_system,31,77,5,1.2420177161693573
base,numeral_system,31,121,4,2.2343733310699463
base,numeral_system,31,14,15,8.274155110120773
base,numeral_system,31,45,4,3.413235306739807
base,numeral_system,31,60,12,6.648732304573059
base,numeral_system,31,97,4,1.3523279130458832
base,numeral_system,31,0,10,3.3864066004753113
base,numeral_system,31,89,4,1.0915254950523376
base,numeral_system,31,98,4,1.3543578088283539
base,numeral_system,31,11,16,5.959839284420013
base,numeral_system,31,84,4,1.7112301886081696
base,numeral_system,31,19,5,2.139757603406906
base,numeral_system,31,9,5,3.1186673045158386
base,numeral_system,31,46,7,2.506346970796585
base,numeral_system,31,102,8,2.709528625011444
base,numeral_system,31,28,6,1.2933881133794785
base,numeral_system,31,52,4,1.0263811349868774
base,numeral_system,34,25,50,19.491109162569046
base,numeral_system,34,46,33,9.980373241007328
base,numeral_system,34,62,9,11.9552261531353
base,numeral_system,34,65,8,1.5106063950806856
base,numeral_system,34,78,103,5.330084713641554
base,numeral_system,34,92,4,0.029248944483697414
base,numeral_system,34,17,32,15.556716859340668
base,numeral_system,34,18,4,2.153918147087097
base,numeral_system,34,57,120,66.66784672439098
base,numeral_system,34,114,5,1.9190492630004883
base,numeral_system,34,48,8,1.854206383228302
base,numeral_system,34,6,67,26.690643906593323
base,numeral_system,34,76,4,1.5669861733913422
base,numeral_system,34,97,80,31.721909269690514
base,numeral_system,34,109,6,1.9354989230632782
base,numeral_system,34,21,116,42.173850044608116
base,numeral_system,34,0,8,3.4341771006584167
base,numeral_system,34,13,31,13.784239530563354
base,numeral_system,34,110,8,2.641530364751816
base,numeral_system,34,14,11,3.905345156788826
base,numeral_system,34,107,64,23.541594937443733
base,numeral_system,34,50,111,37.881273329257965
base,numeral_system,34,15,20,6.046134650707245
base,numeral_system,34,33,20,4.8141575157642365
base,numeral_system,34,101,26,8.770312443375587
base,numeral_system,34,98,10,4.08981890976429
base,numeral_system,34,4,223,128.2071776986122
base,numeral_system,34,36,10,2.079716593027115
base,numeral_system,34,9,9,5.519453257322311
base,numeral_system,34,31,13,5.411406442523003
base,numeral_system,34,53,8,2.9258188754320145
base,numeral_system,34,121,12,8.409287631511688
base,numeral_system,34,108,8,3.755219131708145
base,numeral_system,34,7,70,40.17128722369671
base,numeral_system,34,112,13,5.81270757317543
base,numeral_system,34,23,38,11.53713534772396
base,numeral_system,34,49,4,1.1420488357543945
base,numeral_system,34,24,13,8.202366888523102
base,numeral_system,34,105,4,1.9708209931850433
base,numeral_system,34,37,12,7.388508290052414
base,numeral_system,34,39,20,16.307133376598358
base,numeral_system,34,104,4,1.0792196691036224
base,numeral_system,34,29,19,6.87737512588501
base,numeral_system,34,124,35,12.67116180062294
base,numeral_system,34,45,5,3.035644054412842
base,numeral_system,34,68,8,2.978413909673691
base,numeral_system,34,69,18,6.64465594291687
base,numeral_system,34,103,13,3.569437652826309
base,numeral_system,34,10,26,14.919952303171158
base,numeral_system,34,27,35,25.06625932455063
base,numeral_system,34,63,11,3.250597909092903
base,numeral_system,34,47,3,0.7305397093296051
base,numeral_system,34,95,31,10.093879610300064
base,numeral_system,34,80,36,18.550101697444916
base,numeral_system,34,93,22,7.745757460594177
base,numeral_system,34,117,9,2.3451638221740723
base,numeral_system,34,71,3,0.8579821884632111
base,numeral_system,34,74,8,3.1917871236801147
base,numeral_system,34,12,16,5.862323388457298
base,numeral_system,34,79,1,0.18459105491638184
base,numeral_system,34,43,9,4.075348764657974
base,numeral_system,34,61,10,5.296853169798851
base,numeral_system,34,2,10,3.069169357419014
base,numeral_system,34,106,5,1.378465622663498
base,numeral_system,34,1,3,0.6963372677564621
base,numeral_system,34,126,4,0.8122275173664093
base,numeral_system,34,60,8,2.621137410402298
base,numeral_system,34,64,16,4.954482346773148
base,numeral_system,34,42,11,4.223921418190002
base,numeral_system,34,100,8,2.0439720302820206
base,numeral_system,34,41,12,3.500371530652046
base,numeral_system,34,44,2,0.4480679929256439
base,numeral_system,34,90,17,8.968054488301277
base,numeral_system,34,75,6,1.9153606295585632
base,numeral_system,34,20,5,1.687320500612259
base,numeral_system,34,115,4,1.339922159910202
base,numeral_system,34,81,15,4.357302710413933
base,numeral_system,34,72,4,1.4721333682537079
base,numeral_system,34,73,4,1.6234127581119537
base,numeral_system,34,99,4,1.8395510613918304
base,numeral_system,36,0,14,6.941348895430565
base,numeral_system,36,12,8,5.696433961391449
base,numeral_system,36,18,19,8.531332403421402
base,numeral_system,36,42,40,14.284456260502338
base,numeral_system,36,111,41,18.274352684617043
base,numeral_system,36,24,51,13.571255803108215
base,numeral_system,36,14,175,83.20921762287617
base,numeral_system,36,27,81,45.157661989331245
base,numeral_system,36,46,8,2.44670170545578
base,numeral_system,36,4,36,16.88378293812275
base,numeral_system,36,117,51,14.986223667860031
base,numeral_system,36,107,30,12.275972545146942
base,numeral_system,36,123,10,4.989649012684822
base,numeral_system,36,63,52,18.452131614089012
base,numeral_system,36,61,6,2.2589096277952194
base,numeral_system,36,68,23,10.51190310716629
base,numeral_system,36,100,20,5.349900081753731
base,numeral_system,36,36,61,18.472150653600693
base,numeral_system,36,9,4,1.1354774236679077
base,numeral_system,36,28,83,31.806272476911545
base,numeral_system,36,17,17,9.08937993645668
base,numeral_system,36,106,17,5.901842355728149
base,numeral_system,36,1,8,1.572147250175476
base,numeral_system,36,122,4,0.7845976203680038
base,numeral_system,36,20,6,1.7981669902801514
base,numeral_system,36,40,72,35.939378052949905
base,numeral_system,36,49,4,1.2131254076957703
base,numeral_system,36,35,4,0.8879190534353256
base,numeral_system,36,30,4,1.0192712247371674
base,numeral_system,36,64,12,6.728127673268318
base,numeral_system,36,93,93,31.23439371585846
base,numeral_system,36,48,4,0.8815820217132568
base,numeral_system,36,23,14,5.7971972823143005
base,numeral_system,36,75,37,14.029104441404343
base,numeral_system,36,126,12,3.880495250225067
base,numeral_system,36,84,4,1.2199101448059082
base,numeral_system,36,72,4,0.8266170620918274
base,numeral_system,36,78,17,6.447354041039944
base,numeral_system,36,91,4,1.120094120502472
base,numeral_system,36,92,4,1.1142431795597076
base,numeral_system,36,26,33,15.333978444337845
base,numeral_system,36,25,17,9.814576424658298
base,numeral_system,36,82,85,29.30508939921856
base,numeral_system,36,109,51,25.955216214060783
base,numeral_system,36,112,4,2.1256622672080994
base,numeral_system,36,16,30,12.763190880417824
base,numeral_system,36,22,45,21.89949381351471
base,numeral_system,36,56,6,3.2470094561576843
base,numeral_system,36,38,6,2.043085440993309
base,numeral_system,36,58,6,1.796985149383545
base,numeral_system,36,103,129,66.56637291610241
base,numeral_system,36,53,34,12.813192054629326
base,numeral_system,36,34,22,8.676023840904236
base,numeral_system,36,108,11,3.034439295530319
base,numeral_system,36,39,3,0.6209772676229477
base,numeral_system,36,98,46,22.087712705135345
base,numeral_system,36,66,6,2.4236682057380676
base,numeral_system,36,95,12,6.2758432030677795
base,numeral_system,36,54,8,4.170225083827972
base,numeral_system,36,89,8,2.5401947125792503
base,numeral_system,36,62,22,8.996478289365768
base,numeral_system,36,105,86,34.3118894174695
base,numeral_system,36,8,7,1.9614327251911163
base,numeral_system,36,113,8,3.508062571287155
base,numeral_system,36,15,10,5.331657886505127
base,numeral_system,36,125,11,1.9209393411874771
base,numeral_system,36,29,4,2.2404630184173584
base,numeral_system,36,52,4,1.1534273326396942
base,numeral_system,36,7,4,1.001085951924324
base,numeral_system,36,10,4,3.207181990146637
base,numeral_system,36,120,4,1.3320192694664001
base,numeral_system,36,69,4,1.5161407887935638
base,numeral_system,36,124,4,1.9293198883533478
base,numeral_system,36,116,1,0.24976012110710144
base,numeral_system,36,121,6,1.6070796996355057
base,numeral_system,38,7,31,10.733755812048912
base,numeral_system,38,20,147,67.68093620985746
base,numeral_system,38,85,68,23.54956878721714
base,numeral_system,38,102,15,3.982221692800522
base,numeral_system,38,117,4,2.1558444499969482
base,numeral_system,38,89,6,1.7302513718605042
base,numeral_system,38,65,5,1.5399109572172165
base,numeral_system,38,83,4,1.2504282593727112
base,numeral_system,38,112,150,58.72550190240145
base,numeral_system,38,113,27,7.0787772089242935
base,numeral_system,38,124,26,5.599531173706055
base,numeral_system,38,14,47,16.057380080223083
base,numeral_system,38,35,18,9.834193706512451
base,numeral_system,38,58,6,1.8236269429326057
base,numeral_system,38,103,5,3.8859751150012016
base,numeral_system,38,15,23,7.855649411678314
base,numeral_system,38,24,21,11.86209024488926
base,numeral_system,38,36,20,12.076131492853165
base,numeral_system,38,111,4,1.0065233409404755
base,numeral_system,38,47,4,0.97765152156353
base,numeral_system,38,101,210,121.93793776631355
base,numeral_system,38,57,93,70.17757521569729
base,numeral_system,38,60,33,10.786196991801262
base,numeral_system,38,63,47,12.934863433241844
base,numeral_system,38,90,8,1.2767339795827866
base,numeral_system,38,26,106,48.49133413285017
base,numeral_system,38,39,13,6.48538713157177
base,numeral_system,38,46,41,15.202238380908966
base,numeral_system,38,53,25,7.58615055680275
base,numeral_system,38,17,47,14.636897578835487
base,numeral_system,38,5,9,2.805538535118103
base,numeral_system,38,115,20,4.033257722854614
base,numeral_system,38,42,16,9.788727968931198
base,numeral_system,38,100,26,6.387875780463219
base,numeral_system,38,98,13,3.1266025602817535
base,numeral_system,38,71,8,2.460112616419792
base,numeral_system,38,99,66,17.516152426600456
base,numeral_system,38,4,4,1.1202774345874786
base,numeral_system,38,81,4,2.7860462069511414
base,numeral_system,38,105,23,8.60087414085865
base,numeral_system,38,23,41,10.690518610179424
base,numeral_system,38,68,44,19.815006390213966
base,numeral_system,38,118,4,0.6074094325304031
base,numeral_system,38,84,34,19.417698174715042
base,numeral_system,38,34,14,5.105793669819832
base,numeral_system,38,29,31,6.90064463019371
base,numeral_system,38,88,32,18.213066071271896
base,numeral_system,38,18,39,18.313915207982063
base,numeral_system,38,94,4,0.765581801533699
base,numeral_system,38,37,30,11.141963124275208
base,numeral_system,38,120,3,0.849383756518364
base,numeral_system,38,1,2,0.27922093868255615
base,numeral_system,38,32,3,1.183727040886879
base,numeral_system,38,64,5,1.8000013530254364
base,numeral_system,38,41,11,3.719192124903202
base,numeral_system,38,13,17,3.610166683793068
base,numeral_system,38,50,9,1.95921228826046
base,numeral_system,38,55,11,2.303603783249855
base,numeral_system,38,92,1,0.09360644221305847
base,numeral_system,38,96,4,1.170861929655075
base,numeral_system,38,78,4,1.9908387660980225
base,numeral_system,38,25,4,3.650012254714966
base,numeral_system,38,19,4,0.6458619758486748
base,numeral_system,38,28,20,11.557194203138351
base,numeral_system,38,52,13,3.6634680032730103
base,numeral_system,38,114,4,0.599930614233017
base,numeral_system,38,74,8,5.022470086812973
base,numeral_system,38,109,9,1.5361551195383072
base,numeral_system,38,6,6,1.9807268977165222
base,numeral_system,38,11,8,2.626793920993805
base,numeral_system,38,61,4,1.5379076600074768
base,numeral_system,38,16,4,1.3068272769451141
base,numeral_system,38,108,5,3.239261955022812
base,numeral_system,38,31,3,0.9275519549846649
base,numeral_system,38,123,6,2.2682101130485535
base,numeral_system,38,75,4,1.6260075271129608
base,numeral_system,38,10,5,0.9908441454172134
base,numeral_system,40,35,8,4.852578282356262
base,numeral_system,40,91,32,10.139772534370422
base,numeral_system,40,112,10,2.3572662845253944
base,numeral_system,40,114,6,2.399029031395912
base,numeral_system,40,127,158,45.66500694304705
base,numeral_system,40,50,7,2.54360169172287
base,numeral_system,40,2,36,10.177272528409958
base,numeral_system,40,41,15,5.568505764007568
base,numeral_system,40,74,4,1.8343155086040497
base,numeral_system,40,75,8,2.719373121857643
base,numeral_system,40,107,77,20.96816174685955
base,numeral_system,40,4,7,1.9083711504936218
base,numeral_system,40,12,244,144.82908184081316
base,numeral_system,40,62,45,15.883351005613804
base,numeral_system,40,103,44,15.717172369360924
base,numeral_system,40,1,16,8.443319708108902
base,numeral_system,40,121,12,3.566964842379093
base,numeral_system,40,60,8,4.644251704216003
base,numeral_system,40,101,13,2.656188815832138
base,numeral_system,40,92,94,43.71433587372303
base,numeral_system,40,15,280,193.53614109754562
base,numeral_system,40,105,16,8.543604627251625
base,numeral_system,40,113,18,4.196697026491165
base,numeral_system,40,38,32,7.016860708594322
base,numeral_system,40,44,29,8.177469924092293
base,numeral_system,40,79,21,6.227899722754955
base,numeral_system,40,108,12,5.737359255552292
base,numeral_system,40,78,10,2.1337715834379196
base,numeral_system,40,72,4,0.9186333119869232
base,numeral_system,40,37,6,1.3294603079557419
base,numeral_system,40,110,129,38.526217587292194
base,numeral_system,40,115,11,2.2922902777791023
base,numeral_system,40,73,8,6.0143784284591675
base,numeral_system,40,18,37,8.630227573215961
base,numeral_system,40,49,16,9.24759817123413
base,numeral_system,40,84,4,1.100374013185501
base,numeral_system,40,30,28,8.778446063399315
base,numeral_system,40,85,6,1.709626704454422
base,numeral_system,40,36,16,7.240319848060608
base,numeral_system,40,81,19,5.677007704973221
base,numeral_system,40,47,33,9.845746964216232
base,numeral_system,40,8,37,7.056204728782177
base,numeral_system,40,40,22,4.751954935491085
base,numeral_system,40,54,5,0.9870065748691559
base,numeral_system,40,123,1,0.3485875129699707
base,numeral_system,40,106,10,2.9011439979076385
base,numeral_system,40,80,2,0.38269469141960144
base,numeral_system,40,76,4,1.042572021484375
base,numeral_system,40,117,13,3.766641989350319
base,numeral_system,40,56,9,1.4441023170948029
base,numeral_system,40,42,14,7.01885399222374
base,numeral_system,40,66,28,6.613206334412098
base,numeral_system,40,120,4,0.7638271450996399
base,numeral_system,40,9,85,44.511337384581566
base,numeral_system,40,86,20,3.938587076961994
base,numeral_system,40,43,6,1.3315089046955109
base,numeral_system,40,58,2,0.3901262730360031
base,numeral_system,40,68,4,1.3102229535579681
base,numeral_system,40,31,4,1.0901037156581879
base,numeral_system,40,23,4,0.7652217596769333
base,numeral_system,40,55,9,5.47359873354435
base,numeral_system,43,9,12,2.8590961396694183
base,numeral_system,43,64,5,1.1691141426563263
base,numeral_system,43,70,9,3.4129773527383804
base,numeral_system,43,90,21,15.6241986900568
base,numeral_system,43,95,5,0.7180588357150555
base,numeral_system,43,118,12,4.9541574865579605
base,numeral_system,43,12,29,11.336212061345577
base,numeral_system,43,15,9,2.5875802040100098
base,numeral_system,43,20,8,1.785537138581276
base,numeral_system,43,26,64,27.792878799140453
base,numeral_system,43,29,48,16.477310702204704
base,numeral_system,43,8,4,0.9525216221809387
base,numeral_system,43,58,23,13.310548029839993
base,numeral_system,43,82,63,20.64255215227604
base,numeral_system,43,93,54,13.278781738132238
base,numeral_system,43,4,37,19.413723692297935
base,numeral_system,43,54,57,17.893164716660976
base,numeral_system,43,23,50,14.173401832580566
base,numeral_system,43,38,95,21.38958217948675
base,numeral_system,43,6,40,20.252522110939026
base,numeral_system,43,75,8,1.3068373650312424
base,numeral_system,43,113,5,0.8675299435853958
base,numeral_system,43,16,19,5.1705233827233315
base,numeral_system,43,37,38,17.613387778401375
base,numeral_system,43,56,224,156.69584377110004
base,numeral_system,43,87,4,0.6154922544956207
base,numeral_system,43,39,6,0.8581926375627518
base,numeral_system,43,84,8,1.725741133093834
base,numeral_system,43,19,4,2.5630229115486145
base,numeral_system,43,120,45,12.176199615001678
base,numeral_system,43,46,35,11.149662524461746
base,numeral_system,43,72,9,2.1843136698007584
base,numeral_system,43,108,31,11.601958557963371
base,numeral_system,43,53,17,3.631449416279793
base,numeral_system,43,106,4,2.8016156554222107
base,numeral_system,43,63,4,2.881902039051056
base,numeral_system,43,5,53,12.38906517624855
base,numeral_system,43,51,161,76.70762104541063
base,numeral_system,43,41,20,12.678586065769196
base,numeral_system,43,126,4,0.5910341888666153
base,numeral_system,43,65,21,8.795217543840408
base,numeral_system,43,101,14,3.8567242473363876
base,numeral_system,43,60,8,2.38983653485775
base,numeral_system,43,116,21,4.0244975462555885
base,numeral_system,43,91,6,1.8104247748851776
base,numeral_system,43,121,8,1.0763802751898766
base,numeral_system,43,127,4,0.5367359668016434
base,numeral_system,43,94,12,5.551977455615997
base,numeral_system,43,83,91,57.582319267094135
base,numeral_system,43,88,25,5.530729308724403
base,numeral_system,43,79,16,8.814506649971008
base,numeral_system,43,109,38,13.028878420591354
base,numeral_system,43,40,9,1.916803352534771
base,numeral_system,43,80,11,6.986009433865547
base,numeral_system,43,48,16,3.1992954537272453
base,numeral_system,43,28,8,1.884033426642418
base,numeral_system,43,59,1,0.42485281825065613
base,numeral_system,43,71,4,1.0992835313081741
base,numeral_system,43,1,8,3.590266600251198
base,numeral_system,43,107,10,2.018725633621216
base,numeral_system,43,43,16,4.349738821387291
base,numeral_system,43,50,4,1.0720690041780472
base,numeral_system,43,11,8,2.078812450170517
base,numeral_system,43,124,32,11.087578773498535
base,numeral_system,43,68,12,4.716078147292137
base,numeral_system,43,89,6,2.005017176270485
base,numeral_system,43,7,7,1.2309552431106567
base,numeral_system,43,81,18,16.79220136255026
base,numeral_system,43,36,52,24.859667107462883
base,numeral_system,43,76,12,4.4931738674640656
base,numeral_system,43,73,10,2.1690213829278946
base,numeral_system,43,67,4,3.0064427256584167
base,numeral_system,43,17,7,1.730614349246025
base,numeral_system,43,44,8,5.649604439735413
base,numeral_system,43,125,8,2.3587220907211304
base,numeral_system,43,99,4,0.9957346171140671
base,numeral_system,45,2,32,11.91474811732769
base,numeral_system,45,31,14,4.936352528631687
base,numeral_system,45,60,13,3.5835041254758835
base,numeral_system,45,85,21,14.158525601029396
base,numeral_system,45,91,4,2.183458149433136
base,numeral_system,45,113,19,10.245454259216785
base,numeral_system,45,4,8,1.552092269062996
base,numeral_system,45,12,21,8.524785712361336
base,numeral_system,45,21,5,3.4549943059682846
base,numeral_system,45,38,62,20.452012948691845
base,numeral_system,45,76,17,6.84321091324091
base,numeral_system,45,57,8,1.973559319972992
base,numeral_system,45,25,36,6.932170305401087
base,numeral_system,45,40,33,13.248091802001
base,numeral_system,45,95,12,4.755820393562317
base,numeral_system,45,116,21,15.165488079190254
base,numeral_system,45,65,4,0.9549135863780975
base,numeral_system,45,41,68,35.73291868716478
base,numeral_system,45,74,138,42.69913530163467
base,numeral_system,45,99,11,2.3571620732545853
base,numeral_system,45,105,8,8.10309636592865
base,numeral_system,45,120,12,4.725239306688309
base,numeral_system,45,44,28,4.882158875465393
base,numeral_system,45,36,23,5.16042648255825
base,numeral_system,45,63,14,7.860111877322197
base,numeral_system,45,49,16,4.204823315143585
base,numeral_system,45,84,23,5.389730729162693
base,numeral_system,45,101,8,3.9632953703403473
base,numeral_system,45,86,35,15.76517591625452
base,numeral_system,45,109,29,17.301277093589306
base,numeral_system,45,124,271,170.70910738408566
base,numeral_system,45,28,153,72.93687061965466
base,numeral_system,45,87,33,11.244078233838081
base,numeral_system,45,1,8,1.7473148554563522
base,numeral_system,45,73,15,2.3811946362257004
base,numeral_system,45,11,40,9.055689446628094
base,numeral_system,45,39,26,6.433504622429609
base,numeral_system,45,50,55,22.65448507666588
base,numeral_system,45,3,21,9.34564945101738
base,numeral_system,45,52,17,5.339868821203709
base,numeral_system,45,10,9,1.7638397961854935
base,numeral_system,45,24,22,9.468504928052425
base,numeral_system,45,62,6,0.5615184605121613
base,numeral_system,45,118,32,10.960474975407124
base,numeral_system,45,94,4,1.5466364026069641
base,numeral_system,45,93,11,3.797119900584221
base,numeral_system,45,20,8,1.2130622081458569
base,numeral_system,45,104,10,3.7070441246032715
base,numeral_system,45,114,4,0.35069838911294937
base,numeral_system,45,48,17,9.858189098536968
base,numeral_system,45,103,27,10.18858728557825
base,numeral_system,45,119,14,7.962228432297707
base,numeral_system,45,83,49,23.033641941845417
base,numeral_system,45,112,10,3.153957784175873
base,numeral_system,45,53,34,15.02636943757534
base,numeral_system,45,81,12,4.976272001862526
base,numeral_system,45,34,5,1.01401050016284
base,numeral_system,45,0,6,4.752480566501617
base,numeral_system,45,46,19,6.55966417491436
base,numeral_system,45,78,6,1.1174665093421936
base,numeral_system,45,117,5,1.4264435395598412
base,numeral_system,45,6,12,4.462010413408279
base,numeral_system,45,18,7,1.2211821898818016
base,numeral_system,45,107,7,2.6482216715812683
base,numeral_system,45,58,14,5.08682407438755
base,numeral_system,45,88,9,1.782485619187355
base,numeral_system,45,55,35,10.241225734353065
base,numeral_system,45,69,18,5.01772928237915
base,numeral_system,45,23,8,2.303218111395836
base,numeral_system,45,7,11,2.1858051232993603
base,numeral_system,45,26,13,9.7672079205513
base,numeral_system,45,127,2,0.4827480614185333
base,numeral_system,45,47,2,0.16135481745004654
base,numeral_system,45,30,7,2.0414858013391495
base,numeral_system,45,82,8,2.4695977717638016
base,numeral_system,45,15,15,4.951891556382179
base,numeral_system,45,45,5,2.1564820408821106
base,numeral_system,45,89,6,1.0974483042955399
base,numeral_system,45,66,3,1.494593858718872
base,numeral_system,45,59,4,1.65764981508255
base,numeral_system,47,22,4,0.8941248804330826
base,numeral_system,47,37,4,1.304666519165039
base,numeral_system,47,47,13,3.4546423852443695
base,numeral_system,47,62,10,3.563375174999237
base,numeral_system,47,92,21,15.032280370593071
base,numeral_system,47,30,22,5.412452220916748
base,numeral_system,47,5,14,3.5149632543325424
base,numeral_system,47,11,59,17.177457861602306
base,numeral_system,47,20,26,9.68034839630127
base,numeral_system,47,21,47,16.2835810482502
base,numeral_system,47,121,7,3.2955443263053894
base,numeral_system,47,7,94,42.54564808309078
base,numeral_system,47,42,4,0.9167461544275284
base,numeral_system,47,70,7,2.1335864663124084
base,numeral_system,47,75,86,40.978996098041534
base,numeral_system,47,94,28,13.859344258904457
base,numeral_system,47,46,28,7.485744401812553
base,numeral_system,47,113,8,6.107201635837555
base,numeral_system,47,106,15,3.3598069846630096
base,numeral_system,47,59,10,2.9672963470220566
base,numeral_system,47,38,12,7.124206870794296
base,numeral_system,47,1,59,19.30661691725254
base,numeral_system,47,40,9,2.1114183515310287
base,numeral_system,47,114,9,1.3582677990198135
base,numeral_system,47,2,138,60.23128313571215
base,numeral_system,47,79,18,6.449887752532959
base,numeral_system,47,89,33,12.820283934473991
base,numeral_system,47,66,7,1.8198253214359283
base,numeral_system,47,14,62,21.09969836473465
base,numeral_system,47,24,59,35.740164905786514
base,numeral_system,47,41,15,4.260692670941353
base,numeral_system,47,29,8,1.9124995321035385
base,numeral_system,47,127,72,32.16515204310417
base,numeral_system,47,110,4,0.6552842408418655
base,numeral_system,47,116,42,10.844247944653034
base,numeral_system,47,36,31,12.389993518590927
base,numeral_system,47,55,17,4.440023675560951
base,numeral_system,47,10,4,3.2748557925224304
base,numeral_system,47,104,4,0.46732307970523834
base,numeral_system,47,97,7,1.8820202350616455
base,numeral_system,47,108,10,1.8373293280601501
base,numeral_system,47,76,5,0.8345359265804291
base,numeral_system,47,73,5,0.712621420621872
base,numeral_system,47,12,54,35.95348536968231
base,numeral_system,47,33,70,29.46308808028698
base,numeral_system,47,56,5,3.2973348796367645
base,numeral_system,47,4,19,6.121109522879124
base,numeral_system,47,34,46,29.931945383548737
base,numeral_system,47,95,30,16.544326834380627
base,numeral_system,47,9,40,11.308522425591946
base,numeral_system,47,64,79,45.203725188970566
base,numeral_system,47,100,17,4.82790695130825
base,numeral_system,47,31,19,4.971691071987152
base,numeral_system,47,61,14,8.2024095505476
base,numeral_system,47,78,13,7.384331434965134
base,numeral_system,47,27,2,0.2150649055838585
base,numeral_system,47,53,12,3.4504028409719467
base,numeral_system,47,88,4,0.4681726545095444
base,numeral_system,47,8,9,4.597369015216827
base,numeral_system,47,17,12,5.7187012284994125
base,numeral_system,47,98,4,0.9665334522724152
base,numeral_system,47,6,13,4.1139130890369415
base,numeral_system,47,25,20,4.329577811062336
base,numeral_system,47,48,10,4.359878808259964
base,numeral_system,47,72,3,0.45626696944236755
base,numeral_system,47,107,4,0.9296082407236099
base,numeral_system,47,86,1,0.2695276141166687
base,numeral_system,47,51,13,8.76854221522808
base,numeral_system,47,117,19,5.3566696755588055
base,numeral_system,47,54,2,0.261077344417572
base,numeral_system,47,35,5,1.1634519547224045
base,numeral_system,47,60,9,3.9330340921878815
base,numeral_system,47,82,18,10.07056151330471
base,numeral_system,47,83,1,0.29352742433547974
base,numeral_system,47,125,3,0.4011120945215225
base,numeral_system,47,65,1,0.282327264547348
base,numeral_system,47,45,6,2.0004502534866333
base,numeral_system,47,124,17,5.339515671133995
base,numeral_system,47,18,3,0.6932109147310257
base,numeral_system,47,120,21,13.508593708276749
base,numeral_system,47,123,8,1.7261667102575302
base,numeral_system,47,93,12,8.466266095638275
base,numeral_system,47,0,48,22.72536115348339
base,numeral_system,47,96,5,3.1039310842752457
base,numeral_system,47,118,10,3.548121362924576
base,numeral_system,47,101,13,6.022995293140411
base,numeral_system,47,111,4,0.6486762166023254
base,numeral_system,47,115,4,1.8862612843513489
base,numeral_system,47,3,5,1.1737195700407028
base,numeral_system,47,103,13,7.387358732521534
base,numeral_system,49,44,26,14.745649725198746
base,numeral_system,49,58,12,4.302884101867676
base,numeral_system,49,59,7,1.85892054438591
base,numeral_system,49,92,17,4.012141600251198
base,numeral_system,49,101,11,2.7033225893974304
base,numeral_system,49,13,31,11.974936991930008
base,numeral_system,49,17,31,8.927026316523552
base,numeral_system,49,21,134,63.611856907606125
base,numeral_system,49,69,17,6.585590243339539
base,numeral_system,49,80,56,19.038505971431732
base,numeral_system,49,104,19,4.714216843247414
base,numeral_system,49,32,28,13.057139202952385
base,numeral_system,49,89,31,12.445532977581024
base,numeral_system,49,121,20,8.571846187114716
base,numeral_system,49,41,20,5.7386544942855835
base,numeral_system,49,7,34,15.317033618688583
base,numeral_system,49,31,17,9.916064232587814
base,numeral_system,49,97,8,4.769635438919067
base,numeral_system,49,10,5,1.7250497341156006
base,numeral_system,49,24,8,1.7767369449138641
base,numeral_system,49,46,18,6.4515761733055115
base,numeral_system,49,74,109,47.62657256424427
base,numeral_system,49,56,12,3.9829128459095955
base,numeral_system,49,50,23,7.634698003530502
base,numeral_system,49,78,113,49.066418543457985
base,numeral_system,49,61,50,22.016176477074623
base,numeral_system,49,3,9,3.5838970839977264
base,numeral_system,49,16,14,10.255489766597748
base,numeral_system,49,57,24,12.619098752737045
base,numeral_system,49,77,120,43.43496210873127
base,numeral_system,49,120,49,17.29596009850502
base,numeral_system,49,90,8,2.7793363332748413
base,numeral_system,49,114,8,3.9739671498537064
base,numeral_system,49,119,28,9.20813837647438
base,numeral_system,49,67,5,1.1191030964255333
base,numeral_system,49,81,13,10.471227467060089
base,numeral_system,49,102,11,2.912808023393154
base,numeral_system,49,84,4,1.1813477873802185
base,numeral_system,49,70,3,0.5807732343673706
base,numeral_system,49,62,29,8.331178098917007
base,numeral_system,49,48,21,9.685066640377045
base,numeral_system,49,68,5,1.3342325016856194
base,numeral_system,49,95,96,49.53321558237076
base,numeral_system,49,11,8,2.671930730342865
base,numeral_system,49,52,66,34.28681966662407
base,numeral_system,49,15,17,8.765840411186218
base,numeral_system,49,63,59,36.20666937530041
base,numeral_system,49,93,5,1.0817491561174393
base,numeral_system,49,1,16,4.291445299983025
base,numeral_system,49,105,24,14.111709952354431
base,numeral_system,49,43,17,9.010324597358704
base,numeral_system,49,115,43,25.049843542277813
base,numeral_system,49,76,1,0.2554086446762085
base,numeral_system,49,38,4,0.8388174325227737
base,numeral_system,49,55,6,4.249655932188034
base,numeral_system,49,122,4,1.0446462333202362
base,numeral_system,49,28,14,2.823093682527542
base,numeral_system,49,72,27,11.220636278390884
base,numeral_system,49,98,1,0.289110392332077
base,numeral_system,49,117,1,0.26605224609375
base,numeral_system,49,86,21,6.028988808393478
base,numeral_system,49,88,14,4.27674625813961
base,numeral_system,49,2,15,4.955208480358124
base,numeral_system,49,36,2,0.3278734087944031
base,numeral_system,49,87,2,0.5178320556879044
base,numeral_system,49,22,6,2.891047015786171
base,numeral_system,49,19,1,0.4380266070365906
base,numeral_system,49,107,4,3.42216819524765
base,numeral_system,49,124,6,1.3394776061177254
base,numeral_system,49,111,8,1.5456665232777596
base,numeral_system,49,40,12,3.7591258734464645
base,numeral_system,49,82,55,15.53873436897993
base,numeral_system,49,49,10,2.6300165355205536
base,numeral_system,49,65,8,1.845778226852417
base,numeral_system,49,39,4,1.8379493653774261
base,numeral_system,49,110,4,0.9596727341413498
base,numeral_system,49,118,4,0.7929829657077789
base,numeral_system,49,30,5,2.372403770685196
base,numeral_system,49,64,7,1.4151617288589478
base,numeral_system,49,127,15,3.7168322801589966
base,numeral_system,49,47,8,2.671761468052864
base,numeral_system,49,34,9,4.246360629796982
base,numeral_system,49,45,9,6.999562099575996
base,numeral_system,49,108,19,9.431077390909195
base,numeral_system,49,5,3,0.6893189251422882
base,numeral_system,49,42,5,1.7300106883049011
base,numeral_system,49,94,4,1.6938990652561188
base,numeral_system,51,24,8,4.157638400793076
base,numeral_system,51,57,13,8.84626492857933
base,numeral_system,51,79,14,3.2151784896850586
base,numeral_system,51,83,8,7.29918971657753
base,numeral_system,51,96,4,0.8184784054756165
base,numeral_system,51,53,20,3.0635739751160145
base,numeral_system,51,2,38,15.816247373819351
base,numeral_system,51,17,13,4.309331834316254
base,numeral_system,51,90,17,4.159814760088921
base,numeral_system,51,100,43,15.000272430479527
base,numeral_system,51,106,16,5.835272595286369
base,numeral_system,51,95,20,4.4576002061367035
base,numeral_system,51,26,16,4.3050535172224045
base,numeral_system,51,36,184,65.70951075106859
base,numeral_system,51,55,150,71.61502319574356
base,numeral_system,51,116,10,2.30633894354105
base,numeral_system,51,15,17,4.66660600155592
base,numeral_system,51,20,23,11.079187422990799
base,numeral_system,51,84,21,5.888852745294571
base,numeral_system,51,87,20,10.540101870894432
base,numeral_system,51,120,23,15.670331194996834
base,numeral_system,51,97,16,6.0645241886377335
base,numeral_system,51,6,8,3.4056781828403473
base,numeral_system,51,114,4,2.560300886631012
base,numeral_system,51,115,12,6.490278378129005
base,numeral_system,51,117,45,12.027254149317741
base,numeral_system,51,123,17,6.513893440365791
base,numeral_system,51,70,11,2.6081850603222847
base,numeral_system,51,80,6,1.19878488779068
base,numeral_system,51,86,21,10.961420148611069
base,numeral_system,51,103,10,3.260131761431694
base,numeral_system,51,125,64,42.155484944581985
base,numeral_system,51,43,13,2.9097212478518486
base,numeral_system,51,66,16,6.425369217991829
base,numeral_system,51,91,10,3.408876359462738
base,numeral_system,51,18,14,5.810250535607338
base,numeral_system,51,30,21,8.218461394309998
base,numeral_system,51,98,4,3.2108505368232727
base,numeral_system,51,38,6,1.8192403018474579
base,numeral_system,51,48,42,15.687025181949139
base,numeral_system,51,60,5,0.8038382008671761
base,numeral_system,51,3,39,13.697178274393082
base,numeral_system,51,108,4,1.689251184463501
base,numeral_system,51,118,12,5.059334143996239
base,numeral_system,51,45,8,3.9768707752227783
base,numeral_system,51,22,11,7.256203040480614
base,numeral_system,51,92,20,4.799742564558983
base,numeral_system,51,67,13,4.453546971082687
base,numeral_system,51,62,16,8.458731144666672
base,numeral_system,51,76,4,1.2385587096214294
base,numeral_system,51,109,18,6.216978564858437
base,numeral_system,51,112,14,5.320621833205223
base,numeral_system,51,61,22,10.24978093802929
base,numeral_system,51,72,5,3.9881171137094498
base,numeral_system,51,119,13,2.842052683234215
base,numeral_system,51,41,19,6.56087252497673
base,numeral_system,51,51,21,8.13055694103241
base,numeral_system,51,64,12,3.306305155158043
base,numeral_system,51,82,16,12.889270812273026
base,numeral_system,51,121,4,0.9846313744783401
base,numeral_system,51,1,24,12.579421684145927
base,numeral_system,51,35,53,25.430785164237022
base,numeral_system,51,58,37,12.070700850337744
base,numeral_system,51,74,37,15.4332025796175
base,numeral_system,51,7,7,1.4063125997781754
base,numeral_system,51,9,70,27.830404087901115
base,numeral_system,51,40,19,5.8457565903663635
base,numeral_system,51,85,41,31.030654937028885
base,numeral_system,51,12,18,13.644973993301392
base,numeral_system,51,37,8,1.395007610321045
base,numeral_system,51,25,22,7.870477639138699
base,numeral_system,51,46,11,3.766311138868332
base,numeral_system,51,113,11,5.363681256771088
base,numeral_system,51,39,2,0.764317661523819
base,numeral_system,51,94,1,0.2795878052711487
base,numeral_system,51,73,10,7.176063418388367
base,numeral_system,51,99,16,3.891999863088131
base,numeral_system,51,122,4,3.394528090953827
base,numeral_system,51,44,28,9.383923918008804
base,numeral_system,51,104,4,1.1440892666578293
base,numeral_system,51,32,12,5.8701475113630295
base,numeral_system,51,33,13,4.367073372006416
base,numeral_system,51,47,8,6.110295355319977
base,numeral_system,51,16,10,3.8157117813825607
base,numeral_system,51,68,8,2.574767291545868
base,numeral_system,51,27,6,3.57437601685524
base,numeral_system,51,5,4,0.5582186505198479
base,numeral_system,51,49,4,2.56233948469162
base,numeral_system,51,101,11,8.253154948353767
base,numeral_system,51,34,4,3.015572428703308
base,numeral_system,51,69,7,1.5124079883098602
base,numeral_system,51,50,2,0.28907574713230133
base,numeral_system,51,29,7,1.2457076609134674
base,numeral_system,51,13,6,3.9212256968021393
base,numeral_system,51,71,12,4.226384662091732
base,numeral_system,51,42,1,0.09719352424144745
base,numeral_system,51,31,14,8.50645349919796
base,numeral_system,51,124,2,0.4335361123085022
base,numeral_system,51,81,9,2.589739114046097
base,numeral_system,51,105,4,1.3795767724514008
base,numeral_system,51,127,2,0.2710995227098465
base,numeral_system,51,75,6,0.925087682902813
base,numeral_system,51,126,9,5.538911998271942
base,numeral_system,51,56,2,0.42574505507946014
base,numeral_system,51,21,4,1.0038828253746033
base,numeral_system,1,5,5,1.8661862015724182
base,numeral_system,1,67,9,4.874042868614197
base,numeral_system,3,41,8,2.891656816005707
base,numeral_system,3,84,3,0.910841315984726
base,numeral_system,6,89,1,0.302053838968277
base,numeral_system,8,96,2,0.702700138092041
base,numeral_system,8,43,4,1.0286940932273865
base,numeral_system,10,53,2,0.6084975302219391
base,numeral_system,10,115,4,1.081649512052536
base,numeral_system,13,0,4,1.7289671003818512
base,numeral_system,13,118,8,2.8838089406490326
base,numeral_system,13,65,3,1.2053970098495483
base,numeral_system,13,117,3,0.8786045908927917
base,numeral_system,13,91,2,0.561386913061142
base,numeral_system,13,28,2,0.69368577003479
base,numeral_system,15,108,6,1.6296774744987488
base,numeral_system,15,116,3,0.8990919589996338
base,numeral_system,15,119,1,0.2911738157272339
base,numeral_system,17,9,7,1.6553677469491959
base,numeral_system,17,44,4,1.1500308811664581
base,numeral_system,17,92,1,0.4119777977466583
base,numeral_system,17,13,1,0.3871016204357147
base,numeral_system,17,95,2,0.7557200789451599
base,numeral_system,20,50,2,0.5680794715881348
base,numeral_system,20,65,2,0.5732646286487579
base,numeral_system,20,100,1,0.3290105164051056
base,numeral_system,20,89,3,1.0912114679813385
base,numeral_system,20,88,2,0.7302179634571075
base,numeral_system,20,57,1,0.40501800179481506
base,numeral_system,22,0,2,0.5984358489513397
base,numeral_system,22,8,6,2.410966783761978
base,numeral_system,22,83,2,0.5366102457046509
base,numeral_system,22,14,2,0.6383579969406128
base,numeral_system,22,125,1,0.22235152125358582
base,numeral_system,24,48,1,0.275248259305954
base,numeral_system,24,4,14,5.192430257797241
base,numeral_system,24,126,7,2.4038045704364777
base,numeral_system,24,25,3,0.7707052975893021
base,numeral_system,24,95,1,0.26010337471961975
base,numeral_system,24,9,3,0.722272053360939
base,numeral_system,24,27,2,0.6030564904212952
base,numeral_system,27,18,2,0.4705721288919449
base,numeral_system,27,81,5,1.409063458442688
base,numeral_system,27,69,8,2.9946615993976593
base,numeral_system,27,126,1,0.23627114295959473
base,numeral_system,27,27,2,0.4645550698041916
base,numeral_system,27,47,1,0.3172526955604553
base,numeral_system,29,92,1,0.3747135102748871
base,numeral_system,29,48,3,1.4167717695236206
base,numeral_system,29,33,6,1.9064885079860687
base,numeral_system,31,5,1,0.2254437506198883
base,numeral_system,31,7,1,0.1874447464942932
base,numeral_system,31,103,2,0.471418559551239
base,numeral_system,31,55,3,0.6514047682285309
base,numeral_system,31,116,2,0.7394686937332153
base,numeral_system,34,52,1,0.3203926086425781
base,numeral_system,34,51,10,2.8672454357147217
base,numeral_system,34,35,5,1.6577909588813782
base,numeral_system,34,122,2,0.667964518070221
base,numeral_system,34,40,4,1.2347816228866577
base,numeral_system,36,85,3,0.8750956356525421
base,numeral_system,38,0,3,0.2714504897594452
base,numeral_system,38,107,1,0.2547261118888855
base,numeral_system,40,87,6,1.46570785343647
base,numeral_system,40,118,1,0.21475055813789368
base,numeral_system,40,90,3,0.6423023343086243
base,numeral_system,40,100,4,1.3158265352249146
base,numeral_system,40,16,2,0.3669836223125458
base,numeral_system,40,11,3,0.7591061890125275
base,numeral_system,43,32,1,0.14277112483978271
base,numeral_system,43,112,2,0.25984707474708557
base,numeral_system,43,31,1,0.2334701120853424
base,numeral_system,43,66,4,1.3214520514011383
base,numeral_system,45,80,4,1.6577679514884949
base,numeral_system,45,110,2,0.24700398743152618
base,numeral_system,45,42,3,2.2569812536239624
base,numeral_system,45,17,1,0.12697851657867432
base,numeral_system,47,119,2,0.2994608134031296
base,numeral_system,47,81,3,0.8733543753623962
base,numeral_system,47,77,1,0.28340762853622437
base,numeral_system,47,50,1,0.1096624955534935
base,numeral_system,47,57,4,0.6575053036212921
base,numeral_system,47,126,2,0.4693247079849243
base,numeral_system,49,125,3,0.5463894456624985
base,numeral_system,49,12,1,0.21631895005702972
base,numeral_system,49,100,3,0.7405204921960831
base,numeral_system,49,8,6,2.0414916574954987
base,numeral_system,49,112,2,0.321758434176445
base,numeral_system,51,23,5,0.49727679789066315
base,numeral_system,51,0,2,0.5149961858987808
base,numeral_system,51,11,5,1.6417187303304672
base,numeral_system,51,93,1,0.1544521450996399
base,numeral_system,51,110,3,0.9625093340873718
base,numeral_system,1,100,3,1.3831142783164978
base,numeral_system,1,48,2,0.5288038700819016
base,numeral_system,8,56,8,2.611995041370392
base,numeral_system,8,53,1,0.3192927837371826
base,numeral_system,8,63,3,0.9297677874565125
base,numeral_system,8,5,5,1.8672842383384705
base,numeral_system,8,99,1,0.38022711873054504
base,numeral_system,8,47,1,0.30427953600883484
base,numeral_system,10,112,1,0.4224700927734375
base,numeral_system,10,103,2,0.47760775685310364
base,numeral_system,10,69,1,0.18674157559871674
base,numeral_system,10,57,2,0.6104842126369476
base,numeral_system,10,106,1,0.2847047448158264
base,numeral_system,13,86,2,0.7797986268997192
base,numeral_system,13,108,1,0.27778810262680054
base,numeral_system,13,54,2,0.7681215703487396
base,numeral_system,13,116,1,0.3343231678009033
base,numeral_system,13,79,1,0.32689809799194336
base,numeral_system,15,37,2,0.5302488803863525
base,numeral_system,15,3,8,2.103145554661751
base,numeral_system,15,98,1,0.2890061140060425
base,numeral_system,15,76,1,0.25068533420562744
base,numeral_system,17,38,4,1.157273381948471
base,numeral_system,17,3,1,0.3100837469100952
base,numeral_system,17,52,1,0.26769107580184937
base,numeral_system,17,8,1,0.25240275263786316
base,numeral_system,20,34,2,0.5816233456134796
base,numeral_system,20,109,1,0.3357211947441101
base,numeral_system,22,34,3,0.8392673283815384
base,numeral_system,22,113,2,0.5598256886005402
base,numeral_system,22,46,1,0.37469232082366943
base,numeral_system,22,86,1,0.2009097933769226
base,numeral_system,24,69,1,0.2594136893749237
base,numeral_system,24,105,2,0.43491752445697784
base,numeral_system,24,37,1,0.2634805738925934
base,numeral_system,27,78,1,0.2064736932516098
base,numeral_system,27,28,2,0.5182590037584305
base,numeral_system,27,111,3,0.9546301066875458
base,numeral_system,27,31,3,0.5498356074094772
base,numeral_system,29,114,2,0.47312189638614655
base,numeral_system,31,93,2,0.621615082025528
base,numeral_system,34,127,1,0.281033992767334
base,numeral_system,34,5,2,0.7001601755619049
base,numeral_system,36,77,1,0.2232113480567932
base,numeral_system,38,121,3,0.9116966724395752
base,numeral_system,40,97,1,0.10697032511234283
base,numeral_system,40,70,1,0.151370108127594
base,numeral_system,40,48,1,0.1529526710510254
base,numeral_system,40,25,3,0.753189742565155
base,numeral_system,40,95,2,0.20662333071231842
base,numeral_system,40,7,6,1.3775696456432343
base,numeral_system,40,51,3,0.6937313079833984
base,numeral_system,40,34,3,0.5868340283632278
base,numeral_system,40,21,1,0.35052865743637085
base,numeral_system,43,10,1,0.249323308467865
base,numeral_system,43,47,2,0.35771311819553375
base,numeral_system,43,114,3,0.2559611648321152
base,numeral_system,43,78,2,0.34310974180698395
base,numeral_system,45,29,1,0.23555347323417664
base,numeral_system,45,27,1,0.12485918402671814
base,numeral_system,45,68,3,1.380525290966034
base,numeral_system,45,115,1,0.19466033577919006
base,numeral_system,45,72,1,0.13298483192920685
base,numeral_system,47,84,2,0.5055467784404755
base,numeral_system,47,43,2,0.5056895017623901
base,numeral_system,47,112,4,2.430085986852646
base,numeral_system,47,19,1,0.14047524333000183
base,numeral_system,47,39,1,0.2065243124961853
base,numeral_system,49,4,2,0.433999240398407
base,numeral_system,49,103,2,1.1261174082756042
base,numeral_system,49,126,2,0.5044905245304108
base,numeral_system,49,66,1,0.46916306018829346
base,numeral_system,1,121,1,0.2746223211288452
base,numeral_system,3,33,1,0.4010949730873108
base,numeral_system,3,66,1,0.3157133460044861
base,numeral_system,6,60,1,0.3213006258010864
base,numeral_system,6,50,1,0.25277790427207947
base,numeral_system,6,53,1,0.31847959756851196
base,numeral_system,10,63,1,0.3727318048477173
base,numeral_system,10,117,1,0.29120317101478577
base,numeral_system,10,87,1,0.33061397075653076
base,numeral_system,13,63,1,0.2952931821346283
base,numeral_system,13,20,1,0.27963799238204956
base,numeral_system,13,60,1,0.3358345925807953
base,numeral_system,13,27,1,0.31247031688690186
base,numeral_system,13,2,1,0.4579685926437378
base,numeral_system,15,35,2,0.5845003724098206
base,numeral_system,15,91,2,0.7395535707473755
base,numeral_system,15,73,2,0.5998374819755554
base,numeral_system,15,1,1,0.2644041180610657
base,numeral_system,15,110,1,0.3214031159877777
base,numeral_system,15,29,1,0.24527497589588165
base,numeral_system,15,59,1,0.2910573482513428
base,numeral_system,17,97,1,0.40334486961364746
base,numeral_system,17,84,1,0.359173983335495
base,numeral_system,20,35,1,0.38122010231018066
base,numeral_system,20,45,3,0.8086769580841064
base,numeral_system,20,63,2,0.5816724002361298
base,numeral_system,20,127,1,0.31475895643234253
base,numeral_system,20,86,1,0.30728018283843994
base,numeral_system,24,51,3,0.8814034461975098
base,numeral_system,24,75,1,0.3277122378349304
base,numeral_system,27,57,1,0.2900938093662262
base,numeral_system,27,51,1,0.28580623865127563
base,numeral_system,29,77,1,0.3117698132991791
base,numeral_system,29,98,1,0.5292292833328247
base,numeral_system,29,36,1,0.406399130821228
base,numeral_system,29,67,1,0.22638089954853058
base,numeral_system,29,82,1,0.3057639002799988
base,numeral_system,31,26,1,0.24367308616638184
base,numeral_system,31,115,1,0.16421063244342804
base,numeral_system,34,34,1,0.27000683546066284
base,numeral_system,34,66,1,0.23641863465309143
base,numeral_system,36,96,1,0.43927425146102905
base,numeral_system,36,3,1,0.22432613372802734
base,numeral_system,36,32,1,0.2581366300582886
base,numeral_system,38,70,1,0.25038111209869385
base,numeral_system,38,91,1,0.1543799787759781
base,numeral_system,43,25,1,0.09451750665903091
base,numeral_system,43,55,2,0.29500873386859894
base,numeral_system,45,32,1,0.27993330359458923
base,numeral_system,45,92,2,0.5019129514694214
base,numeral_system,45,33,1,0.20850729942321777
base,numeral_system,45,77,1,0.034651514142751694
base,numeral_system,45,75,1,0.309123158454895
base,numeral_system,45,19,1,0.26968759298324585
base,numeral_system,47,102,1,0.20458853244781494
base,numeral_system,47,23,1,0.2625128924846649
base,numeral_system,49,14,1,0.18888026475906372
base,numeral_system,49,53,1,0.22510480880737305
base,numeral_system,49,106,1,0.27742838859558105
base,numeral_system,51,19,1,0.3349214196205139
base,numeral_system,51,14,1,0.20619729161262512
base,text_decryption,1,11,16,6.136353209614754
base,text_decryption,1,34,23,11.211834132671356
base,text_decryption,1,69,29,12.909572452306747
base,text_decryption,1,74,20,9.664097920060158
base,text_decryption,1,113,33,13.958886951208115
base,text_decryption,1,24,40,16.571435138583183
base,text_decryption,1,12,20,7.877435609698296
base,text_decryption,1,29,48,26.605507880449295
base,text_decryption,1,45,49,16.80608868598938
base,text_decryption,1,57,19,8.477183431386948
base,text_decryption,1,119,35,11.983514994382858
base,text_decryption,1,6,32,11.061838403344154
base,text_decryption,1,1,41,21.140876561403275
base,text_decryption,1,8,14,6.15517883002758
base,text_decryption,1,9,11,4.026689797639847
base,text_decryption,1,64,57,23.601865217089653
base,text_decryption,1,85,51,21.666286051273346
base,text_decryption,1,15,9,4.066876381635666
base,text_decryption,1,54,41,19.853955164551735
base,text_decryption,1,117,17,6.887357383966446
base,text_decryption,1,60,18,8.341141432523727
base,text_decryption,1,110,19,8.466101869940758
base,text_decryption,1,125,23,8.17566168308258
base,text_decryption,1,94,59,34.700844034552574
base,text_decryption,1,55,36,17.272976011037827
base,text_decryption,1,83,39,14.208360835909843
base,text_decryption,1,120,56,19.752327635884285
base,text_decryption,1,39,11,4.143974751234055
base,text_decryption,1,52,23,10.691899180412292
base,text_decryption,1,121,12,6.539189040660858
base,text_decryption,1,22,21,8.10227906703949
base,text_decryption,1,44,15,5.439795643091202
base,text_decryption,1,65,27,9.360156953334808
base,text_decryption,1,103,56,17.2679326236248
base,text_decryption,1,3,99,27.613855071365833
base,text_decryption,1,63,12,5.31564524769783
base,text_decryption,1,79,35,16.14465841650963
base,text_decryption,1,100,9,6.2252472043037415
base,text_decryption,1,4,14,4.543919488787651
base,text_decryption,1,59,12,6.1127006113529205
base,text_decryption,1,92,16,5.211281627416611
base,text_decryption,1,105,19,9.523302212357521
base,text_decryption,1,108,43,18.670020639896393
base,text_decryption,1,47,19,8.090066388249397
base,text_decryption,1,14,58,23.93187253177166
base,text_decryption,1,30,12,6.436453133821487
base,text_decryption,1,37,25,8.170689240098
base,text_decryption,1,91,32,12.213701635599136
base,text_decryption,1,109,38,18.247684001922607
base,text_decryption,1,2,29,14.744801968336105
base,text_decryption,1,82,48,12.57702286541462
base,text_decryption,1,90,8,3.590901166200638
base,text_decryption,1,102,37,12.357898712158203
base,text_decryption,1,32,11,4.87814274430275
base,text_decryption,1,124,26,17.279770970344543
base,text_decryption,1,75,23,9.24167750775814
base,text_decryption,1,27,36,12.110145330429077
base,text_decryption,1,58,125,34.6126713603735
base,text_decryption,1,114,24,8.363874956965446
base,text_decryption,1,26,31,13.990438893437386
base,text_decryption,1,31,34,16.20296297967434
base,text_decryption,1,56,36,12.78955553472042
base,text_decryption,1,81,41,18.133897602558136
base,text_decryption,1,89,18,7.017157793045044
base,text_decryption,1,118,26,9.936096221208572
base,text_decryption,1,18,15,6.406460985541344
base,text_decryption,1,41,14,5.417572110891342
base,text_decryption,1,95,25,10.803370863199234
base,text_decryption,1,101,34,16.62655732035637
base,text_decryption,1,53,18,9.219424933195114
base,text_decryption,1,93,18,6.744815438985825
base,text_decryption,1,20,23,10.936685800552368
base,text_decryption,1,68,38,14.435739167034626
base,text_decryption,1,99,10,5.565168559551239
base,text_decryption,1,80,82,40.47808435559273
base,text_decryption,1,21,27,10.69067107141018
base,text_decryption,1,62,35,12.84073556959629
base,text_decryption,1,111,19,6.687837243080139
base,text_decryption,1,13,45,25.890140160918236
base,text_decryption,1,23,28,12.72506332397461
base,text_decryption,1,86,22,10.94504038989544
base,text_decryption,1,96,35,16.334559500217438
base,text_decryption,1,78,53,21.551655046641827
base,text_decryption,1,104,26,11.187911227345467
base,text_decryption,1,19,4,1.1683578193187714
base,text_decryption,1,61,33,12.629542142152786
base,text_decryption,1,122,60,24.193997159600258
base,text_decryption,1,43,38,23.35866105556488
base,text_decryption,1,76,39,14.514038681983948
base,text_decryption,1,67,5,1.6735974550247192
base,text_decryption,1,107,23,12.679925262928009
base,text_decryption,1,126,8,2.3043155521154404
base,text_decryption,1,42,22,8.18561963737011
base,text_decryption,1,66,57,35.40058773756027
base,text_decryption,1,0,90,27.663677841424942
base,text_decryption,1,88,18,9.167916163802147
base,text_decryption,1,35,38,15.795432969927788
base,text_decryption,1,36,25,10.875519558787346
base,text_decryption,1,25,37,18.80903495848179
base,text_decryption,1,10,17,8.454675704240799
base,text_decryption,1,16,28,15.35458356142044
base,text_decryption,1,106,24,11.69405184686184
base,text_decryption,1,38,27,11.96885097026825
base,text_decryption,1,33,33,14.683297097682953
base,text_decryption,1,7,3,0.6809003502130508
base,text_decryption,1,70,9,5.369264245033264
base,text_decryption,1,127,91,24.897563382983208
base,text_decryption,1,51,29,10.30950751900673
base,text_decryption,1,49,7,2.8352766036987305
base,text_decryption,1,98,25,9.450058802962303
base,text_decryption,1,71,14,5.426938503980637
base,text_decryption,1,84,33,11.965526476502419
base,text_decryption,1,87,4,1.1638086438179016
base,text_decryption,1,28,3,1.1072304397821426
base,text_decryption,1,5,18,8.3441671282053
base,text_decryption,1,116,34,12.931795313954353
base,text_decryption,1,77,8,5.543918818235397
base,text_decryption,1,73,8,2.924000859260559
base,text_decryption,1,72,11,5.632634997367859
base,text_decryption,1,50,19,6.353653386235237
base,text_decryption,1,40,15,7.28447187691927
base,text_decryption,1,115,15,7.346067294478416
base,text_decryption,1,17,9,3.584809899330139
base,text_decryption,1,123,17,5.575646623969078
base,text_decryption,1,112,31,11.258347049355507
base,text_decryption,3,5,38,14.503490030765533
base,text_decryption,3,46,63,24.07242402434349
base,text_decryption,3,58,47,19.418827950954437
base,text_decryption,3,119,56,27.42890851199627
base,text_decryption,3,125,36,15.517359286546707
base,text_decryption,3,69,17,8.563204139471054
base,text_decryption,3,7,15,6.502465859055519
base,text_decryption,3,28,24,11.490324959158897
base,text_decryption,3,55,24,11.061949968338013
base,text_decryption,3,70,126,42.18173921108246
base,text_decryption,3,79,52,25.228913575410843
base,text_decryption,3,9,38,13.145426616072655
base,text_decryption,3,1,18,7.253095284104347
base,text_decryption,3,99,17,6.519144058227539
base,text_decryption,3,101,7,3.2697939574718475
base,text_decryption,3,113,20,10.227151334285736
base,text_decryption,3,42,33,14.974864169955254
base,text_decryption,3,64,23,9.669790521264076
base,text_decryption,3,100,33,13.855670362710953
base,text_decryption,3,123,14,8.117514342069626
base,text_decryption,3,103,34,10.814889550209045
base,text_decryption,3,38,34,14.539039701223373
base,text_decryption,3,126,23,10.527542293071747
base,text_decryption,3,30,17,5.110448747873306
base,text_decryption,3,35,8,3.7854685187339783
base,text_decryption,3,67,15,6.492466866970062
base,text_decryption,3,93,26,10.79550850391388
base,text_decryption,3,105,11,3.192597135901451
base,text_decryption,3,108,36,14.64076966047287
base,text_decryption,3,2,31,11.28160084784031
base,text_decryption,3,106,28,9.785702168941498
base,text_decryption,3,118,15,7.83224593102932
base,text_decryption,3,102,35,11.285155862569809
base,text_decryption,3,13,40,17.438634797930717
base,text_decryption,3,23,29,11.269553750753403
base,text_decryption,3,32,31,11.92265373468399
base,text_decryption,3,78,38,13.01798102259636
base,text_decryption,3,86,43,16.777429208159447
base,text_decryption,3,109,69,26.189844489097595
base,text_decryption,3,8,31,11.685449257493019
base,text_decryption,3,77,11,4.173662766814232
base,text_decryption,3,92,18,6.086579531431198
base,text_decryption,3,15,25,8.545804873108864
base,text_decryption,3,37,31,14.649509683251381
base,text_decryption,3,80,33,17.686682850122452
base,text_decryption,3,94,15,5.504999577999115
base,text_decryption,3,120,17,10.325567662715912
base,text_decryption,3,12,23,9.922559708356857
base,text_decryption,3,48,15,4.1692615151405334
base,text_decryption,3,52,34,12.61816294491291
base,text_decryption,3,87,46,18.07270874083042
base,text_decryption,3,34,11,4.685782611370087
base,text_decryption,3,74,27,13.418863862752914
base,text_decryption,3,11,13,3.2189828008413315
base,text_decryption,3,14,73,32.56113484501839
base,text_decryption,3,26,20,9.321317613124847
base,text_decryption,3,31,18,6.72164911031723
base,text_decryption,3,50,22,7.918093964457512
base,text_decryption,3,91,18,10.812773749232292
base,text_decryption,3,59,15,4.946567490696907
base,text_decryption,3,75,30,12.447063714265823
base,text_decryption,3,111,12,4.636876851320267
base,text_decryption,3,95,50,18.92150427401066
base,text_decryption,3,18,16,5.937615305185318
base,text_decryption,3,49,51,21.4351626932621
base,text_decryption,3,115,32,12.84185615181923
base,text_decryption,3,73,32,10.751570612192154
base,text_decryption,3,3,33,14.904011309146881
base,text_decryption,3,61,89,48.57068629562855
base,text_decryption,3,65,16,7.735171765089035
base,text_decryption,3,21,24,9.782448843121529
base,text_decryption,3,10,19,9.46558129787445
base,text_decryption,3,33,52,19.94582037627697
base,text_decryption,3,44,20,9.413751631975174
base,text_decryption,3,62,61,30.184612721204758
base,text_decryption,3,117,16,4.860314100980759
base,text_decryption,3,45,16,5.250554695725441
base,text_decryption,3,60,61,32.641153037548065
base,text_decryption,3,56,61,24.468565478920937
base,text_decryption,3,72,8,2.380296230316162
base,text_decryption,3,81,22,10.994479849934578
base,text_decryption,3,96,91,36.7313599139452
base,text_decryption,3,22,80,33.48986542224884
base,text_decryption,3,66,8,2.322208523750305
base,text_decryption,3,57,19,7.405305206775665
base,text_decryption,3,63,25,9.578115433454514
base,text_decryption,3,53,19,7.7032588720321655
base,text_decryption,3,121,84,38.842448353767395
base,text_decryption,3,107,23,7.2652415335178375
base,text_decryption,3,36,60,25.512559354305267
base,text_decryption,3,19,17,8.826210394501686
base,text_decryption,3,88,126,58.77432169020176
base,text_decryption,3,43,22,6.896285250782967
base,text_decryption,3,68,14,6.566196262836456
base,text_decryption,3,24,50,20.772294729948044
base,text_decryption,3,82,20,9.29049426317215
base,text_decryption,3,83,26,9.469475731253624
base,text_decryption,3,40,13,4.107212513685226
base,text_decryption,3,27,1,0.2907842695713043
base,text_decryption,3,76,10,3.538173019886017
base,text_decryption,3,110,42,18.27234697341919
base,text_decryption,3,0,12,7.085144445300102
base,text_decryption,3,51,11,5.064195156097412
base,text_decryption,3,114,40,14.536063462495804
base,text_decryption,3,39,30,9.568994969129562
base,text_decryption,3,104,30,10.89388857781887
base,text_decryption,3,112,15,7.537406370043755
base,text_decryption,3,97,8,3.6971199214458466
base,text_decryption,3,54,23,8.951547145843506
base,text_decryption,3,85,6,2.7412567287683487
base,text_decryption,3,16,16,5.758831888437271
base,text_decryption,3,116,25,11.721481412649155
base,text_decryption,3,47,11,3.7098568826913834
base,text_decryption,3,89,4,1.7726681232452393
base,text_decryption,3,4,24,9.196809157729149
base,text_decryption,3,122,9,4.862805873155594
base,text_decryption,3,127,8,3.091180995106697
base,text_decryption,3,17,9,3.689762383699417
base,text_decryption,3,98,1,0.33653971552848816
base,text_decryption,3,29,10,3.1679739207029343
base,text_decryption,3,71,21,7.921387612819672
base,text_decryption,3,90,13,6.390151858329773
base,text_decryption,3,6,20,6.874264717102051
base,text_decryption,6,13,88,32.86306247115135
base,text_decryption,6,70,26,10.00328572280705
base,text_decryption,6,81,34,8.57455256395042
base,text_decryption,6,96,28,7.311938788741827
base,text_decryption,6,108,34,32.158219665288925
base,text_decryption,6,92,41,10.324341036379337
base,text_decryption,6,20,10,3.186352849006653
base,text_decryption,6,55,12,5.3819814920425415
base,text_decryption,6,62,30,11.19276838004589
base,text_decryption,6,106,285,122.16694764792919
base,text_decryption,6,116,60,21.46217955648899
base,text_decryption,6,16,11,3.103984013199806
base,text_decryption,6,27,26,8.321165710687637
base,text_decryption,6,29,15,4.758274793624878
base,text_decryption,6,30,6,2.7063430845737457
base,text_decryption,6,71,19,8.784847185015678
base,text_decryption,6,114,9,4.228092938661575
base,text_decryption,6,124,23,7.331592783331871
base,text_decryption,6,19,12,6.10892990231514
base,text_decryption,6,31,14,4.477739125490189
base,text_decryption,6,122,13,3.328530564904213
base,text_decryption,6,45,20,7.3663003742694855
base,text_decryption,6,54,4,1.670295774936676
base,text_decryption,6,73,19,8.292129904031754
base,text_decryption,6,79,9,4.453257292509079
base,text_decryption,6,4,23,8.124753922224045
base,text_decryption,6,41,29,12.173128634691238
base,text_decryption,6,82,15,5.2104955315589905
base,text_decryption,6,95,27,12.096247881650925
base,text_decryption,6,102,45,13.437290474772453
base,text_decryption,6,68,71,26.886734291911125
base,text_decryption,6,60,14,5.749209180474281
base,text_decryption,6,78,12,4.534460186958313
base,text_decryption,6,84,8,3.0748724341392517
base,text_decryption,6,123,19,5.091091360896826
base,text_decryption,6,14,10,4.320091605186462
base,text_decryption,6,24,41,16.352780789136887
base,text_decryption,6,77,9,2.9003689885139465
base,text_decryption,6,118,4,2.0958058834075928
base,text_decryption,6,26,31,13.404873102903366
base,text_decryption,6,28,10,3.8764991462230682
base,text_decryption,6,37,36,19.697600692510605
base,text_decryption,6,56,34,17.980501994490623
base,text_decryption,6,61,14,4.451045870780945
base,text_decryption,6,75,38,14.741684585809708
base,text_decryption,6,47,29,12.370646208524704
base,text_decryption,6,94,6,1.6715870648622513
base,text_decryption,6,105,9,2.1073279064148664
base,text_decryption,6,58,25,11.00546395778656
base,text_decryption,6,100,20,7.645666390657425
base,text_decryption,6,11,7,3.9533750116825104
base,text_decryption,6,107,50,17.63302943110466
base,text_decryption,6,3,24,9.548532024025917
base,text_decryption,6,39,19,7.255676493048668
base,text_decryption,6,126,20,8.397083580493927
base,text_decryption,6,25,97,35.30253207683563
base,text_decryption,6,52,381,220.91273079812527
base,text_decryption,6,111,163,65.78438436985016
base,text_decryption,6,119,55,21.327446043491364
base,text_decryption,6,21,25,7.174502894282341
base,text_decryption,6,57,23,8.594815164804459
base,text_decryption,6,127,190,91.51303043961525
base,text_decryption,6,86,63,22.188324809074402
base,text_decryption,6,120,47,18.890984073281288
base,text_decryption,6,44,43,18.947208926081657
base,text_decryption,6,99,14,5.152531176805496
base,text_decryption,6,7,44,17.349293172359467
base,text_decryption,6,33,38,16.734037458896637
base,text_decryption,6,109,45,20.28760415315628
base,text_decryption,6,43,17,8.422923177480698
base,text_decryption,6,67,20,6.700085088610649
base,text_decryption,6,22,55,20.856552451848984
base,text_decryption,6,90,11,4.485606491565704
base,text_decryption,6,49,29,13.976442694664001
base,text_decryption,6,97,26,8.496016129851341
base,text_decryption,6,98,8,2.562161773443222
base,text_decryption,6,23,8,3.2659222185611725
base,text_decryption,6,32,29,13.313036605715752
base,text_decryption,6,93,24,9.519109040498734
base,text_decryption,6,35,24,8.682173311710358
base,text_decryption,6,113,6,1.56527741253376
base,text_decryption,6,1,29,9.641158372163773
base,text_decryption,6,15,35,12.119591161608696
base,text_decryption,6,101,29,9.811839565634727
base,text_decryption,6,65,7,2.1406127214431763
base,text_decryption,6,2,55,19.334870249032974
base,text_decryption,6,76,25,10.35135331749916
base,text_decryption,6,5,6,2.0056601464748383
base,text_decryption,6,87,23,10.774056255817413
base,text_decryption,6,9,25,10.749766528606415
base,text_decryption,6,80,14,5.507832437753677
base,text_decryption,6,85,8,3.0476119220256805
base,text_decryption,6,74,13,4.7539800107479095
base,text_decryption,6,110,9,2.6597784012556076
base,text_decryption,6,34,12,2.9923093616962433
base,text_decryption,6,103,14,5.952553927898407
base,text_decryption,6,8,1,0.336272656917572
base,text_decryption,6,63,29,9.105881378054619
base,text_decryption,6,117,29,11.628139182925224
base,text_decryption,6,66,24,7.777528062462807
base,text_decryption,6,115,8,2.8655006289482117
base,text_decryption,6,0,9,3.7445635199546814
base,text_decryption,6,89,5,1.3347814679145813
base,text_decryption,6,91,13,5.294801592826843
base,text_decryption,6,10,31,11.937445759773254
base,text_decryption,6,38,20,7.654241815209389
base,text_decryption,6,69,29,12.741078972816467
base,text_decryption,6,83,15,5.1308983862400055
base,text_decryption,6,12,10,2.5186032503843307
base,text_decryption,6,104,4,2.2595114707946777
base,text_decryption,6,125,3,0.680744394659996
base,text_decryption,6,40,9,5.466182619333267
base,text_decryption,6,88,9,5.2690649926662445
base,text_decryption,6,121,4,1.2891419529914856
base,text_decryption,6,112,9,2.8621880412101746
base,text_decryption,8,50,8,3.246766358613968
base,text_decryption,8,64,10,3.779635190963745
base,text_decryption,8,90,27,8.381739675998688
base,text_decryption,8,91,22,8.976462751626968
base,text_decryption,8,109,32,11.112282291054726
base,text_decryption,8,111,67,22.661810472607613
base,text_decryption,8,42,8,3.2834820449352264
base,text_decryption,8,65,6,2.7233960032463074
base,text_decryption,8,76,25,10.117138713598251
base,text_decryption,8,92,31,11.268133267760277
base,text_decryption,8,117,24,8.13187062740326
base,text_decryption,8,118,32,12.984337478876114
base,text_decryption,8,9,47,27.027959406375885
base,text_decryption,8,60,25,9.52771919965744
base,text_decryption,8,66,4,1.4844497740268707
base,text_decryption,8,72,41,15.520962432026863
base,text_decryption,8,101,119,41.99563628435135
base,text_decryption,8,88,10,3.167433202266693
base,text_decryption,8,100,9,3.834029197692871
base,text_decryption,8,11,428,185.02646404504776
base,text_decryption,8,24,14,4.2829557210206985
base,text_decryption,8,69,443,259.6801331192255
base,text_decryption,8,61,122,46.47696132957935
base,text_decryption,8,38,148,56.189376160502434
base,text_decryption,8,78,12,5.716877192258835
base,text_decryption,8,94,20,7.399934262037277
base,text_decryption,8,49,94,32.05885203182697
base,text_decryption,8,70,280,127.07024657726288
base,text_decryption,8,116,45,19.146710351109505
base,text_decryption,8,4,25,8.305687874555588
base,text_decryption,8,18,4,1.475756824016571
base,text_decryption,8,77,197,68.61127832531929
base,text_decryption,8,2,7,2.8614391088485718
base,text_decryption,8,25,4,1.4057523608207703
base,text_decryption,8,28,9,3.3190928399562836
base,text_decryption,8,127,88,36.56761258840561
base,text_decryption,8,83,7,2.4912666976451874
base,text_decryption,8,80,12,4.425105452537537
base,text_decryption,8,19,18,8.004844814538956
base,text_decryption,8,123,22,7.75758558511734
base,text_decryption,8,26,20,8.409930914640427
base,text_decryption,8,48,3,1.0320123732089996
base,text_decryption,8,45,21,8.129605919122696
base,text_decryption,8,20,69,22.289103731513023
base,text_decryption,8,31,20,6.675533547997475
base,text_decryption,8,89,12,3.74850432574749
base,text_decryption,8,73,191,97.2124353647232
base,text_decryption,8,54,32,9.959391340613365
base,text_decryption,8,46,43,13.429139226675034
base,text_decryption,8,44,13,4.2879102528095245
base,text_decryption,8,56,5,1.5057842433452606
base,text_decryption,8,41,20,8.94684612751007
base,text_decryption,8,84,25,8.813349843025208
base,text_decryption,8,15,19,6.283429741859436
base,text_decryption,8,74,34,11.816607028245926
base,text_decryption,8,108,17,5.460507094860077
base,text_decryption,8,119,32,10.568027958273888
base,text_decryption,8,55,9,3.404131233692169
base,text_decryption,8,63,10,2.896556168794632
base,text_decryption,8,115,37,11.995884865522385
base,text_decryption,8,29,23,10.507916927337646
base,text_decryption,8,51,13,4.606058835983276
base,text_decryption,8,43,16,4.69195619225502
base,text_decryption,8,53,13,4.570790886878967
base,text_decryption,8,95,9,2.613261505961418
base,text_decryption,8,104,28,10.328290909528732
base,text_decryption,8,79,4,1.6675871312618256
base,text_decryption,8,35,5,1.8481061160564423
base,text_decryption,8,75,7,2.7347409427165985
base,text_decryption,8,67,12,4.025842845439911
base,text_decryption,8,16,8,4.170375645160675
base,text_decryption,8,0,17,5.47918176651001
base,text_decryption,8,10,16,7.223763167858124
base,text_decryption,8,87,2,0.7589429318904877
base,text_decryption,8,93,19,5.960613042116165
base,text_decryption,8,125,17,6.666026592254639
base,text_decryption,8,5,29,10.44713968038559
base,text_decryption,8,36,21,8.862306356430054
base,text_decryption,8,86,15,5.832299470901489
base,text_decryption,8,71,18,6.7814246863126755
base,text_decryption,8,105,17,7.603413820266724
base,text_decryption,8,21,10,4.6082943975925446
base,text_decryption,8,106,6,2.9031827449798584
base,text_decryption,8,33,12,5.068932086229324
base,text_decryption,8,110,4,1.7011913657188416
base,text_decryption,8,34,5,1.890368938446045
base,text_decryption,8,112,2,0.752470463514328
base,text_decryption,10,21,30,13.609392940998077
base,text_decryption,10,32,23,8.117757886648178
base,text_decryption,10,40,23,8.473605424165726
base,text_decryption,10,93,4,2.2715508937835693
base,text_decryption,10,125,11,4.4992437064647675
base,text_decryption,10,2,20,7.737490206956863
base,text_decryption,10,47,115,46.7103201597929
base,text_decryption,10,97,18,7.32194909453392
base,text_decryption,10,99,163,72.63102433085442
base,text_decryption,10,113,24,8.971599638462067
base,text_decryption,10,120,36,13.122117072343826
base,text_decryption,10,60,78,36.75575831532478
base,text_decryption,10,65,272,124.06119179725647
base,text_decryption,10,70,35,13.308715105056763
base,text_decryption,10,80,4,1.2476258277893066
base,text_decryption,10,43,29,11.722531408071518
base,text_decryption,10,52,13,4.648352086544037
base,text_decryption,10,94,7,1.698808267712593
base,text_decryption,10,58,6,1.2411555796861649
base,text_decryption,10,27,35,13.870772302150726
base,text_decryption,10,41,34,13.783008068799973
base,text_decryption,10,62,23,8.150560975074768
base,text_decryption,10,78,5,2.486390858888626
base,text_decryption,10,46,232,100.2584448158741
base,text_decryption,10,77,26,10.282353818416595
base,text_decryption,10,0,8,2.6551677882671356
base,text_decryption,10,108,99,43.3976646065712
base,text_decryption,10,19,241,114.66779890656471
base,text_decryption,10,4,110,44.36266493797302
base,text_decryption,10,48,298,135.04569366574287
base,text_decryption,10,59,14,5.53958061337471
base,text_decryption,10,7,68,25.302144080400467
base,text_decryption,10,20,9,2.9261553287506104
base,text_decryption,10,81,30,10.345470070838928
base,text_decryption,10,5,5,1.8615212142467499
base,text_decryption,10,121,26,9.273251086473465
base,text_decryption,10,6,36,13.250036835670471
base,text_decryption,10,87,22,8.812785655260086
base,text_decryption,10,14,4,2.3350029587745667
base,text_decryption,10,85,14,4.873673349618912
base,text_decryption,10,101,6,1.9315723478794098
base,text_decryption,10,95,19,7.870672106742859
base,text_decryption,10,37,140,56.926115706562996
base,text_decryption,10,98,47,20.407605558633804
base,text_decryption,10,110,53,19.683302372694016
base,text_decryption,10,86,71,26.178401976823807
base,text_decryption,10,83,80,33.26438170671463
base,text_decryption,10,53,96,38.352195143699646
base,text_decryption,10,63,77,35.89483426511288
base,text_decryption,10,56,62,22.59928262233734
base,text_decryption,10,15,11,3.6386391520500183
base,text_decryption,10,45,45,16.8588947057724
base,text_decryption,10,64,21,8.133562594652176
base,text_decryption,10,103,14,5.195888191461563
base,text_decryption,10,16,42,15.832915633916855
base,text_decryption,10,68,1,0.42435500025749207
base,text_decryption,10,33,13,5.070533722639084
base,text_decryption,10,49,67,25.83481729030609
base,text_decryption,10,118,14,5.4328486025333405
base,text_decryption,10,100,14,5.431231617927551
base,text_decryption,10,126,12,4.065860390663147
base,text_decryption,10,107,7,2.651749312877655
base,text_decryption,10,109,1,0.3489224314689636
base,text_decryption,10,23,2,0.6600666642189026
base,text_decryption,10,38,21,8.515211343765259
base,text_decryption,10,127,43,21.467524647712708
base,text_decryption,10,105,12,5.0347966849803925
base,text_decryption,10,28,16,5.7401846051216125
base,text_decryption,10,57,67,27.827045172452927
base,text_decryption,10,75,29,11.768587321043015
base,text_decryption,10,111,9,3.167515844106674
base,text_decryption,10,91,23,8.8618805706501
base,text_decryption,10,102,3,1.2777387201786041
base,text_decryption,10,124,1,0.29335200786590576
base,text_decryption,10,71,46,17.978350311517715
base,text_decryption,10,51,39,14.159092456102371
base,text_decryption,10,39,8,2.8681828379631042
base,text_decryption,10,35,19,7.90745222568512
base,text_decryption,10,12,16,6.470500290393829
base,text_decryption,10,115,6,1.8994050920009613
base,text_decryption,10,54,4,1.1559657156467438
base,text_decryption,10,89,6,2.1737228631973267
base,text_decryption,10,114,4,2.6658918857574463
base,text_decryption,10,82,8,3.73320534825325
base,text_decryption,10,25,7,2.691625475883484
base,text_decryption,13,23,15,4.0953275677748024
base,text_decryption,13,45,14,17.898107022047043
base,text_decryption,13,85,87,26.76832362031564
base,text_decryption,13,96,28,7.490435192361474
base,text_decryption,13,119,44,15.88037086976692
base,text_decryption,13,11,53,18.508299543056637
base,text_decryption,13,19,93,42.14532062411308
base,text_decryption,13,40,111,40.48314695060253
base,text_decryption,13,46,162,69.64653398096561
base,text_decryption,13,48,355,189.01312991976738
base,text_decryption,13,94,15,5.081314116716385
base,text_decryption,13,22,23,9.866467744112015
base,text_decryption,13,3,194,75.6578568071127
base,text_decryption,13,25,35,12.933478236198425
base,text_decryption,13,122,13,4.440039932727814
base,text_decryption,13,59,6,1.8060708343982697
base,text_decryption,13,71,27,10.311922401189804
base,text_decryption,13,77,28,12.781588912010193
base,text_decryption,13,99,12,4.726527005434036
base,text_decryption,13,55,4,1.3996643126010895
base,text_decryption,13,101,71,27.75126315653324
base,text_decryption,13,34,65,24.745545744895935
base,text_decryption,13,26,21,7.18672102689743
base,text_decryption,13,44,69,28.94612255692482
base,text_decryption,13,5,32,10.370843276381493
base,text_decryption,13,4,38,12.626395374536514
base,text_decryption,13,108,21,7.429262161254883
base,text_decryption,13,120,357,171.5855947136879
base,text_decryption,13,6,21,7.981570243835449
base,text_decryption,13,100,48,15.195409148931503
base,text_decryption,13,56,40,13.756825506687164
base,text_decryption,13,63,4,1.2867394983768463
base,text_decryption,13,74,91,37.66653436422348
base,text_decryption,13,62,58,25.537890881299973
base,text_decryption,13,41,33,10.663241475820541
base,text_decryption,13,93,13,4.339313507080078
base,text_decryption,13,115,11,2.9255939424037933
base,text_decryption,13,21,32,11.404226928949356
base,text_decryption,13,8,15,4.82674577832222
base,text_decryption,13,64,120,52.689975798130035
base,text_decryption,13,104,281,128.61036098003387
base,text_decryption,13,127,1,0.36580023169517517
base,text_decryption,13,109,282,109.3223516792059
base,text_decryption,13,87,76,31.269617974758148
base,text_decryption,13,84,12,4.432118773460388
base,text_decryption,13,92,94,35.97356866300106
base,text_decryption,13,24,39,20.428582221269608
base,text_decryption,13,61,9,3.0597535371780396
base,text_decryption,13,114,46,17.182241022586823
base,text_decryption,13,16,34,11.47747278213501
base,text_decryption,13,67,1,0.3396347165107727
base,text_decryption,13,50,8,2.8462889790534973
base,text_decryption,13,66,20,7.82189080119133
base,text_decryption,13,35,7,2.3457455337047577
base,text_decryption,13,7,4,1.400645673274994
base,text_decryption,13,1,8,2.6548822224140167
base,text_decryption,13,81,12,3.982239693403244
base,text_decryption,13,0,3,0.9979484677314758
base,text_decryption,13,76,17,8.028690218925476
base,text_decryption,13,51,14,5.613704800605774
base,text_decryption,13,57,10,3.1161673069000244
base,text_decryption,13,37,14,5.1194078624248505
base,text_decryption,13,91,6,2.090116500854492
base,text_decryption,13,38,7,2.403346002101898
base,text_decryption,13,73,6,2.2571748197078705
base,text_decryption,13,80,6,2.1887850165367126
base,text_decryption,13,14,6,2.6680202186107635
base,text_decryption,13,72,5,1.600141555070877
base,text_decryption,13,32,6,2.0078295171260834
base,text_decryption,13,30,8,3.715714603662491
base,text_decryption,13,89,8,2.503580629825592
base,text_decryption,13,106,6,2.0517978072166443
base,text_decryption,15,0,13,10.281049236655235
base,text_decryption,15,24,18,8.823926210403442
base,text_decryption,15,30,33,9.464638268778799
base,text_decryption,15,46,138,47.907797447755
base,text_decryption,15,47,42,11.853215508628637
base,text_decryption,15,126,31,9.378022763878107
base,text_decryption,15,33,58,22.700079023838043
base,text_decryption,15,63,170,83.87093159556389
base,text_decryption,15,82,146,66.96843890845776
base,text_decryption,15,107,16,5.459551066160202
base,text_decryption,15,121,8,2.893413782119751
base,text_decryption,15,13,6,1.9116563200950623
base,text_decryption,15,16,20,6.327607676386833
base,text_decryption,15,41,60,18.96338428556919
base,text_decryption,15,15,57,30.124876111745834
base,text_decryption,15,26,333,137.6135637462139
base,text_decryption,15,89,163,70.848055139184
base,text_decryption,15,95,70,34.76244840025902
base,text_decryption,15,20,44,15.89963187277317
base,text_decryption,15,57,28,13.561605036258698
base,text_decryption,15,71,8,2.235973373055458
base,text_decryption,15,86,127,40.925956428050995
base,text_decryption,15,125,81,29.158503830432892
base,text_decryption,15,17,429,168.93810699880123
base,text_decryption,15,106,6,2.062859356403351
base,text_decryption,15,66,17,5.692766547203064
base,text_decryption,15,80,30,9.436942130327225
base,text_decryption,15,127,9,2.8548631072044373
base,text_decryption,15,14,48,16.791258171200752
base,text_decryption,15,83,8,4.242347359657288
base,text_decryption,15,78,11,3.2102229595184326
base,text_decryption,15,31,5,1.6226118803024292
base,text_decryption,15,49,11,3.1479609310626984
base,text_decryption,15,120,88,32.943145737051964
base,text_decryption,15,21,18,6.1159549951553345
base,text_decryption,15,11,11,3.866028130054474
base,text_decryption,15,5,17,7.524960666894913
base,text_decryption,15,85,12,3.9044682383537292
base,text_decryption,15,100,35,12.124485164880753
base,text_decryption,15,9,13,3.9514000713825226
base,text_decryption,15,91,10,3.426701784133911
base,text_decryption,15,81,306,206.48716020584106
base,text_decryption,15,113,320,132.78176780045033
base,text_decryption,15,6,7,2.2298179864883423
base,text_decryption,15,88,10,3.4190008640289307
base,text_decryption,15,54,16,4.512483939528465
base,text_decryption,15,45,1,0.3056325316429138
base,text_decryption,15,64,135,58.980957716703415
base,text_decryption,15,67,24,7.5357895493507385
base,text_decryption,15,84,3,0.8841468393802643
base,text_decryption,15,69,5,1.5259909331798553
base,text_decryption,15,123,1,0.3665757477283478
base,text_decryption,15,97,31,13.660109475255013
base,text_decryption,15,99,7,2.2087358236312866
base,text_decryption,15,3,7,2.402350217103958
base,text_decryption,15,55,4,1.3383051455020905
base,text_decryption,15,4,21,6.690541371703148
base,text_decryption,15,75,10,3.0123513638973236
base,text_decryption,15,111,2,0.6347129940986633
base,text_decryption,15,51,3,0.9280568361282349
base,text_decryption,15,117,22,6.953431457281113
base,text_decryption,15,124,24,8.669327557086945
base,text_decryption,15,103,4,1.2610935270786285
base,text_decryption,15,74,20,7.460157960653305
base,text_decryption,15,105,9,5.445172309875488
base,text_decryption,15,8,4,1.0622876286506653
base,text_decryption,15,7,15,4.843362882733345
base,text_decryption,15,1,4,1.3023812174797058
base,text_decryption,15,102,55,17.39552652835846
base,text_decryption,15,94,2,0.5388217866420746
base,text_decryption,15,118,2,0.9722512066364288
base,text_decryption,15,28,10,2.866514891386032
base,text_decryption,15,122,5,1.4780658781528473
base,text_decryption,15,93,4,1.1628793776035309
base,text_decryption,15,18,15,4.309775620698929
base,text_decryption,15,12,4,1.4103180170059204
base,text_decryption,15,2,4,1.7553746104240417
base,text_decryption,17,12,24,8.222006510011852
base,text_decryption,17,30,78,19.232354533858597
base,text_decryption,17,59,155,66.68441425613128
base,text_decryption,17,66,67,17.648845124989748
base,text_decryption,17,127,8,12.359832286834717
base,text_decryption,17,80,30,12.078030501492321
base,text_decryption,17,21,11,4.391261696815491
base,text_decryption,17,28,233,110.11166349053383
base,text_decryption,17,72,74,23.011070787906647
base,text_decryption,17,125,65,33.40842753648758
base,text_decryption,17,34,47,14.048741206526756
base,text_decryption,17,7,13,6.519138216972351
base,text_decryption,17,19,91,58.3635800331831
base,text_decryption,17,36,87,29.526021867990494
base,text_decryption,17,26,23,6.359496653079987
base,text_decryption,17,98,52,16.282042801380157
base,text_decryption,17,6,18,5.559848949313164
base,text_decryption,17,111,139,46.78415501117706
base,text_decryption,17,118,32,8.453077226877213
base,text_decryption,17,51,35,9.417523205280304
base,text_decryption,17,88,8,3.7190852761268616
base,text_decryption,17,104,121,35.46772572398186
base,text_decryption,17,47,81,43.87073117494583
base,text_decryption,17,92,12,6.9418516755104065
base,text_decryption,17,4,13,7.553655833005905
base,text_decryption,17,89,30,15.340078443288803
base,text_decryption,17,119,17,4.511679872870445
base,text_decryption,17,10,64,31.560005635023117
base,text_decryption,17,31,85,29.06027229130268
base,text_decryption,17,96,15,8.386874228715897
base,text_decryption,17,85,23,12.109536170959473
base,text_decryption,17,22,9,2.7104454785585403
base,text_decryption,17,33,34,15.145091652870178
base,text_decryption,17,41,8,3.2734582126140594
base,text_decryption,17,57,15,4.284196957945824
base,text_decryption,17,77,39,13.098460927605629
base,text_decryption,17,13,4,2.426164746284485
base,text_decryption,17,11,17,4.915471866726875
base,text_decryption,17,32,52,15.00901409983635
base,text_decryption,17,39,9,3.9778112173080444
base,text_decryption,17,87,29,12.436596721410751
base,text_decryption,17,37,25,10.606708496809006
base,text_decryption,17,16,13,6.727865666151047
base,text_decryption,17,74,15,4.092859402298927
base,text_decryption,17,109,394,269.118310123682
base,text_decryption,17,116,73,22.20174804329872
base,text_decryption,17,44,98,30.184514805674553
base,text_decryption,17,102,196,96.12774197757244
base,text_decryption,17,108,90,28.056294947862625
base,text_decryption,17,105,41,19.599680185317993
base,text_decryption,17,14,61,18.278606802225113
base,text_decryption,17,112,15,3.956694543361664
base,text_decryption,17,58,3,1.4024928510189056
base,text_decryption,17,101,31,8.781339079141617
base,text_decryption,17,49,19,5.048199027776718
base,text_decryption,17,56,96,28.906418576836586
base,text_decryption,17,86,17,8.590478330850601
base,text_decryption,17,107,22,5.239027068018913
base,text_decryption,17,55,15,5.9676501750946045
base,text_decryption,17,43,3,1.3080504834651947
base,text_decryption,17,27,54,20.412378072738647
base,text_decryption,17,38,44,13.545698627829552
base,text_decryption,17,106,12,2.8720540404319763
base,text_decryption,17,63,6,2.346154123544693
base,text_decryption,17,110,67,18.86382246017456
base,text_decryption,17,115,25,13.023595124483109
base,text_decryption,17,53,7,1.6493070125579834
base,text_decryption,17,0,4,1.731971114873886
base,text_decryption,17,62,33,12.72049956023693
base,text_decryption,17,24,11,3.0376934707164764
base,text_decryption,17,90,15,3.735469698905945
base,text_decryption,17,40,8,3.653289943933487
base,text_decryption,17,100,4,1.632523626089096
base,text_decryption,17,61,2,0.6900205910205841
base,text_decryption,17,68,4,1.5308103263378143
base,text_decryption,17,73,10,5.27360212802887
base,text_decryption,17,9,11,2.7866564244031906
base,text_decryption,17,5,4,3.334367334842682
base,text_decryption,17,45,24,5.791641667485237
base,text_decryption,17,18,8,3.3251973688602448
base,text_decryption,17,60,5,2.437208503484726
base,text_decryption,17,95,4,1.6845568120479584
base,text_decryption,17,93,7,3.320090025663376
base,text_decryption,17,42,4,2.6482614278793335
base,text_decryption,17,75,12,3.181555613875389
base,text_decryption,17,83,10,2.798526883125305
base,text_decryption,17,78,8,4.636439621448517
base,text_decryption,17,84,2,0.6735184192657471
base,text_decryption,17,121,1,0.2216780036687851
base,text_decryption,20,18,25,8.761024069041014
base,text_decryption,20,39,8,10.582896262407303
base,text_decryption,20,71,21,7.017656604759395
base,text_decryption,20,77,54,20.734806939028203
base,text_decryption,20,79,50,19.829138562083244
base,text_decryption,20,64,57,20.478231294313446
base,text_decryption,20,16,231,115.65936067700386
base,text_decryption,20,54,69,28.8456492125988
base,text_decryption,20,108,32,11.43999719619751
base,text_decryption,20,3,54,25.781563848257065
base,text_decryption,20,28,102,37.04051353037357
base,text_decryption,20,85,140,51.04865562915802
base,text_decryption,20,84,57,19.090984225273132
base,text_decryption,20,53,86,40.98600056767464
base,text_decryption,20,76,20,7.582863450050354
base,text_decryption,20,103,6,2.0116019546985626
base,text_decryption,20,41,6,2.1079993546009064
base,text_decryption,20,51,51,16.94579255580902
base,text_decryption,20,78,197,69.40530015528202
base,text_decryption,20,10,13,4.194843053817749
base,text_decryption,20,68,30,16.512836158275604
base,text_decryption,20,117,62,26.851854294538498
base,text_decryption,20,91,53,16.97923232614994
base,text_decryption,20,82,83,31.587237283587456
base,text_decryption,20,29,24,11.608314424753189
base,text_decryption,20,42,110,43.60681036114693
base,text_decryption,20,52,74,29.93383401632309
base,text_decryption,20,90,17,8.519927680492401
base,text_decryption,20,62,48,17.80326274037361
base,text_decryption,20,13,10,3.5847954750061035
base,text_decryption,20,74,12,5.199129104614258
base,text_decryption,20,45,26,9.049781143665314
base,text_decryption,20,96,13,5.363537713885307
base,text_decryption,20,101,25,10.321171045303345
base,text_decryption,20,23,335,155.17990458011627
base,text_decryption,20,125,23,8.54474276304245
base,text_decryption,20,58,345,154.75704604387283
base,text_decryption,20,87,88,41.21258160471916
base,text_decryption,20,47,33,10.685404822230339
base,text_decryption,20,86,19,7.568592578172684
base,text_decryption,20,126,24,8.026118010282516
base,text_decryption,20,75,35,19.188172042369843
base,text_decryption,20,115,47,19.622550278902054
base,text_decryption,20,105,87,43.468088030815125
base,text_decryption,20,27,29,10.61714991927147
base,text_decryption,20,70,84,30.79362501204014
base,text_decryption,20,34,4,1.353264331817627
base,text_decryption,20,118,39,14.208240389823914
base,text_decryption,20,61,12,4.7324841022491455
base,text_decryption,20,65,10,3.516361266374588
base,text_decryption,20,122,33,12.47941392660141
base,text_decryption,20,14,16,5.835853099822998
base,text_decryption,20,30,139,55.80633410811424
base,text_decryption,20,98,27,10.034039199352264
base,text_decryption,20,37,28,14.575811862945557
base,text_decryption,20,114,21,5.390369325876236
base,text_decryption,20,48,1,0.3747677803039551
base,text_decryption,20,9,9,2.965857893228531
base,text_decryption,20,33,4,1.3667323291301727
base,text_decryption,20,60,23,8.386613428592682
base,text_decryption,20,12,12,5.286610186100006
base,text_decryption,20,121,19,6.499019622802734
base,text_decryption,20,38,6,1.6122666746377945
base,text_decryption,20,32,12,5.044112265110016
base,text_decryption,20,107,14,4.492971733212471
base,text_decryption,20,67,2,0.582041323184967
base,text_decryption,20,88,7,2.691735029220581
base,text_decryption,20,120,15,5.2277622520923615
base,text_decryption,20,113,40,20.444536715745926
base,text_decryption,20,49,2,0.6578955054283142
base,text_decryption,20,99,1,0.28429096937179565
base,text_decryption,20,92,21,7.737808883190155
base,text_decryption,20,95,15,6.758064240217209
base,text_decryption,20,97,2,0.45711593329906464
base,text_decryption,20,106,5,1.8745313882827759
base,text_decryption,20,56,25,11.821526810526848
base,text_decryption,20,116,4,5.627588868141174
base,text_decryption,20,69,11,3.8538713455200195
base,text_decryption,20,111,14,7.265141308307648
base,text_decryption,20,102,4,1.2530909180641174
base,text_decryption,22,2,205,64.35674370080233
base,text_decryption,22,45,32,14.462072011083364
base,text_decryption,22,87,11,6.381964176893234
base,text_decryption,22,100,15,9.673490822315216
base,text_decryption,22,114,51,12.840525705367327
base,text_decryption,22,76,39,12.26586040481925
base,text_decryption,22,3,189,71.37327872216702
base,text_decryption,22,23,25,12.704431176185608
base,text_decryption,22,31,19,5.948536083102226
base,text_decryption,22,39,29,11.888563498854637
base,text_decryption,22,63,9,2.5764356404542923
base,text_decryption,22,49,187,73.30789382755756
base,text_decryption,22,24,43,21.587265491485596
base,text_decryption,22,42,23,10.271387577056885
base,text_decryption,22,70,19,11.942799359560013
base,text_decryption,22,126,40,14.569775715470314
base,text_decryption,22,82,49,18.369994789361954
base,text_decryption,22,109,186,61.144459277391434
base,text_decryption,22,102,8,2.600930392742157
base,text_decryption,22,4,20,8.589396566152573
base,text_decryption,22,53,15,5.9610047191381454
base,text_decryption,22,122,15,5.658676102757454
base,text_decryption,22,57,15,4.69133597612381
base,text_decryption,22,67,45,17.665343955159187
base,text_decryption,22,106,4,2.0880112648010254
base,text_decryption,22,18,55,18.453858226537704
base,text_decryption,22,7,21,7.628498047590256
base,text_decryption,22,98,8,3.2777144610881805
base,text_decryption,22,97,11,4.133754372596741
base,text_decryption,22,47,5,1.9083993136882782
base,text_decryption,22,61,44,13.159079268574715
base,text_decryption,22,105,4,1.3492124378681183
base,text_decryption,22,33,4,1.730455368757248
base,text_decryption,22,37,28,10.732432439923286
base,text_decryption,22,43,81,31.739957436919212
base,text_decryption,22,79,10,2.938916251063347
base,text_decryption,22,51,16,7.464759185910225
base,text_decryption,22,95,23,9.847181260585785
base,text_decryption,22,117,20,8.265529483556747
base,text_decryption,22,25,4,2.027118444442749
base,text_decryption,22,52,13,7.36048099398613
base,text_decryption,22,54,49,18.205751210451126
base,text_decryption,22,91,24,9.578838989138603
base,text_decryption,22,13,22,7.78338810801506
base,text_decryption,22,64,46,21.06607237458229
base,text_decryption,22,29,20,8.351603716611862
base,text_decryption,22,69,16,5.308352097868919
base,text_decryption,22,92,33,11.137382924556732
base,text_decryption,22,103,12,7.266401290893555
base,text_decryption,22,56,10,4.12621246278286
base,text_decryption,22,38,21,14.009554237127304
base,text_decryption,22,40,14,6.766312897205353
base,text_decryption,22,55,408,264.54260820150375
base,text_decryption,22,89,45,14.47776797413826
base,text_decryption,22,124,30,9.585969880223274
base,text_decryption,22,94,137,51.324322044849396
base,text_decryption,22,1,230,125.22657015919685
base,text_decryption,22,112,70,22.04988496005535
base,text_decryption,22,50,85,34.00554846227169
base,text_decryption,22,36,30,9.115311294794083
base,text_decryption,22,72,91,37.959669172763824
base,text_decryption,22,81,28,12.282099336385727
base,text_decryption,22,107,18,6.4475789070129395
base,text_decryption,22,0,21,7.465402543544769
base,text_decryption,22,68,21,7.683314740657806
base,text_decryption,22,118,17,6.7803109884262085
base,text_decryption,22,119,1,0.27047064900398254
base,text_decryption,22,123,11,2.3761907890439034
base,text_decryption,22,10,33,13.178431987762451
base,text_decryption,22,9,52,18.453327029943466
base,text_decryption,22,34,35,10.69912013411522
base,text_decryption,22,93,6,1.7277754992246628
base,text_decryption,22,101,1,0.2948506474494934
base,text_decryption,22,65,8,2.9898861348629
base,text_decryption,22,11,25,9.37361167371273
base,text_decryption,22,71,12,5.467604696750641
base,text_decryption,22,12,17,7.4757299721241
base,text_decryption,22,58,3,0.850607305765152
base,text_decryption,22,22,29,10.516845658421516
base,text_decryption,22,30,4,1.074592873454094
base,text_decryption,22,120,6,1.8415761291980743
base,text_decryption,22,8,10,4.251176118850708
base,text_decryption,22,86,7,1.6086318343877792
base,text_decryption,22,88,7,1.8260143548250198
base,text_decryption,22,104,30,8.811611384153366
base,text_decryption,22,77,5,1.6987984478473663
base,text_decryption,22,110,8,3.005253851413727
base,text_decryption,22,16,13,5.355027347803116
base,text_decryption,22,96,11,3.755072832107544
base,text_decryption,22,74,4,1.2638187408447266
base,text_decryption,22,6,13,3.838425800204277
base,text_decryption,22,99,6,1.613508939743042
base,text_decryption,22,115,10,3.3481431901454926
base,text_decryption,22,35,14,5.919066220521927
base,text_decryption,22,111,27,10.464877396821976
base,text_decryption,22,73,17,7.534353941679001
base,text_decryption,22,85,13,6.268975764513016
base,text_decryption,22,41,6,2.4379808604717255
base,text_decryption,22,60,5,2.426933079957962
base,text_decryption,22,21,4,1.0943284332752228
base,text_decryption,22,15,7,1.9207306206226349
base,text_decryption,24,21,5,0.37859008833765984
base,text_decryption,24,52,4,0.08444811590015888
base,text_decryption,24,101,8,10.123637706041336
base,text_decryption,24,116,19,4.25205060467124
base,text_decryption,24,122,7,1.5899679213762283
base,text_decryption,24,114,32,14.642018109560013
base,text_decryption,24,11,21,7.0700889229774475
base,text_decryption,24,30,39,14.266799807548523
base,text_decryption,24,78,8,2.0798313319683075
base,text_decryption,24,87,480,318.4843897372484
base,text_decryption,24,123,446,202.07696160674095
base,text_decryption,24,17,384,168.14407908916473
base,text_decryption,24,29,48,14.002164378762245
base,text_decryption,24,53,16,5.100523039698601
base,text_decryption,24,103,44,15.393210098147392
base,text_decryption,24,115,4,1.3701334595680237
base,text_decryption,24,19,27,8.182846799492836
base,text_decryption,24,54,237,110.36587062478065
base,text_decryption,24,109,57,17.300192832946777
base,text_decryption,24,15,8,2.423505336046219
base,text_decryption,24,56,11,3.551042467355728
base,text_decryption,24,77,21,7.41656294465065
base,text_decryption,24,13,8,2.3122300803661346
base,text_decryption,24,71,22,5.863633722066879
base,text_decryption,24,20,379,143.30890694260597
base,text_decryption,24,110,32,13.753023654222488
base,text_decryption,24,47,32,10.829500943422318
base,text_decryption,24,34,12,3.889673486351967
base,text_decryption,24,82,23,7.4155309945344925
base,text_decryption,24,61,4,1.4646992087364197
base,text_decryption,24,106,37,10.756895050406456
base,text_decryption,24,83,12,2.974579706788063
base,text_decryption,24,91,4,1.1313852965831757
base,text_decryption,24,18,12,3.7294069826602936
base,text_decryption,24,112,35,11.661914885044098
base,text_decryption,24,41,6,2.0469100177288055
base,text_decryption,24,70,26,7.953913703560829
base,text_decryption,24,51,146,49.09244413673878
base,text_decryption,24,58,17,4.90746496617794
base,text_decryption,24,107,61,18.73891493678093
base,text_decryption,24,89,16,4.9949765503406525
base,text_decryption,24,38,8,3.6472221314907074
base,text_decryption,24,60,71,20.27522088587284
base,text_decryption,24,85,1,0.3494149148464203
base,text_decryption,24,86,3,0.8088265657424927
base,text_decryption,24,90,19,7.665386289358139
base,text_decryption,24,27,8,2.8080008029937744
base,text_decryption,24,24,16,5.025164678692818
base,text_decryption,24,43,7,2.100247949361801
base,text_decryption,24,81,36,10.232247799634933
base,text_decryption,24,35,18,6.422410547733307
base,text_decryption,24,7,1,0.24806371331214905
base,text_decryption,24,16,25,8.196619600057602
base,text_decryption,24,98,1,0.23485703766345978
base,text_decryption,24,32,6,1.727317214012146
base,text_decryption,24,73,4,1.1458187699317932
base,text_decryption,24,9,22,6.4409409314394
base,text_decryption,24,69,24,7.459774270653725
base,text_decryption,24,67,30,8.560777872800827
base,text_decryption,24,75,24,9.879355400800705
base,text_decryption,24,126,13,5.1182701587677
base,text_decryption,24,79,14,6.37062194943428
base,text_decryption,24,104,78,24.617577090859413
base,text_decryption,24,37,14,4.8073044419288635
base,text_decryption,24,121,12,2.9645146429538727
base,text_decryption,24,44,17,5.673872604966164
base,text_decryption,24,26,27,7.826721802353859
base,text_decryption,24,14,6,1.6107178926467896
base,text_decryption,24,113,12,3.1470942348241806
base,text_decryption,24,2,26,7.989893063902855
base,text_decryption,24,49,8,2.9477771669626236
base,text_decryption,24,105,22,5.680370450019836
base,text_decryption,24,92,8,2.900461882352829
base,text_decryption,24,97,4,1.4458721578121185
base,text_decryption,24,94,6,2.4025813937187195
base,text_decryption,24,96,19,5.517699733376503
base,text_decryption,24,99,14,4.51288628578186
base,text_decryption,24,65,5,1.3869352042675018
base,text_decryption,24,100,2,0.500216543674469
base,text_decryption,24,3,68,34.634754717350006
base,text_decryption,24,93,20,7.112249374389648
base,text_decryption,24,119,3,0.8708953857421875
base,text_decryption,24,33,9,8.14686170220375
base,text_decryption,24,45,4,0.692146822810173
base,text_decryption,24,42,12,4.016887664794922
base,text_decryption,24,80,5,1.7464099824428558
base,text_decryption,24,84,4,1.4170497357845306
base,text_decryption,27,13,61,31.006475165486336
base,text_decryption,27,25,47,17.25404705479741
base,text_decryption,27,64,4,0.11309855617582798
base,text_decryption,27,75,8,1.0682625137269497
base,text_decryption,27,98,12,4.895196348428726
base,text_decryption,27,41,9,3.4322295859456062
base,text_decryption,27,6,15,5.653126567602158
base,text_decryption,27,26,536,262.9910142868757
base,text_decryption,27,33,406,164.68854348361492
base,text_decryption,27,59,11,2.7189140412956476
base,text_decryption,27,90,98,39.00772266089916
base,text_decryption,27,44,40,15.445242524147034
base,text_decryption,27,58,24,9.765956282615662
base,text_decryption,27,63,22,5.905871868133545
base,text_decryption,27,89,26,7.781629741191864
base,text_decryption,27,3,16,6.52416318655014
base,text_decryption,27,85,19,6.5938595831394196
base,text_decryption,27,106,27,8.424565181136131
base,text_decryption,27,31,8,2.908074229955673
base,text_decryption,27,62,58,23.43922032415867
base,text_decryption,27,68,19,6.792193025350571
base,text_decryption,27,95,31,18.626664146780968
base,text_decryption,27,45,5,1.0958119332790375
base,text_decryption,27,30,38,16.0635684132576
base,text_decryption,27,52,11,3.9883327186107635
base,text_decryption,27,38,4,2.0846535563468933
base,text_decryption,27,48,3,0.918484628200531
base,text_decryption,27,71,18,5.839094832539558
base,text_decryption,27,42,16,5.16408035159111
base,text_decryption,27,88,15,5.408741533756256
base,text_decryption,27,113,15,5.243679165840149
base,text_decryption,27,32,106,54.54397290945053
base,text_decryption,27,65,12,6.668983846902847
base,text_decryption,27,40,55,18.56985506415367
base,text_decryption,27,80,3,0.6806648075580597
base,text_decryption,27,121,27,9.312689572572708
base,text_decryption,27,101,28,8.129312619566917
base,text_decryption,27,10,7,3.473115861415863
base,text_decryption,27,9,17,4.437810480594635
base,text_decryption,27,2,75,25.597754806280136
base,text_decryption,27,53,5,1.932037502527237
base,text_decryption,27,104,28,16.680613040924072
base,text_decryption,27,28,7,2.550139456987381
base,text_decryption,27,50,35,11.243199720978737
base,text_decryption,27,76,81,27.12911856174469
base,text_decryption,27,0,289,133.25691547989845
base,text_decryption,27,102,323,153.86682629585266
base,text_decryption,27,21,207,87.20384055376053
base,text_decryption,27,23,71,25.352113246917725
base,text_decryption,27,17,175,61.168889343738556
base,text_decryption,27,67,81,27.330704256892204
base,text_decryption,27,125,21,7.515154093503952
base,text_decryption,27,83,7,2.215817242860794
base,text_decryption,27,37,13,4.828155070543289
base,text_decryption,27,99,18,6.919523656368256
base,text_decryption,27,94,23,6.639770671725273
base,text_decryption,27,12,20,6.376082420349121
base,text_decryption,27,14,2,0.6551186442375183
base,text_decryption,27,92,28,9.58367371559143
base,text_decryption,27,100,2,0.49776141345500946
base,text_decryption,27,27,5,1.7542248964309692
base,text_decryption,27,49,1,0.2993104159832001
base,text_decryption,27,66,24,8.893194735050201
base,text_decryption,27,19,15,5.418476492166519
base,text_decryption,27,39,3,0.8642042577266693
base,text_decryption,27,117,16,4.851858735084534
base,text_decryption,27,123,11,3.7088939249515533
base,text_decryption,27,84,50,32.72812131047249
base,text_decryption,27,43,21,7.304408997297287
base,text_decryption,27,96,9,3.227771818637848
base,text_decryption,27,73,4,0.8035544753074646
base,text_decryption,27,120,4,0.7703049778938293
base,text_decryption,27,60,9,2.9414375722408295
base,text_decryption,27,87,7,2.8029251992702484
base,text_decryption,27,93,4,1.3103170692920685
base,text_decryption,27,29,3,1.0971213281154633
base,text_decryption,27,119,5,1.345202460885048
base,text_decryption,27,108,5,1.761012390255928
base,text_decryption,29,66,84,30.287450462579727
base,text_decryption,29,95,45,10.591901551000774
base,text_decryption,29,97,10,5.337889134883881
base,text_decryption,29,102,23,13.42166367918253
base,text_decryption,29,120,28,12.647673159837723
base,text_decryption,29,42,295,78.61010748241097
base,text_decryption,29,1,13,6.606603622436523
base,text_decryption,29,35,188,80.62071859836578
base,text_decryption,29,73,20,8.65574899315834
base,text_decryption,29,85,82,32.00115033984184
base,text_decryption,29,25,17,7.228547304868698
base,text_decryption,29,0,15,7.9949557185173035
base,text_decryption,29,52,206,95.05968618392944
base,text_decryption,29,123,130,55.27875605225563
base,text_decryption,29,127,35,14.414822071790695
base,text_decryption,29,11,17,7.047964632511139
base,text_decryption,29,14,4,1.8078947961330414
base,text_decryption,29,60,59,13.184168487787247
base,text_decryption,29,19,155,55.58557575941086
base,text_decryption,29,32,14,7.061554431915283
base,text_decryption,29,70,4,1.988619714975357
base,text_decryption,29,118,159,45.43035513162613
base,text_decryption,29,27,22,8.84243443608284
base,text_decryption,29,51,8,3.602508842945099
base,text_decryption,29,44,567,368.36039966344833
base,text_decryption,29,126,10,3.1101952493190765
base,text_decryption,29,3,14,5.78148540854454
base,text_decryption,29,22,12,5.23164826631546
base,text_decryption,29,54,8,2.9247245490550995
base,text_decryption,29,21,18,6.805681735277176
base,text_decryption,29,59,11,4.087120860815048
base,text_decryption,29,90,31,14.13047131896019
base,text_decryption,29,4,4,1.9013099372386932
base,text_decryption,29,23,5,2.7445132434368134
base,text_decryption,29,64,76,15.619890056550503
base,text_decryption,29,81,20,6.1212738156318665
base,text_decryption,29,6,4,2.04317170381546
base,text_decryption,29,37,4,1.4308609664440155
base,text_decryption,29,76,6,2.5261138677597046
base,text_decryption,29,104,12,4.074935421347618
base,text_decryption,29,2,18,8.61085394024849
base,text_decryption,29,26,30,13.014828354120255
base,text_decryption,29,38,4,1.6971711814403534
base,text_decryption,29,50,69,20.501459009945393
base,text_decryption,29,41,53,24.43628254532814
base,text_decryption,29,125,187,74.11627259850502
base,text_decryption,29,10,56,21.4832481443882
base,text_decryption,29,40,42,13.724736079573631
base,text_decryption,29,86,29,10.502228528261185
base,text_decryption,29,29,8,3.589918941259384
base,text_decryption,29,43,2,0.712870329618454
base,text_decryption,29,115,57,20.3810655772686
base,text_decryption,29,36,13,5.026053637266159
base,text_decryption,29,82,56,20.92329865694046
base,text_decryption,29,63,24,9.53588217496872
base,text_decryption,29,105,35,18.08396404981613
base,text_decryption,29,121,47,18.292930632829666
base,text_decryption,29,15,29,11.845750749111176
base,text_decryption,29,98,11,3.8459237217903137
base,text_decryption,29,92,7,2.7999074459075928
base,text_decryption,29,84,26,10.251878529787064
base,text_decryption,29,13,43,14.996164500713348
base,text_decryption,29,91,23,9.48297193646431
base,text_decryption,29,56,18,6.771745294332504
base,text_decryption,29,75,12,4.162462294101715
base,text_decryption,29,24,29,10.738856434822083
base,text_decryption,29,88,3,1.1319687962532043
base,text_decryption,29,74,12,5.358455687761307
base,text_decryption,29,99,46,18.6349900662899
base,text_decryption,29,107,7,2.1383290886878967
base,text_decryption,29,96,15,5.318786144256592
base,text_decryption,29,48,9,3.489881068468094
base,text_decryption,29,114,5,0.9690128266811371
base,text_decryption,29,33,1,0.29633083939552307
base,text_decryption,29,72,20,9.11036029458046
base,text_decryption,29,71,10,4.170604974031448
base,text_decryption,29,100,23,9.576211154460907
base,text_decryption,29,109,6,1.9657441973686218
base,text_decryption,29,87,20,7.836278021335602
base,text_decryption,29,106,5,2.2956800758838654
base,text_decryption,29,111,7,2.1811404079198837
base,text_decryption,29,108,4,1.8030445575714111
base,text_decryption,29,94,5,1.1188773661851883
base,text_decryption,29,30,4,1.7201610505580902
base,text_decryption,29,101,21,7.839303344488144
base,text_decryption,29,5,4,1.3437673449516296
base,text_decryption,31,32,99,42.3141562230885
base,text_decryption,31,36,8,1.6194194704294205
base,text_decryption,31,38,27,16.69985032081604
base,text_decryption,31,96,261,100.45432099699974
base,text_decryption,31,119,26,12.40081799030304
base,text_decryption,31,3,17,3.6077544572763145
base,text_decryption,31,42,11,4.768524199724197
base,text_decryption,31,86,9,3.318817377090454
base,text_decryption,31,94,42,14.189032837748528
base,text_decryption,31,110,35,13.033272504806519
base,text_decryption,31,35,54,17.71558828651905
base,text_decryption,31,2,25,15.926126927137375
base,text_decryption,31,73,22,7.588085487484932
base,text_decryption,31,75,11,3.237203985452652
base,text_decryption,31,104,23,9.789270341396332
base,text_decryption,31,12,20,5.763561919331551
base,text_decryption,31,74,67,29.57895454764366
base,text_decryption,31,76,18,6.9734769612550735
base,text_decryption,31,1,409,241.9104806035757
base,text_decryption,31,67,234,95.45564526319504
base,text_decryption,31,63,7,1.9936835765838623
base,text_decryption,31,44,26,7.295546069741249
base,text_decryption,31,21,23,8.116070181131363
base,text_decryption,31,39,33,12.474959433078766
base,text_decryption,31,18,110,44.38969272375107
base,text_decryption,31,66,47,16.71954044699669
base,text_decryption,31,95,23,8.896303996443748
base,text_decryption,31,122,28,14.717845976352692
base,text_decryption,31,10,11,5.405352681875229
base,text_decryption,31,89,14,4.8759526014328
base,text_decryption,31,125,10,3.5953005254268646
base,text_decryption,31,72,15,5.394932210445404
base,text_decryption,31,81,50,17.524691462516785
base,text_decryption,31,123,47,23.492478907108307
base,text_decryption,31,45,10,5.336947947740555
base,text_decryption,31,0,21,8.732406347990036
base,text_decryption,31,4,77,27.15325376391411
base,text_decryption,31,88,34,14.095094174146652
base,text_decryption,31,28,117,42.62950627505779
base,text_decryption,31,22,17,8.699721425771713
base,text_decryption,31,23,4,0.9985067546367645
base,text_decryption,31,17,10,3.4843397438526154
base,text_decryption,31,102,29,12.23950707912445
base,text_decryption,31,99,36,19.74264784157276
base,text_decryption,31,34,22,7.363751709461212
base,text_decryption,31,78,24,8.592326447367668
base,text_decryption,31,114,2,0.8062902987003326
base,text_decryption,31,47,165,65.76115112006664
base,text_decryption,31,87,116,41.37567302584648
base,text_decryption,31,127,119,42.22713938355446
base,text_decryption,31,112,96,37.614603877067566
base,text_decryption,31,101,137,55.95693799853325
base,text_decryption,31,80,5,1.7457056939601898
base,text_decryption,31,93,148,58.57529792189598
base,text_decryption,31,92,17,8.291336685419083
base,text_decryption,31,6,29,12.622287884354591
base,text_decryption,31,33,1,0.25996845960617065
base,text_decryption,31,68,5,1.7405783832073212
base,text_decryption,31,91,19,9.381343483924866
base,text_decryption,31,107,22,8.063115388154984
base,text_decryption,31,98,6,2.020455926656723
base,text_decryption,31,16,10,3.7176830768585205
base,text_decryption,31,7,59,21.552982196211815
base,text_decryption,31,56,11,3.7431019842624664
base,text_decryption,31,57,19,7.143607631325722
base,text_decryption,31,103,55,19.50762152671814
base,text_decryption,31,108,5,1.6340044438838959
base,text_decryption,31,90,12,3.9158246219158173
base,text_decryption,31,111,5,1.5446287989616394
base,text_decryption,31,61,6,2.099340409040451
base,text_decryption,31,51,8,2.922173500061035
base,text_decryption,31,105,11,3.9057882726192474
base,text_decryption,31,69,19,8.205645263195038
base,text_decryption,31,59,11,4.1955901980400085
base,text_decryption,31,46,22,8.74093621969223
base,text_decryption,31,9,7,4.209071487188339
base,text_decryption,31,100,14,5.181202858686447
base,text_decryption,31,29,6,1.9582890570163727
base,text_decryption,31,19,9,3.563683897256851
base,text_decryption,31,79,12,4.235912173986435
base,text_decryption,31,82,2,0.625859946012497
base,text_decryption,31,27,52,22.343879848718643
base,text_decryption,31,106,8,2.623908907175064
base,text_decryption,31,14,18,10.084611564874649
base,text_decryption,31,15,12,2.8028355538845062
base,text_decryption,31,13,4,0.872130423784256
base,text_decryption,31,121,4,2.1370537877082825
base,text_decryption,31,43,8,2.980303704738617
base,text_decryption,31,60,12,7.192050576210022
base,text_decryption,31,11,12,5.209842085838318
base,text_decryption,31,84,4,1.7496574521064758
base,text_decryption,31,52,5,1.532873809337616
base,text_decryption,34,25,330,136.61745932232589
base,text_decryption,34,46,124,34.13200133200735
base,text_decryption,34,62,31,19.704966843128204
base,text_decryption,34,65,5,0.3117261976003647
base,text_decryption,34,78,82,3.709932350087911
base,text_decryption,34,92,7,0.73232546960935
base,text_decryption,34,17,63,22.76935623586178
base,text_decryption,34,18,5,2.5579368472099304
base,text_decryption,34,57,91,42.339982479810715
base,text_decryption,34,114,4,1.6151405274868011
base,text_decryption,34,48,19,5.5563561618328094
base,text_decryption,34,6,72,27.34469749033451
base,text_decryption,34,76,9,3.3849254846572876
base,text_decryption,34,97,86,36.84333495795727
base,text_decryption,34,109,8,2.1905105113983154
base,text_decryption,34,21,22,6.976944878697395
base,text_decryption,34,0,6,2.10953950881958
base,text_decryption,34,13,42,16.837100207805634
base,text_decryption,34,110,9,4.8749308586120605
base,text_decryption,34,14,28,10.14780355989933
base,text_decryption,34,107,71,23.196102261543274
base,text_decryption,34,50,83,26.66305585205555
base,text_decryption,34,15,25,8.915301725268364
base,text_decryption,34,33,64,24.89813259243965
base,text_decryption,34,4,556,336.93218345940113
base,text_decryption,34,104,8,2.042638808488846
base,text_decryption,34,53,10,2.825422555208206
base,text_decryption,34,29,250,137.65835773944855
base,text_decryption,34,37,28,14.437576830387115
base,text_decryption,34,99,21,7.460434332489967
base,text_decryption,34,115,17,10.23579055070877
base,text_decryption,34,117,8,2.068910539150238
base,text_decryption,34,9,55,18.18545652925968
base,text_decryption,34,24,18,10.493416160345078
base,text_decryption,34,39,28,20.515978693962097
base,text_decryption,34,64,27,8.384744301438332
base,text_decryption,34,47,19,5.909435793757439
base,text_decryption,34,88,14,6.801949173212051
base,text_decryption,34,105,8,4.108593702316284
base,text_decryption,34,7,67,32.43086704611778
base,text_decryption,34,10,28,14.369887262582779
base,text_decryption,34,101,57,16.943460285663605
base,text_decryption,34,111,27,7.3216786831617355
base,text_decryption,34,61,212,63.16967970132828
base,text_decryption,34,23,245,91.18677893280983
base,text_decryption,34,83,17,4.76176618039608
base,text_decryption,34,90,33,13.905325204133987
base,text_decryption,34,60,11,3.940674513578415
base,text_decryption,34,34,12,5.656380742788315
base,text_decryption,34,71,76,25.94992996752262
base,text_decryption,34,124,28,9.663103520870209
base,text_decryption,34,1,20,7.781538724899292
base,text_decryption,34,43,21,7.804629772901535
base,text_decryption,34,126,26,9.01323439180851
base,text_decryption,34,103,56,29.406008332967758
base,text_decryption,34,93,18,6.94897098839283
base,text_decryption,34,28,6,2.131450653076172
base,text_decryption,34,31,16,5.408716559410095
base,text_decryption,34,68,2,0.4468909949064255
base,text_decryption,34,59,3,0.9169310331344604
base,text_decryption,34,2,14,5.825318276882172
base,text_decryption,34,70,6,1.7674676030874252
base,text_decryption,34,106,5,1.9966821670532227
base,text_decryption,34,72,5,1.7116058468818665
base,text_decryption,34,73,11,4.203874617815018
base,text_decryption,34,56,7,2.8639144897460938
base,text_decryption,34,42,14,4.825782671570778
base,text_decryption,34,12,16,6.497189998626709
base,text_decryption,34,100,17,5.30129086971283
base,text_decryption,34,22,38,13.58290846645832
base,text_decryption,34,84,30,7.515943840146065
base,text_decryption,34,52,10,3.929598808288574
base,text_decryption,34,41,11,3.0486578196287155
base,text_decryption,34,45,3,0.6617941707372665
base,text_decryption,34,121,6,3.334367096424103
base,text_decryption,34,112,15,4.754437252879143
base,text_decryption,34,69,15,4.084988683462143
base,text_decryption,34,75,4,1.2572372257709503
base,text_decryption,34,20,13,4.39323565363884
base,text_decryption,34,98,6,3.1831926107406616
base,text_decryption,34,81,14,4.139284387230873
base,text_decryption,34,108,2,0.6041391491889954
base,text_decryption,34,95,15,5.150648668408394
base,text_decryption,34,66,1,0.2647489607334137
base,text_decryption,36,0,20,9.944341123104095
base,text_decryption,36,12,48,16.683583930134773
base,text_decryption,36,18,76,26.171890944242477
base,text_decryption,36,42,36,16.443220272660255
base,text_decryption,36,111,45,17.473373726010323
base,text_decryption,36,24,325,136.44768826663494
base,text_decryption,36,14,537,304.31225621700287
base,text_decryption,36,27,102,41.52000650763512
base,text_decryption,36,46,12,3.6485127806663513
base,text_decryption,36,4,38,18.42632892727852
base,text_decryption,36,117,31,11.412059798836708
base,text_decryption,36,107,160,51.11377467215061
base,text_decryption,36,123,24,10.137358024716377
base,text_decryption,36,63,41,13.580864369869232
base,text_decryption,36,61,6,2.2504728883504868
base,text_decryption,36,68,30,11.606073424220085
base,text_decryption,36,100,23,6.393494829535484
base,text_decryption,36,36,30,9.101621344685555
base,text_decryption,36,39,12,3.331347480416298
base,text_decryption,36,55,15,5.957676947116852
base,text_decryption,36,95,32,11.274225175380707
base,text_decryption,36,3,61,18.889886438846588
base,text_decryption,36,114,39,16.725307896733284
base,text_decryption,36,9,4,0.9386917054653168
base,text_decryption,36,85,6,1.2994528412818909
base,text_decryption,36,17,22,10.504750952124596
base,text_decryption,36,106,31,9.580780312418938
base,text_decryption,36,26,8,2.033851310610771
base,text_decryption,36,75,23,5.533065631985664
base,text_decryption,36,119,19,5.5200085490942
base,text_decryption,36,103,22,5.729535788297653
base,text_decryption,36,93,353,155.5135460793972
base,text_decryption,36,122,4,0.644521489739418
base,text_decryption,36,28,274,104.20604528486729
base,text_decryption,36,109,61,24.530078426003456
base,text_decryption,36,62,17,4.856026336550713
base,text_decryption,36,23,8,4.854878664016724
base,text_decryption,36,1,30,12.211214274168015
base,text_decryption,36,91,4,1.472360998392105
base,text_decryption,36,59,10,3.8892616033554077
base,text_decryption,36,82,70,27.765442073345184
base,text_decryption,36,53,78,38.303479850292206
base,text_decryption,36,112,4,2.263879418373108
base,text_decryption,36,16,71,35.82074084877968
base,text_decryption,36,22,10,2.855800047516823
base,text_decryption,36,11,11,5.4804666340351105
base,text_decryption,36,125,57,17.547843173146248
base,text_decryption,36,77,43,11.967888727784157
base,text_decryption,36,120,19,9.642443016171455
base,text_decryption,36,38,20,5.754473730921745
base,text_decryption,36,54,23,11.16376394033432
base,text_decryption,36,58,7,1.654231145977974
base,text_decryption,36,89,11,4.8839897364377975
base,text_decryption,36,50,12,3.1938880532979965
base,text_decryption,36,78,64,34.22210834920406
base,text_decryption,36,57,14,4.857818499207497
base,text_decryption,36,118,5,1.4140373021364212
base,text_decryption,36,83,23,7.402553379535675
base,text_decryption,36,102,3,0.8841133117675781
base,text_decryption,36,5,4,1.2492306530475616
base,text_decryption,36,126,11,3.3487353175878525
base,text_decryption,36,35,7,2.2033374905586243
base,text_decryption,36,15,13,6.136527389287949
base,text_decryption,36,34,21,6.541337475180626
base,text_decryption,36,97,13,3.6794008016586304
base,text_decryption,36,108,13,4.952010452747345
base,text_decryption,36,104,32,10.050891146063805
base,text_decryption,36,33,5,1.5633469223976135
base,text_decryption,36,19,3,0.830798864364624
base,text_decryption,36,31,2,1.059926301240921
base,text_decryption,36,76,6,2.109521374106407
base,text_decryption,36,41,4,1.105477288365364
base,text_decryption,36,98,33,12.091603398323059
base,text_decryption,36,79,4,1.2442617118358612
base,text_decryption,36,43,24,9.993987753987312
base,text_decryption,36,84,3,1.1672196686267853
base,text_decryption,36,40,56,25.765581220388412
base,text_decryption,36,113,10,3.6444822400808334
base,text_decryption,36,105,46,18.03120529651642
base,text_decryption,36,8,9,2.604798197746277
base,text_decryption,36,29,3,1.6282427906990051
base,text_decryption,36,25,3,0.6992545574903488
base,text_decryption,36,56,22,9.844465047121048
base,text_decryption,36,7,7,2.1978306025266647
base,text_decryption,36,10,5,3.6566473841667175
base,text_decryption,36,32,4,1.2864134311676025
base,text_decryption,36,69,1,0.38486379384994507
base,text_decryption,36,116,4,1.2516463696956635
base,text_decryption,36,121,10,2.6810076236724854
base,text_decryption,38,7,22,8.093719378113747
base,text_decryption,38,20,124,58.111315324902534
base,text_decryption,38,85,214,90.7786565721035
base,text_decryption,38,102,235,84.16072334349155
base,text_decryption,38,117,5,2.523316442966461
base,text_decryption,38,89,6,2.2621670365333557
base,text_decryption,38,65,12,6.739932596683502
base,text_decryption,38,83,5,1.5574791133403778
base,text_decryption,38,112,402,191.66290874779224
base,text_decryption,38,113,49,12.645090095698833
base,text_decryption,38,124,156,64.76316285133362
base,text_decryption,38,14,35,10.106241792440414
base,text_decryption,38,35,66,23.435552775859833
base,text_decryption,38,58,5,1.7268086671829224
base,text_decryption,38,103,15,6.7499407678842545
base,text_decryption,38,15,38,11.255201362073421
base,text_decryption,38,24,298,104.07754005491734
base,text_decryption,38,36,19,12.719453871250153
base,text_decryption,38,111,4,1.0383450090885162
base,text_decryption,38,47,8,1.9924416244029999
base,text_decryption,38,101,150,80.20581457018852
base,text_decryption,38,57,20,10.051958158612251
base,text_decryption,38,60,29,9.51632572710514
base,text_decryption,38,63,358,193.76578223705292
base,text_decryption,38,90,30,11.486612170934677
base,text_decryption,38,26,132,61.04705038666725
base,text_decryption,38,46,41,19.115863800048828
base,text_decryption,38,100,93,33.84190085530281
base,text_decryption,38,69,4,3.002798318862915
base,text_decryption,38,115,42,11.013326734304428
base,text_decryption,38,80,12,2.837008222937584
base,text_decryption,38,50,17,5.355880305171013
base,text_decryption,38,6,13,3.827912151813507
base,text_decryption,38,71,13,4.683143079280853
base,text_decryption,38,4,26,10.716649413108826
base,text_decryption,38,81,9,4.364191919565201
base,text_decryption,38,44,10,2.8440197557210922
base,text_decryption,38,105,21,9.232695177197456
base,text_decryption,38,40,12,6.889873951673508
base,text_decryption,38,42,7,1.3427254259586334
base,text_decryption,38,68,36,17.2341930270195
base,text_decryption,38,29,39,10.256124883890152
base,text_decryption,38,5,38,17.776954486966133
base,text_decryption,38,109,20,6.680762812495232
base,text_decryption,38,34,36,15.860415160655975
base,text_decryption,38,88,28,10.536984473466873
base,text_decryption,38,53,41,15.78917208313942
base,text_decryption,38,118,5,2.0954133421182632
base,text_decryption,38,22,6,1.602722853422165
base,text_decryption,38,92,31,9.67667131125927
base,text_decryption,38,119,7,3.7006072103977203
base,text_decryption,38,13,21,6.765727952122688
base,text_decryption,38,110,4,1.0430047065019608
base,text_decryption,38,43,1,0.14461205899715424
base,text_decryption,38,108,7,4.176240563392639
base,text_decryption,38,31,66,23.288628861308098
base,text_decryption,38,94,50,15.965093776583672
base,text_decryption,38,62,2,0.47729599475860596
base,text_decryption,38,18,48,24.0429730117321
base,text_decryption,38,86,7,3.9618720710277557
base,text_decryption,38,125,49,15.684543073177338
base,text_decryption,38,98,8,2.1656316369771957
base,text_decryption,38,91,19,5.5941072553396225
base,text_decryption,38,1,19,6.249428167939186
base,text_decryption,38,9,7,3.752490282058716
base,text_decryption,38,99,28,14.37130880355835
base,text_decryption,38,51,5,1.2029107511043549
base,text_decryption,38,70,10,4.38957117497921
base,text_decryption,38,37,34,13.648635610938072
base,text_decryption,38,2,2,0.546715259552002
base,text_decryption,38,77,4,0.9651520103216171
base,text_decryption,38,114,3,0.7181629836559296
base,text_decryption,38,55,15,5.461564838886261
base,text_decryption,38,48,4,1.3844727277755737
base,text_decryption,38,17,34,9.624575406312943
base,text_decryption,38,74,12,6.191303439438343
base,text_decryption,38,41,36,11.071418687701225
base,text_decryption,38,25,5,3.9228914976119995
base,text_decryption,38,19,4,0.63478122651577
base,text_decryption,38,28,26,13.226283639669418
base,text_decryption,38,52,4,0.8435162603855133
base,text_decryption,38,11,4,1.412163883447647
base,text_decryption,38,61,5,1.6694281101226807
base,text_decryption,38,16,4,1.3366251289844513
base,text_decryption,38,123,4,2.073073625564575
base,text_decryption,38,93,2,0.30511218309402466
base,text_decryption,38,75,6,1.9721183478832245
base,text_decryption,38,8,2,0.7391766011714935
base,text_decryption,38,73,4,1.659409373998642
base,text_decryption,38,96,1,0.37159693241119385
base,text_decryption,40,35,25,11.182875722646713
base,text_decryption,40,91,47,15.133818715810776
base,text_decryption,40,112,9,3.244003087282181
base,text_decryption,40,114,4,1.889395385980606
base,text_decryption,40,127,391,162.55716352164745
base,text_decryption,40,85,8,3.634415104985237
base,text_decryption,40,2,178,50.7366027534008
base,text_decryption,40,41,35,13.230847664177418
base,text_decryption,40,74,12,5.273733824491501
base,text_decryption,40,75,47,12.061419762670994
base,text_decryption,40,107,73,20.62056326121092
base,text_decryption,40,4,4,1.2516021132469177
base,text_decryption,40,12,199,81.40702137351036
base,text_decryption,40,62,162,44.3407376408577
base,text_decryption,40,103,45,18.264020189642906
base,text_decryption,40,1,22,8.82613106071949
base,text_decryption,40,121,13,4.599625617265701
base,text_decryption,40,60,5,3.67079758644104
base,text_decryption,40,101,17,5.107882872223854
base,text_decryption,40,92,85,39.59792674332857
base,text_decryption,40,18,252,78.17411075532436
base,text_decryption,40,15,555,401.5788459479809
base,text_decryption,40,32,89,49.743714064359665
base,text_decryption,40,110,106,27.616768173873425
base,text_decryption,40,63,9,3.999874845147133
base,text_decryption,40,105,18,5.164620265364647
base,text_decryption,40,113,11,2.5366327464580536
base,text_decryption,40,50,12,5.906424432992935
base,text_decryption,40,47,90,26.280919522047043
base,text_decryption,40,38,45,12.460222482681274
base,text_decryption,40,33,12,3.3238042891025543
base,text_decryption,40,37,6,0.7145516872406006
base,text_decryption,40,30,21,5.885157600045204
base,text_decryption,40,73,8,4.760559320449829
base,text_decryption,40,49,18,10.906327545642853
base,text_decryption,40,81,127,55.77604295313358
base,text_decryption,40,8,180,42.794348731637
base,text_decryption,40,108,30,14.837920725345612
base,text_decryption,40,26,47,12.84494149684906
base,text_decryption,40,87,38,9.156683459877968
base,text_decryption,40,90,60,14.61251975595951
base,text_decryption,40,126,3,1.2928166687488556
base,text_decryption,40,16,8,3.3274277448654175
base,text_decryption,40,66,11,2.55257810652256
base,text_decryption,40,94,38,13.232532791793346
base,text_decryption,40,120,31,10.086455762386322
base,text_decryption,40,52,45,30.835449039936066
base,text_decryption,40,5,19,10.417925044894218
base,text_decryption,40,67,4,2.1540027260780334
base,text_decryption,40,43,1,0.37494078278541565
base,text_decryption,40,56,8,2.666819781064987
base,text_decryption,40,98,5,2.5366576611995697
base,text_decryption,40,58,3,1.1413647681474686
base,text_decryption,40,40,12,3.371951647102833
base,text_decryption,40,29,80,29.47927114367485
base,text_decryption,40,86,21,4.603724293410778
base,text_decryption,40,97,5,1.8458742201328278
base,text_decryption,40,28,7,2.062829002737999
base,text_decryption,40,70,18,8.823343366384506
base,text_decryption,40,83,1,0.22505596280097961
base,text_decryption,40,96,8,4.508936733007431
base,text_decryption,40,9,83,42.737760335206985
base,text_decryption,40,36,17,7.018889084458351
base,text_decryption,40,0,2,0.3515481650829315
base,text_decryption,40,23,9,2.723581314086914
base,text_decryption,40,55,10,4.332120433449745
base,text_decryption,40,117,7,1.8872121721506119
base,text_decryption,43,9,38,20.859845399856567
base,text_decryption,43,64,4,0.9253944903612137
base,text_decryption,43,70,14,2.7981163412332535
base,text_decryption,43,90,22,16.522173270583153
base,text_decryption,43,118,14,5.999973997473717
base,text_decryption,43,95,7,2.343912750482559
base,text_decryption,43,12,31,11.72158007323742
base,text_decryption,43,15,26,8.541829004883766
base,text_decryption,43,20,287,105.54046139121056
base,text_decryption,43,26,125,32.5567751377821
base,text_decryption,43,29,262,78.29280308634043
base,text_decryption,43,8,5,1.0713339149951935
base,text_decryption,43,58,38,18.623949885368347
base,text_decryption,43,82,24,8.902608901262283
base,text_decryption,43,93,24,5.812357321381569
base,text_decryption,43,4,29,13.253628358244896
base,text_decryption,43,54,85,27.228235438466072
base,text_decryption,43,23,76,18.298413425683975
base,text_decryption,43,38,39,7.973516434431076
base,text_decryption,43,6,23,9.776333540678024
base,text_decryption,43,75,8,1.8277584165334702
base,text_decryption,43,113,34,10.298811241984367
base,text_decryption,43,101,75,17.155132338404655
base,text_decryption,43,120,133,36.23487912118435
base,text_decryption,43,16,59,15.119192279875278
base,text_decryption,43,51,572,450.8705930560827
base,text_decryption,43,25,15,6.193932682275772
base,text_decryption,43,94,24,11.626650348305702
base,text_decryption,43,127,8,1.2742958962917328
base,text_decryption,43,5,51,17.118623182177544
base,text_decryption,43,31,18,9.414662942290306
base,text_decryption,43,69,12,4.941761314868927
base,text_decryption,43,41,22,11.956714570522308
base,text_decryption,43,19,10,2.054722249507904
base,text_decryption,43,53,24,5.45477557182312
base,text_decryption,43,65,32,10.373053893446922
base,text_decryption,43,88,4,1.1731548607349396
base,text_decryption,43,108,99,29.190244249999523
base,text_decryption,43,68,301,99.99659676104784
base,text_decryption,43,83,359,155.41669192910194
base,text_decryption,43,17,40,10.372077003121376
base,text_decryption,43,40,22,11.231690675020218
base,text_decryption,43,55,12,2.065176621079445
base,text_decryption,43,109,50,18.199842110276222
base,text_decryption,43,104,2,0.4295969605445862
base,text_decryption,43,11,31,15.891743808984756
base,text_decryption,43,45,6,1.6188198328018188
base,text_decryption,43,96,4,1.684957928955555
base,text_decryption,43,123,6,1.3374283164739609
base,text_decryption,43,91,7,2.2660512924194336
base,text_decryption,43,74,7,5.649738699197769
base,text_decryption,43,73,75,17.312958002090454
base,text_decryption,43,60,7,2.1325591802597046
base,text_decryption,43,81,29,18.827768251299858
base,text_decryption,43,28,3,0.8827785551548004
base,text_decryption,43,107,24,5.966683402657509
base,text_decryption,43,117,3,2.15572589635849
base,text_decryption,43,98,5,1.2816712856292725
base,text_decryption,43,102,10,2.2684566974639893
base,text_decryption,43,1,17,4.390261858701706
base,text_decryption,43,124,16,4.087784439325333
base,text_decryption,43,0,4,2.260840028524399
base,text_decryption,43,79,6,1.094893530011177
base,text_decryption,43,56,4,0.6181485131382942
base,text_decryption,43,116,6,1.3487777411937714
base,text_decryption,43,112,5,0.9462171792984009
base,text_decryption,43,33,3,0.5699631571769714
base,text_decryption,43,119,2,0.3767607510089874
base,text_decryption,43,78,10,3.7722887694835663
base,text_decryption,43,36,50,22.492577865719795
base,text_decryption,43,76,9,2.5321914106607437
base,text_decryption,43,67,5,3.316565454006195
base,text_decryption,43,100,1,0.10477141290903091
base,text_decryption,43,115,5,1.0111031830310822
base,text_decryption,43,44,8,5.774450778961182
base,text_decryption,43,37,4,1.7220600247383118
base,text_decryption,43,66,2,0.7838562428951263
base,text_decryption,43,43,5,1.485284686088562
base,text_decryption,43,125,11,3.4574549943208694
base,text_decryption,43,21,4,0.9208032488822937
base,text_decryption,43,72,7,1.585124522447586
base,text_decryption,45,2,326,196.98643650114536
base,text_decryption,45,31,21,11.748878180980682
base,text_decryption,45,60,15,10.435808226466179
base,text_decryption,45,85,35,18.600349567830563
base,text_decryption,45,91,6,2.6375685185194016
base,text_decryption,45,113,17,5.091174006462097
base,text_decryption,45,4,19,7.16367894411087
base,text_decryption,45,12,10,3.9702713638544083
base,text_decryption,45,21,7,4.264077067375183
base,text_decryption,45,38,84,23.013879768550396
base,text_decryption,45,76,42,16.486546389758587
base,text_decryption,45,57,12,2.848789557814598
base,text_decryption,45,40,71,22.292256452143192
base,text_decryption,45,65,7,1.661830447614193
base,text_decryption,45,95,38,13.72155725210905
base,text_decryption,45,116,79,35.50529329478741
base,text_decryption,45,25,8,1.5340483337640762
base,text_decryption,45,41,62,32.74478420615196
base,text_decryption,45,74,82,32.28037251532078
base,text_decryption,45,99,34,12.912748903036118
base,text_decryption,45,105,13,9.791935674846172
base,text_decryption,45,120,23,8.774271070957184
base,text_decryption,45,44,209,52.50150337070227
base,text_decryption,45,36,16,3.660206440836191
base,text_decryption,45,29,43,13.630939915776253
base,text_decryption,45,49,12,2.8049788028001785
base,text_decryption,45,84,48,16.54381664097309
base,text_decryption,45,101,54,17.728651389479637
base,text_decryption,45,39,55,20.38515304028988
base,text_decryption,45,86,44,17.583878934383392
base,text_decryption,45,11,35,9.317440867424011
base,text_decryption,45,124,358,176.7215874120593
base,text_decryption,45,0,4,1.472360610961914
base,text_decryption,45,83,141,42.199669785797596
base,text_decryption,45,87,7,1.6335930675268173
base,text_decryption,45,100,5,1.4666988551616669
base,text_decryption,45,28,17,5.743124306201935
base,text_decryption,45,59,33,7.831655092537403
base,text_decryption,45,109,17,12.350027561187744
base,text_decryption,45,1,16,2.6673189476132393
base,text_decryption,45,10,12,2.6397686153650284
base,text_decryption,45,24,27,11.068598508834839
base,text_decryption,45,119,10,5.798572100698948
base,text_decryption,45,78,11,4.55150106549263
base,text_decryption,45,32,8,2.557731792330742
base,text_decryption,45,50,76,31.07479188591242
base,text_decryption,45,104,11,3.668624609708786
base,text_decryption,45,118,51,18.725395865738392
base,text_decryption,45,112,155,49.62437145411968
base,text_decryption,45,7,80,49.30087283998728
base,text_decryption,45,47,105,24.03004652261734
base,text_decryption,45,81,136,70.77710108458996
base,text_decryption,45,52,23,13.513215526938438
base,text_decryption,45,6,13,7.351628243923187
base,text_decryption,45,63,10,6.19777438044548
base,text_decryption,45,98,23,11.013588912785053
base,text_decryption,45,26,30,24.247365728020668
base,text_decryption,45,73,18,8.435798957943916
base,text_decryption,45,23,17,9.039795994758606
base,text_decryption,45,46,19,8.202514708042145
base,text_decryption,45,66,8,4.51546186208725
base,text_decryption,45,90,35,8.15322731435299
base,text_decryption,45,126,18,8.617369264364243
base,text_decryption,45,89,15,5.414226651191711
base,text_decryption,45,17,8,2.948013514280319
base,text_decryption,45,58,66,18.583574205636978
base,text_decryption,45,97,14,4.225500926375389
base,text_decryption,45,64,15,4.9036047756671906
base,text_decryption,45,16,2,0.6550722122192383
base,text_decryption,45,48,28,15.718421392142773
base,text_decryption,45,55,4,0.5097280070185661
base,text_decryption,45,122,16,5.0180099457502365
base,text_decryption,45,69,11,3.1295579373836517
base,text_decryption,45,27,3,1.5884806662797928
base,text_decryption,45,34,9,2.4192327111959457
base,text_decryption,45,75,8,3.6013035029172897
base,text_decryption,45,67,11,3.62454716861248
base,text_decryption,45,45,55,21.063971027731895
base,text_decryption,45,18,16,5.823711305856705
base,text_decryption,45,30,12,4.223626643419266
base,text_decryption,45,110,7,4.144030272960663
base,text_decryption,45,127,1,0.7291944026947021
base,text_decryption,45,37,6,1.683261513710022
base,text_decryption,45,15,21,8.165229395031929
base,text_decryption,45,121,1,0.13361917436122894
base,text_decryption,45,94,10,6.782031841576099
base,text_decryption,45,68,37,29.5242782458663
base,text_decryption,45,103,19,12.089644953608513
base,text_decryption,45,82,12,4.049507923424244
base,text_decryption,45,71,4,3.0413292050361633
base,text_decryption,45,88,31,8.366109907627106
base,text_decryption,45,114,9,1.9791805893182755
base,text_decryption,45,42,4,0.900741383433342
base,text_decryption,45,117,7,1.9045384228229523
base,text_decryption,45,3,15,6.1860750168561935
base,text_decryption,45,102,1,0.4221864342689514
base,text_decryption,45,53,26,11.683336332440376
base,text_decryption,45,56,5,1.0262272655963898
base,text_decryption,45,107,11,2.110114835202694
base,text_decryption,45,20,5,1.8983044624328613
base,text_decryption,45,54,10,4.87845566868782
base,text_decryption,45,33,3,0.8136502504348755
base,text_decryption,47,22,5,1.1488346308469772
base,text_decryption,47,37,7,2.527957834303379
base,text_decryption,47,47,13,3.2851677313447
base,text_decryption,47,62,16,4.896495275199413
base,text_decryption,47,92,18,10.491074487566948
base,text_decryption,47,30,24,5.8253094255924225
base,text_decryption,47,5,38,13.575634554028511
base,text_decryption,47,11,351,163.9439209550619
base,text_decryption,47,20,80,23.868879236280918
base,text_decryption,47,21,229,60.61270399391651
base,text_decryption,47,121,4,2.0798248648643494
base,text_decryption,47,7,68,33.19686922430992
base,text_decryption,47,42,4,0.9245419949293137
base,text_decryption,47,70,6,1.9037887752056122
base,text_decryption,47,75,53,26.643482893705368
base,text_decryption,47,94,24,8.583177290856838
base,text_decryption,47,46,74,30.208929985761642
base,text_decryption,47,113,21,10.24085345864296
base,text_decryption,47,106,17,5.2280008643865585
base,text_decryption,47,59,22,8.073982864618301
base,text_decryption,47,38,18,11.457627207040787
base,text_decryption,47,1,81,24.330652937293053
base,text_decryption,47,40,15,9.324755504727364
base,text_decryption,47,114,4,0.5533899515867233
base,text_decryption,47,2,166,63.89677564613521
base,text_decryption,47,41,34,25.09293232858181
base,text_decryption,47,89,4,1.2064549028873444
base,text_decryption,47,56,15,5.668250299990177
base,text_decryption,47,68,8,2.880934491753578
base,text_decryption,47,115,5,3.598559617996216
base,text_decryption,47,79,16,4.333532638847828
base,text_decryption,47,32,7,2.4267546236515045
base,text_decryption,47,102,49,34.18277305364609
base,text_decryption,47,54,50,10.823295317590237
base,text_decryption,47,14,49,16.868458159267902
base,text_decryption,47,108,24,7.991051115095615
base,text_decryption,47,24,34,13.99916698038578
base,text_decryption,47,4,17,5.770651534199715
base,text_decryption,47,19,7,3.9775849878787994
base,text_decryption,47,116,195,67.95922201871872
base,text_decryption,47,103,28,13.114572405815125
base,text_decryption,47,49,11,6.320401102304459
base,text_decryption,47,51,32,15.491716712713242
base,text_decryption,47,45,19,7.489576503634453
base,text_decryption,47,53,7,1.441972866654396
base,text_decryption,47,12,25,28.52613016963005
base,text_decryption,47,33,31,13.550901718437672
base,text_decryption,47,95,30,14.164893463253975
base,text_decryption,47,127,69,27.15013460814953
base,text_decryption,47,36,16,5.475121513009071
base,text_decryption,47,31,109,57.993430864065886
base,text_decryption,47,67,13,8.703492388129234
base,text_decryption,47,124,37,14.464996218681335
base,text_decryption,47,110,10,6.457894504070282
base,text_decryption,47,98,12,2.1927827149629593
base,text_decryption,47,48,41,37.35164099931717
base,text_decryption,47,71,16,7.587990090250969
base,text_decryption,47,100,239,58.66826197132468
base,text_decryption,47,17,28,10.558932855725288
base,text_decryption,47,78,28,16.14445823431015
base,text_decryption,47,86,14,6.449676334857941
base,text_decryption,47,123,55,32.427660159766674
base,text_decryption,47,73,23,4.30263052880764
base,text_decryption,47,25,27,4.632471900433302
base,text_decryption,47,61,37,19.43709745258093
base,text_decryption,47,63,11,4.278249189257622
base,text_decryption,47,126,65,53.25379651784897
base,text_decryption,47,118,18,7.2917016595602036
base,text_decryption,47,55,29,10.638532355427742
base,text_decryption,47,105,137,43.10675321891904
base,text_decryption,47,6,52,22.151522606611252
base,text_decryption,47,60,19,8.414642706513405
base,text_decryption,47,101,19,7.982124671339989
base,text_decryption,47,104,7,4.5711749792099
base,text_decryption,47,65,4,1.758648306131363
base,text_decryption,47,66,5,1.882650226354599
base,text_decryption,47,90,8,1.9545189514756203
base,text_decryption,47,27,12,10.454971432685852
base,text_decryption,47,8,45,21.33341060578823
base,text_decryption,47,72,27,6.489858619868755
base,text_decryption,47,112,6,2.180323578417301
base,text_decryption,47,93,23,13.016221821308136
base,text_decryption,47,117,25,9.827092230319977
base,text_decryption,47,57,5,1.6184919476509094
base,text_decryption,47,96,8,3.485837608575821
base,text_decryption,47,87,3,0.9295218288898468
base,text_decryption,47,99,4,0.8506606221199036
base,text_decryption,47,43,11,4.178563162684441
base,text_decryption,47,10,5,3.220881223678589
base,text_decryption,47,97,4,1.6731247007846832
base,text_decryption,47,69,5,1.2632417902350426
base,text_decryption,47,34,1,0.21851274371147156
base,text_decryption,47,35,2,0.33683905005455017
base,text_decryption,47,9,27,7.931844845414162
base,text_decryption,47,18,3,0.44153791666030884
base,text_decryption,47,120,31,14.86882084980607
base,text_decryption,47,0,51,23.751758694648743
base,text_decryption,47,29,5,1.3688139989972115
base,text_decryption,47,82,18,8.870693117380142
base,text_decryption,47,16,12,3.6799694150686264
base,text_decryption,47,83,11,4.852556139230728
base,text_decryption,47,39,1,0.21120458841323853
base,text_decryption,49,44,20,11.228249475359917
base,text_decryption,49,58,35,6.482230566442013
base,text_decryption,49,59,4,1.1648349165916443
base,text_decryption,49,92,17,3.3092776089906693
base,text_decryption,49,101,56,9.188529681414366
base,text_decryption,49,4,9,2.329843983054161
base,text_decryption,49,17,81,15.440420396625996
base,text_decryption,49,21,37,15.625739648938179
base,text_decryption,49,69,123,22.279868084937334
base,text_decryption,49,80,79,25.855948343873024
base,text_decryption,49,104,32,7.266674164682627
base,text_decryption,49,32,51,21.885316528379917
base,text_decryption,49,89,34,14.70127148926258
base,text_decryption,49,121,13,5.375684060156345
base,text_decryption,49,41,55,16.104001216590405
base,text_decryption,49,7,46,16.371126785874367
base,text_decryption,49,31,36,18.17068722844124
base,text_decryption,49,97,5,2.628626435995102
base,text_decryption,49,108,42,16.58564262650907
base,text_decryption,49,10,44,11.709463875740767
base,text_decryption,49,24,4,0.9455537050962448
base,text_decryption,49,46,38,16.394385673105717
base,text_decryption,49,74,94,32.630239218473434
base,text_decryption,49,16,10,8.689268916845322
base,text_decryption,49,11,12,4.3719499707221985
base,text_decryption,49,56,32,6.029192518442869
base,text_decryption,49,95,515,488.9819158166647
base,text_decryption,49,57,100,47.08024649322033
base,text_decryption,49,87,8,1.6870069578289986
base,text_decryption,49,100,18,3.900425985455513
base,text_decryption,49,22,45,10.418629944324493
base,text_decryption,49,77,80,27.20823958516121
base,text_decryption,49,105,33,10.179183468222618
base,text_decryption,49,19,5,1.3458552956581116
base,text_decryption,49,45,14,6.323956146836281
base,text_decryption,49,122,44,12.529338210821152
base,text_decryption,49,13,16,7.131782799959183
base,text_decryption,49,48,30,13.59204776585102
base,text_decryption,49,68,12,3.053847536444664
base,text_decryption,49,72,53,15.617103427648544
base,text_decryption,49,61,33,16.95984897762537
base,text_decryption,49,102,41,11.481558192521334
base,text_decryption,49,78,9,4.630809172987938
base,text_decryption,49,81,7,4.399324495345354
base,text_decryption,49,117,39,20.427174270153046
base,text_decryption,49,119,19,5.6132713705301285
base,text_decryption,49,29,7,3.015673443675041
base,text_decryption,49,36,20,5.4607044123113155
base,text_decryption,49,43,16,8.494339182972908
base,text_decryption,49,115,28,9.183308608829975
base,text_decryption,49,82,163,24.137622975744307
base,text_decryption,49,47,31,6.80857620947063
base,text_decryption,49,55,27,7.844241306185722
base,text_decryption,49,93,31,12.789162494242191
base,text_decryption,49,96,20,11.183740571141243
base,text_decryption,49,5,29,14.691644884645939
base,text_decryption,49,49,23,4.767760492861271
base,text_decryption,49,30,39,11.319731563329697
base,text_decryption,49,118,124,27.028433110564947
base,text_decryption,49,6,13,6.3307057321071625
base,text_decryption,49,70,43,30.59179623425007
base,text_decryption,49,40,11,3.572959616780281
base,text_decryption,49,0,32,6.370951380580664
base,text_decryption,49,3,22,9.752637773752213
base,text_decryption,49,106,6,1.0072671994566917
base,text_decryption,49,75,10,2.9056460559368134
base,text_decryption,49,76,11,4.218320839107037
base,text_decryption,49,98,20,4.022315876558423
base,text_decryption,49,88,30,6.14957520365715
base,text_decryption,49,65,39,9.574848003685474
base,text_decryption,49,63,5,0.6714056357741356
base,text_decryption,49,34,11,5.000468373298645
base,text_decryption,49,86,15,2.7084559872746468
base,text_decryption,49,125,9,2.1262366771698
base,text_decryption,49,42,5,4.0216986536979675
base,text_decryption,49,52,64,27.591976776719093
base,text_decryption,49,51,12,3.971097107976675
base,text_decryption,49,127,37,11.272752549499273
base,text_decryption,49,25,2,0.15393716841936111
base,text_decryption,49,15,73,35.57562739402056
base,text_decryption,49,111,30,5.738794771954417
base,text_decryption,49,64,21,3.340238392353058
base,text_decryption,49,39,7,2.0874569788575172
base,text_decryption,49,67,20,2.8815765529870987
base,text_decryption,49,35,17,11.453362107276917
base,text_decryption,49,107,21,11.808689922094345
base,text_decryption,49,33,13,5.989171735942364
base,text_decryption,49,120,61,24.43690960109234
base,text_decryption,49,12,11,4.434760615229607
base,text_decryption,49,83,1,0.5648675560951233
base,text_decryption,49,50,38,13.310149982571602
base,text_decryption,49,27,2,0.2586567923426628
base,text_decryption,49,53,13,4.9907804653048515
base,text_decryption,49,54,8,1.1315764635801315
base,text_decryption,49,73,1,0.7870692014694214
base,text_decryption,49,124,9,1.932648479938507
base,text_decryption,49,99,12,7.922430574893951
base,text_decryption,49,110,10,1.6173469573259354
base,text_decryption,49,126,3,2.1790520548820496
base,text_decryption,49,62,27,7.286017432808876
base,text_decryption,49,28,11,1.4836698211729527
base,text_decryption,49,94,5,1.1173968315124512
base,text_decryption,49,1,10,3.378726914525032
base,text_decryption,51,24,8,4.071184128522873
base,text_decryption,51,57,4,3.7838484048843384
base,text_decryption,51,79,17,5.956993319094181
base,text_decryption,51,83,8,8.117078468203545
base,text_decryption,51,96,11,2.548490472137928
base,text_decryption,51,53,76,8.020630858838558
base,text_decryption,51,2,36,12.697975244373083
base,text_decryption,51,17,36,10.144334629178047
base,text_decryption,51,90,94,31.462267050519586
base,text_decryption,51,100,12,4.401794500648975
base,text_decryption,51,106,38,15.252863846719265
base,text_decryption,51,95,24,5.005338951945305
base,text_decryption,51,26,21,4.891440968960524
base,text_decryption,51,36,502,315.072153352201
base,text_decryption,51,55,4,3.1016871333122253
base,text_decryption,51,116,25,6.954022068530321
base,text_decryption,51,15,52,18.158577054739
base,text_decryption,51,20,24,12.502315998077393
base,text_decryption,51,84,19,4.578638106584549
base,text_decryption,51,87,31,19.275671035051346
base,text_decryption,51,120,176,82.78082732856274
base,text_decryption,51,97,20,8.924965616315603
base,text_decryption,51,6,13,3.6245172098279
base,text_decryption,51,114,9,3.8258604407310486
base,text_decryption,51,115,10,5.7039371728897095
base,text_decryption,51,117,12,2.54406551271677
base,text_decryption,51,123,49,20.43097660690546
base,text_decryption,51,3,50,14.989141173660755
base,text_decryption,51,13,21,10.681530866771936
base,text_decryption,51,31,32,18.18653716146946
base,text_decryption,51,98,10,7.411712825298309
base,text_decryption,51,78,24,8.344331730157137
base,text_decryption,51,30,92,51.211213536560535
base,text_decryption,51,94,28,11.489365499466658
base,text_decryption,51,119,35,13.708829395473003
base,text_decryption,51,125,51,29.212144911289215
base,text_decryption,51,4,4,2.0821340084075928
base,text_decryption,51,69,9,2.9203113466501236
base,text_decryption,51,86,37,22.198525942862034
base,text_decryption,51,99,221,43.25064719282091
base,text_decryption,51,43,8,3.3768413066864014
base,text_decryption,51,64,18,7.191968649625778
base,text_decryption,51,66,15,4.097599387168884
base,text_decryption,51,75,12,2.9547591283917427
base,text_decryption,51,38,24,7.389632847160101
base,text_decryption,51,48,46,9.187050499022007
base,text_decryption,51,92,246,52.030506540089846
base,text_decryption,51,121,5,1.410895973443985
base,text_decryption,51,41,9,2.9529888331890106
base,text_decryption,51,67,105,29.604922633618116
base,text_decryption,51,45,8,2.1617171615362167
base,text_decryption,51,62,25,12.483345657587051
base,text_decryption,51,76,5,1.3801102042198181
base,text_decryption,51,109,20,5.262948475778103
base,text_decryption,51,112,34,31.303201414644718
base,text_decryption,51,61,24,11.177326124161482
base,text_decryption,51,82,23,15.564206056296825
base,text_decryption,51,111,13,10.587226271629333
base,text_decryption,51,101,18,10.088578529655933
base,text_decryption,51,14,4,0.6424656212329865
base,text_decryption,51,1,16,7.838280096650124
base,text_decryption,51,103,7,1.2339882403612137
base,text_decryption,51,35,99,52.07110816240311
base,text_decryption,51,58,33,8.052625015377998
base,text_decryption,51,74,39,14.179593987762928
base,text_decryption,51,44,28,8.956895738840103
base,text_decryption,51,7,25,2.999387316405773
base,text_decryption,51,70,52,31.84675981849432
base,text_decryption,51,118,32,24.22207399457693
base,text_decryption,51,10,16,3.877273216843605
base,text_decryption,51,104,11,8.1186608299613
base,text_decryption,51,126,20,7.099208112806082
base,text_decryption,51,46,36,36.00281089544296
base,text_decryption,51,124,1,0.251630574464798
base,text_decryption,51,72,7,1.8608939573168755
base,text_decryption,51,12,13,3.251196511089802
base,text_decryption,51,68,22,5.958191700279713
base,text_decryption,51,102,3,1.5047641173005104
base,text_decryption,51,60,15,3.32018880546093
base,text_decryption,51,113,6,2.5055088959634304
base,text_decryption,51,32,12,8.105527505278587
base,text_decryption,51,63,9,3.0727776512503624
base,text_decryption,51,21,26,12.133663207292557
base,text_decryption,51,9,72,10.958608229644597
base,text_decryption,51,37,3,0.5085839405655861
base,text_decryption,51,85,8,3.2486588954925537
base,text_decryption,51,105,11,1.8585507571697235
base,text_decryption,51,19,3,0.7761597037315369
base,text_decryption,51,89,12,1.3942083306610584
base,text_decryption,51,65,6,1.015875093638897
base,text_decryption,51,28,11,8.38217505812645
base,text_decryption,51,47,38,25.0217901840806
base,text_decryption,51,81,31,10.321836464107037
base,text_decryption,51,80,28,6.108649782836437
base,text_decryption,51,52,18,20.047058045864105
base,text_decryption,51,23,4,0.32711469382047653
base,text_decryption,51,29,12,2.401428245007992
base,text_decryption,51,0,25,8.2248914539814
base,text_decryption,51,91,27,10.747884690761566
base,text_decryption,51,40,4,1.3591189086437225
base,text_decryption,51,18,19,6.241327717900276
base,text_decryption,51,54,4,0.826116755604744
base,text_decryption,51,51,18,6.296847552061081
base,text_decryption,51,11,4,2.071432426571846
base,text_decryption,51,73,19,9.684770092368126
base,text_decryption,51,34,5,3.1069560647010803
base,text_decryption,51,33,18,3.3059723526239395
base,text_decryption,51,16,11,1.5073297321796417
base,text_decryption,51,22,11,7.511307492852211
base,text_decryption,51,71,8,3.717154875397682
base,text_decryption,51,59,8,0.9680131487548351
base,text_decryption,1,97,5,2.134851574897766
base,text_decryption,1,46,11,5.96773573756218
base,text_decryption,3,25,3,1.0163512229919434
base,text_decryption,3,124,6,2.7393042594194412
base,text_decryption,3,41,15,6.35684409737587
base,text_decryption,3,84,7,3.2613115310668945
base,text_decryption,3,20,2,0.5858977735042572
base,text_decryption,6,59,2,0.6774056255817413
base,text_decryption,6,18,6,1.694670855998993
base,text_decryption,6,51,10,4.097938001155853
base,text_decryption,6,46,4,1.4202903509140015
base,text_decryption,8,8,3,1.1843397617340088
base,text_decryption,8,13,23,7.32851380109787
base,text_decryption,8,96,7,2.6051100194454193
base,text_decryption,8,59,5,1.4963769316673279
base,text_decryption,8,103,4,1.3113652169704437
base,text_decryption,8,47,2,0.6694044470787048
base,text_decryption,8,120,2,0.623351663351059
base,text_decryption,8,97,3,1.1454425156116486
base,text_decryption,8,12,16,4.990030959248543
base,text_decryption,8,14,1,0.2730501592159271
base,text_decryption,8,52,10,3.2807589173316956
base,text_decryption,8,126,1,0.32302048802375793
base,text_decryption,10,112,12,4.9706306755542755
base,text_decryption,10,79,14,5.139968544244766
base,text_decryption,10,17,2,0.6797417104244232
base,text_decryption,10,31,4,1.5519975423812866
base,text_decryption,10,117,7,3.0017643570899963
base,text_decryption,10,42,5,1.99183189868927
base,text_decryption,10,9,1,0.3808819055557251
base,text_decryption,10,30,3,1.0329429507255554
base,text_decryption,10,10,3,1.1627934873104095
base,text_decryption,13,2,3,1.2215767204761505
base,text_decryption,13,20,7,2.458317279815674
base,text_decryption,13,36,25,8.057129934430122
base,text_decryption,13,82,6,1.8473999202251434
base,text_decryption,13,13,4,1.0472273528575897
base,text_decryption,13,65,7,2.7978582680225372
base,text_decryption,13,29,1,0.3234298527240753
base,text_decryption,13,10,3,0.9573970139026642
base,text_decryption,13,118,4,1.4479768574237823
base,text_decryption,13,49,2,0.8046677708625793
base,text_decryption,13,88,10,3.420389711856842
base,text_decryption,13,28,1,0.3224017918109894
base,text_decryption,15,40,3,0.8295825719833374
base,text_decryption,15,79,11,3.289462670683861
base,text_decryption,15,70,1,0.2482113242149353
base,text_decryption,15,65,9,2.6807150542736053
base,text_decryption,15,61,3,0.9852382242679596
base,text_decryption,15,53,2,0.5212002098560333
base,text_decryption,15,39,6,1.838746428489685
base,text_decryption,15,22,5,1.7314605712890625
base,text_decryption,15,114,1,0.30115559697151184
base,text_decryption,15,52,1,0.36185014247894287
base,text_decryption,15,37,3,0.8220049440860748
base,text_decryption,15,36,3,0.8200192749500275
base,text_decryption,17,99,1,0.5834934115409851
base,text_decryption,17,64,2,0.5487421900033951
base,text_decryption,17,35,2,0.6432639062404633
base,text_decryption,17,8,13,4.182716906070709
base,text_decryption,17,94,4,1.8020397126674652
base,text_decryption,17,17,3,0.613521620631218
base,text_decryption,17,97,2,0.881506085395813
base,text_decryption,20,123,1,0.38670969009399414
base,text_decryption,20,44,5,1.5591195821762085
base,text_decryption,20,112,3,1.0550564229488373
base,text_decryption,20,2,3,0.9016994535923004
base,text_decryption,22,28,2,0.6618411839008331
base,text_decryption,22,90,10,2.9269969165325165
base,text_decryption,22,27,3,1.111255943775177
base,text_decryption,22,75,4,1.2345011830329895
base,text_decryption,22,62,2,0.6972995698451996
base,text_decryption,22,26,1,0.29766517877578735
base,text_decryption,22,80,3,0.9750061333179474
base,text_decryption,24,124,12,3.2559746503829956
base,text_decryption,24,59,35,10.035892650485039
base,text_decryption,24,63,3,0.8176817893981934
base,text_decryption,24,72,2,0.5519590675830841
base,text_decryption,24,39,2,0.675142228603363
base,text_decryption,24,46,2,0.5855729877948761
base,text_decryption,24,10,1,0.23657678067684174
base,text_decryption,27,79,2,0.5417691469192505
base,text_decryption,27,111,13,4.16606742143631
base,text_decryption,27,103,1,0.40714484453201294
base,text_decryption,27,124,3,1.1351557075977325
base,text_decryption,27,122,5,1.5422619879245758
base,text_decryption,27,77,5,1.7411128282546997
base,text_decryption,27,5,6,2.400517523288727
base,text_decryption,27,61,2,0.6287187933921814
base,text_decryption,29,117,1,0.2805628776550293
base,text_decryption,29,93,3,0.9720902442932129
base,text_decryption,29,68,17,6.196912378072739
base,text_decryption,29,89,1,0.3668211102485657
base,text_decryption,29,7,4,1.4053190052509308
base,text_decryption,31,55,14,5.5084419548511505
base,text_decryption,31,53,3,0.8786437809467316
base,text_decryption,31,115,2,0.5549120903015137
base,text_decryption,31,77,1,0.29390430450439453
base,text_decryption,31,20,1,0.3480682969093323
base,text_decryption,31,8,1,0.3486154079437256
base,text_decryption,31,31,4,1.2974058389663696
base,text_decryption,31,83,1,0.30633676052093506
base,text_decryption,31,24,2,0.6552517414093018
base,text_decryption,31,97,2,0.6984903812408447
base,text_decryption,34,85,1,0.3156813383102417
base,text_decryption,34,89,2,0.590286135673523
base,text_decryption,34,11,2,0.6260867863893509
base,text_decryption,34,51,2,0.7070588767528534
base,text_decryption,34,40,3,0.901024729013443
base,text_decryption,34,74,2,0.5789794921875
base,text_decryption,36,127,2,0.5847569704055786
base,text_decryption,36,90,6,2.746998608112335
base,text_decryption,36,37,2,0.7072461545467377
base,text_decryption,36,20,16,5.191316485404968
base,text_decryption,36,30,5,1.3119633048772812
base,text_decryption,36,70,5,1.3716589510440826
base,text_decryption,36,13,1,0.27127084136009216
base,text_decryption,36,96,2,1.046741783618927
base,text_decryption,36,65,11,5.006151512265205
base,text_decryption,36,73,1,0.4489392340183258
base,text_decryption,36,92,6,4.529388606548309
base,text_decryption,38,87,2,0.7336111664772034
base,text_decryption,38,27,2,0.6295984387397766
base,text_decryption,38,79,1,0.2886388599872589
base,text_decryption,38,64,3,1.0706202983856201
base,text_decryption,40,77,1,0.20563386380672455
base,text_decryption,40,24,2,0.46202534437179565
base,text_decryption,40,54,1,0.195532888174057
base,text_decryption,40,42,13,5.020619183778763
base,text_decryption,40,22,4,1.5748891234397888
base,text_decryption,40,99,8,5.680050373077393
base,text_decryption,40,57,7,2.026437446475029
base,text_decryption,40,17,1,0.32718873023986816
base,text_decryption,40,118,1,0.33713555335998535
base,text_decryption,40,72,2,0.3020975738763809
base,text_decryption,40,79,2,0.6407240629196167
base,text_decryption,40,106,2,0.48327526450157166
base,text_decryption,40,82,5,1.6845653653144836
base,text_decryption,43,46,25,11.67026436328888
base,text_decryption,43,122,1,0.6195952892303467
base,text_decryption,43,126,2,0.42092515528202057
base,text_decryption,43,39,18,12.397723764181137
base,text_decryption,43,121,1,0.19945783913135529
base,text_decryption,43,3,1,0.19847340881824493
base,text_decryption,43,42,2,0.667508989572525
base,text_decryption,43,10,1,0.267331600189209
base,text_decryption,43,57,2,0.7361055910587311
base,text_decryption,43,80,2,0.5189367681741714
base,text_decryption,43,50,4,0.95274518430233
base,text_decryption,43,32,1,0.16586479544639587
base,text_decryption,45,72,7,1.0468338951468468
base,text_decryption,45,79,2,0.9064485728740692
base,text_decryption,45,111,12,5.24894605576992
base,text_decryption,45,96,2,0.4235917329788208
base,text_decryption,45,80,24,17.4540074467659
base,text_decryption,45,35,2,0.574558898806572
base,text_decryption,45,13,1,0.7359784841537476
base,text_decryption,45,5,6,1.3520359098911285
base,text_decryption,45,70,2,0.35151174664497375
base,text_decryption,47,84,2,0.5109235942363739
base,text_decryption,47,26,7,0.8018532767891884
base,text_decryption,47,64,8,4.07121704518795
base,text_decryption,47,107,7,3.78877055644989
base,text_decryption,47,119,16,2.60518791154027
base,text_decryption,47,76,2,1.5715268850326538
base,text_decryption,47,81,1,0.5489253997802734
base,text_decryption,47,122,2,0.7929996848106384
base,text_decryption,47,74,4,0.5095696747303009
base,text_decryption,47,3,1,0.7169907689094543
base,text_decryption,49,2,13,2.4835581108927727
base,text_decryption,49,38,11,1.7561411894857883
base,text_decryption,49,66,21,14.550953559577465
base,text_decryption,49,116,5,2.0061269402503967
base,text_decryption,49,103,2,0.27956221997737885
base,text_decryption,49,123,8,1.899901419878006
base,text_decryption,49,26,4,2.423787385225296
base,text_decryption,49,37,2,0.4999077469110489
base,text_decryption,49,112,11,3.3521446213126183
base,text_decryption,49,84,2,0.24205520749092102
base,text_decryption,49,109,2,0.3484019488096237
base,text_decryption,51,127,12,9.870987221598625
base,text_decryption,51,108,11,1.8114945888519287
base,text_decryption,51,88,10,2.0712155997753143
base,text_decryption,51,50,2,0.39402709901332855
base,text_decryption,51,93,7,2.7641420364379883
base,text_decryption,51,56,2,0.3881964683532715
base,text_decryption,1,48,2,0.9450569748878479
base,text_decryption,6,50,5,1.386113554239273
base,text_decryption,6,72,1,0.4219033718109131
base,text_decryption,6,64,1,0.3079085946083069
base,text_decryption,6,53,2,0.6451825201511383
base,text_decryption,8,1,3,0.9394503533840179
base,text_decryption,8,85,12,3.904632955789566
base,text_decryption,8,3,2,0.5678537786006927
base,text_decryption,8,98,1,0.2430662363767624
base,text_decryption,10,50,9,3.5920728147029877
base,text_decryption,10,22,1,0.371613472700119
base,text_decryption,10,76,3,1.1582010686397552
base,text_decryption,10,92,1,0.35485386848449707
base,text_decryption,10,88,5,2.0432738959789276
base,text_decryption,10,36,2,0.8656629920005798
base,text_decryption,10,55,1,0.45754238963127136
base,text_decryption,10,84,2,0.5922752320766449
base,text_decryption,10,18,2,0.8546790778636932
base,text_decryption,13,54,3,0.8915848135948181
base,text_decryption,13,117,5,1.9368745684623718
base,text_decryption,13,39,3,1.0106543898582458
base,text_decryption,13,43,1,0.5645977258682251
base,text_decryption,13,47,2,0.7433836460113525
base,text_decryption,15,90,1,0.34213995933532715
base,text_decryption,15,58,4,1.401966005563736
base,text_decryption,15,60,2,0.5228584706783295
base,text_decryption,15,112,4,1.172513797879219
base,text_decryption,15,29,1,0.2972644865512848
base,text_decryption,17,122,1,0.4259837865829468
base,text_decryption,20,11,3,1.0083714127540588
base,text_decryption,24,57,2,0.49445754289627075
base,text_decryption,24,0,1,0.310978502035141
base,text_decryption,24,88,1,0.26989611983299255
base,text_decryption,27,118,3,0.9065684378147125
base,text_decryption,27,18,1,0.34935954213142395
base,text_decryption,27,1,1,0.3460097312927246
base,text_decryption,29,57,1,0.2236492782831192
base,text_decryption,29,31,3,1.0761145949363708
base,text_decryption,29,61,1,0.5624531507492065
base,text_decryption,29,122,1,0.48067808151245117
base,text_decryption,29,65,2,0.7509998977184296
base,text_decryption,29,69,2,0.8778083324432373
base,text_decryption,31,25,2,0.6884322166442871
base,text_decryption,31,41,1,0.5995015501976013
base,text_decryption,31,85,3,1.0789533257484436
base,text_decryption,34,8,1,0.3978206217288971
base,text_decryption,36,49,6,1.5070250183343887
base,text_decryption,36,51,1,0.38792890310287476
base,text_decryption,38,97,2,0.6322978138923645
base,text_decryption,38,54,1,0.3591207265853882
base,text_decryption,38,56,1,0.30962106585502625
base,text_decryption,38,78,2,0.824371725320816
base,text_decryption,38,49,1,0.3942839801311493
base,text_decryption,38,67,1,0.30500832200050354
base,text_decryption,40,124,4,1.0194236040115356
base,text_decryption,40,19,3,0.8815435469150543
base,text_decryption,40,10,1,0.5490910410881042
base,text_decryption,43,99,3,0.4565534144639969
base,text_decryption,43,59,1,0.6590486764907837
base,text_decryption,45,19,2,0.2524303272366524
base,text_decryption,45,14,3,1.016183316707611
base,text_decryption,45,61,1,0.18723167479038239
base,text_decryption,47,58,4,0.8346094042062759
base,text_decryption,47,77,17,21.121705383062363
base,text_decryption,47,13,5,3.279740631580353
base,text_decryption,47,85,2,2.2486164569854736
base,text_decryption,47,109,1,0.4025629162788391
base,text_decryption,47,125,1,0.2983354926109314
base,text_decryption,47,50,1,0.12315548956394196
base,text_decryption,49,14,19,7.591137394309044
base,text_decryption,49,18,3,0.4162277430295944
base,text_decryption,49,90,3,0.4806891605257988
base,text_decryption,49,20,2,0.5270819664001465
base,text_decryption,49,79,9,2.6291418112814426
base,text_decryption,49,114,1,0.6879788041114807
base,text_decryption,49,85,2,0.5299703627824783
base,text_decryption,51,110,2,0.4292076528072357
base,text_decryption,51,77,1,0.4993335008621216
base,text_decryption,51,25,2,0.18458721786737442
base,text_decryption,6,17,1,0.35510432720184326
base,text_decryption,6,42,1,0.4041695296764374
base,text_decryption,8,124,2,0.682440996170044
base,text_decryption,8,99,1,0.3667047321796417
base,text_decryption,8,102,1,0.25827163457870483
base,text_decryption,8,121,2,0.5979742705821991
base,text_decryption,8,6,2,0.6802554726600647
base,text_decryption,8,114,1,0.36023569107055664
base,text_decryption,10,90,1,0.3210604190826416
base,text_decryption,13,126,2,0.6837316155433655
base,text_decryption,13,121,2,0.7540208697319031
base,text_decryption,13,113,2,0.6573629081249237
base,text_decryption,13,107,2,0.826652318239212
base,text_decryption,15,116,1,0.28891515731811523
base,text_decryption,15,43,1,0.31094950437545776
base,text_decryption,15,23,2,0.6188792884349823
base,text_decryption,15,104,1,0.2309180200099945
base,text_decryption,15,19,1,0.30130666494369507
base,text_decryption,17,120,1,0.36907070875167847
base,text_decryption,17,2,1,0.43665528297424316
base,text_decryption,20,110,1,0.2332836240530014
base,text_decryption,20,46,1,0.4077135920524597
base,text_decryption,20,25,1,0.31934231519699097
base,text_decryption,22,125,1,0.2454438954591751
base,text_decryption,22,66,4,1.222489818930626
base,text_decryption,22,20,1,0.3010999858379364
base,text_decryption,22,5,1,0.30929240584373474
base,text_decryption,24,8,1,0.27856892347335815
base,text_decryption,24,118,1,0.30627158284187317
base,text_decryption,24,22,1,0.26979219913482666
base,text_decryption,27,115,1,0.22059275209903717
base,text_decryption,27,126,1,0.3448527753353119
base,text_decryption,27,36,1,0.3250972628593445
base,text_decryption,27,110,1,0.360300213098526
base,text_decryption,29,58,1,0.3264821767807007
base,text_decryption,29,12,2,0.6664461493492126
base,text_decryption,29,9,1,0.28345945477485657
base,text_decryption,31,54,1,0.36434265971183777
base,text_decryption,34,5,1,0.3341613709926605
base,text_decryption,34,125,1,0.3874055743217468
base,text_decryption,34,16,1,0.3594801127910614
base,text_decryption,34,79,1,0.3964954912662506
base,text_decryption,34,96,1,0.3588537871837616
base,text_decryption,36,60,1,0.23289324343204498
base,text_decryption,36,88,1,0.2993106245994568
base,text_decryption,36,101,1,0.24416539072990417
base,text_decryption,36,115,1,0.3657899498939514
base,text_decryption,38,95,2,0.5588162541389465
base,text_decryption,38,127,1,0.4002780318260193
base,text_decryption,38,121,1,0.18856854736804962
base,text_decryption,40,76,2,0.8131226301193237
base,text_decryption,43,111,1,0.31071436405181885
base,text_decryption,43,18,1,0.15602384507656097
base,text_decryption,43,71,1,0.5278786420822144
base,text_decryption,43,114,1,0.24666787683963776
base,text_decryption,43,89,2,0.36478978395462036
base,text_decryption,45,93,2,1.1308360993862152
base,text_decryption,45,92,2,0.4717384874820709
base,text_decryption,45,62,1,0.6187785267829895
base,text_decryption,45,77,1,0.7862067222595215
base,text_decryption,45,125,1,0.16677117347717285
base,text_decryption,47,44,1,0.23315393924713135
base,text_decryption,49,60,1,0.022670883685350418
base,text_decryption,51,122,7,6.995753027498722
base,text_decryption,51,49,1,0.321048378944397
base,unit_conversion,1,11,12,4.121108174324036
base,unit_conversion,1,34,16,7.668467193841934
base,unit_conversion,1,69,21,10.767058432102203
base,unit_conversion,1,74,25,11.49769988656044
base,unit_conversion,1,113,18,7.2406434416770935
base,unit_conversion,1,24,60,25.088401347398758
base,unit_conversion,1,12,48,19.330809712409973
base,unit_conversion,1,29,15,5.882744640111923
base,unit_conversion,1,45,27,9.435120344161987
base,unit_conversion,1,57,16,7.536230653524399
base,unit_conversion,1,119,32,10.654327869415283
base,unit_conversion,1,6,39,13.018746241927147
base,unit_conversion,1,1,14,5.4925858080387115
base,unit_conversion,1,8,33,12.46844032406807
base,unit_conversion,1,9,25,8.919102758169174
base,unit_conversion,1,64,33,13.377225995063782
base,unit_conversion,1,85,36,17.04236075282097
base,unit_conversion,1,15,17,5.412376210093498
base,unit_conversion,1,54,20,8.155482292175293
base,unit_conversion,1,117,31,12.693848550319672
base,unit_conversion,1,60,4,1.6987690925598145
base,unit_conversion,1,110,25,10.73086878657341
base,unit_conversion,1,125,18,8.538105130195618
base,unit_conversion,1,94,41,18.340595543384552
base,unit_conversion,1,55,28,12.049984633922577
base,unit_conversion,1,83,21,7.192566990852356
base,unit_conversion,1,120,20,7.958296716213226
base,unit_conversion,1,39,8,2.90805384516716
base,unit_conversion,1,7,27,12.473686665296555
base,unit_conversion,1,41,26,11.759790062904358
base,unit_conversion,1,101,17,6.040873646736145
base,unit_conversion,1,31,36,16.251867562532425
base,unit_conversion,1,43,18,7.195666581392288
base,unit_conversion,1,76,36,14.927299946546555
base,unit_conversion,1,121,6,3.110284745693207
base,unit_conversion,1,93,61,23.467012241482735
base,unit_conversion,1,0,12,3.72497496008873
base,unit_conversion,1,4,10,5.061935782432556
base,unit_conversion,1,62,30,14.1904818713665
base,unit_conversion,1,86,4,0.7833817601203918
base,unit_conversion,1,22,14,4.783381372690201
base,unit_conversion,1,68,73,27.61316379904747
base,unit_conversion,1,126,12,5.509296327829361
base,unit_conversion,1,75,33,15.475528120994568
base,unit_conversion,1,92,27,14.98353973031044
base,unit_conversion,1,105,15,5.005587801337242
base,unit_conversion,1,47,10,4.838121116161346
base,unit_conversion,1,30,4,1.666045069694519
base,unit_conversion,1,32,8,4.138302147388458
base,unit_conversion,1,38,47,20.580222427845
base,unit_conversion,1,91,22,8.482009083032608
base,unit_conversion,1,109,50,22.710472762584686
base,unit_conversion,1,2,14,5.508887737989426
base,unit_conversion,1,19,5,1.8280016779899597
base,unit_conversion,1,53,33,14.02893242239952
base,unit_conversion,1,77,27,13.182992190122604
base,unit_conversion,1,89,12,4.507781386375427
base,unit_conversion,1,28,5,1.8045884668827057
base,unit_conversion,1,36,58,26.879429876804352
base,unit_conversion,1,116,36,16.104245454072952
base,unit_conversion,1,27,33,13.592634320259094
base,unit_conversion,1,58,28,12.195871710777283
base,unit_conversion,1,114,13,4.643207103013992
base,unit_conversion,1,40,26,11.483079850673676
base,unit_conversion,1,56,19,7.819922000169754
base,unit_conversion,1,65,16,6.155284285545349
base,unit_conversion,1,81,18,5.864824950695038
base,unit_conversion,1,103,47,18.589719653129578
base,unit_conversion,1,127,6,1.9764340817928314
base,unit_conversion,1,82,22,7.221005409955978
base,unit_conversion,1,98,13,5.004411309957504
base,unit_conversion,1,124,23,9.436138570308685
base,unit_conversion,1,14,29,12.285019963979721
base,unit_conversion,1,99,21,9.991881489753723
base,unit_conversion,1,50,25,10.393089711666107
base,unit_conversion,1,52,23,9.466053634881973
base,unit_conversion,1,5,49,18.37276390194893
base,unit_conversion,1,13,47,20.812037408351898
base,unit_conversion,1,96,13,5.254535913467407
base,unit_conversion,1,67,12,6.571046978235245
base,unit_conversion,1,71,18,6.43758362531662
base,unit_conversion,1,84,58,30.158823937177658
base,unit_conversion,1,106,29,12.06007906794548
base,unit_conversion,1,20,41,16.342914909124374
base,unit_conversion,1,46,4,1.2309996485710144
base,unit_conversion,1,104,32,13.894480049610138
base,unit_conversion,1,80,38,17.452394753694534
base,unit_conversion,1,97,20,7.058015674352646
base,unit_conversion,1,123,30,13.476812303066254
base,unit_conversion,1,33,18,7.526354134082794
base,unit_conversion,1,21,35,12.886886179447174
base,unit_conversion,1,37,22,8.791406840085983
base,unit_conversion,1,44,22,9.092002004384995
base,unit_conversion,1,17,18,5.675408124923706
base,unit_conversion,1,70,10,3.3733694553375244
base,unit_conversion,1,51,14,7.062320858240128
base,unit_conversion,1,112,31,11.077338129281998
base,unit_conversion,1,115,8,3.885134756565094
base,unit_conversion,1,18,14,5.943761393427849
base,unit_conversion,1,73,10,5.187143683433533
base,unit_conversion,1,100,26,11.046987533569336
base,unit_conversion,1,3,8,2.6844162344932556
base,unit_conversion,1,16,18,8.585455000400543
base,unit_conversion,1,35,2,0.6891596615314484
base,unit_conversion,1,90,11,3.971834272146225
base,unit_conversion,1,23,6,2.115472674369812
base,unit_conversion,1,26,11,4.33451122045517
base,unit_conversion,1,108,25,9.851851433515549
base,unit_conversion,1,122,27,10.46661239862442
base,unit_conversion,1,25,12,6.047930181026459
base,unit_conversion,1,61,4,2.2209495306015015
base,unit_conversion,1,118,12,4.08697047829628
base,unit_conversion,1,48,4,1.935600906610489
base,unit_conversion,1,66,4,1.2825750410556793
base,unit_conversion,1,72,8,2.954445868730545
base,unit_conversion,1,59,8,3.7420693039894104
base,unit_conversion,1,10,3,1.3257325291633606
base,unit_conversion,1,102,12,6.884967058897018
base,unit_conversion,1,78,10,4.28977644443512
base,unit_conversion,1,63,4,0.8411756902933121
base,unit_conversion,1,111,4,1.0870381295681
base,unit_conversion,3,5,43,14.232825517654419
base,unit_conversion,3,46,16,7.429005831480026
base,unit_conversion,3,58,26,9.406581223011017
base,unit_conversion,3,119,32,16.77671781182289
base,unit_conversion,3,125,20,9.208521246910095
base,unit_conversion,3,69,8,3.951741874217987
base,unit_conversion,3,7,37,15.446806401014328
base,unit_conversion,3,28,14,6.3120958507061005
base,unit_conversion,3,55,24,11.691590398550034
base,unit_conversion,3,70,4,0.7650584876537323
base,unit_conversion,3,79,16,7.3635629415512085
base,unit_conversion,3,9,55,22.17763003706932
base,unit_conversion,3,1,21,8.0001709908247
base,unit_conversion,3,99,27,10.796910375356674
base,unit_conversion,3,101,14,6.236478328704834
base,unit_conversion,3,113,35,15.13674384355545
base,unit_conversion,3,42,18,8.021370649337769
base,unit_conversion,3,64,26,12.189667373895645
base,unit_conversion,3,100,20,6.213064610958099
base,unit_conversion,3,123,10,5.245541334152222
base,unit_conversion,3,103,13,3.934438854455948
base,unit_conversion,3,38,20,7.358388155698776
base,unit_conversion,3,126,21,9.054661571979523
base,unit_conversion,3,30,12,4.548143625259399
base,unit_conversion,3,35,10,4.327096223831177
base,unit_conversion,3,67,9,3.7394337952136993
base,unit_conversion,3,93,18,7.7970379292964935
base,unit_conversion,3,105,10,2.8428923189640045
base,unit_conversion,3,108,41,18.10001850128174
base,unit_conversion,3,3,4,1.7755972146987915
base,unit_conversion,3,72,42,18.716018944978714
base,unit_conversion,3,122,35,14.895746499300003
base,unit_conversion,3,2,28,9.599580362439156
base,unit_conversion,3,13,11,3.094439595937729
base,unit_conversion,3,118,12,5.818491727113724
base,unit_conversion,3,102,27,8.48213130235672
base,unit_conversion,3,4,47,19.687197402119637
base,unit_conversion,3,8,39,16.661934331059456
base,unit_conversion,3,14,8,1.9126548767089844
base,unit_conversion,3,80,8,2.515673667192459
base,unit_conversion,3,12,23,10.27640563249588
base,unit_conversion,3,23,5,1.6274855136871338
base,unit_conversion,3,60,40,18.801122426986694
base,unit_conversion,3,63,6,1.82264906167984
base,unit_conversion,3,86,17,8.05993789434433
base,unit_conversion,3,109,31,11.15793913602829
base,unit_conversion,3,37,59,29.16718617081642
base,unit_conversion,3,94,61,25.636006623506546
base,unit_conversion,3,120,49,25.496513456106186
base,unit_conversion,3,32,13,4.912577450275421
base,unit_conversion,3,48,16,7.733593165874481
base,unit_conversion,3,71,30,12.919380009174347
base,unit_conversion,3,87,27,10.320288226008415
base,unit_conversion,3,11,31,14.54324808716774
base,unit_conversion,3,15,12,4.2627920508384705
base,unit_conversion,3,34,4,1.024686485528946
base,unit_conversion,3,73,37,14.335878804326057
base,unit_conversion,3,92,4,1.3821458220481873
base,unit_conversion,3,77,11,2.552340939640999
base,unit_conversion,3,6,19,8.306761771440506
base,unit_conversion,3,75,46,17.652521654963493
base,unit_conversion,3,45,28,10.642048716545105
base,unit_conversion,3,49,14,6.233819752931595
base,unit_conversion,3,56,23,8.948764383792877
base,unit_conversion,3,121,9,2.8124208748340607
base,unit_conversion,3,104,26,9.111758470535278
base,unit_conversion,3,10,12,7.057510256767273
base,unit_conversion,3,16,29,11.536557614803314
base,unit_conversion,3,33,5,1.2846420109272003
base,unit_conversion,3,51,33,14.870297968387604
base,unit_conversion,3,44,33,14.542905479669571
base,unit_conversion,3,62,68,24.11634624004364
base,unit_conversion,3,52,33,12.1175606995821
base,unit_conversion,3,54,24,12.729777604341507
base,unit_conversion,3,95,38,16.20814147591591
base,unit_conversion,3,115,45,20.62439313530922
base,unit_conversion,3,117,31,15.63379642367363
base,unit_conversion,3,0,38,19.72317948937416
base,unit_conversion,3,31,15,6.013108283281326
base,unit_conversion,3,114,27,10.9461610019207
base,unit_conversion,3,29,19,6.005714982748032
base,unit_conversion,3,41,11,4.955146670341492
base,unit_conversion,3,20,14,5.613116532564163
base,unit_conversion,3,83,34,18.435333788394928
base,unit_conversion,3,21,22,11.83148455619812
base,unit_conversion,3,53,19,5.669992014765739
base,unit_conversion,3,61,22,7.527983114123344
base,unit_conversion,3,17,23,9.339068323373795
base,unit_conversion,3,36,28,10.09778705239296
base,unit_conversion,3,98,20,7.842202514410019
base,unit_conversion,3,76,25,10.224090248346329
base,unit_conversion,3,82,12,4.230610758066177
base,unit_conversion,3,85,37,15.524685084819794
base,unit_conversion,3,84,14,5.227238565683365
base,unit_conversion,3,96,13,3.968586951494217
base,unit_conversion,3,81,23,9.031043022871017
base,unit_conversion,3,106,11,3.496359556913376
base,unit_conversion,3,40,11,4.203361123800278
base,unit_conversion,3,59,8,3.2632557451725006
base,unit_conversion,3,116,40,18.032662570476532
base,unit_conversion,3,88,11,3.348974585533142
base,unit_conversion,3,89,3,1.2031867504119873
base,unit_conversion,3,107,25,9.068515807390213
base,unit_conversion,3,78,32,9.927376985549927
base,unit_conversion,3,19,32,15.61599001288414
base,unit_conversion,3,111,1,0.31174468994140625
base,unit_conversion,3,68,23,10.360438227653503
base,unit_conversion,3,43,7,1.6161437779664993
base,unit_conversion,3,74,36,16.583593547344208
base,unit_conversion,3,110,24,12.647707402706146
base,unit_conversion,3,18,18,6.8166018426418304
base,unit_conversion,3,25,1,0.3562783896923065
base,unit_conversion,3,112,21,9.117667987942696
base,unit_conversion,3,47,16,6.264462769031525
base,unit_conversion,3,91,2,0.8690530061721802
base,unit_conversion,3,124,13,5.278889864683151
base,unit_conversion,3,26,11,4.097600191831589
base,unit_conversion,3,24,11,5.172171533107758
base,unit_conversion,3,127,10,3.547216534614563
base,unit_conversion,3,97,5,2.733408659696579
base,unit_conversion,3,90,12,6.2666929960250854
base,unit_conversion,6,13,44,18.26807101070881
base,unit_conversion,6,70,21,7.437603455036879
base,unit_conversion,6,81,30,7.731585247442126
base,unit_conversion,6,96,42,14.42565169557929
base,unit_conversion,6,108,25,29.58122143149376
base,unit_conversion,6,92,28,5.327821087092161
base,unit_conversion,6,20,9,3.1422181874513626
base,unit_conversion,6,55,8,3.7302613258361816
base,unit_conversion,6,62,25,8.536887809634209
base,unit_conversion,6,106,121,53.52138203382492
base,unit_conversion,6,116,32,12.093542084097862
base,unit_conversion,6,16,4,1.164946436882019
base,unit_conversion,6,27,35,12.457410842180252
base,unit_conversion,6,29,51,20.55913370847702
base,unit_conversion,6,30,9,3.9451701939105988
base,unit_conversion,6,71,4,1.9657553732395172
base,unit_conversion,6,114,8,3.8225694596767426
base,unit_conversion,6,124,43,13.553693443536758
base,unit_conversion,6,19,15,6.60129714012146
base,unit_conversion,6,31,12,3.826371818780899
base,unit_conversion,6,122,9,2.4907442331314087
base,unit_conversion,6,8,10,3.24659126996994
base,unit_conversion,6,54,4,2.3423590064048767
base,unit_conversion,6,126,4,1.5323400497436523
base,unit_conversion,6,65,6,1.8526647686958313
base,unit_conversion,6,12,41,12.688548654317856
base,unit_conversion,6,45,33,13.965993285179138
base,unit_conversion,6,73,16,7.490463763475418
base,unit_conversion,6,79,4,2.591882824897766
base,unit_conversion,6,107,64,24.144210323691368
base,unit_conversion,6,11,4,2.9170300364494324
base,unit_conversion,6,50,4,3.177724838256836
base,unit_conversion,6,99,14,4.681352466344833
base,unit_conversion,6,111,35,13.437806487083435
base,unit_conversion,6,40,13,6.388566046953201
base,unit_conversion,6,95,22,11.311122059822083
base,unit_conversion,6,102,26,7.830053240060806
base,unit_conversion,6,103,20,8.137956738471985
base,unit_conversion,6,15,70,31.247046619653702
base,unit_conversion,6,117,41,16.583108201622963
base,unit_conversion,6,118,4,2.1266963481903076
base,unit_conversion,6,14,18,10.946865916252136
base,unit_conversion,6,26,26,12.497808873653412
base,unit_conversion,6,41,28,10.310692802071571
base,unit_conversion,6,78,5,1.3832637667655945
base,unit_conversion,6,75,41,21.14761070907116
base,unit_conversion,6,56,39,20.187597781419754
base,unit_conversion,6,5,7,2.4382130205631256
base,unit_conversion,6,18,9,4.122092664241791
base,unit_conversion,6,84,4,1.7483032643795013
base,unit_conversion,6,33,56,20.287044316530228
base,unit_conversion,6,34,34,11.085605967789888
base,unit_conversion,6,105,14,4.925380637869239
base,unit_conversion,6,123,4,0.07509379647672176
base,unit_conversion,6,9,10,4.484735995531082
base,unit_conversion,6,52,61,22.654867440462112
base,unit_conversion,6,74,12,5.473118543624878
base,unit_conversion,6,58,64,24.485573157668114
base,unit_conversion,6,32,10,5.0585485845804214
base,unit_conversion,6,44,27,12.645709306001663
base,unit_conversion,6,77,5,1.4859797060489655
base,unit_conversion,6,47,93,44.51293084025383
base,unit_conversion,6,89,19,6.59993639588356
base,unit_conversion,6,93,46,18.201142758131027
base,unit_conversion,6,109,46,21.132693707942963
base,unit_conversion,6,23,73,32.735462576150894
base,unit_conversion,6,115,39,23.40638893842697
base,unit_conversion,6,110,60,30.95186585187912
base,unit_conversion,6,36,28,12.097275972366333
base,unit_conversion,6,2,19,7.369850903749466
base,unit_conversion,6,6,18,9.993897080421448
base,unit_conversion,6,127,39,18.405134350061417
base,unit_conversion,6,7,61,25.62827278673649
base,unit_conversion,6,66,30,9.860045552253723
base,unit_conversion,6,37,41,18.682619392871857
base,unit_conversion,6,76,16,8.61118769645691
base,unit_conversion,6,67,52,22.113427370786667
base,unit_conversion,6,22,24,9.710125043988228
base,unit_conversion,6,119,1,0.28817781805992126
base,unit_conversion,6,49,25,10.413977175951004
base,unit_conversion,6,120,32,12.678926140069962
base,unit_conversion,6,0,6,3.3163976669311523
base,unit_conversion,6,38,44,16.328838020563126
base,unit_conversion,6,97,26,8.640174359083176
base,unit_conversion,6,113,11,3.493104338645935
base,unit_conversion,6,86,18,5.85522323846817
base,unit_conversion,6,80,25,11.17284843325615
base,unit_conversion,6,25,20,7.795502692461014
base,unit_conversion,6,125,12,5.555348634719849
base,unit_conversion,6,83,21,7.605141341686249
base,unit_conversion,6,60,12,4.150376841425896
base,unit_conversion,6,42,6,2.028506636619568
base,unit_conversion,6,98,7,2.1645843386650085
base,unit_conversion,6,46,6,2.317701041698456
base,unit_conversion,6,82,14,3.804759994149208
base,unit_conversion,6,48,15,5.3854935467243195
base,unit_conversion,6,57,18,7.385675728321075
base,unit_conversion,6,1,19,6.750826746225357
base,unit_conversion,6,68,11,3.376543402671814
base,unit_conversion,6,17,1,0.24925076961517334
base,unit_conversion,6,91,10,3.615323305130005
base,unit_conversion,6,61,10,3.5716599822044373
base,unit_conversion,6,121,11,4.065849483013153
base,unit_conversion,6,100,14,3.839329242706299
base,unit_conversion,6,69,32,14.43794572353363
base,unit_conversion,6,87,20,10.327563807368279
base,unit_conversion,6,94,4,1.0345856547355652
base,unit_conversion,6,104,5,2.810663163661957
base,unit_conversion,6,21,3,0.6194086819887161
base,unit_conversion,6,101,6,1.8242468386888504
base,unit_conversion,6,88,4,2.6774810552597046
base,unit_conversion,6,28,1,0.3745158314704895
base,unit_conversion,6,4,5,1.6775825023651123
base,unit_conversion,6,39,4,1.3984073102474213
base,unit_conversion,6,24,4,1.4558729231357574
base,unit_conversion,8,50,5,2.17635977268219
base,unit_conversion,8,64,4,1.6188134551048279
base,unit_conversion,8,90,86,31.98377951979637
base,unit_conversion,8,91,5,2.1936392784118652
base,unit_conversion,8,109,21,8.224824279546738
base,unit_conversion,8,111,12,4.276993066072464
base,unit_conversion,8,42,5,2.4038150906562805
base,unit_conversion,8,65,4,2.0137954354286194
base,unit_conversion,8,76,28,11.119620949029922
base,unit_conversion,8,92,30,13.054422676563263
base,unit_conversion,8,117,96,40.549769937992096
base,unit_conversion,8,118,25,10.035415917634964
base,unit_conversion,8,9,57,31.41500774025917
base,unit_conversion,8,60,20,8.061847299337387
base,unit_conversion,8,66,4,1.4855145812034607
base,unit_conversion,8,72,20,8.151095777750015
base,unit_conversion,8,101,51,20.783934742212296
base,unit_conversion,8,88,82,30.82350966334343
base,unit_conversion,8,100,13,5.5266667902469635
base,unit_conversion,8,11,262,127.10653060674667
base,unit_conversion,8,24,4,0.8596740216016769
base,unit_conversion,8,69,108,40.034454703330994
base,unit_conversion,8,61,46,17.196747466921806
base,unit_conversion,8,38,11,3.8573192059993744
base,unit_conversion,8,78,19,8.89660993218422
base,unit_conversion,8,94,7,3.015273541212082
base,unit_conversion,8,49,21,6.622610419988632
base,unit_conversion,8,116,17,6.663971036672592
base,unit_conversion,8,95,4,1.3471808433532715
base,unit_conversion,8,1,12,5.487717628479004
base,unit_conversion,8,10,296,153.3412674665451
base,unit_conversion,8,18,21,7.1741770803928375
base,unit_conversion,8,87,5,1.7979632914066315
base,unit_conversion,8,4,8,2.655489295721054
base,unit_conversion,8,99,16,5.751228421926498
base,unit_conversion,8,93,29,10.059500634670258
base,unit_conversion,8,2,17,7.047608494758606
base,unit_conversion,8,25,4,1.458035945892334
base,unit_conversion,8,28,9,3.177902638912201
base,unit_conversion,8,120,4,1.7473293542861938
base,unit_conversion,8,47,7,2.1971168518066406
base,unit_conversion,8,80,8,2.901323974132538
base,unit_conversion,8,106,14,5.6950739324092865
base,unit_conversion,8,19,23,10.162851631641388
base,unit_conversion,8,123,24,9.293515473604202
base,unit_conversion,8,48,22,7.997910290956497
base,unit_conversion,8,55,10,3.8512196242809296
base,unit_conversion,8,77,88,31.578045040369034
base,unit_conversion,8,13,118,47.72874867916107
base,unit_conversion,8,114,148,60.02395987510681
base,unit_conversion,8,8,21,9.447102457284927
base,unit_conversion,8,56,8,2.610899120569229
base,unit_conversion,8,75,31,10.575304865837097
base,unit_conversion,8,23,43,16.198701947927475
base,unit_conversion,8,96,27,10.355184942483902
base,unit_conversion,8,86,100,38.58842125535011
base,unit_conversion,8,74,22,8.787674069404602
base,unit_conversion,8,89,15,6.166562795639038
base,unit_conversion,8,22,7,2.6201712489128113
base,unit_conversion,8,58,11,3.975162774324417
base,unit_conversion,8,125,18,6.580087423324585
base,unit_conversion,8,6,11,4.337528765201569
base,unit_conversion,8,26,16,6.799665331840515
base,unit_conversion,8,44,4,1.4784347414970398
base,unit_conversion,8,83,22,9.315735965967178
base,unit_conversion,8,5,18,6.005705684423447
base,unit_conversion,8,115,9,3.410870373249054
base,unit_conversion,8,52,1,0.3489307165145874
base,unit_conversion,8,54,11,4.178982704877853
base,unit_conversion,8,39,5,1.966070830821991
base,unit_conversion,8,84,6,2.3247898519039154
base,unit_conversion,8,15,9,2.919148474931717
base,unit_conversion,8,33,38,13.96390101313591
base,unit_conversion,8,104,20,6.965359807014465
base,unit_conversion,8,0,22,8.703765273094177
base,unit_conversion,8,119,12,3.9540138244628906
base,unit_conversion,8,20,3,0.8557037711143494
base,unit_conversion,8,107,14,5.100620448589325
base,unit_conversion,8,21,20,8.293101459741592
base,unit_conversion,8,41,9,3.838974118232727
base,unit_conversion,8,43,11,4.075542762875557
base,unit_conversion,8,127,7,2.7647475600242615
base,unit_conversion,8,36,39,17.206827998161316
base,unit_conversion,8,105,30,12.626047909259796
base,unit_conversion,8,29,24,10.65502318739891
base,unit_conversion,8,71,21,9.156405597925186
base,unit_conversion,8,32,5,1.7422474026679993
base,unit_conversion,8,34,16,6.284472763538361
base,unit_conversion,8,51,4,1.4827774167060852
base,unit_conversion,8,85,4,1.7550172209739685
base,unit_conversion,8,110,4,1.5096884667873383
base,unit_conversion,10,21,5,2.245954781770706
base,unit_conversion,10,32,7,2.1805962324142456
base,unit_conversion,10,40,58,21.676209554076195
base,unit_conversion,10,93,7,3.4911178648471832
base,unit_conversion,10,125,15,6.161694794893265
base,unit_conversion,10,2,9,3.571253940463066
base,unit_conversion,10,47,43,17.030548065900803
base,unit_conversion,10,97,21,8.924855887889862
base,unit_conversion,10,99,85,40.93172308802605
base,unit_conversion,10,113,25,9.918490380048752
base,unit_conversion,10,120,180,68.99113428592682
base,unit_conversion,10,60,83,40.478943318128586
base,unit_conversion,10,65,32,12.159530282020569
base,unit_conversion,10,70,17,6.762165546417236
base,unit_conversion,10,80,49,19.316852569580078
base,unit_conversion,10,43,12,5.151948243379593
base,unit_conversion,10,52,37,14.713917434215546
base,unit_conversion,10,94,27,8.879997730255127
base,unit_conversion,10,58,4,0.7243918776512146
base,unit_conversion,10,27,7,2.517350345849991
base,unit_conversion,10,41,19,6.4340419471263885
base,unit_conversion,10,78,4,2.228113532066345
base,unit_conversion,10,62,4,1.2547515332698822
base,unit_conversion,10,46,34,13.150081515312195
base,unit_conversion,10,77,8,2.733695864677429
base,unit_conversion,10,0,4,1.2717956006526947
base,unit_conversion,10,19,111,48.53199243545532
base,unit_conversion,10,23,2,0.6108987629413605
base,unit_conversion,10,111,13,5.055611193180084
base,unit_conversion,10,48,77,28.49491772055626
base,unit_conversion,10,53,12,3.626092791557312
base,unit_conversion,10,59,60,28.382126837968826
base,unit_conversion,10,55,41,15.873274892568588
base,unit_conversion,10,7,49,21.410743325948715
base,unit_conversion,10,96,11,4.308450937271118
base,unit_conversion,10,110,25,9.11443680524826
base,unit_conversion,10,17,28,9.220491111278534
base,unit_conversion,10,87,23,9.082195341587067
base,unit_conversion,10,42,129,51.59283593297005
base,unit_conversion,10,51,17,5.749151229858398
base,unit_conversion,10,81,51,17.680247217416763
base,unit_conversion,10,82,11,5.265201687812805
base,unit_conversion,10,98,21,10.495749801397324
base,unit_conversion,10,37,138,57.46153073012829
base,unit_conversion,10,76,11,3.5266539454460144
base,unit_conversion,10,39,114,54.31412875652313
base,unit_conversion,10,90,180,84.94129300117493
base,unit_conversion,10,114,193,95.70531916618347
base,unit_conversion,10,31,7,2.5053083300590515
base,unit_conversion,10,33,31,12.316088646650314
base,unit_conversion,10,85,56,24.528084099292755
base,unit_conversion,10,45,18,6.740113258361816
base,unit_conversion,10,86,49,21.795831501483917
base,unit_conversion,10,24,7,2.3965415358543396
base,unit_conversion,10,61,28,9.867314830422401
base,unit_conversion,10,6,18,6.841638535261154
base,unit_conversion,10,109,55,20.446135967969894
base,unit_conversion,10,66,12,5.133237183094025
base,unit_conversion,10,102,9,3.0978657007217407
base,unit_conversion,10,15,8,2.8697318136692047
base,unit_conversion,10,3,4,1.2124788463115692
base,unit_conversion,10,1,1,0.40500932931900024
base,unit_conversion,10,4,23,9.490038573741913
base,unit_conversion,10,84,20,6.918006718158722
base,unit_conversion,10,30,7,2.3959567546844482
base,unit_conversion,10,20,3,1.0858020782470703
base,unit_conversion,10,126,2,0.7485100328922272
base,unit_conversion,10,95,12,4.781978994607925
base,unit_conversion,10,10,10,3.9038781225681305
base,unit_conversion,10,35,24,9.601208359003067
base,unit_conversion,10,71,54,20.683555245399475
base,unit_conversion,10,127,34,17.18247139453888
base,unit_conversion,10,16,28,10.897322684526443
base,unit_conversion,10,54,4,1.2343250215053558
base,unit_conversion,10,115,4,1.1253878474235535
base,unit_conversion,10,89,6,2.3352050483226776
base,unit_conversion,10,103,6,1.6813108623027802
base,unit_conversion,10,25,3,1.0949446856975555
base,unit_conversion,13,23,6,0.5781469698995352
base,unit_conversion,13,45,15,18.869063556194305
base,unit_conversion,13,85,52,15.067451662849635
base,unit_conversion,13,96,8,1.428317551035434
base,unit_conversion,13,119,31,11.333021888043731
base,unit_conversion,13,11,8,1.3341731731779873
base,unit_conversion,13,19,94,40.86952990293503
base,unit_conversion,13,40,35,12.519001841545105
base,unit_conversion,13,46,57,23.26352098584175
base,unit_conversion,13,48,272,133.82463428378105
base,unit_conversion,13,94,18,5.737232893705368
base,unit_conversion,13,22,27,11.212735384702682
base,unit_conversion,13,3,105,37.79641968011856
base,unit_conversion,13,25,41,14.052171751856804
base,unit_conversion,13,122,11,3.4360164403915405
base,unit_conversion,13,59,10,3.199693262577057
base,unit_conversion,13,71,50,18.131125062704086
base,unit_conversion,13,77,17,7.165850222110748
base,unit_conversion,13,99,13,4.759489178657532
base,unit_conversion,13,102,2,0.5933464467525482
base,unit_conversion,13,55,4,1.4034446775913239
base,unit_conversion,13,101,5,2.25385445356369
base,unit_conversion,13,34,284,138.23930898308754
base,unit_conversion,13,56,4,1.3348484337329865
base,unit_conversion,13,26,7,2.007636457681656
base,unit_conversion,13,44,50,18.404027193784714
base,unit_conversion,13,5,3,0.7171251773834229
base,unit_conversion,13,4,109,39.89636790752411
base,unit_conversion,13,53,49,17.402098149061203
base,unit_conversion,13,6,4,1.4669768810272217
base,unit_conversion,13,100,9,2.974870055913925
base,unit_conversion,13,33,31,11.150202095508575
base,unit_conversion,13,63,36,11.76919737458229
base,unit_conversion,13,62,71,32.40864868462086
base,unit_conversion,13,74,80,35.874052345752716
base,unit_conversion,13,115,8,2.519320547580719
base,unit_conversion,13,92,18,5.285451173782349
base,unit_conversion,13,120,114,43.0265833735466
base,unit_conversion,13,13,101,60.14087122678757
base,unit_conversion,13,67,26,8.572822660207748
base,unit_conversion,13,8,86,29.568773210048676
base,unit_conversion,13,30,56,31.97892925143242
base,unit_conversion,13,65,58,25.496557027101517
base,unit_conversion,13,78,11,3.7209541648626328
base,unit_conversion,13,51,21,7.465990632772446
base,unit_conversion,13,89,73,31.456003427505493
base,unit_conversion,13,118,65,27.404426395893097
base,unit_conversion,13,113,31,11.116106301546097
base,unit_conversion,13,64,15,5.319339990615845
base,unit_conversion,13,66,23,10.97151292860508
base,unit_conversion,13,41,84,28.237543672323227
base,unit_conversion,13,17,1,0.3067759871482849
base,unit_conversion,13,0,20,11.572512447834015
base,unit_conversion,13,54,1,0.26839303970336914
base,unit_conversion,13,127,10,3.6150360107421875
base,unit_conversion,13,126,1,0.32311707735061646
base,unit_conversion,13,109,35,11.126439541578293
base,unit_conversion,13,47,7,2.4322347044944763
base,unit_conversion,13,116,7,2.555767774581909
base,unit_conversion,13,14,6,2.2794042825698853
base,unit_conversion,13,87,7,2.560104340314865
base,unit_conversion,13,104,10,3.6693637371063232
base,unit_conversion,13,7,5,1.589854896068573
base,unit_conversion,13,10,4,1.4041045010089874
base,unit_conversion,13,82,5,1.545304775238037
base,unit_conversion,13,36,6,1.846751868724823
base,unit_conversion,13,32,17,6.458162009716034
base,unit_conversion,13,18,4,1.4759802520275116
base,unit_conversion,13,76,8,4.1483118534088135
base,unit_conversion,13,35,4,1.3032772243022919
base,unit_conversion,13,24,36,16.1439411342144
base,unit_conversion,13,86,2,0.5824738144874573
base,unit_conversion,13,16,9,2.8809890896081924
base,unit_conversion,13,91,9,3.3761019706726074
base,unit_conversion,13,38,22,7.027556747198105
base,unit_conversion,13,73,11,3.5933522135019302
base,unit_conversion,13,81,4,1.220529168844223
base,unit_conversion,13,106,4,1.269520789384842
base,unit_conversion,15,0,5,7.957933694124222
base,unit_conversion,15,24,11,6.91872626543045
base,unit_conversion,15,30,5,0.24658852298307465
base,unit_conversion,15,46,7,0.9823046007950325
base,unit_conversion,15,47,30,7.909764655436447
base,unit_conversion,15,126,26,8.179541759192944
base,unit_conversion,15,33,102,38.540759071707726
base,unit_conversion,15,63,206,109.75545647740364
base,unit_conversion,15,82,117,54.919629991054535
base,unit_conversion,15,107,5,2.1324839890003204
base,unit_conversion,15,121,11,3.879399925470352
base,unit_conversion,15,13,10,2.819606363773346
base,unit_conversion,15,16,11,2.6736818850040436
base,unit_conversion,15,41,59,20.283886075019836
base,unit_conversion,15,15,67,35.903952687978745
base,unit_conversion,15,26,142,53.21913826465607
base,unit_conversion,15,89,219,102.67471644282341
base,unit_conversion,15,95,29,15.148059099912643
base,unit_conversion,15,20,7,2.1489555835723877
base,unit_conversion,15,57,29,13.284586876630783
base,unit_conversion,15,71,15,4.953550964593887
base,unit_conversion,15,127,25,8.084226444363594
base,unit_conversion,15,125,109,38.68919323384762
base,unit_conversion,15,86,9,2.895935148000717
base,unit_conversion,15,55,10,3.6812594681978226
base,unit_conversion,15,69,257,111.26042181253433
base,unit_conversion,15,51,26,9.210363745689392
base,unit_conversion,15,99,9,2.92692568898201
base,unit_conversion,15,68,201,104.8576680123806
base,unit_conversion,15,17,281,111.39413145184517
base,unit_conversion,15,87,4,1.843066781759262
base,unit_conversion,15,31,4,1.0268112421035767
base,unit_conversion,15,49,10,2.8232792019844055
base,unit_conversion,15,98,29,9.314169943332672
base,unit_conversion,15,11,4,1.1833248734474182
base,unit_conversion,15,14,11,3.773965984582901
base,unit_conversion,15,78,2,0.6301596760749817
base,unit_conversion,15,76,22,7.695717230439186
base,unit_conversion,15,67,29,12.952519059181213
base,unit_conversion,15,88,41,15.313754081726074
base,unit_conversion,15,32,21,7.302169546484947
base,unit_conversion,15,124,39,15.756709277629852
base,unit_conversion,15,81,8,2.771800071001053
base,unit_conversion,15,61,29,10.337169229984283
base,unit_conversion,15,23,5,1.805632770061493
base,unit_conversion,15,113,61,24.189396411180496
base,unit_conversion,15,93,16,4.545292496681213
base,unit_conversion,15,5,20,8.166377693414688
base,unit_conversion,15,102,36,11.203163146972656
base,unit_conversion,15,10,14,5.70746111869812
base,unit_conversion,15,74,12,4.976436465978622
base,unit_conversion,15,9,9,3.247134655714035
base,unit_conversion,15,64,5,1.9552151262760162
base,unit_conversion,15,101,2,0.6437634229660034
base,unit_conversion,15,39,11,3.9662515819072723
base,unit_conversion,15,60,7,2.4635305404663086
base,unit_conversion,15,80,12,3.7645629942417145
base,unit_conversion,15,70,2,0.6494864523410797
base,unit_conversion,15,3,3,0.9689121842384338
base,unit_conversion,15,1,6,1.9772862792015076
base,unit_conversion,15,29,4,1.259475976228714
base,unit_conversion,15,97,4,1.2573437988758087
base,unit_conversion,15,54,18,5.777176707983017
base,unit_conversion,15,84,9,2.8297031223773956
base,unit_conversion,15,42,2,0.6544569432735443
base,unit_conversion,15,100,27,9.754534661769867
base,unit_conversion,15,21,16,4.71143801510334
base,unit_conversion,15,120,20,5.824578106403351
base,unit_conversion,15,122,4,1.0801433622837067
base,unit_conversion,15,37,1,0.22749470174312592
base,unit_conversion,15,105,6,5.245169758796692
base,unit_conversion,15,12,8,2.864959716796875
base,unit_conversion,15,18,8,2.4001010060310364
base,unit_conversion,15,38,3,0.9222998321056366
base,unit_conversion,15,8,4,1.3082517087459564
base,unit_conversion,15,2,4,1.282716989517212
base,unit_conversion,15,28,4,1.4672181904315948
base,unit_conversion,17,12,38,14.365870411507785
base,unit_conversion,17,30,48,12.65991029376164
base,unit_conversion,17,59,159,67.42586492770351
base,unit_conversion,17,66,13,2.868941294029355
base,unit_conversion,17,127,11,13.523254692554474
base,unit_conversion,17,80,33,12.930164988269098
base,unit_conversion,17,21,19,6.7013392597436905
base,unit_conversion,17,28,73,31.735382437705994
base,unit_conversion,17,72,12,4.3075752556324005
base,unit_conversion,17,125,24,14.019976049661636
base,unit_conversion,17,34,32,9.225946202874184
base,unit_conversion,17,7,18,8.829979181289673
base,unit_conversion,17,19,88,49.87839040160179
base,unit_conversion,17,36,65,23.894933760166168
base,unit_conversion,17,26,22,6.247220143675804
base,unit_conversion,17,98,40,13.8087118268013
base,unit_conversion,17,6,39,10.97368223965168
base,unit_conversion,17,111,29,8.74585472047329
base,unit_conversion,17,118,56,18.14398792386055
base,unit_conversion,17,16,11,6.093542367219925
base,unit_conversion,17,47,101,47.66219699382782
base,unit_conversion,17,4,116,69.29092833399773
base,unit_conversion,17,89,8,3.4496662318706512
base,unit_conversion,17,109,70,32.102813482284546
base,unit_conversion,17,22,23,6.423094347119331
base,unit_conversion,17,119,99,32.3556282967329
base,unit_conversion,17,24,39,11.841737493872643
base,unit_conversion,17,96,11,5.287248969078064
base,unit_conversion,17,85,12,5.797299444675446
base,unit_conversion,17,41,12,6.239835947751999
base,unit_conversion,17,51,71,21.00096170604229
base,unit_conversion,17,77,46,14.703345879912376
base,unit_conversion,17,49,16,3.399191752076149
base,unit_conversion,17,42,8,4.097175061702728
base,unit_conversion,17,37,29,13.0361967086792
base,unit_conversion,17,87,19,7.464194089174271
base,unit_conversion,17,74,108,53.39999617636204
base,unit_conversion,17,3,27,11.184198543429375
base,unit_conversion,17,62,128,88.84048709273338
base,unit_conversion,17,14,40,12.428042650222778
base,unit_conversion,17,35,89,50.47826689481735
base,unit_conversion,17,112,9,2.6349838078022003
base,unit_conversion,17,56,65,18.537456199526787
base,unit_conversion,17,81,15,7.193216770887375
base,unit_conversion,17,61,5,2.34552663564682
base,unit_conversion,17,104,55,15.548571273684502
base,unit_conversion,17,116,39,12.5662130266428
base,unit_conversion,17,31,17,5.4708795845508575
base,unit_conversion,17,38,5,1.573268324136734
base,unit_conversion,17,9,31,9.121146991848946
base,unit_conversion,17,110,19,4.650074750185013
base,unit_conversion,17,64,57,19.202398419380188
base,unit_conversion,17,65,8,2.623217284679413
base,unit_conversion,17,86,38,23.157125145196915
base,unit_conversion,17,33,18,7.934969007968903
base,unit_conversion,17,102,54,20.15803499519825
base,unit_conversion,17,115,21,11.392510861158371
base,unit_conversion,17,27,46,18.529760032892227
base,unit_conversion,17,57,26,8.227498680353165
base,unit_conversion,17,11,23,7.422024518251419
base,unit_conversion,17,63,1,0.36033910512924194
base,unit_conversion,17,99,2,0.6806774735450745
base,unit_conversion,17,126,7,2.3886360824108124
base,unit_conversion,17,52,9,2.633321687579155
base,unit_conversion,17,23,1,0.40868163108825684
base,unit_conversion,17,83,15,3.846453905105591
base,unit_conversion,17,58,6,2.956339329481125
base,unit_conversion,17,107,6,1.4641360640525818
base,unit_conversion,17,39,3,1.0674294233322144
base,unit_conversion,17,20,6,2.5856177508831024
base,unit_conversion,17,78,9,5.02250999212265
base,unit_conversion,17,40,16,7.601020842790604
base,unit_conversion,17,0,5,1.8056641221046448
base,unit_conversion,17,108,5,2.9683283120393753
base,unit_conversion,17,32,23,7.039963409304619
base,unit_conversion,17,44,2,0.4585566073656082
base,unit_conversion,17,90,18,4.943521857261658
base,unit_conversion,17,101,5,1.4696922898292542
base,unit_conversion,17,68,8,3.3909560441970825
base,unit_conversion,17,53,11,2.6079738587141037
base,unit_conversion,17,73,12,5.357422590255737
base,unit_conversion,17,5,4,2.823317229747772
base,unit_conversion,17,121,5,1.148607686161995
base,unit_conversion,17,18,8,3.1965549886226654
base,unit_conversion,17,45,8,2.0912215262651443
base,unit_conversion,17,93,5,2.7395592033863068
base,unit_conversion,17,75,15,4.027754619717598
base,unit_conversion,17,91,4,1.6801533997058868
base,unit_conversion,17,84,2,0.6755744516849518
base,unit_conversion,20,18,10,2.1321930084377527
base,unit_conversion,20,39,8,10.580977648496628
base,unit_conversion,20,71,20,5.816891074180603
base,unit_conversion,20,77,26,11.20082235056907
base,unit_conversion,20,79,49,18.982951819896698
base,unit_conversion,20,64,18,5.445850906893611
base,unit_conversion,20,16,261,131.94434493780136
base,unit_conversion,20,54,20,10.867646366357803
base,unit_conversion,20,108,45,17.017476707696915
base,unit_conversion,20,3,18,8.204112350940704
base,unit_conversion,20,28,46,15.733791589736938
base,unit_conversion,20,85,122,45.3653746843338
base,unit_conversion,20,84,22,6.67806114256382
base,unit_conversion,20,53,107,48.666254341602325
base,unit_conversion,20,76,40,13.917832553386688
base,unit_conversion,20,103,4,1.3102396726608276
base,unit_conversion,20,41,5,1.7546992301940918
base,unit_conversion,20,51,16,5.2336021065711975
base,unit_conversion,20,78,20,6.699538052082062
base,unit_conversion,20,10,13,4.045557618141174
base,unit_conversion,20,68,38,16.80842897295952
base,unit_conversion,20,70,37,15.10589773952961
base,unit_conversion,20,91,107,40.67052951455116
base,unit_conversion,20,117,44,19.616240859031677
base,unit_conversion,20,42,52,17.06736984848976
base,unit_conversion,20,82,52,18.264730542898178
base,unit_conversion,20,52,62,24.31083196401596
base,unit_conversion,20,29,20,6.9460382759571075
base,unit_conversion,20,96,9,2.647800087928772
base,unit_conversion,20,124,6,2.09554585814476
base,unit_conversion,20,90,53,25.233246743679047
base,unit_conversion,20,4,4,1.4427816271781921
base,unit_conversion,20,101,12,6.818531364202499
base,unit_conversion,20,121,20,6.362347945570946
base,unit_conversion,20,125,30,11.024825602769852
base,unit_conversion,20,74,5,2.447467029094696
base,unit_conversion,20,23,148,67.54120063781738
base,unit_conversion,20,112,12,4.178036004304886
base,unit_conversion,20,47,12,3.9029907286167145
base,unit_conversion,20,126,127,46.375772044062614
base,unit_conversion,20,58,151,58.22381092607975
base,unit_conversion,20,114,27,8.07454964518547
base,unit_conversion,20,61,21,6.8889066725969315
base,unit_conversion,20,50,48,17.267995566129684
base,unit_conversion,20,37,19,11.628733366727829
base,unit_conversion,20,17,28,10.580849289894104
base,unit_conversion,20,87,10,3.3976733088493347
base,unit_conversion,20,118,14,4.251939028501511
base,unit_conversion,20,31,19,8.05625832080841
base,unit_conversion,20,116,134,76.98418658971786
base,unit_conversion,20,67,4,1.2713336944580078
base,unit_conversion,20,30,48,21.71270975470543
base,unit_conversion,20,100,2,0.6246149837970734
base,unit_conversion,20,75,42,14.467763349413872
base,unit_conversion,20,105,58,31.512350350618362
base,unit_conversion,20,115,16,6.16397351026535
base,unit_conversion,20,98,3,0.983330100774765
base,unit_conversion,20,12,28,11.320466130971909
base,unit_conversion,20,7,8,3.039500266313553
base,unit_conversion,20,14,26,9.08982241153717
base,unit_conversion,20,38,3,1.0146716237068176
base,unit_conversion,20,26,5,1.9508318901062012
base,unit_conversion,20,66,6,1.7605075240135193
base,unit_conversion,20,122,6,2.3495911061763763
base,unit_conversion,20,88,7,2.6776525378227234
base,unit_conversion,20,55,4,1.4422950744628906
base,unit_conversion,20,60,1,0.36588793992996216
base,unit_conversion,20,11,6,2.07833793759346
base,unit_conversion,20,24,1,0.35044047236442566
base,unit_conversion,20,113,44,21.70542350411415
base,unit_conversion,20,43,5,1.5657466650009155
base,unit_conversion,20,62,43,15.829931527376175
base,unit_conversion,20,27,14,4.763948529958725
base,unit_conversion,20,92,16,5.840635895729065
base,unit_conversion,20,95,12,5.208078294992447
base,unit_conversion,20,106,4,1.3506629168987274
base,unit_conversion,20,56,26,11.94243848323822
base,unit_conversion,20,111,12,5.9780111610889435
base,unit_conversion,20,32,4,1.8633722364902496
base,unit_conversion,20,107,12,3.2719987630844116
base,unit_conversion,20,69,4,1.6261609196662903
base,unit_conversion,22,2,43,10.994861349463463
base,unit_conversion,22,45,44,17.17106954753399
base,unit_conversion,22,87,20,9.701038599014282
base,unit_conversion,22,100,9,7.529235929250717
base,unit_conversion,22,114,4,0.14564304798841476
base,unit_conversion,22,76,47,15.002748530358076
base,unit_conversion,22,3,17,6.65357369184494
base,unit_conversion,22,23,36,15.987412303686142
base,unit_conversion,22,31,8,2.7514087557792664
base,unit_conversion,22,39,28,11.532083496451378
base,unit_conversion,22,63,10,2.5412943065166473
base,unit_conversion,22,49,134,57.87875993549824
base,unit_conversion,22,24,38,19.522886618971825
base,unit_conversion,22,42,25,10.993549257516861
base,unit_conversion,22,70,10,9.420929998159409
base,unit_conversion,22,126,12,5.272801578044891
base,unit_conversion,22,82,26,10.312307342886925
base,unit_conversion,22,109,25,6.219513922929764
base,unit_conversion,22,102,5,1.3209143579006195
base,unit_conversion,22,54,13,4.998451575636864
base,unit_conversion,22,99,8,4.488077729940414
base,unit_conversion,22,18,37,12.090214774012566
base,unit_conversion,22,4,9,3.6376433223485947
base,unit_conversion,22,122,18,7.581690728664398
base,unit_conversion,22,67,24,10.780840963125229
base,unit_conversion,22,97,8,2.790986716747284
base,unit_conversion,22,124,31,10.094566196203232
base,unit_conversion,22,44,6,2.123176082968712
base,unit_conversion,22,96,29,9.757931560277939
base,unit_conversion,22,117,56,22.532901167869568
base,unit_conversion,22,106,4,1.180453211069107
base,unit_conversion,22,47,4,2.129880428314209
base,unit_conversion,22,105,4,1.2898546755313873
base,unit_conversion,22,7,47,18.450044840574265
base,unit_conversion,22,33,9,3.0400417745113373
base,unit_conversion,22,37,45,15.338437527418137
base,unit_conversion,22,51,16,7.731918066740036
base,unit_conversion,22,95,16,7.777559220790863
base,unit_conversion,22,98,9,2.72983480989933
base,unit_conversion,22,127,4,1.4863061308860779
base,unit_conversion,22,91,55,28.54259893298149
base,unit_conversion,22,60,8,3.047766476869583
base,unit_conversion,22,62,7,3.2165467441082
base,unit_conversion,22,77,6,1.5734397619962692
base,unit_conversion,22,40,25,12.200814694166183
base,unit_conversion,22,65,8,4.237429767847061
base,unit_conversion,22,85,16,7.2175596952438354
base,unit_conversion,22,103,8,2.632185608148575
base,unit_conversion,22,38,30,15.81382730603218
base,unit_conversion,22,64,23,10.697462916374207
base,unit_conversion,22,101,180,69.26441748440266
base,unit_conversion,22,56,32,9.781954929232597
base,unit_conversion,22,9,145,81.45591312646866
base,unit_conversion,22,17,124,50.63652241230011
base,unit_conversion,22,94,137,74.67655250430107
base,unit_conversion,22,25,20,6.643907055258751
base,unit_conversion,22,55,186,86.06241992115974
base,unit_conversion,22,0,10,3.261968418955803
base,unit_conversion,22,125,14,3.451013460755348
base,unit_conversion,22,53,11,2.8233385533094406
base,unit_conversion,22,66,12,3.3626641780138016
base,unit_conversion,22,89,21,12.958677738904953
base,unit_conversion,22,72,39,20.913845866918564
base,unit_conversion,22,20,51,22.161047860980034
base,unit_conversion,22,50,80,29.10941955447197
base,unit_conversion,22,74,5,1.8406149744987488
base,unit_conversion,22,88,17,4.725456357002258
base,unit_conversion,22,32,16,5.240446150302887
base,unit_conversion,22,36,12,5.122597694396973
base,unit_conversion,22,118,27,7.575769290328026
base,unit_conversion,22,34,4,1.0756941139698029
base,unit_conversion,22,52,32,13.807007014751434
base,unit_conversion,22,8,12,5.266294866800308
base,unit_conversion,22,14,22,8.485688239336014
base,unit_conversion,22,16,18,7.6253295838832855
base,unit_conversion,22,15,3,0.772417813539505
base,unit_conversion,22,113,11,3.1108464747667313
base,unit_conversion,22,68,21,5.112737223505974
base,unit_conversion,22,5,7,1.986991137266159
base,unit_conversion,22,69,5,1.551386147737503
base,unit_conversion,22,10,17,6.291493922472
base,unit_conversion,22,41,5,1.8577380180358887
base,unit_conversion,22,92,9,2.7361299097537994
base,unit_conversion,22,13,12,4.50541827082634
base,unit_conversion,22,29,16,7.700214773416519
base,unit_conversion,22,1,6,1.6906871497631073
base,unit_conversion,22,81,4,2.233270585536957
base,unit_conversion,22,22,27,9.392760634422302
base,unit_conversion,22,43,53,20.377661481499672
base,unit_conversion,22,21,7,2.0404163897037506
base,unit_conversion,22,11,18,6.940119966864586
base,unit_conversion,22,61,14,4.657456681132317
base,unit_conversion,22,115,16,5.6516459584236145
base,unit_conversion,22,83,1,0.2887366712093353
base,unit_conversion,22,111,24,9.649604946374893
base,unit_conversion,22,35,5,1.7974083870649338
base,unit_conversion,22,6,5,1.690008506178856
base,unit_conversion,22,73,9,4.381946355104446
base,unit_conversion,22,107,10,3.76558980345726
base,unit_conversion,22,90,4,1.0409762263298035
base,unit_conversion,22,79,3,0.9051274359226227
base,unit_conversion,22,120,4,1.5691331326961517
base,unit_conversion,24,21,6,0.809575755149126
base,unit_conversion,24,52,4,0.08440137840807438
base,unit_conversion,24,101,4,8.990957021713257
base,unit_conversion,24,116,10,1.6904683858156204
base,unit_conversion,24,122,8,1.621213659644127
base,unit_conversion,24,114,33,13.498972507193685
base,unit_conversion,24,11,4,1.5028404593467712
base,unit_conversion,24,30,57,20.214340314269066
base,unit_conversion,24,78,18,5.459509044885635
base,unit_conversion,24,87,240,126.1128858923912
base,unit_conversion,24,123,381,196.86009925603867
base,unit_conversion,24,17,8,2.403515577316284
base,unit_conversion,24,29,136,50.09208035469055
base,unit_conversion,24,53,14,5.2387725710868835
base,unit_conversion,24,103,46,15.450398534536362
base,unit_conversion,24,115,4,1.375095784664154
base,unit_conversion,24,19,29,9.134639173746109
base,unit_conversion,24,54,234,99.04522413015366
base,unit_conversion,24,109,11,3.7134734988212585
base,unit_conversion,24,15,9,2.58906951546669
base,unit_conversion,24,56,9,2.7434667348861694
base,unit_conversion,24,77,19,8.036113739013672
base,unit_conversion,24,13,4,0.9807933270931244
base,unit_conversion,24,92,9,4.554548844695091
base,unit_conversion,24,105,3,0.5811053812503815
base,unit_conversion,24,71,8,2.5751101672649384
base,unit_conversion,24,2,15,5.120368331670761
base,unit_conversion,24,20,294,118.65431952476501
base,unit_conversion,24,72,33,14.354931026697159
base,unit_conversion,24,8,5,1.5030412375926971
base,unit_conversion,24,110,18,7.856692850589752
base,unit_conversion,24,80,13,4.008500844240189
base,unit_conversion,24,82,13,4.688354536890984
base,unit_conversion,24,47,16,7.229359209537506
base,unit_conversion,24,79,31,9.666448086500168
base,unit_conversion,24,70,7,2.329770505428314
base,unit_conversion,24,67,102,38.95163610577583
base,unit_conversion,24,99,47,14.557577461004257
base,unit_conversion,24,60,8,2.166094020009041
base,unit_conversion,24,73,3,0.7584295570850372
base,unit_conversion,24,62,20,6.600790455937386
base,unit_conversion,24,65,7,2.2717922627925873
base,unit_conversion,24,43,13,4.124965414404869
base,unit_conversion,24,35,58,24.9654461145401
base,unit_conversion,24,32,88,45.116101294755936
base,unit_conversion,24,24,19,5.716968983411789
base,unit_conversion,24,106,2,0.5195502787828445
base,unit_conversion,24,48,4,1.2105048298835754
base,unit_conversion,24,41,8,2.913474351167679
base,unit_conversion,24,25,11,3.5338361859321594
base,unit_conversion,24,4,88,37.02429175376892
base,unit_conversion,24,112,17,5.707611620426178
base,unit_conversion,24,126,31,11.918426394462585
base,unit_conversion,24,57,12,3.7403078824281693
base,unit_conversion,24,107,9,2.7065353989601135
base,unit_conversion,24,81,13,3.5215642154216766
base,unit_conversion,24,37,8,2.4023315608501434
base,unit_conversion,24,51,2,0.5627242922782898
base,unit_conversion,24,38,2,0.6153377890586853
base,unit_conversion,24,49,2,0.5417144000530243
base,unit_conversion,24,85,2,0.5493365228176117
base,unit_conversion,24,96,19,5.73221530020237
base,unit_conversion,24,69,1,0.3305617570877075
base,unit_conversion,24,59,3,0.8646323382854462
base,unit_conversion,24,40,3,0.8942977488040924
base,unit_conversion,24,26,4,1.0408141016960144
base,unit_conversion,24,97,4,1.7282086908817291
base,unit_conversion,24,121,33,9.316586419939995
base,unit_conversion,24,3,81,38.440918892621994
base,unit_conversion,24,44,7,2.0983797013759613
base,unit_conversion,24,34,14,4.142991930246353
base,unit_conversion,24,63,7,2.0654052048921585
base,unit_conversion,24,93,22,8.235274612903595
base,unit_conversion,24,104,40,13.282391354441643
base,unit_conversion,24,119,20,5.641845673322678
base,unit_conversion,24,33,11,10.482444137334824
base,unit_conversion,24,45,4,0.7325652837753296
base,unit_conversion,24,58,4,1.214215725660324
base,unit_conversion,24,90,22,8.993044018745422
base,unit_conversion,24,42,12,4.514380484819412
base,unit_conversion,24,18,4,1.3751162886619568
base,unit_conversion,24,76,4,1.4940678179264069
base,unit_conversion,24,94,4,1.7296360731124878
base,unit_conversion,24,84,5,2.082775980234146
base,unit_conversion,27,13,80,46.91893208026886
base,unit_conversion,27,25,11,2.1637618262320757
base,unit_conversion,27,64,35,14.54681289754808
base,unit_conversion,27,75,9,1.3878784254193306
base,unit_conversion,27,98,13,5.279692620038986
base,unit_conversion,27,59,8,1.6261977422982454
base,unit_conversion,27,6,12,4.633474051952362
base,unit_conversion,27,26,369,172.2291286289692
base,unit_conversion,27,33,270,126.12379488348961
base,unit_conversion,27,90,226,97.57763728499413
base,unit_conversion,27,44,20,8.079146221280098
base,unit_conversion,27,58,24,11.340871810913086
base,unit_conversion,27,63,14,3.904391348361969
base,unit_conversion,27,89,26,7.963880583643913
base,unit_conversion,27,3,7,3.497879922389984
base,unit_conversion,27,85,8,2.7268481850624084
base,unit_conversion,27,106,26,8.850872173905373
base,unit_conversion,27,94,20,6.66806098818779
base,unit_conversion,27,95,30,15.102001264691353
base,unit_conversion,27,119,20,11.328664094209671
base,unit_conversion,27,62,23,9.5706767141819
base,unit_conversion,27,31,13,3.8807869851589203
base,unit_conversion,27,18,6,2.0486897230148315
base,unit_conversion,27,68,44,14.756432950496674
base,unit_conversion,27,30,28,11.780862092971802
base,unit_conversion,27,38,9,3.177428126335144
base,unit_conversion,27,48,4,1.745271772146225
base,unit_conversion,27,1,8,2.7659708857536316
base,unit_conversion,27,113,53,19.218256384134293
base,unit_conversion,27,34,6,1.753428190946579
base,unit_conversion,27,41,8,3.501859039068222
base,unit_conversion,27,88,12,4.472259968519211
base,unit_conversion,27,71,4,1.1900996267795563
base,unit_conversion,27,101,16,5.229392111301422
base,unit_conversion,27,65,16,7.267335027456284
base,unit_conversion,27,53,13,4.135210022330284
base,unit_conversion,27,67,7,2.1840095818042755
base,unit_conversion,27,87,14,5.955968797206879
base,unit_conversion,27,39,4,1.2046500146389008
base,unit_conversion,27,0,143,64.55560052394867
base,unit_conversion,27,104,29,15.405772119760513
base,unit_conversion,27,56,57,22.288315325975418
base,unit_conversion,27,10,21,6.644912779331207
base,unit_conversion,27,61,24,7.425231441855431
base,unit_conversion,27,70,6,2.2217972576618195
base,unit_conversion,27,76,41,13.042737126350403
base,unit_conversion,27,102,89,32.88300521671772
base,unit_conversion,27,35,77,27.003757551312447
base,unit_conversion,27,24,29,9.703612938523293
base,unit_conversion,27,23,18,6.474952653050423
base,unit_conversion,27,79,17,5.851925998926163
base,unit_conversion,27,32,6,1.9674327373504639
base,unit_conversion,27,5,78,41.000519663095474
base,unit_conversion,27,69,46,19.473222643136978
base,unit_conversion,27,21,59,21.23702973127365
base,unit_conversion,27,50,21,6.415077120065689
base,unit_conversion,27,60,16,5.764135628938675
base,unit_conversion,27,37,20,7.219662308692932
base,unit_conversion,27,93,5,1.429162323474884
base,unit_conversion,27,42,1,0.3554491400718689
base,unit_conversion,27,121,24,8.870464593172073
base,unit_conversion,27,11,21,10.225558698177338
base,unit_conversion,27,9,15,4.837188109755516
base,unit_conversion,27,14,11,3.6601230055093765
base,unit_conversion,27,43,17,5.393549278378487
base,unit_conversion,27,55,7,2.2875723242759705
base,unit_conversion,27,105,5,1.7392788231372833
base,unit_conversion,27,49,6,2.133957475423813
base,unit_conversion,27,47,2,0.6435496807098389
base,unit_conversion,27,99,20,7.077900737524033
base,unit_conversion,27,123,13,4.371445327997208
base,unit_conversion,27,19,5,1.5777360796928406
base,unit_conversion,27,117,12,3.808681070804596
base,unit_conversion,27,2,58,22.205306231975555
base,unit_conversion,27,40,37,13.79431876540184
base,unit_conversion,27,52,3,0.8715419471263885
base,unit_conversion,27,29,8,2.949552446603775
base,unit_conversion,27,84,42,26.672285944223404
base,unit_conversion,27,125,4,1.202502429485321
base,unit_conversion,27,124,6,1.9041706919670105
base,unit_conversion,27,96,10,3.85319384932518
base,unit_conversion,27,73,5,1.125990703701973
base,unit_conversion,27,120,4,0.7723442912101746
base,unit_conversion,27,103,7,2.568602979183197
base,unit_conversion,27,122,3,0.8913157284259796
base,unit_conversion,27,22,4,1.2488400042057037
base,unit_conversion,27,108,4,1.5699644684791565
base,unit_conversion,29,66,69,26.295400261878967
base,unit_conversion,29,95,71,16.456753256730735
base,unit_conversion,29,97,28,12.914452135562897
base,unit_conversion,29,102,23,11.571715047582984
base,unit_conversion,29,120,20,10.38437807559967
base,unit_conversion,29,42,104,24.86404598876834
base,unit_conversion,29,1,14,6.941450446844101
base,unit_conversion,29,35,97,39.15351125597954
base,unit_conversion,29,73,49,20.4380983710289
base,unit_conversion,29,85,17,5.390022486448288
base,unit_conversion,29,25,17,7.575597107410431
base,unit_conversion,29,0,34,15.336706697940826
base,unit_conversion,29,52,170,79.54109796881676
base,unit_conversion,29,123,267,145.25855484604836
base,unit_conversion,29,127,12,5.116112440824509
base,unit_conversion,29,11,8,3.2893554270267487
base,unit_conversion,29,14,4,1.8176115453243256
base,unit_conversion,29,60,60,12.65640564262867
base,unit_conversion,29,19,19,4.5450048595666885
base,unit_conversion,29,32,10,4.364081233739853
base,unit_conversion,29,70,4,1.9873563647270203
base,unit_conversion,29,118,120,30.97398891299963
base,unit_conversion,29,27,9,3.416804611682892
base,unit_conversion,29,51,8,3.717410773038864
base,unit_conversion,29,96,8,4.080349296331406
base,unit_conversion,29,41,7,2.225855067372322
base,unit_conversion,29,126,8,2.580860674381256
base,unit_conversion,29,44,170,72.12553375959396
base,unit_conversion,29,10,51,18.349446684122086
base,unit_conversion,29,45,96,46.98268462717533
base,unit_conversion,29,54,8,2.709005892276764
base,unit_conversion,29,3,8,3.3436603248119354
base,unit_conversion,29,22,8,3.2739261388778687
base,unit_conversion,29,50,80,22.84340237081051
base,unit_conversion,29,59,9,3.8937497437000275
base,unit_conversion,29,90,6,2.844111919403076
base,unit_conversion,29,21,4,1.0697853863239288
base,unit_conversion,29,23,4,2.318724036216736
base,unit_conversion,29,64,38,7.835848554968834
base,unit_conversion,29,111,12,4.575404524803162
base,unit_conversion,29,37,4,2.0048597157001495
base,unit_conversion,29,63,4,1.6034265458583832
base,unit_conversion,29,76,4,1.4052176773548126
base,unit_conversion,29,112,4,1.443917691707611
base,unit_conversion,29,104,15,5.612949043512344
base,unit_conversion,29,26,15,7.602426752448082
base,unit_conversion,29,106,10,4.576726078987122
base,unit_conversion,29,29,10,4.518865585327148
base,unit_conversion,29,30,8,3.619065761566162
base,unit_conversion,29,77,4,1.268939048051834
base,unit_conversion,29,94,166,106.59190617501736
base,unit_conversion,29,125,94,38.07749193906784
base,unit_conversion,29,101,5,1.8801393806934357
base,unit_conversion,29,105,42,23.21620401740074
base,unit_conversion,29,113,4,1.3355832993984222
base,unit_conversion,29,121,33,15.5502370595932
base,unit_conversion,29,57,5,1.5578444600105286
base,unit_conversion,29,33,21,9.861913710832596
base,unit_conversion,29,24,41,18.118228256702423
base,unit_conversion,29,87,13,4.9107886254787445
base,unit_conversion,29,38,8,3.4045491218566895
base,unit_conversion,29,69,10,3.0799611508846283
base,unit_conversion,29,75,53,19.870154708623886
base,unit_conversion,29,98,46,17.288209572434425
base,unit_conversion,29,40,29,10.309027940034866
base,unit_conversion,29,49,5,1.433874487876892
base,unit_conversion,29,4,4,1.4126367568969727
base,unit_conversion,29,67,7,2.6665284037590027
base,unit_conversion,29,65,14,5.040898442268372
base,unit_conversion,29,68,33,12.97043189406395
base,unit_conversion,29,48,13,8.717076539993286
base,unit_conversion,29,2,41,15.73511902987957
base,unit_conversion,29,92,3,0.9242186546325684
base,unit_conversion,29,13,7,2.906162142753601
base,unit_conversion,29,117,8,2.9881753623485565
base,unit_conversion,29,58,5,1.733869194984436
base,unit_conversion,29,88,9,3.116691917181015
base,unit_conversion,29,86,3,0.9134943187236786
base,unit_conversion,29,71,6,2.3104781210422516
base,unit_conversion,29,9,2,0.6553442478179932
base,unit_conversion,29,122,2,0.7155561149120331
base,unit_conversion,29,89,3,0.9367332756519318
base,unit_conversion,29,82,7,2.398208737373352
base,unit_conversion,29,99,4,1.9930894076824188
base,unit_conversion,29,100,18,7.7416879534721375
base,unit_conversion,29,91,17,7.971248656511307
base,unit_conversion,29,80,5,1.786097675561905
base,unit_conversion,29,7,6,2.080597937107086
base,unit_conversion,29,72,12,5.731019616127014
base,unit_conversion,29,81,12,3.5928752720355988
base,unit_conversion,29,108,4,1.653820425271988
base,unit_conversion,29,84,15,6.462110638618469
base,unit_conversion,29,16,4,1.6864194571971893
base,unit_conversion,29,5,4,1.7951272130012512
base,unit_conversion,29,74,4,1.6550503075122833
base,unit_conversion,31,32,123,48.32143848575652
base,unit_conversion,31,36,5,0.9579369574785233
base,unit_conversion,31,38,22,15.390875861048698
base,unit_conversion,31,96,51,16.084171859547496
base,unit_conversion,31,119,12,6.345241069793701
base,unit_conversion,31,3,14,2.9528575181029737
base,unit_conversion,31,42,4,1.7838478982448578
base,unit_conversion,31,86,8,2.9595836400985718
base,unit_conversion,31,94,27,8.930371195077896
base,unit_conversion,31,110,13,4.875326573848724
base,unit_conversion,31,35,50,17.34933230280876
base,unit_conversion,31,2,72,33.91879588365555
base,unit_conversion,31,12,32,11.754763141274452
base,unit_conversion,31,75,199,85.61899204552174
base,unit_conversion,31,104,17,7.572519898414612
base,unit_conversion,31,73,7,1.8688993453979492
base,unit_conversion,31,74,26,10.678918957710266
base,unit_conversion,31,76,13,5.54335829615593
base,unit_conversion,31,1,29,10.861761495471
base,unit_conversion,31,67,269,127.44634073972702
base,unit_conversion,31,63,50,15.369771614670753
base,unit_conversion,31,44,16,4.2705622017383575
base,unit_conversion,31,21,102,40.80287539958954
base,unit_conversion,31,78,23,10.382430210709572
base,unit_conversion,31,47,138,60.117911383509636
base,unit_conversion,31,39,15,6.182913556694984
base,unit_conversion,31,66,96,33.495143726468086
base,unit_conversion,31,23,324,161.6241878569126
base,unit_conversion,31,125,8,2.92490753531456
base,unit_conversion,31,81,40,13.243828818202019
base,unit_conversion,31,45,8,4.162469685077667
base,unit_conversion,31,18,30,10.961938500404358
base,unit_conversion,31,51,4,1.3503369688987732
base,unit_conversion,31,70,24,9.216161131858826
base,unit_conversion,31,77,11,3.3612251579761505
base,unit_conversion,31,88,22,9.21738874912262
base,unit_conversion,31,28,18,4.861583888530731
base,unit_conversion,31,122,19,9.608691185712814
base,unit_conversion,31,22,28,11.415638700127602
base,unit_conversion,31,9,8,5.240546107292175
base,unit_conversion,31,34,25,8.795960634946823
base,unit_conversion,31,99,42,19.493264093995094
base,unit_conversion,31,11,17,6.639978259801865
base,unit_conversion,31,72,4,1.2451658844947815
base,unit_conversion,31,33,33,17.789611250162125
base,unit_conversion,31,95,36,12.33125913143158
base,unit_conversion,31,10,17,5.596029192209244
base,unit_conversion,31,53,45,15.602234438061714
base,unit_conversion,31,112,49,22.608795762062073
base,unit_conversion,31,80,20,6.203999564051628
base,unit_conversion,31,105,9,3.201706349849701
base,unit_conversion,31,85,42,22.13379442691803
base,unit_conversion,31,98,7,2.344623863697052
base,unit_conversion,31,126,1,0.3326607942581177
base,unit_conversion,31,79,10,3.7940900325775146
base,unit_conversion,31,127,14,4.775563806295395
base,unit_conversion,31,93,17,6.031648874282837
base,unit_conversion,31,101,25,8.857719600200653
base,unit_conversion,31,6,14,5.249325633049011
base,unit_conversion,31,50,19,6.911316052079201
base,unit_conversion,31,61,7,2.0269081443548203
base,unit_conversion,31,69,18,7.894788920879364
base,unit_conversion,31,37,11,4.20214119553566
base,unit_conversion,31,89,5,1.653185874223709
base,unit_conversion,31,52,5,1.2985399961471558
base,unit_conversion,31,107,1,0.2957899570465088
base,unit_conversion,31,65,5,1.446615383028984
base,unit_conversion,31,71,3,1.1984855830669403
base,unit_conversion,31,57,13,4.760120779275894
base,unit_conversion,31,82,4,2.1460654735565186
base,unit_conversion,31,123,24,7.904719978570938
base,unit_conversion,31,7,8,2.273394614458084
base,unit_conversion,31,27,48,20.99708381295204
base,unit_conversion,31,19,7,2.5619968473911285
base,unit_conversion,31,90,4,1.326261043548584
base,unit_conversion,31,103,12,3.0260303169488907
base,unit_conversion,31,13,4,0.8814627081155777
base,unit_conversion,31,121,4,2.0569427609443665
base,unit_conversion,31,14,12,7.108372151851654
base,unit_conversion,31,60,12,6.594078183174133
base,unit_conversion,31,102,11,3.92055806517601
base,unit_conversion,31,0,4,1.2759374976158142
base,unit_conversion,31,106,2,0.5940450727939606
base,unit_conversion,31,84,7,2.863344043493271
base,unit_conversion,31,46,7,2.200644791126251
base,unit_conversion,31,29,2,0.5658537447452545
base,unit_conversion,34,25,193,91.36372060514987
base,unit_conversion,34,46,50,13.8841454340145
base,unit_conversion,34,62,11,12.254366874694824
base,unit_conversion,34,65,8,1.813167866319418
base,unit_conversion,34,78,74,4.623600288759917
base,unit_conversion,34,92,5,0.30728625832125545
base,unit_conversion,34,17,28,12.794253930449486
base,unit_conversion,34,18,4,2.156525671482086
base,unit_conversion,34,57,55,25.656024307012558
base,unit_conversion,34,114,4,1.6181951463222504
base,unit_conversion,34,48,10,3.061221659183502
base,unit_conversion,34,6,27,8.14439645409584
base,unit_conversion,34,76,16,6.532338857650757
base,unit_conversion,34,97,116,52.62061935663223
base,unit_conversion,34,109,8,3.095764845609665
base,unit_conversion,34,21,19,5.70420041680336
base,unit_conversion,34,0,12,4.308896601200104
base,unit_conversion,34,13,58,24.654411882162094
base,unit_conversion,34,110,13,4.760552674531937
base,unit_conversion,34,14,9,2.5101544857025146
base,unit_conversion,34,107,34,10.97811472415924
base,unit_conversion,34,50,201,71.02689525485039
base,unit_conversion,34,15,24,8.48843440413475
base,unit_conversion,34,33,17,4.854387789964676
base,unit_conversion,34,108,12,6.557555586099625
base,unit_conversion,34,101,21,8.857430219650269
base,unit_conversion,34,104,8,3.036424934864044
base,unit_conversion,34,9,80,34.24191692471504
base,unit_conversion,34,112,13,4.650181546807289
base,unit_conversion,34,29,20,7.861640438437462
base,unit_conversion,34,37,12,4.924211829900742
base,unit_conversion,34,40,5,1.7076858133077621
base,unit_conversion,34,31,13,5.707653269171715
base,unit_conversion,34,35,57,19.99006548523903
base,unit_conversion,34,45,9,2.44734887778759
base,unit_conversion,34,102,19,6.264083728194237
base,unit_conversion,34,5,4,1.536380261182785
base,unit_conversion,34,12,16,6.726271003484726
base,unit_conversion,34,53,7,3.174658238887787
base,unit_conversion,34,117,13,5.977525174617767
base,unit_conversion,34,98,50,24.822283446788788
base,unit_conversion,34,24,19,10.80279541015625
base,unit_conversion,34,115,15,5.877015292644501
base,unit_conversion,34,4,255,113.00822621583939
base,unit_conversion,34,10,30,18.324546724557877
base,unit_conversion,34,27,178,116.63002353906631
base,unit_conversion,34,63,54,21.134648263454437
base,unit_conversion,34,106,5,1.0451815873384476
base,unit_conversion,34,93,64,23.03132100403309
base,unit_conversion,34,61,32,9.673952743411064
base,unit_conversion,34,84,22,7.914614796638489
base,unit_conversion,34,89,16,5.658206671476364
base,unit_conversion,34,95,36,13.939051747322083
base,unit_conversion,34,124,79,30.40326350927353
base,unit_conversion,34,80,66,31.00186875462532
base,unit_conversion,34,86,43,18.037128806114197
base,unit_conversion,34,52,5,1.7433470040559769
base,unit_conversion,34,28,8,2.5467320680618286
base,unit_conversion,34,51,3,0.8236823081970215
base,unit_conversion,34,47,50,16.75256060063839
base,unit_conversion,34,111,13,3.244025230407715
base,unit_conversion,34,103,27,10.846440255641937
base,unit_conversion,34,75,6,2.0651191771030426
base,unit_conversion,34,74,25,9.125803038477898
base,unit_conversion,34,1,1,0.3016430735588074
base,unit_conversion,34,71,2,0.8645084202289581
base,unit_conversion,34,42,17,6.292172968387604
base,unit_conversion,34,72,2,0.6675009280443192
base,unit_conversion,34,59,1,0.22723382711410522
base,unit_conversion,34,7,73,36.71385005116463
base,unit_conversion,34,11,4,1.0730355978012085
base,unit_conversion,34,64,24,8.147079899907112
base,unit_conversion,34,20,6,2.155425786972046
base,unit_conversion,34,119,1,0.34775567054748535
base,unit_conversion,34,39,20,15.440359622240067
base,unit_conversion,34,22,10,2.913544535636902
base,unit_conversion,34,43,4,1.9110060334205627
base,unit_conversion,34,2,8,3.0844969749450684
base,unit_conversion,34,70,7,2.06059530377388
base,unit_conversion,34,94,1,0.25378260016441345
base,unit_conversion,34,67,4,0.8692379295825958
base,unit_conversion,34,90,26,12.815749004483223
base,unit_conversion,34,100,7,1.7610734403133392
base,unit_conversion,34,126,5,1.5145756155252457
base,unit_conversion,34,121,4,2.4670066833496094
base,unit_conversion,34,69,12,3.8333863019943237
base,unit_conversion,34,41,5,1.4456546604633331
base,unit_conversion,34,81,13,4.02258425951004
base,unit_conversion,34,73,6,2.3572498559951782
base,unit_conversion,34,99,4,1.975643277168274
base,unit_conversion,34,66,2,0.5015295445919037
base,unit_conversion,36,0,25,10.881645023822784
base,unit_conversion,36,12,60,17.041713006794453
base,unit_conversion,36,18,28,14.985881298780441
base,unit_conversion,36,42,30,13.254254028201103
base,unit_conversion,36,111,52,19.545006811618805
base,unit_conversion,36,24,42,11.741010449826717
base,unit_conversion,36,14,348,198.33569967746735
base,unit_conversion,36,27,60,27.26836097240448
base,unit_conversion,36,46,8,2.430283635854721
base,unit_conversion,36,85,4,1.0763204097747803
base,unit_conversion,36,4,24,12.930567532777786
base,unit_conversion,36,117,25,7.131774723529816
base,unit_conversion,36,107,18,4.81035578250885
base,unit_conversion,36,123,12,4.8260093331336975
base,unit_conversion,36,63,48,17.139149218797684
base,unit_conversion,36,49,3,0.7042384743690491
base,unit_conversion,36,61,8,3.0864879488945007
base,unit_conversion,36,68,30,12.164391204714775
base,unit_conversion,36,100,11,3.559078589081764
base,unit_conversion,36,36,18,5.242598623037338
base,unit_conversion,36,19,4,0.4907664805650711
base,unit_conversion,36,20,112,36.32134053111076
base,unit_conversion,36,32,8,1.4937810078263283
base,unit_conversion,36,39,4,0.9449822157621384
base,unit_conversion,36,57,4,0.6676962077617645
base,unit_conversion,36,90,34,12.127412423491478
base,unit_conversion,36,103,13,3.50429105758667
base,unit_conversion,36,35,244,94.41159996390343
base,unit_conversion,36,37,12,5.694488823413849
base,unit_conversion,36,17,5,2.99981290102005
base,unit_conversion,36,89,5,1.0153098702430725
base,unit_conversion,36,16,40,13.763376042246819
base,unit_conversion,36,60,4,1.538612812757492
base,unit_conversion,36,88,21,7.2023865878582
base,unit_conversion,36,7,4,2.0088889598846436
base,unit_conversion,36,30,12,4.157281130552292
base,unit_conversion,36,83,10,3.151060789823532
base,unit_conversion,36,28,129,57.79975552856922
base,unit_conversion,36,40,66,29.37946093082428
base,unit_conversion,36,1,11,3.2780914157629013
base,unit_conversion,36,23,47,41.95048822462559
base,unit_conversion,36,10,12,7.18965457379818
base,unit_conversion,36,53,33,11.058025807142258
base,unit_conversion,36,112,4,2.4891530871391296
base,unit_conversion,36,22,59,22.610875993967056
base,unit_conversion,36,93,122,31.66939827799797
base,unit_conversion,36,106,13,4.24506588280201
base,unit_conversion,36,34,57,25.476062580943108
base,unit_conversion,36,95,9,4.903858840465546
base,unit_conversion,36,120,14,5.668691918253899
base,unit_conversion,36,126,9,2.640701934695244
base,unit_conversion,36,26,59,36.03216686844826
base,unit_conversion,36,38,21,8.335238993167877
base,unit_conversion,36,97,5,1.4817225337028503
base,unit_conversion,36,82,194,76.00525084882975
base,unit_conversion,36,98,93,47.710605055093765
base,unit_conversion,36,58,4,1.1671106219291687
base,unit_conversion,36,104,7,1.72858065366745
base,unit_conversion,36,102,4,1.1014633476734161
base,unit_conversion,36,125,24,5.932525098323822
base,unit_conversion,36,96,9,3.4986243844032288
base,unit_conversion,36,66,21,6.129385828971863
base,unit_conversion,36,75,22,6.3825808465480804
base,unit_conversion,36,121,1,0.341910719871521
base,unit_conversion,36,78,13,3.558746814727783
base,unit_conversion,36,62,11,3.40190988779068
base,unit_conversion,36,15,16,6.683529645204544
base,unit_conversion,36,25,7,1.74825781583786
base,unit_conversion,36,113,8,3.4207977056503296
base,unit_conversion,36,108,13,3.8506893068552017
base,unit_conversion,36,50,2,0.5673096179962158
base,unit_conversion,36,11,3,1.0346717238426208
base,unit_conversion,36,105,84,38.31066371500492
base,unit_conversion,36,76,4,1.2326113879680634
base,unit_conversion,36,41,4,1.2283865213394165
base,unit_conversion,36,54,4,2.6004332304000854
base,unit_conversion,36,109,24,7.077254593372345
base,unit_conversion,36,8,8,2.067013129591942
base,unit_conversion,36,127,11,3.992280527949333
base,unit_conversion,36,29,3,1.7119598388671875
base,unit_conversion,36,56,4,2.998265564441681
base,unit_conversion,36,52,4,1.2192619144916534
base,unit_conversion,36,116,3,0.6105539351701736
base,unit_conversion,38,7,18,6.560900807380676
base,unit_conversion,38,20,119,51.395589865744114
base,unit_conversion,38,85,198,101.11909349262714
base,unit_conversion,38,102,20,5.137480810284615
base,unit_conversion,38,117,20,7.339524731040001
base,unit_conversion,38,89,4,1.3774307668209076
base,unit_conversion,38,65,12,3.676510810852051
base,unit_conversion,38,83,5,1.5971484780311584
base,unit_conversion,38,112,125,46.70039324462414
base,unit_conversion,38,113,41,9.84147422760725
base,unit_conversion,38,124,48,16.996186561882496
base,unit_conversion,38,14,208,99.75439544767141
base,unit_conversion,38,35,27,11.648673132061958
base,unit_conversion,38,58,9,2.6624700129032135
base,unit_conversion,38,103,16,7.9359287321567535
base,unit_conversion,38,15,24,5.4282339215278625
base,unit_conversion,38,24,25,7.04131393134594
base,unit_conversion,38,36,16,11.14591097831726
base,unit_conversion,38,111,4,1.0365858674049377
base,unit_conversion,38,47,4,0.9886848628520966
base,unit_conversion,38,101,301,166.89045448601246
base,unit_conversion,38,60,25,7.74853090941906
base,unit_conversion,38,63,26,5.491778209805489
base,unit_conversion,38,90,27,5.97517628967762
base,unit_conversion,38,46,42,15.602316498756409
base,unit_conversion,38,68,31,14.193291142582893
base,unit_conversion,38,26,12,4.1643896996974945
base,unit_conversion,38,42,20,10.370055139064789
base,unit_conversion,38,115,28,7.499866187572479
base,unit_conversion,38,99,16,3.7031716257333755
base,unit_conversion,38,54,179,80.32109834253788
base,unit_conversion,38,69,5,1.9556209444999695
base,unit_conversion,38,88,16,5.847456455230713
base,unit_conversion,38,10,50,12.474424347281456
base,unit_conversion,38,33,4,1.143888771533966
base,unit_conversion,38,17,73,35.68062807619572
base,unit_conversion,38,122,7,2.346565067768097
base,unit_conversion,38,98,10,2.3759560883045197
base,unit_conversion,38,23,13,3.812465265393257
base,unit_conversion,38,34,17,6.282007128000259
base,unit_conversion,38,37,35,16.072153940796852
base,unit_conversion,38,75,17,5.333774641156197
base,unit_conversion,38,108,18,6.465877503156662
base,unit_conversion,38,57,199,109.02405644953251
base,unit_conversion,38,29,26,6.265376567840576
base,unit_conversion,38,84,63,33.09573523700237
base,unit_conversion,38,50,70,19.281715407967567
base,unit_conversion,38,118,21,3.1033185571432114
base,unit_conversion,38,97,6,1.720514938235283
base,unit_conversion,38,19,28,15.673817500472069
base,unit_conversion,38,30,2,0.4910478889942169
base,unit_conversion,38,11,25,8.062857046723366
base,unit_conversion,38,94,10,2.5006917864084244
base,unit_conversion,38,91,6,1.2129587084054947
base,unit_conversion,38,28,48,18.181683272123337
base,unit_conversion,38,123,9,3.3010197281837463
base,unit_conversion,38,105,7,2.1869025230407715
base,unit_conversion,38,70,4,0.9890645146369934
base,unit_conversion,38,53,27,7.419074259698391
base,unit_conversion,38,2,2,0.3121761679649353
base,unit_conversion,38,110,2,0.352517232298851
base,unit_conversion,38,109,28,6.71272986382246
base,unit_conversion,38,62,9,3.04574516415596
base,unit_conversion,38,67,24,6.738007768988609
base,unit_conversion,38,56,1,0.13318976759910583
base,unit_conversion,38,41,32,9.065331548452377
base,unit_conversion,38,100,11,2.4300942420959473
base,unit_conversion,38,78,1,0.7355529069900513
base,unit_conversion,38,22,1,0.27863895893096924
base,unit_conversion,38,13,9,2.587202310562134
base,unit_conversion,38,44,3,0.327683262526989
base,unit_conversion,38,95,3,0.5614079982042313
base,unit_conversion,38,52,5,0.956351026892662
base,unit_conversion,38,55,22,6.681210741400719
base,unit_conversion,38,87,7,2.1354540437459946
base,unit_conversion,38,25,4,3.4611510634422302
base,unit_conversion,38,71,4,0.7650668025016785
base,unit_conversion,38,74,8,4.7841814160346985
base,unit_conversion,38,5,1,0.19752351939678192
base,unit_conversion,38,6,4,1.1139582097530365
base,unit_conversion,38,61,4,1.3818342685699463
base,unit_conversion,38,16,4,1.686504065990448
base,unit_conversion,38,93,4,0.642241582274437
base,unit_conversion,38,0,3,0.8335433080792427
base,unit_conversion,38,73,5,1.4590556025505066
base,unit_conversion,40,35,15,6.2075018882751465
base,unit_conversion,40,50,12,4.875757992267609
base,unit_conversion,40,91,28,11.342294529080391
base,unit_conversion,40,112,7,2.299963101744652
base,unit_conversion,40,114,5,2.130602091550827
base,unit_conversion,40,127,147,46.96547685563564
base,unit_conversion,40,2,8,2.185366302728653
base,unit_conversion,40,41,21,8.840121746063232
base,unit_conversion,40,74,4,1.828738510608673
base,unit_conversion,40,75,4,1.905807763338089
base,unit_conversion,40,107,46,13.18697702884674
base,unit_conversion,40,121,22,7.219760432839394
base,unit_conversion,40,4,9,2.8777072727680206
base,unit_conversion,40,12,363,151.3010873645544
base,unit_conversion,40,62,91,24.305833093822002
base,unit_conversion,40,103,49,18.354759261012077
base,unit_conversion,40,1,24,9.831732913851738
base,unit_conversion,40,60,4,3.207219183444977
base,unit_conversion,40,101,5,1.0781487375497818
base,unit_conversion,40,92,84,42.29278001189232
base,unit_conversion,40,18,101,26.968004278838634
base,unit_conversion,40,97,4,2.132984161376953
base,unit_conversion,40,44,276,185.62745442986488
base,unit_conversion,40,108,147,79.46293513476849
base,unit_conversion,40,25,25,8.089287012815475
base,unit_conversion,40,37,4,1.3598835468292236
base,unit_conversion,40,6,8,2.4507836401462555
base,unit_conversion,40,105,11,3.292680710554123
base,unit_conversion,40,110,25,6.248581826686859
base,unit_conversion,40,34,60,16.2477253600955
base,unit_conversion,40,38,40,11.30002412199974
base,unit_conversion,40,79,17,5.197230190038681
base,unit_conversion,40,78,11,2.5527961552143097
base,unit_conversion,40,73,46,46.375622391700745
base,unit_conversion,40,47,45,13.940380029380322
base,unit_conversion,40,49,16,8.12353691458702
base,unit_conversion,40,10,26,7.09095162153244
base,unit_conversion,40,36,16,6.97735720872879
base,unit_conversion,40,81,30,10.349801480770111
base,unit_conversion,40,85,5,1.1536879166960716
base,unit_conversion,40,15,280,120.87113651633263
base,unit_conversion,40,8,6,0.7257308214902878
base,unit_conversion,40,21,5,1.402016744017601
base,unit_conversion,40,87,41,11.596567422151566
base,unit_conversion,40,33,22,13.404352232813835
base,unit_conversion,40,115,21,5.814599424600601
base,unit_conversion,40,111,18,5.405970275402069
base,unit_conversion,40,94,11,3.1632357984781265
base,unit_conversion,40,86,32,8.234219878911972
base,unit_conversion,40,68,55,13.836521126329899
base,unit_conversion,40,26,10,3.023177742958069
base,unit_conversion,40,40,79,27.79085098206997
base,unit_conversion,40,48,6,1.829744577407837
base,unit_conversion,40,120,39,12.08719202131033
base,unit_conversion,40,63,4,1.0584498047828674
base,unit_conversion,40,55,14,6.802878826856613
base,unit_conversion,40,52,2,0.6553045213222504
base,unit_conversion,40,11,6,1.5549728721380234
base,unit_conversion,40,96,3,0.8865882456302643
base,unit_conversion,40,20,1,0.3466913402080536
base,unit_conversion,40,56,4,1.0365313589572906
base,unit_conversion,40,100,1,0.32952067255973816
base,unit_conversion,40,88,1,0.42696070671081543
base,unit_conversion,40,5,7,2.3076220750808716
base,unit_conversion,40,9,85,46.81558607518673
base,unit_conversion,40,70,10,3.211990922689438
base,unit_conversion,40,117,10,2.939241036772728
base,unit_conversion,40,30,16,5.11425493657589
base,unit_conversion,40,42,6,0.9276694804430008
base,unit_conversion,40,66,5,1.222511351108551
base,unit_conversion,40,31,4,1.0373689830303192
base,unit_conversion,40,23,4,1.0370049178600311
base,unit_conversion,40,57,3,1.0369839668273926
base,unit_conversion,43,9,10,2.4375219643115997
base,unit_conversion,43,64,11,2.2607052996754646
base,unit_conversion,43,70,4,0.7007745802402496
base,unit_conversion,43,90,23,17.159438461065292
base,unit_conversion,43,118,39,16.356511011719704
base,unit_conversion,43,95,4,0.6612472385168076
base,unit_conversion,43,12,64,19.933374412357807
base,unit_conversion,43,15,23,6.751911818981171
base,unit_conversion,43,20,8,1.8128668814897537
base,unit_conversion,43,26,31,12.781613916158676
base,unit_conversion,43,29,40,10.04088031500578
base,unit_conversion,43,8,4,0.9709383547306061
base,unit_conversion,43,58,20,13.440162286162376
base,unit_conversion,43,82,28,10.519315555691719
base,unit_conversion,43,93,73,17.433881424367428
base,unit_conversion,43,4,42,14.24674028903246
base,unit_conversion,43,54,34,13.401814296841621
base,unit_conversion,43,23,35,11.999294817447662
base,unit_conversion,43,84,27,9.115460127592087
base,unit_conversion,43,6,118,64.94695882499218
base,unit_conversion,43,75,11,2.72680551931262
base,unit_conversion,43,113,8,1.4488495886325836
base,unit_conversion,43,16,20,7.91074612736702
base,unit_conversion,43,48,77,29.797923732548952
base,unit_conversion,43,72,8,3.358702838420868
base,unit_conversion,43,98,4,1.1375707387924194
base,unit_conversion,43,106,12,6.712137274444103
base,unit_conversion,43,81,22,19.009216248989105
base,unit_conversion,43,56,64,23.119896218180656
base,unit_conversion,43,120,90,32.925724521279335
base,unit_conversion,43,27,109,29.45481338351965
base,unit_conversion,43,125,16,5.556911885738373
base,unit_conversion,43,46,169,71.82634250819683
base,unit_conversion,43,5,52,18.026416562497616
base,unit_conversion,43,51,71,18.895895302295685
base,unit_conversion,43,78,7,2.0674849152565002
base,unit_conversion,43,79,65,29.864205323159695
base,unit_conversion,43,50,8,3.5512076914310455
base,unit_conversion,43,103,68,18.32784029841423
base,unit_conversion,43,53,33,8.617438402026892
base,unit_conversion,43,94,8,4.793401747941971
base,unit_conversion,43,108,29,12.884895540773869
base,unit_conversion,43,18,4,1.3876320123672485
base,unit_conversion,43,119,7,1.8047243356704712
base,unit_conversion,43,41,26,14.45968297123909
base,unit_conversion,43,69,7,2.3787716925144196
base,unit_conversion,43,73,20,5.469284862279892
base,unit_conversion,43,43,40,13.5066729336977
base,unit_conversion,43,109,106,49.30770701915026
base,unit_conversion,43,127,17,3.704819343984127
base,unit_conversion,43,7,47,14.602577656507492
base,unit_conversion,43,1,16,10.057964205741882
base,unit_conversion,43,37,31,18.224579446017742
base,unit_conversion,43,83,239,185.63394464552402
base,unit_conversion,43,88,41,11.763779431581497
base,unit_conversion,43,101,27,6.415746636688709
base,unit_conversion,43,13,3,0.6316833943128586
base,unit_conversion,43,105,48,19.115548968315125
base,unit_conversion,43,104,30,6.5083553567528725
base,unit_conversion,43,40,23,11.48175111413002
base,unit_conversion,43,55,17,2.246236227452755
base,unit_conversion,43,107,13,3.2486230581998825
base,unit_conversion,43,123,1,0.18309128284454346
base,unit_conversion,43,17,11,3.2344226390123367
base,unit_conversion,43,38,11,2.9732228815555573
base,unit_conversion,43,33,7,4.282081052660942
base,unit_conversion,43,121,5,0.6909376829862595
base,unit_conversion,43,74,6,2.130225360393524
base,unit_conversion,43,28,10,2.725136712193489
base,unit_conversion,43,89,19,11.525869734585285
base,unit_conversion,43,117,43,10.121536646038294
base,unit_conversion,43,80,12,10.97443699836731
base,unit_conversion,43,49,36,14.97807714343071
base,unit_conversion,43,91,1,0.24270646274089813
base,unit_conversion,43,102,4,0.992453545331955
base,unit_conversion,43,87,6,1.569550134241581
base,unit_conversion,43,57,5,1.4927005171775818
base,unit_conversion,43,36,52,25.824366226792336
base,unit_conversion,43,111,2,0.7365522086620331
base,unit_conversion,43,97,1,0.3671474754810333
base,unit_conversion,43,31,1,0.34451764822006226
base,unit_conversion,43,114,1,0.2866220474243164
base,unit_conversion,43,68,6,2.88325547426939
base,unit_conversion,43,63,8,3.240183472633362
base,unit_conversion,43,76,17,7.473396867513657
base,unit_conversion,43,96,1,0.2938399016857147
base,unit_conversion,43,25,7,1.70645210146904
base,unit_conversion,43,67,4,3.225544571876526
base,unit_conversion,43,116,4,0.8411693871021271
base,unit_conversion,43,115,5,0.8521197959780693
base,unit_conversion,43,44,12,6.845206201076508
base,unit_conversion,43,65,14,6.8212888315320015
base,unit_conversion,43,11,5,1.1581648588180542
base,unit_conversion,43,47,2,0.5056490302085876
base,unit_conversion,45,2,24,8.496585117653012
base,unit_conversion,45,31,15,6.072672106325626
base,unit_conversion,45,60,10,2.7078097965568304
base,unit_conversion,45,85,26,15.226714158430696
base,unit_conversion,45,91,5,2.313719764351845
base,unit_conversion,45,113,38,24.23391622491181
base,unit_conversion,45,4,42,9.555751584470272
base,unit_conversion,45,12,12,4.011678591370583
base,unit_conversion,45,21,4,3.3072096705436707
base,unit_conversion,45,38,80,27.06709461659193
base,unit_conversion,45,76,32,14.31305031478405
base,unit_conversion,45,57,17,4.226936101913452
base,unit_conversion,45,25,99,25.932693112641573
base,unit_conversion,45,40,36,11.641100803390145
base,unit_conversion,45,95,12,4.061773747205734
base,unit_conversion,45,116,28,17.77982059121132
base,unit_conversion,45,65,4,0.9619799554347992
base,unit_conversion,45,41,80,28.59447007998824
base,unit_conversion,45,74,119,36.303540891967714
base,unit_conversion,45,99,8,1.8901201784610748
base,unit_conversion,45,105,4,4.615288615226746
base,unit_conversion,45,120,13,5.347442030906677
base,unit_conversion,45,44,40,7.50371440500021
base,unit_conversion,45,36,118,28.85420218668878
base,unit_conversion,45,63,16,7.5853975638747215
base,unit_conversion,45,39,59,20.50465702265501
base,unit_conversion,45,49,7,1.000584926456213
base,unit_conversion,45,84,25,9.945098951458931
base,unit_conversion,45,101,16,6.07229870557785
base,unit_conversion,45,11,32,7.727589476853609
base,unit_conversion,45,86,22,6.0044096782803535
base,unit_conversion,45,3,14,6.8378163650631905
base,unit_conversion,45,23,5,2.806099086999893
base,unit_conversion,45,124,402,299.8566980212927
base,unit_conversion,45,0,38,26.411854274570942
base,unit_conversion,45,87,40,13.73835338652134
base,unit_conversion,45,42,20,14.398857295513153
base,unit_conversion,45,90,4,1.8780426979064941
base,unit_conversion,45,111,4,1.251948356628418
base,unit_conversion,45,28,103,30.686816019937396
base,unit_conversion,45,59,11,3.6370697505772114
base,unit_conversion,45,46,22,7.44980138912797
base,unit_conversion,45,62,4,1.536979764699936
base,unit_conversion,45,94,6,1.9906614869832993
base,unit_conversion,45,10,13,4.232447996735573
base,unit_conversion,45,24,69,41.37952284514904
base,unit_conversion,45,15,54,11.399026371538639
base,unit_conversion,45,26,32,20.10597974061966
base,unit_conversion,45,61,7,1.567251481115818
base,unit_conversion,45,83,9,1.5354702956974506
base,unit_conversion,45,30,19,5.135097034275532
base,unit_conversion,45,104,8,4.016432404518127
base,unit_conversion,45,118,35,11.850391134619713
base,unit_conversion,45,114,18,4.7168798223137856
base,unit_conversion,45,107,40,23.31558797508478
base,unit_conversion,45,45,18,13.430575996637344
base,unit_conversion,45,5,4,1.0152645334601402
base,unit_conversion,45,80,3,2.9601492285728455
base,unit_conversion,45,20,4,1.755370408296585
base,unit_conversion,45,68,32,8.038375921547413
base,unit_conversion,45,119,30,14.071284860372543
base,unit_conversion,45,7,61,15.894146207720041
base,unit_conversion,45,93,30,7.869269862771034
base,unit_conversion,45,103,93,33.62790039926767
base,unit_conversion,45,52,10,4.06196765974164
base,unit_conversion,45,34,5,0.8010345548391342
base,unit_conversion,45,64,12,2.1002944000065327
base,unit_conversion,45,92,7,0.8933297656476498
base,unit_conversion,45,72,6,0.6527125313878059
base,unit_conversion,45,88,26,6.023435868322849
base,unit_conversion,45,75,8,2.6402187421917915
base,unit_conversion,45,53,36,13.322350680828094
base,unit_conversion,45,1,9,1.8239370062947273
base,unit_conversion,45,55,7,1.9396930932998657
base,unit_conversion,45,121,1,0.27303454279899597
base,unit_conversion,45,37,4,1.0158425867557526
base,unit_conversion,45,16,14,2.4490365758538246
base,unit_conversion,45,73,23,5.893942713737488
base,unit_conversion,45,48,22,14.977161385118961
base,unit_conversion,45,69,18,5.1336024552583694
base,unit_conversion,45,47,13,2.2663268595933914
base,unit_conversion,45,13,9,1.3337023425847292
base,unit_conversion,45,125,13,3.4056897312402725
base,unit_conversion,45,18,12,2.8281625658273697
base,unit_conversion,45,43,3,0.24308153055608273
base,unit_conversion,45,102,3,0.1331223025918007
base,unit_conversion,45,58,6,2.314771071076393
base,unit_conversion,45,96,1,0.10408145189285278
base,unit_conversion,45,122,3,0.9659323990345001
base,unit_conversion,45,81,6,1.480236392468214
base,unit_conversion,45,27,5,1.2693444937467575
base,unit_conversion,45,50,51,24.279372289776802
base,unit_conversion,45,82,7,2.6231363266706467
base,unit_conversion,45,109,13,7.378272727131844
base,unit_conversion,45,33,4,0.6494380980730057
base,unit_conversion,45,78,4,0.7025228887796402
base,unit_conversion,45,110,4,0.8457545042037964
base,unit_conversion,45,54,4,2.224656343460083
base,unit_conversion,45,112,5,1.6687243282794952
base,unit_conversion,45,127,4,1.7043378949165344
base,unit_conversion,47,22,4,0.8747562915086746
base,unit_conversion,47,37,4,1.322161316871643
base,unit_conversion,47,47,20,6.010368898510933
base,unit_conversion,47,62,43,12.496663622558117
base,unit_conversion,47,92,9,7.337645262479782
base,unit_conversion,47,30,34,10.871821358799934
base,unit_conversion,47,5,23,6.780869908630848
base,unit_conversion,47,11,96,32.67477649450302
base,unit_conversion,47,20,13,6.134918659925461
base,unit_conversion,47,21,23,9.638474583625793
base,unit_conversion,47,121,7,3.195569187402725
base,unit_conversion,47,84,3,0.8273212313652039
base,unit_conversion,47,7,67,23.618197105824947
base,unit_conversion,47,42,4,0.9160906225442886
base,unit_conversion,47,70,12,4.046014234423637
base,unit_conversion,47,75,104,52.96485485136509
base,unit_conversion,47,94,17,6.698793813586235
base,unit_conversion,47,46,178,71.99669063091278
base,unit_conversion,47,113,4,3.442116677761078
base,unit_conversion,47,106,14,2.9216512963175774
base,unit_conversion,47,59,4,1.4584966599941254
base,unit_conversion,47,38,18,9.076003640890121
base,unit_conversion,47,1,102,35.91129004210234
base,unit_conversion,47,40,21,5.3666509836912155
base,unit_conversion,47,114,4,0.5517060607671738
base,unit_conversion,47,58,1,0.08715424686670303
base,unit_conversion,47,36,53,16.61157651245594
base,unit_conversion,47,107,8,2.4417692571878433
base,unit_conversion,47,41,29,11.961933240294456
base,unit_conversion,47,56,7,1.7431585267186165
base,unit_conversion,47,2,207,75.44825258851051
base,unit_conversion,47,79,22,6.86874920129776
base,unit_conversion,47,89,17,6.574980273842812
base,unit_conversion,47,18,36,12.182361111044884
base,unit_conversion,47,115,12,4.758916363120079
base,unit_conversion,47,25,22,5.950669646263123
base,unit_conversion,47,105,6,2.11699715256691
base,unit_conversion,47,108,11,3.2017712444067
base,unit_conversion,47,51,15,5.642490401864052
base,unit_conversion,47,19,4,1.6767336428165436
base,unit_conversion,47,127,68,29.50895295292139
base,unit_conversion,47,110,5,1.4180001020431519
base,unit_conversion,47,119,21,6.2045246958732605
base,unit_conversion,47,102,4,1.8725430369377136
base,unit_conversion,47,61,18,9.293323040008545
base,unit_conversion,47,10,10,4.8815653920173645
base,unit_conversion,47,49,8,4.004919737577438
base,unit_conversion,47,95,27,12.219959616661072
base,unit_conversion,47,12,147,93.8464737534523
base,unit_conversion,47,99,3,0.8345369100570679
base,unit_conversion,47,9,42,12.103164464235306
base,unit_conversion,47,53,81,29.261006608605385
base,unit_conversion,47,64,175,111.98007598519325
base,unit_conversion,47,98,1,0.2640655040740967
base,unit_conversion,47,24,99,46.43164540827274
base,unit_conversion,47,66,15,7.070687472820282
base,unit_conversion,47,90,74,22.938042610883713
base,unit_conversion,47,26,7,2.1509926468133926
base,unit_conversion,47,122,32,12.319366753101349
base,unit_conversion,47,34,72,44.58506064116955
base,unit_conversion,47,100,12,3.0814081951975822
base,unit_conversion,47,33,26,8.692761316895485
base,unit_conversion,47,103,13,6.6597636342048645
base,unit_conversion,47,82,23,10.241308033466339
base,unit_conversion,47,120,36,15.7429229170084
base,unit_conversion,47,97,9,3.8881292939186096
base,unit_conversion,47,55,20,6.609403729438782
base,unit_conversion,47,117,24,8.717921108007431
base,unit_conversion,47,4,1,0.3457193374633789
base,unit_conversion,47,31,18,5.427854523062706
base,unit_conversion,47,81,30,10.300558179616928
base,unit_conversion,47,69,1,0.18359528481960297
base,unit_conversion,47,124,14,4.3132572919130325
base,unit_conversion,47,88,7,1.7820752561092377
base,unit_conversion,47,27,1,0.3123721778392792
base,unit_conversion,47,63,1,0.1738572120666504
base,unit_conversion,47,17,8,2.723328620195389
base,unit_conversion,47,123,9,2.486489161849022
base,unit_conversion,47,80,2,0.5695509910583496
base,unit_conversion,47,45,5,1.995947539806366
base,unit_conversion,47,54,4,1.0464550703763962
base,unit_conversion,47,14,17,5.907281994819641
base,unit_conversion,47,60,4,1.8846264779567719
base,unit_conversion,47,68,15,4.7573815286159515
base,unit_conversion,47,76,6,2.169079542160034
base,unit_conversion,47,3,12,3.0231657326221466
base,unit_conversion,47,65,3,0.8986909091472626
base,unit_conversion,47,116,14,4.994958356022835
base,unit_conversion,47,78,4,1.2991749346256256
base,unit_conversion,47,93,12,7.795740783214569
base,unit_conversion,47,0,51,26.011209845542908
base,unit_conversion,47,29,8,2.696219578385353
base,unit_conversion,47,96,4,1.4698565006256104
base,unit_conversion,47,118,5,1.7799054086208344
base,unit_conversion,47,101,12,5.1788360476493835
base,unit_conversion,47,48,8,3.1503064930438995
base,unit_conversion,47,16,4,0.7549844533205032
base,unit_conversion,47,111,6,1.2959068417549133
base,unit_conversion,47,83,5,1.4833441376686096
base,unit_conversion,47,39,4,0.7042048573493958
base,unit_conversion,47,126,4,1.4716273844242096
base,unit_conversion,47,72,4,1.317097932100296
base,unit_conversion,49,44,50,24.145802780985832
base,unit_conversion,49,58,8,3.273118555545807
base,unit_conversion,49,59,21,6.877971991896629
base,unit_conversion,49,92,11,2.6667952090501785
base,unit_conversion,49,101,44,13.751728773117065
base,unit_conversion,49,13,5,1.900270238518715
base,unit_conversion,49,17,48,16.728695809841156
base,unit_conversion,49,21,151,79.80699771642685
base,unit_conversion,49,69,60,21.996413499116898
base,unit_conversion,49,80,65,24.23631462454796
base,unit_conversion,49,104,50,16.090321332216263
base,unit_conversion,49,32,28,12.191324979066849
base,unit_conversion,49,89,32,11.884659349918365
base,unit_conversion,49,121,17,6.584278762340546
base,unit_conversion,49,41,37,12.703227549791336
base,unit_conversion,49,7,24,10.188428744673729
base,unit_conversion,49,31,21,10.081656336784363
base,unit_conversion,49,97,19,7.110763758420944
base,unit_conversion,49,10,17,4.924098148941994
base,unit_conversion,49,24,9,1.9924481511116028
base,unit_conversion,49,46,32,12.214754819869995
base,unit_conversion,49,74,98,38.99063183367252
base,unit_conversion,49,12,5,1.5874163806438446
base,unit_conversion,49,90,14,4.748794972896576
base,unit_conversion,49,114,4,3.2107174396514893
base,unit_conversion,49,52,104,51.611601755023
base,unit_conversion,49,16,64,36.6326225399971
base,unit_conversion,49,57,72,32.293657690286636
base,unit_conversion,49,56,9,4.188776046037674
base,unit_conversion,49,96,16,7.1337458193302155
base,unit_conversion,49,120,33,9.778017282485962
base,unit_conversion,49,77,115,41.550549261271954
base,unit_conversion,49,100,27,7.9924867153167725
base,unit_conversion,49,87,7,2.3109371662139893
base,unit_conversion,49,105,36,17.635219171643257
base,unit_conversion,49,67,7,2.2542041689157486
base,unit_conversion,49,19,17,7.358575612306595
base,unit_conversion,49,38,8,3.2876707315444946
base,unit_conversion,49,45,22,12.583146214485168
base,unit_conversion,49,110,10,3.8637194335460663
base,unit_conversion,49,11,14,7.207522869110107
base,unit_conversion,49,84,4,1.5242308974266052
base,unit_conversion,49,94,7,2.396109491586685
base,unit_conversion,49,48,58,42.37250006198883
base,unit_conversion,49,68,12,4.138929337263107
base,unit_conversion,49,64,12,4.388175949454308
base,unit_conversion,49,35,22,8.42533478140831
base,unit_conversion,49,102,44,16.43707737326622
base,unit_conversion,49,63,5,2.2858292162418365
base,unit_conversion,49,72,41,18.21647684276104
base,unit_conversion,49,22,25,14.013931542634964
base,unit_conversion,49,115,124,60.4240987598896
base,unit_conversion,49,55,23,10.372859567403793
base,unit_conversion,49,78,67,26.45872949063778
base,unit_conversion,49,86,46,16.552389219403267
base,unit_conversion,49,95,87,34.86452500522137
base,unit_conversion,49,2,4,0.9767624884843826
base,unit_conversion,49,25,5,1.2769096046686172
base,unit_conversion,49,70,22,13.997720777988434
base,unit_conversion,49,61,78,38.49369989335537
base,unit_conversion,49,75,16,5.184101447463036
base,unit_conversion,49,79,8,2.753191292285919
base,unit_conversion,49,88,37,11.72740589082241
base,unit_conversion,49,82,120,42.14931046962738
base,unit_conversion,49,5,47,15.550610393285751
base,unit_conversion,49,34,12,5.3674443662166595
base,unit_conversion,49,42,13,4.000773876905441
base,unit_conversion,49,76,18,6.883054286241531
base,unit_conversion,49,15,9,4.696135148406029
base,unit_conversion,49,43,24,12.299654707312584
base,unit_conversion,49,0,4,1.2438499927520752
base,unit_conversion,49,40,15,6.818097174167633
base,unit_conversion,49,98,3,0.8448489904403687
base,unit_conversion,49,103,2,0.9617342352867126
base,unit_conversion,49,53,2,0.6403560638427734
base,unit_conversion,49,30,11,4.252037882804871
base,unit_conversion,49,83,11,3.611330360174179
base,unit_conversion,49,33,22,8.93702608346939
base,unit_conversion,49,62,54,18.07473836839199
base,unit_conversion,49,18,6,2.1295232474803925
base,unit_conversion,49,49,7,2.064669579267502
base,unit_conversion,49,3,1,0.28566327691078186
base,unit_conversion,49,65,4,1.9611549377441406
base,unit_conversion,49,60,1,0.37907674908638
base,unit_conversion,49,109,7,1.7638233304023743
base,unit_conversion,49,1,21,5.483921065926552
base,unit_conversion,49,127,11,2.9959936439990997
base,unit_conversion,49,28,8,1.9788470715284348
base,unit_conversion,49,118,11,2.8642038702964783
base,unit_conversion,49,47,8,3.563595473766327
base,unit_conversion,49,50,20,7.299093335866928
base,unit_conversion,49,6,3,1.20040163397789
base,unit_conversion,49,119,4,3.5830827355384827
base,unit_conversion,49,54,4,1.0562618672847748
base,unit_conversion,49,108,8,4.34292259812355
base,unit_conversion,51,24,8,3.8488650619983673
base,unit_conversion,51,57,25,11.797862589359283
base,unit_conversion,51,79,7,1.692199520766735
base,unit_conversion,51,83,12,9.973535180091858
base,unit_conversion,51,96,8,2.6605321913957596
base,unit_conversion,51,53,18,3.467541918158531
base,unit_conversion,51,2,36,13.632817193865776
base,unit_conversion,51,17,21,7.888826817274094
base,unit_conversion,51,90,9,2.638344943523407
base,unit_conversion,51,100,12,4.978798598051071
base,unit_conversion,51,106,15,5.162744402885437
base,unit_conversion,51,95,20,4.277303926646709
base,unit_conversion,51,26,13,3.855159968137741
base,unit_conversion,51,36,277,104.81752129644156
base,unit_conversion,51,55,237,111.73361040651798
base,unit_conversion,51,116,13,3.720834046602249
base,unit_conversion,51,15,18,5.91526148468256
base,unit_conversion,51,20,16,7.557670503854752
base,unit_conversion,51,84,4,0.9779002964496613
base,unit_conversion,51,87,8,5.057308554649353
base,unit_conversion,51,120,51,23.327678211033344
base,unit_conversion,51,97,7,2.049091011285782
base,unit_conversion,51,6,10,3.785652220249176
base,unit_conversion,51,114,4,2.561192274093628
base,unit_conversion,51,115,12,5.702438116073608
base,unit_conversion,51,117,22,6.1238638907670975
base,unit_conversion,51,123,33,9.470911026000977
base,unit_conversion,51,3,25,9.87707193940878
base,unit_conversion,51,25,4,1.0827181041240692
base,unit_conversion,51,108,8,2.0968404561281204
base,unit_conversion,51,91,6,1.4486307054758072
base,unit_conversion,51,13,35,13.11080227792263
base,unit_conversion,51,94,48,20.321873411536217
base,unit_conversion,51,98,9,6.948578417301178
base,unit_conversion,51,31,12,10.199554026126862
base,unit_conversion,51,125,45,21.646612286567688
base,unit_conversion,51,119,18,5.577761486172676
base,unit_conversion,51,67,12,3.252663344144821
base,unit_conversion,51,43,15,4.134224511682987
base,unit_conversion,51,46,8,3.3868350982666016
base,unit_conversion,51,52,4,1.7742708921432495
base,unit_conversion,51,75,22,8.07884432375431
base,unit_conversion,51,105,9,2.8227622136473656
base,unit_conversion,51,66,22,7.185284428298473
base,unit_conversion,51,30,10,3.885839730501175
base,unit_conversion,51,38,12,2.742307722568512
base,unit_conversion,51,41,33,13.36345461010933
base,unit_conversion,51,60,4,1.5134470164775848
base,unit_conversion,51,10,16,6.21831251680851
base,unit_conversion,51,49,18,6.009022101759911
base,unit_conversion,51,54,12,4.269245266914368
base,unit_conversion,51,89,16,5.417401686310768
base,unit_conversion,51,86,16,5.8232380747795105
base,unit_conversion,51,92,26,7.750274270772934
base,unit_conversion,51,63,17,7.392140597105026
base,unit_conversion,51,61,18,9.499476343393326
base,unit_conversion,51,62,38,15.692654564976692
base,unit_conversion,51,76,6,1.8398340940475464
base,unit_conversion,51,109,45,33.00426882505417
base,unit_conversion,51,112,31,12.273303225636482
base,unit_conversion,51,72,12,5.004084467887878
base,unit_conversion,51,1,34,15.299338191747665
base,unit_conversion,51,18,33,10.735746636986732
base,unit_conversion,51,35,56,26.543332055211067
base,unit_conversion,51,58,50,17.259060751646757
base,unit_conversion,51,74,37,15.79873876273632
base,unit_conversion,51,9,180,66.7426752075553
base,unit_conversion,51,48,85,33.16608168184757
base,unit_conversion,51,85,151,79.82101932168007
base,unit_conversion,51,40,64,29.890699490904808
base,unit_conversion,51,44,44,14.966086402535439
base,unit_conversion,51,78,16,4.647561118006706
base,unit_conversion,51,70,20,9.53382295370102
base,unit_conversion,51,12,24,12.011327475309372
base,unit_conversion,51,27,36,19.97208870947361
base,unit_conversion,51,113,28,14.270699709653854
base,unit_conversion,51,7,13,3.1455448269844055
base,unit_conversion,51,93,15,5.890144050121307
base,unit_conversion,51,88,10,3.855654165148735
base,unit_conversion,51,121,13,5.164318084716797
base,unit_conversion,51,73,16,9.448340445756912
base,unit_conversion,51,69,8,2.3707569241523743
base,unit_conversion,51,32,16,6.7285586297512054
base,unit_conversion,51,22,8,6.500712618231773
base,unit_conversion,51,102,6,1.9541846811771393
base,unit_conversion,51,37,6,2.0187918841838837
base,unit_conversion,51,81,12,4.075401961803436
base,unit_conversion,51,51,18,6.11355185508728
base,unit_conversion,51,111,2,0.8220098614692688
base,unit_conversion,51,28,7,2.5589829683303833
base,unit_conversion,51,21,4,1.0328141301870346
base,unit_conversion,51,104,6,2.011172980070114
base,unit_conversion,51,68,4,1.8339079916477203
base,unit_conversion,51,80,4,1.2839585840702057
base,unit_conversion,51,34,4,2.87788063287735
base,unit_conversion,51,99,8,1.1611681282520294
base,unit_conversion,51,33,4,1.940975934267044
base,unit_conversion,51,47,7,3.663107082247734
base,unit_conversion,51,23,4,0.5080806985497475
base,unit_conversion,51,82,15,11.744161516427994
base,unit_conversion,51,16,2,0.1849847435951233
base,unit_conversion,51,29,4,0.3961294963955879
base,unit_conversion,51,71,11,3.8607574105262756
base,unit_conversion,51,101,8,8.370051503181458
base,unit_conversion,51,56,6,1.9806231260299683
base,unit_conversion,51,127,4,0.8975940346717834
base,unit_conversion,51,59,4,0.6104249209165573
base,unit_conversion,51,126,8,3.7107775509357452
base,unit_conversion,1,107,11,5.05426099896431
base,unit_conversion,1,42,1,0.3600284159183502
base,unit_conversion,1,79,5,2.0601790845394135
base,unit_conversion,3,27,3,1.1865505576133728
base,unit_conversion,3,57,1,0.3172999918460846
base,unit_conversion,6,3,5,1.6637583374977112
base,unit_conversion,8,7,1,0.3127492070198059
base,unit_conversion,8,121,5,1.743882417678833
base,unit_conversion,8,63,3,1.0174199938774109
base,unit_conversion,8,79,1,0.37152722477912903
base,unit_conversion,10,63,1,0.26859739422798157
base,unit_conversion,10,105,2,0.7347022294998169
base,unit_conversion,10,57,1,0.3794020414352417
base,unit_conversion,10,56,4,1.4380245208740234
base,unit_conversion,10,100,7,2.4311748445034027
base,unit_conversion,10,44,1,0.36317315697669983
base,unit_conversion,10,67,2,0.5752615034580231
base,unit_conversion,13,112,2,0.6753195226192474
base,unit_conversion,13,61,5,1.6143885254859924
base,unit_conversion,13,31,3,0.904350757598877
base,unit_conversion,13,80,1,0.2983141243457794
base,unit_conversion,13,110,2,0.6560345888137817
base,unit_conversion,13,69,2,0.6423684060573578
base,unit_conversion,13,50,2,0.6118751466274261
base,unit_conversion,15,40,2,0.681188702583313
base,unit_conversion,15,115,2,0.6704701781272888
base,unit_conversion,15,6,3,0.8704498559236526
base,unit_conversion,15,58,1,0.28553786873817444
base,unit_conversion,15,75,8,2.4264548420906067
base,unit_conversion,15,85,3,0.8572193086147308
base,unit_conversion,15,109,2,0.7776167392730713
base,unit_conversion,15,53,2,0.6565710008144379
base,unit_conversion,17,46,2,0.8887483775615692
base,unit_conversion,17,43,2,0.9597959518432617
base,unit_conversion,17,106,2,0.3980678766965866
base,unit_conversion,20,13,8,2.8195143938064575
base,unit_conversion,20,15,1,0.1978573054075241
base,unit_conversion,20,72,3,1.0341625809669495
base,unit_conversion,20,0,3,0.7573564499616623
base,unit_conversion,22,123,2,0.3992157131433487
base,unit_conversion,22,27,3,0.9765211045742035
base,unit_conversion,22,75,3,0.8860487341880798
base,unit_conversion,24,6,8,2.7031577229499817
base,unit_conversion,24,10,2,0.4890093505382538
base,unit_conversion,24,12,4,1.3836511969566345
base,unit_conversion,24,0,2,0.4126753509044647
base,unit_conversion,24,36,2,0.624217301607132
base,unit_conversion,24,27,3,0.8777607381343842
base,unit_conversion,29,15,2,0.7107966840267181
base,unit_conversion,29,115,2,0.5683325529098511
base,unit_conversion,31,83,1,0.3100772500038147
base,unit_conversion,31,15,5,1.3766499608755112
base,unit_conversion,31,55,3,0.7064971476793289
base,unit_conversion,31,43,2,0.7305753231048584
base,unit_conversion,34,79,1,0.3119000494480133
base,unit_conversion,34,82,1,0.1988862156867981
base,unit_conversion,34,60,3,1.0693600475788116
base,unit_conversion,36,47,2,0.398051381111145
base,unit_conversion,36,77,5,1.0141026824712753
base,unit_conversion,36,21,1,0.3759348690509796
base,unit_conversion,38,18,2,0.535767138004303
base,unit_conversion,38,126,2,0.6890936493873596
base,unit_conversion,38,64,3,0.8992448151111603
base,unit_conversion,38,32,1,0.5190792083740234
base,unit_conversion,38,116,2,0.5775501728057861
base,unit_conversion,40,106,2,0.5788616240024567
base,unit_conversion,40,67,2,0.29949159920215607
base,unit_conversion,40,51,1,0.3419470489025116
base,unit_conversion,40,102,1,0.32436543703079224
base,unit_conversion,43,60,5,2.8748834282159805
base,unit_conversion,43,126,2,0.5947110950946808
base,unit_conversion,45,98,1,0.26985806226730347
base,unit_conversion,47,52,2,0.5726684033870697
base,unit_conversion,47,13,1,0.31399086117744446
base,unit_conversion,47,112,15,11.281827107071877
base,unit_conversion,47,73,5,0.8830108791589737
base,unit_conversion,47,67,1,0.2257564812898636
base,unit_conversion,47,57,2,0.41579367220401764
base,unit_conversion,49,4,3,0.6527017056941986
base,unit_conversion,49,122,2,0.6162024736404419
base,unit_conversion,49,93,1,0.21352210640907288
base,unit_conversion,49,117,2,0.4912918657064438
base,unit_conversion,49,73,1,0.3083040118217468
base,unit_conversion,49,124,2,0.6338953971862793
base,unit_conversion,51,103,3,0.8765895217657089
base,unit_conversion,51,39,6,1.7314428836107254
base,unit_conversion,51,0,3,0.7282586842775345
base,unit_conversion,51,64,1,0.25075143575668335
base,unit_conversion,3,66,1,0.2485809475183487
base,unit_conversion,3,50,3,0.982170045375824
base,unit_conversion,6,64,3,1.1163980960845947
base,unit_conversion,6,53,2,0.6037596166133881
base,unit_conversion,6,112,1,0.2950521409511566
base,unit_conversion,8,102,2,0.7571391463279724
base,unit_conversion,10,117,1,0.3982633352279663
base,unit_conversion,10,83,4,1.1803650259971619
base,unit_conversion,10,108,1,0.3468247056007385
base,unit_conversion,17,50,1,0.2501586079597473
base,unit_conversion,20,63,1,0.2871708571910858
base,unit_conversion,20,49,1,0.27927178144454956
base,unit_conversion,20,2,1,0.23081403970718384
base,unit_conversion,22,46,1,0.3266250789165497
base,unit_conversion,22,93,2,0.6127609014511108
base,unit_conversion,22,86,2,0.5155903995037079
base,unit_conversion,22,110,1,0.24621841311454773
base,unit_conversion,24,61,2,0.6140283793210983
base,unit_conversion,27,77,2,0.6021476984024048
base,unit_conversion,27,27,1,0.27335479855537415
base,unit_conversion,27,46,1,0.294065922498703
base,unit_conversion,27,118,2,0.7229576110839844
base,unit_conversion,27,12,1,0.2560131847858429
base,unit_conversion,27,28,1,0.269307941198349
base,unit_conversion,29,36,2,0.729330450296402
base,unit_conversion,31,16,2,0.6158691644668579
base,unit_conversion,31,92,2,0.49758780002593994
base,unit_conversion,31,26,1,0.3242707848548889
base,unit_conversion,34,49,1,0.2775033116340637
base,unit_conversion,36,64,5,1.2920275330543518
base,unit_conversion,36,69,3,0.9261776804924011
base,unit_conversion,38,9,1,0.1487710177898407
base,unit_conversion,38,79,1,0.29526498913764954
base,unit_conversion,38,31,1,0.23705846071243286
base,unit_conversion,40,54,2,0.34674741327762604
base,unit_conversion,40,3,1,0.20236888527870178
base,unit_conversion,40,90,1,0.2934262454509735
base,unit_conversion,43,124,1,0.18496088683605194
base,unit_conversion,43,62,1,0.33598604798316956
base,unit_conversion,43,66,2,0.7521426677703857
base,unit_conversion,43,86,1,0.29946210980415344
base,unit_conversion,45,117,3,0.19623099267482758
base,unit_conversion,45,6,3,0.1210149060934782
base,unit_conversion,49,111,1,0.24480172991752625
base,unit_conversion,51,14,1,0.0708385780453682
base,unit_conversion,51,118,2,0.5690610408782959
base,unit_conversion,51,50,2,0.2746594548225403
base,unit_conversion,3,65,1,0.4336489737033844
base,unit_conversion,8,46,1,0.3114035129547119
base,unit_conversion,8,53,1,0.43331748247146606
base,unit_conversion,10,69,1,0.24898463487625122
base,unit_conversion,10,13,1,0.47544434666633606
base,unit_conversion,13,60,1,0.40465301275253296
base,unit_conversion,13,79,1,0.36254870891571045
base,unit_conversion,15,48,1,0.2885805368423462
base,unit_conversion,15,110,1,0.328783243894577
base,unit_conversion,15,19,1,0.3027007281780243
base,unit_conversion,17,13,1,0.41132813692092896
base,unit_conversion,20,8,1,0.3441372513771057
base,unit_conversion,20,102,2,0.6134917736053467
base,unit_conversion,22,57,1,0.3480522632598877
base,unit_conversion,24,95,1,0.25994759798049927
base,unit_conversion,24,1,1,0.23497521877288818
base,unit_conversion,27,82,1,0.38541460037231445
base,unit_conversion,27,127,1,0.28797632455825806
base,unit_conversion,31,59,1,0.3410242199897766
base,unit_conversion,31,48,1,0.21078923344612122
base,unit_conversion,31,17,1,0.34870192408561707
base,unit_conversion,34,83,1,0.3001207113265991
base,unit_conversion,36,31,1,0.3247402310371399
base,unit_conversion,38,119,2,0.5751059949398041
base,unit_conversion,45,77,2,0.23389101028442383
base,unit_conversion,47,8,1,0.37174808979034424
base,unit_conversion,47,32,1,0.2786422073841095
base,unit_conversion,47,23,1,0.2279585599899292
base,unit_conversion,49,106,1,0.20497176051139832
base,unit_conversion,51,5,1,0.3054988980293274
